accession_id,name,country,group,CS_number,latitude,longitude,predicted_response_score,response_percentile,predicted_category,rank,n_het_snps,n_alt_hom_snps,genetic_diversity,continent,elevation_m
9099,Istisu-9,AZE,italy_balkan_caucasus,CS76953,38.9786,48.5594,0.6534863669780302,99.64358452138494,Very High,1,0,29,29,Asia,101.0
9067,Xan-3,AZE,italy_balkan_caucasus,CS78860,38.6536,48.7992,0.6534863669780302,99.64358452138494,Very High,2,0,29,29,Asia,20.0
9069,Xan-5,AZE,italy_balkan_caucasus,CS78861,38.6536,48.7992,0.6534863669780302,99.64358452138494,Very High,3,0,5,5,Asia,20.0
9081,Lerik2-3,AZE,italy_balkan_caucasus,CS77026,38.7833,48.5517,0.6534863669780302,99.64358452138494,Very High,4,0,29,29,Asia,413.0
9759,Anz-0,IRN,italy_balkan_caucasus,CS76439,37.47,49.47,0.6534863669780302,99.64358452138494,Very High,5,0,29,29,Asia,-23.0
7288,Oy-0,NOR,admixed,CS77156,60.385543,6.193019,0.6534863669780302,99.64358452138494,Very High,6,0,29,29,Europe,49.0
5784,Ty-1,UK,admixed,CS78790,56.4,-5.2,0.6534863669780302,99.64358452138494,Very High,7,0,29,29,Europe,153.0
5757,Mc-1,UK,admixed,CS78785,54.6,-2.3,0.6534863669780302,99.64358452138494,Very High,8,0,2,2,Europe,596.0
6086,Sr:3,SWE,admixed,CS77267,58.9,11.2,0.6416494408091027,99.18533604887983,Very High,9,0,29,29,Europe,17.0
9966,Monte-1,ITA,italy_balkan_caucasus,CS76361,40.28,15.65,0.6409864025080305,99.0325865580448,Very High,10,0,29,29,Europe,485.0
997,Ale-Stenar-56-14,SWE,south_sweden,CS76653,55.3833,14.05,0.6409864025080305,99.0325865580448,Very High,11,0,29,29,Europe,0.0
1061,Brösarp-11-135,SWE,south_sweden,CS76727,55.7167,14.1333,0.6409864025080304,63.59470468431772,Moderate,12,0,29,29,Europe,54.0
10001,TueV-13,GER,western_europe,CS76407,48.52,9.05,0.6409864025080304,63.59470468431772,Moderate,13,0,29,29,Europe,334.0
10002,TueWal-2,GER,western_europe,CS76405,48.53,9.04,0.6409864025080304,63.59470468431772,Moderate,14,0,29,29,Europe,440.0
1002,Ale-Stenar-64-24,SWE,south_sweden,CS76654,55.3833,14.05,0.6409864025080304,63.59470468431772,Moderate,15,0,29,29,Europe,0.0
9932,NOZ-6,FRA,admixed,CS77134,44.12,4.33,0.6409864025080304,63.59470468431772,Moderate,16,0,29,29,Europe,316.0
9930,LEC-25,FRA,central_europe,CS77018,43.91,4.14,0.6409864025080304,63.59470468431772,Moderate,17,0,29,29,Europe,268.0
9574,IP-Rel-0,ESP,relict,CS77209,38.6,-2.7,0.6409864025080304,63.59470468431772,Moderate,18,0,29,29,Europe,1032.0
9576,IP-Rev-0,ESP,admixed,CS77213,40.86,-4.11,0.6409864025080304,63.59470468431772,Moderate,19,0,2,2,Europe,1163.0
9577,IP-Ria-0,ESP,spain,CS77216,42.34,2.17,0.6409864025080304,63.59470468431772,Moderate,20,0,2,2,Europe,1108.0
9578,IP-Sac-0,ESP,western_europe,CS77229,42.13,-6.7,0.6409864025080304,63.59470468431772,Moderate,21,0,0,0,Europe,1040.0
9579,IP-San-10,ESP,admixed,CS77232,38.33,-3.51,0.6409864025080304,63.59470468431772,Moderate,22,0,0,0,Europe,729.0
9581,IP-Sdv-3,ESP,admixed,CS77242,42.84,-5.12,0.6409864025080304,63.59470468431772,Moderate,23,0,29,29,Europe,992.0
9582,IP-Ses-0,ESP,spain,CS77244,41.48,-1.63,0.6409864025080304,63.59470468431772,Moderate,24,0,29,29,Europe,917.0
9583,IP-Sne-0,ESP,relict,CS77258,37.09,-3.38,0.6409864025080304,63.59470468431772,Moderate,25,0,20,20,Europe,2542.0
9546,IP-Hom-4,ESP,spain,CS76929,40.82,-1.68,0.6409864025080304,63.59470468431772,Moderate,26,0,4,4,Europe,1338.0
9547,IP-Hor-0,ESP,spain,CS76930,41.67,2.62,0.6409864025080304,63.59470468431772,Moderate,27,0,29,29,Europe,546.0
9548,IP-Hoy-0,ESP,admixed,CS76939,40.4,-5.0,0.6409864025080304,63.59470468431772,Moderate,28,0,29,29,Europe,1474.0
9549,IP-Hum-2,ESP,relict,CS76943,42.23,-3.69,0.6409864025080304,63.59470468431772,Moderate,29,0,29,29,Europe,899.0
9550,IP-Iso-4,ESP,relict,CS76946,43.05,-5.37,0.6409864025080304,63.59470468431772,Moderate,30,0,29,29,Europe,1667.0
9551,IP-Jim-1,ESP,admixed,CS76955,42.28,-5.92,0.6409864025080304,63.59470468431772,Moderate,31,0,29,29,Europe,790.0
9552,IP-Lab-7,ESP,admixed,CS76995,40.87,-4.5,0.6409864025080304,63.59470468431772,Moderate,32,0,29,29,Europe,981.0
9553,IP-Ldd-0,ESP,spain,CS77012,41.58,-4.71,0.6409864025080304,63.59470468431772,Moderate,33,0,29,29,Europe,709.0
1834,Mdn-8,USA,germany,CS78976,42.051,-86.509,0.6409864025080304,63.59470468431772,Moderate,34,0,29,29,North America,192.0
1835,Mdn-10,USA,germany,CS78977,42.051,-86.509,0.6409864025080304,63.59470468431772,Moderate,35,0,29,29,North America,192.0
1851,MNF-Pot-10,USA,germany,CS78978,43.595,-86.2657,0.6409864025080304,63.59470468431772,Moderate,36,0,29,29,North America,256.0
1852,MNF-Pot-15,USA,germany,CS78979,43.595,-86.2657,0.6409864025080304,63.59470468431772,Moderate,37,0,29,29,North America,256.0
1853,MNF-Pot-21,USA,germany,CS77099,43.595,-86.2657,0.6409864025080304,63.59470468431772,Moderate,38,0,29,29,North America,256.0
18694,Pien,RUS,asia,CS78926,60.4,32.09,0.6409864025080304,63.59470468431772,Moderate,39,0,29,29,Europe,4.0
1872,MNF-Pot-75,USA,germany,CS77100,43.595,-86.2657,0.6409864025080304,63.59470468431772,Moderate,40,0,29,29,North America,256.0
14318,Shu-1,RUS,asia,CS78930,61.94,34.24,0.6409864025080304,63.59470468431772,Moderate,41,0,29,29,Europe,86.0
1062,Brösarp-15-138,SWE,south_sweden,CS76728,55.7167,14.1333,0.6409864025080304,63.59470468431772,Moderate,42,0,29,29,Europe,54.0
1066,Brösarp-34-145,SWE,south_sweden,CS76730,55.7167,14.1333,0.6409864025080304,63.59470468431772,Moderate,43,0,29,29,Europe,54.0
1070,Brösarp-45-153,SWE,south_sweden,CS77643,55.7167,14.1333,0.6409864025080304,63.59470468431772,Moderate,44,0,29,29,Europe,54.0
108,LDV-18,FRA,western_europe,CS77013,48.5167,-4.06667,0.6409864025080304,63.59470468431772,Moderate,45,0,29,29,Europe,95.0
1158,Aledal-6-49,SWE,south_sweden,CS76656,56.7,16.5167,0.6409864025080304,63.59470468431772,Moderate,46,0,29,29,Europe,33.0
1166,Aledal-14-73,SWE,south_sweden,CS77651,56.7,16.5167,0.6409864025080304,63.59470468431772,Moderate,47,0,29,29,Europe,33.0
1254,Tos-82-387,SWE,north_sweden,CS77379,59.4333,17.0167,0.6409864025080304,63.59470468431772,Moderate,48,0,29,29,Europe,41.0
1257,Tos-95-393,SWE,north_sweden,CS77380,59.4333,17.0167,0.6409864025080304,63.59470468431772,Moderate,49,0,29,29,Europe,41.0
1954,MNF-Jac-12,USA,germany,CS77097,43.5187,-86.1739,0.6409864025080304,63.59470468431772,Moderate,50,0,29,29,North America,218.0
2017,MNF-Pin-40,USA,germany,CS78982,43.5356,-86.1788,0.6409864025080304,63.59470468431772,Moderate,51,0,29,29,North America,222.0
2031,Map-8,USA,germany,CS78983,42.166,-86.412,0.6409864025080304,63.59470468431772,Moderate,52,0,4,4,North America,196.0
2053,Map-35,USA,germany,CS78984,42.166,-86.412,0.6409864025080304,63.59470468431772,Moderate,53,0,29,29,North America,196.0
2057,Map-42,USA,germany,CS77732,42.166,-86.412,0.6409864025080304,63.59470468431772,Moderate,54,0,2,2,North America,196.0
2081,MuskSP-68,USA,germany,CS78985,43.2483,-86.3368,0.6409864025080304,63.59470468431772,Moderate,55,0,29,29,North America,194.0
2091,MuskSP-83,USA,germany,CS78986,43.2483,-86.3368,0.6409864025080304,63.59470468431772,Moderate,56,0,29,29,North America,194.0
2106,MSGA-10,USA,germany,CS78987,43.2749,-86.0891,0.6409864025080304,63.59470468431772,Moderate,57,0,29,29,North America,218.0
1741,KBS-Mac-74,USA,germany,CS78969,42.405,-85.398,0.6409864025080304,63.59470468431772,Moderate,58,0,29,29,North America,286.0
1756,Ker-4,USA,germany,CS78970,42.184,-86.358,0.6409864025080304,63.59470468431772,Moderate,59,0,4,4,North America,193.0
1757,Ker-5,USA,germany,CS78971,42.184,-86.358,0.6409864025080304,63.59470468431772,Moderate,60,0,4,4,North America,193.0
1793,L-R-5,USA,germany,CS78972,41.847,-86.67,0.6409864025080304,63.59470468431772,Moderate,61,0,4,4,North America,205.0
1797,L-R-10,USA,germany,CS78973,41.847,-86.67,0.6409864025080304,63.59470468431772,Moderate,62,0,19,19,North America,205.0
1819,Lak-12,USA,germany,CS78974,41.8,-86.67,0.6409864025080304,63.59470468431772,Moderate,63,0,29,29,North America,198.0
1820,Lak-13,USA,germany,CS78975,41.8,-86.67,0.6409864025080304,63.59470468431772,Moderate,64,0,29,29,North America,198.0
1829,Mdn-1,USA,germany,CS77077,42.051,-86.509,0.6409864025080304,63.59470468431772,Moderate,65,0,29,29,North America,192.0
2159,Paw-13,USA,germany,CS78990,42.148,-86.431,0.6409864025080304,63.59470468431772,Moderate,66,0,29,29,North America,189.0
2166,Paw-20,USA,germany,CS78991,42.148,-86.431,0.6409864025080304,63.59470468431772,Moderate,67,0,29,29,North America,189.0
2171,Paw-26,USA,germany,CS77164,42.148,-86.431,0.6409864025080304,63.59470468431772,Moderate,68,0,29,29,North America,189.0
2191,Pent-7,USA,germany,CS78992,43.7623,-86.3929,0.6409864025080304,63.59470468431772,Moderate,69,0,29,29,North America,185.0
2212,Pent-46,USA,germany,CS78993,43.7623,-86.3929,0.6409864025080304,63.59470468431772,Moderate,70,0,29,29,North America,185.0
2239,Riv-25,USA,germany,CS78994,42.184,-86.382,0.6409864025080304,63.59470468431772,Moderate,71,0,29,29,North America,198.0
2240,Riv-26,USA,germany,CS78995,42.184,-86.382,0.6409864025080304,63.59470468431772,Moderate,72,0,29,29,North America,198.0
2276,SLSP-31,USA,admixed,CS77254,43.665,-86.496,0.6409864025080304,63.59470468431772,Moderate,73,0,29,29,North America,178.0
2278,SLSP-35,USA,germany,CS77255,43.665,-86.496,0.6409864025080304,63.59470468431772,Moderate,74,0,29,29,North America,178.0
2285,SLSP-69,USA,germany,CS78996,43.665,-86.496,0.6409864025080304,63.59470468431772,Moderate,75,0,29,29,North America,178.0
2286,SLSP-67,USA,germany,CS78997,43.665,-86.496,0.6409864025080304,63.59470468431772,Moderate,76,0,20,20,North America,178.0
2317,Ste-40,USA,admixed,CS77278,42.03,-86.514,0.6409864025080304,63.59470468431772,Moderate,77,0,29,29,North America,194.0
2370,Yng-4,USA,germany,CS78998,41.865,-86.646,0.6409864025080304,63.59470468431772,Moderate,78,0,29,29,North America,196.0
1925,MNF-Che-2,USA,germany,CS77096,43.5251,-86.1843,0.6409864025080304,63.59470468431772,Moderate,79,0,29,29,North America,214.0
1942,MNF-Che-47,USA,germany,CS78980,43.5251,-86.1843,0.6409864025080304,63.59470468431772,Moderate,80,0,29,29,North America,214.0
1943,MNF-Che-49,USA,germany,CS78981,43.5251,-86.1843,0.6409864025080304,63.59470468431772,Moderate,81,0,29,29,North America,214.0
265,PYL-6,FRA,admixed,CS77198,44.65,-1.16667,0.6409864025080304,63.59470468431772,Moderate,82,0,29,29,Europe,23.0
351,TOU-A1-89,FRA,western_europe,CS77383,46.6667,4.11667,0.6409864025080304,63.59470468431772,Moderate,83,0,29,29,Europe,257.0
403,Zdarec3,CZE,central_europe,CS78873,49.3667,16.2667,0.6409864025080304,63.59470468431772,Moderate,84,0,29,29,Europe,438.0
410,Doubravnik7,CZE,central_europe,CS76808,49.4211,16.3497,0.6409864025080304,63.59470468431772,Moderate,85,0,29,29,Europe,420.0
424,Draha2,CZE,central_europe,CS76812,49.4112,16.2815,0.6409864025080304,63.59470468431772,Moderate,86,0,29,29,Europe,509.0
428,Borky1,CZE,central_europe,CS76718,49.403,16.232,0.6409864025080304,63.59470468431772,Moderate,87,0,29,29,Europe,519.0
430,Gr-1,AUT,central_europe,CS76496,47.0,15.5,0.6409864025080304,63.59470468431772,Moderate,88,0,23,23,Europe,332.0
470,BRR4,USA,germany,CS78943,40.8313,-87.735,0.6409864025080304,63.59470468431772,Moderate,89,0,29,29,North America,200.0
476,BRR12,USA,germany,CS78944,40.8313,-87.735,0.6409864025080304,63.59470468431772,Moderate,90,0,29,29,North America,200.0
4779,UKSW06-179,UK,western_europe,CS78808,50.4,-4.9,0.6409864025080304,63.59470468431772,Moderate,91,0,29,29,Europe,122.0
4807,UKSW06-207,UK,western_europe,CS78809,50.4,-4.9,0.6409864025080304,63.59470468431772,Moderate,92,0,29,29,Europe,122.0
4826,UKSW06-226,UK,western_europe,CS78810,50.4,-4.9,0.6409864025080304,63.59470468431772,Moderate,93,0,29,29,Europe,122.0
484,BRR23,USA,germany,CS78945,40.8313,-87.735,0.6409864025080304,63.59470468431772,Moderate,94,0,29,29,North America,200.0
4840,UKSW06-240,UK,western_europe,CS79000,50.4,-4.9,0.6409864025080304,63.59470468431772,Moderate,95,0,29,29,Europe,122.0
2108,MSGA-12,USA,germany,CS78988,43.2749,-86.0891,0.6409864025080304,63.59470468431772,Moderate,96,0,29,29,North America,218.0
2141,MSGA-61,USA,germany,CS78989,43.2749,-86.0891,0.6409864025080304,63.59470468431772,Moderate,97,0,29,29,North America,218.0
5726,Cnt-1,UK,western_europe,CS78782,51.3,1.1,0.6409864025080304,63.59470468431772,Moderate,98,0,29,29,Europe,32.0
5768,UKID63,UK,admixed,CS78786,54.1,-1.5,0.6409864025080304,63.59470468431772,Moderate,99,0,29,29,Europe,26.0
4857,UKSW06-257,UK,western_europe,CS79001,50.3,-4.9,0.6409864025080304,63.59470468431772,Moderate,100,0,29,29,Europe,50.0
4884,UKSW06-285,UK,western_europe,CS78811,50.3,-4.9,0.6409864025080304,63.59470468431772,Moderate,101,0,29,29,Europe,50.0
4900,UKSW06-302,UK,western_europe,CS78812,50.3,-4.8,0.6409864025080304,63.59470468431772,Moderate,102,0,29,29,Europe,13.0
4939,UKSW06-341,UK,western_europe,CS79002,50.4,-4.7,0.6409864025080304,63.59470468431772,Moderate,103,0,29,29,Europe,120.0
4958,UKSW06-360,UK,western_europe,CS78814,50.5,-4.5,0.6409864025080304,63.59470468431772,Moderate,104,0,29,29,Europe,201.0
5023,UKSE06-118,UK,western_europe,CS78799,51.3,0.5,0.6409864025080304,63.59470468431772,Moderate,105,0,29,29,Europe,13.0
504,BRR57,USA,germany,CS78946,40.8313,-87.735,0.6409864025080304,63.59470468431772,Moderate,106,0,29,29,North America,200.0
506,BRR60,USA,germany,CS78947,40.8313,-87.735,0.6409864025080304,63.59470468431772,Moderate,107,0,29,29,North America,200.0
5151,UKSE06-325,UK,admixed,CS78801,52.2,-1.7,0.6409864025080304,63.59470468431772,Moderate,108,0,29,29,Europe,61.0
5236,UKSE06-470,UK,western_europe,CS78804,51.2,0.4,0.6409864025080304,63.59470468431772,Moderate,109,0,29,29,Europe,13.0
5249,UKSE06-491,UK,western_europe,CS79003,51.2,0.3,0.6409864025080304,63.59470468431772,Moderate,110,0,26,26,Europe,21.0
5253,UKSE06-500,UK,western_europe,CS78805,51.1,0.6,0.6409864025080304,63.59470468431772,Moderate,111,0,29,29,Europe,65.0
5276,UKSE06-533,UK,western_europe,CS78806,51.3,1.1,0.6409864025080304,63.59470468431772,Moderate,112,0,4,4,Europe,32.0
2412,Yng-53,USA,germany,CS78999,41.865,-86.646,0.6409864025080304,63.59470468431772,Moderate,113,0,0,0,North America,196.0
9906,Mah-6,ESP,admixed,CS77063,40.0,4.25,0.6409864025080304,63.59470468431772,Moderate,114,0,29,29,Europe,16.0
9908,ESP-1-11,FRA,western_europe,CS76847,50.72,3.47,0.6409864025080304,63.59470468431772,Moderate,115,0,29,29,Europe,18.0
9909,GEN-8,FRA,western_europe,CS76877,50.59,3.3,0.6409864025080304,63.59470468431772,Moderate,116,0,29,29,Europe,73.0
991,Ale-Stenar-41-1,SWE,south_sweden,CS76651,55.3833,14.05,0.6409864025080304,63.59470468431772,Moderate,117,0,29,29,Europe,0.0
9910,BRI-2,FRA,western_europe,CS76725,50.68,3.52,0.6409864025080304,63.59470468431772,Moderate,118,0,29,29,Europe,51.0
9911,ARGE-1-15,FRA,western_europe,CS76672,47.16,4.28,0.6409864025080304,63.59470468431772,Moderate,119,0,29,29,Europe,509.0
5279,UKSE06-541,UK,western_europe,CS79004,51.3,1.1,0.6409864025080304,63.59470468431772,Moderate,120,0,2,2,Europe,32.0
531,BRR107,USA,germany,CS78948,40.8313,-87.735,0.6409864025080304,63.59470468431772,Moderate,121,0,29,29,North America,200.0
5353,UKNW06-003,UK,western_europe,CS78792,54.5,-3.0,0.6409864025080304,63.59470468431772,Moderate,122,0,29,29,Europe,559.0
5395,UKNW06-102,UK,western_europe,CS79005,54.4,-3.0,0.6409864025080304,63.59470468431772,Moderate,123,0,29,29,Europe,129.0
544,LI-WP-039,USA,germany,CS78949,40.9076,-73.2089,0.6409864025080304,63.59470468431772,Moderate,124,0,23,23,North America,19.0
5577,UKNW06-403,UK,western_europe,CS78797,54.7,-3.4,0.6409864025080304,63.59470468431772,Moderate,125,0,29,29,Europe,95.0
5644,UKNW06-481,UK,western_europe,CS78798,54.4,-2.9,0.6409864025080304,63.59470468431772,Moderate,126,0,29,29,Europe,197.0
5717,Bra-1,UK,western_europe,CS79007,54.6,-3.2,0.6409864025080304,63.59470468431772,Moderate,127,0,29,29,Europe,204.0
5718,UKID11,UK,western_europe,CS79008,57.0,-3.4,0.6409864025080304,63.59470468431772,Moderate,128,0,29,29,Europe,339.0
5720,Cal-2,UK,admixed,CS78781,53.3,-1.6,0.6409864025080304,63.59470468431772,Moderate,129,0,29,29,Europe,382.0
5830,App1-12,SWE,south_sweden,CS76667,56.3333,15.9667,0.6409864025080304,63.59470468431772,Moderate,130,0,29,29,Europe,29.0
5836,Boo2-3,SWE,south_sweden,CS77906,55.86,13.51,0.6409864025080304,63.59470468431772,Moderate,131,0,1,1,Europe,62.0
5837,Bor-1,CZE,central_europe,CS76453,49.4013,16.2326,0.6409864025080304,63.59470468431772,Moderate,132,0,31,31,Europe,523.0
5856,Dör-10,SWE,north_sweden,CS76806,63.0167,17.4914,0.6409864025080304,63.59470468431772,Moderate,133,0,29,29,Europe,347.0
5860,Dra-3,SWE,north_sweden,CS77913,62.6814,18.0165,0.6409864025080304,63.59470468431772,Moderate,134,0,29,29,Europe,10.0
5865,Dra1-4,SWE,south_sweden,CS76809,55.76,14.12,0.6409864025080304,63.59470468431772,Moderate,135,0,29,29,Europe,88.0
9895,Sfb-6,ESP,spain,CS77248,41.78,2.57,0.6409864025080304,63.59470468431772,Moderate,136,0,29,29,Europe,231.0
9897,Smt-1,ESP,admixed,CS77257,40.95,-5.63,0.6409864025080304,63.59470468431772,Moderate,137,0,31,31,Europe,788.0
9898,Som-0,ESP,spain,CS77259,41.14,-3.58,0.6409864025080304,63.59470468431772,Moderate,138,0,29,29,Europe,1378.0
9899,Tau-0,ESP,spain,CS77342,42.54,0.84,0.6409864025080304,63.59470468431772,Moderate,139,0,3,3,Europe,1411.0
9900,Tri-0,ESP,spain,CS77386,37.38,-6.01,0.6409864025080304,63.59470468431772,Moderate,140,0,2,2,Europe,9.0
9901,Urd-1,ESP,spain,CS78824,42.27,-2.98,0.6409864025080304,63.59470468431772,Moderate,141,0,29,29,Europe,1301.0
9902,Usa-0,ESP,spain,CS78825,40.71,-3.24,0.6409864025080304,63.59470468431772,Moderate,142,0,29,29,Europe,795.0
9903,Val-0,ESP,spain,CS78829,42.31,-3.1,0.6409864025080304,63.59470468431772,Moderate,143,0,2,2,Europe,1246.0
9904,Vas-0,ESP,spain,CS78833,40.95,-3.31,0.6409864025080304,63.59470468431772,Moderate,144,0,20,20,Europe,809.0
9905,Ven-0,ESP,relict,CS78840,40.76,-4.01,0.6409864025080304,63.59470468431772,Moderate,145,0,29,29,Europe,1746.0
5921,DraIV 3-7,CZE,central_europe,CS76819,49.4112,16.2815,0.6409864025080304,63.59470468431772,Moderate,146,0,29,29,Europe,509.0
5950,DraIV 5-12,CZE,central_europe,CS76820,49.4112,16.2815,0.6409864025080304,63.59470468431772,Moderate,147,0,29,29,Europe,509.0
5984,DraIV 6-13,CZE,central_europe,CS76822,49.4112,16.2815,0.6409864025080304,63.59470468431772,Moderate,148,0,29,29,Europe,509.0
5993,DraIV 6-22,CZE,central_europe,CS76823,49.4112,16.2815,0.6409864025080304,63.59470468431772,Moderate,149,0,29,29,Europe,509.0
6008,Duk,CZE,central_europe,CS76824,49.1,16.2,0.6409864025080304,63.59470468431772,Moderate,150,0,29,29,Europe,362.0
6009,Eden-1,SWE,north_sweden,CS76826,62.877,18.177,0.6409864025080304,63.59470468431772,Moderate,151,0,29,29,Europe,73.0
6010,Eden-5,SWE,north_sweden,CS78000,62.877,18.177,0.6409864025080304,63.59470468431772,Moderate,152,0,29,29,Europe,73.0
6011,Eden-6,SWE,north_sweden,CS76828,62.877,18.177,0.6409864025080304,63.59470468431772,Moderate,153,0,29,29,Europe,73.0
6012,Eden-7,SWE,north_sweden,CS76829,62.877,18.177,0.6409864025080304,63.59470468431772,Moderate,154,0,29,29,Europe,73.0
6013,Eden-9,SWE,north_sweden,CS76830,62.877,18.177,0.6409864025080304,63.59470468431772,Moderate,155,0,29,29,Europe,73.0
6016,Eds-1,SWE,north_sweden,CS76834,62.9,18.4,0.6409864025080304,63.59470468431772,Moderate,156,0,29,29,Europe,94.0
5772,Set-1,UK,admixed,CS78787,54.1,-2.3,0.6409864025080304,63.59470468431772,Moderate,157,0,29,29,Europe,304.0
5776,UKID71,UK,western_europe,CS79009,52.9,-1.3,0.6409864025080304,63.59470468431772,Moderate,158,0,29,29,Europe,35.0
5779,UKID74,UK,western_europe,CS78789,51.0,-3.1,0.6409864025080304,63.59470468431772,Moderate,159,0,29,29,Europe,29.0
5798,UKID93,UK,western_europe,CS79010,53.1,-3.3,0.6409864025080304,63.59470468431772,Moderate,160,0,29,29,Europe,72.0
5822,UKID116,UK,admixed,CS78780,56.7333,-5.98333,0.6409864025080304,63.59470468431772,Moderate,161,0,29,29,Europe,141.0
6020,Fjä1-5,SWE,south_sweden,CS76861,56.06,14.29,0.6409864025080304,63.59470468431772,Moderate,162,0,29,29,Europe,34.0
6021,Fjä2-4,SWE,south_sweden,CS76862,56.06,14.29,0.6409864025080304,63.59470468431772,Moderate,163,0,29,29,Europe,34.0
6022,Fjä2-6,SWE,south_sweden,CS78009,56.06,14.29,0.6409864025080304,63.59470468431772,Moderate,164,0,29,29,Europe,34.0
6023,Fly2-1,SWE,south_sweden,CS76863,55.7509,13.3712,0.6409864025080304,63.59470468431772,Moderate,165,0,29,29,Europe,25.0
6024,Fly2-2,SWE,south_sweden,CS76864,55.7509,13.3712,0.6409864025080304,63.59470468431772,Moderate,166,0,29,29,Europe,25.0
6025,Gro-3,SWE,north_sweden,CS76889,62.6437,17.7339,0.6409864025080304,63.59470468431772,Moderate,167,0,29,29,Europe,110.0
6030,Grön-5,SWE,north_sweden,CS76893,62.806,18.1896,0.6409864025080304,63.59470468431772,Moderate,168,0,29,29,Europe,30.0
6035,Hov1-10,SWE,south_sweden,CS76931,56.1,13.74,0.6409864025080304,63.59470468431772,Moderate,169,0,29,29,Europe,58.0
6040,Kni-1,SWE,south_sweden,CS76970,55.66,13.4,0.6409864025080304,63.59470468431772,Moderate,170,0,29,29,Europe,116.0
6041,Lis-3,SWE,south_sweden,CS77044,56.0328,14.775,0.6409864025080304,63.59470468431772,Moderate,171,0,29,29,Europe,43.0
6043,Löv-1,SWE,north_sweden,CS77049,62.801,18.079,0.6409864025080304,63.59470468431772,Moderate,172,0,29,29,Europe,75.0
5867,Dra2-1,SWE,south_sweden,CS76810,55.76,14.12,0.6409864025080304,63.59470468431772,Moderate,173,0,29,29,Europe,88.0
5874,DraII-6,CZE,central_europe,CS76814,49.4112,16.2815,0.6409864025080304,63.59470468431772,Moderate,174,0,29,29,Europe,509.0
5890,DraIV 1-8,CZE,central_europe,CS76817,49.4112,16.2815,0.6409864025080304,63.59470468431772,Moderate,175,0,2,2,Europe,509.0
5893,DraIV 1-11,CZE,central_europe,CS76816,49.4112,16.2815,0.6409864025080304,63.59470468431772,Moderate,176,0,29,29,Europe,509.0
5907,DraIV 2-9,CZE,central_europe,CS76818,49.4112,16.2815,0.6409864025080304,63.59470468431772,Moderate,177,0,2,2,Europe,509.0
6112,T540,SWE,south_sweden,CS77303,55.7967,13.1044,0.6409864025080304,63.59470468431772,Moderate,178,0,4,4,Europe,24.0
6113,T550,SWE,south_sweden,CS77304,55.8078,13.1028,0.6409864025080304,63.59470468431772,Moderate,179,0,29,29,Europe,20.0
6046,Löv-5,SWE,north_sweden,CS77050,62.801,18.079,0.6409864025080304,63.59470468431772,Moderate,180,0,29,29,Europe,75.0
6064,Nyl-2,SWE,north_sweden,CS77136,62.9513,18.2763,0.6409864025080304,63.59470468431772,Moderate,181,0,29,29,Europe,37.0
6069,Nyl-7,SWE,north_sweden,CS77137,62.9513,18.2763,0.6409864025080304,63.59470468431772,Moderate,182,0,29,29,Europe,37.0
6070,Omn-1,SWE,north_sweden,CS77145,62.9308,18.3448,0.6409864025080304,63.59470468431772,Moderate,183,0,29,29,Europe,117.0
6073,ÖMö1-7,SWE,south_sweden,CS77147,56.1481,15.8155,0.6409864025080304,63.59470468431772,Moderate,184,0,29,29,Europe,0.0
6074,Ör-1,SWE,south_sweden,CS77150,56.4573,16.1308,0.6409864025080304,63.59470468431772,Moderate,185,0,29,29,Europe,8.0
6076,Rev-2,SWE,south_sweden,CS77215,55.6942,13.4504,0.6409864025080304,63.59470468431772,Moderate,186,0,29,29,Europe,33.0
6085,Sparta-1,SWE,south_sweden,CS77260,55.7097,13.2145,0.6409864025080304,63.59470468431772,Moderate,187,0,29,29,Europe,68.0
6091,T1010,SWE,south_sweden,CS78035,55.6525,13.215,0.6409864025080304,63.59470468431772,Moderate,188,0,29,29,Europe,14.0
6092,T1020,SWE,south_sweden,CS77289,55.6514,13.2233,0.6409864025080304,63.59470468431772,Moderate,189,0,29,29,Europe,15.0
6095,T1050,SWE,south_sweden,CS78039,55.6486,13.2161,0.6409864025080304,63.59470468431772,Moderate,190,0,30,30,Europe,15.0
6096,T1060,SWE,south_sweden,CS78040,55.6472,13.2225,0.6409864025080304,63.59470468431772,Moderate,191,0,5,5,Europe,16.0
6017,Eds-9,SWE,north_sweden,CS76835,62.9,18.4,0.6409864025080304,63.59470468431772,Moderate,192,0,29,29,Europe,94.0
6019,Fjä1-2,SWE,south_sweden,CS76860,56.06,14.29,0.6409864025080304,63.59470468431772,Moderate,193,0,29,29,Europe,34.0
9886,Pru-0,ESP,spain,CS77190,42.38,1.73,0.6409864025080304,63.59470468431772,Moderate,194,0,19,19,Europe,1116.0
9887,Pun-0,ESP,relict,CS77196,40.4,-4.77,0.6409864025080304,63.59470468431772,Moderate,195,0,29,29,Europe,785.0
9888,Pva-1,ESP,spain,CS77197,40.93,-3.31,0.6409864025080304,63.59470468431772,Moderate,196,0,29,29,Europe,919.0
9890,Rib-1,ESP,admixed,CS77217,43.16,-5.07,0.6409864025080304,63.59470468431772,Moderate,197,0,19,19,Europe,985.0
9891,Sal-0,ESP,spain,CS77230,41.93,2.92,0.6409864025080304,63.59470468431772,Moderate,198,0,29,29,Europe,303.0
9892,Sam-0,ESP,admixed,CS77231,42.68,-6.96,0.6409864025080304,63.59470468431772,Moderate,199,0,29,29,Europe,963.0
9894,Sen-0,ESP,admixed,CS77243,42.59,0.76,0.6409864025080304,63.59470468431772,Moderate,200,0,29,29,Europe,1422.0
6098,T1080,SWE,south_sweden,CS77292,55.6561,13.2178,0.6409864025080304,63.59470468431772,Moderate,201,0,29,29,Europe,11.0
6099,T1090,SWE,south_sweden,CS77293,55.6575,13.2386,0.6409864025080304,63.59470468431772,Moderate,202,0,28,28,Europe,15.0
6100,T1110,SWE,south_sweden,CS77294,55.6,13.2,0.6409864025080304,63.59470468431772,Moderate,203,0,29,29,Europe,43.0
6101,T1120,SWE,south_sweden,CS78045,55.6,13.2,0.6409864025080304,63.59470468431772,Moderate,204,0,29,29,Europe,43.0
6104,T1160,SWE,south_sweden,CS77296,55.7,13.2,0.6409864025080304,63.59470468431772,Moderate,205,0,19,19,Europe,45.0
6105,T450,SWE,south_sweden,CS77297,55.7967,13.1211,0.6409864025080304,63.59470468431772,Moderate,206,0,19,19,Europe,18.0
6108,T480,SWE,western_europe,CS77300,55.7989,13.1206,0.6409864025080304,63.59470468431772,Moderate,207,0,29,29,Europe,15.0
6109,T510,SWE,south_sweden,CS77301,55.7936,13.1233,0.6409864025080304,63.59470468431772,Moderate,208,0,29,29,Europe,15.0
6111,T530,SWE,south_sweden,CS77302,55.7989,13.1219,0.6409864025080304,63.59470468431772,Moderate,209,0,29,29,Europe,15.0
6125,T710,SWE,south_sweden,CS77310,55.8403,13.3106,0.6409864025080304,63.59470468431772,Moderate,210,0,29,29,Europe,65.0
6131,T780,SWE,south_sweden,CS77315,55.8369,13.3181,0.6409864025080304,63.59470468431772,Moderate,211,0,29,29,Europe,70.0
6132,T790,SWE,south_sweden,CS77316,55.8386,13.3186,0.6409864025080304,63.59470468431772,Moderate,212,0,19,19,Europe,72.0
6133,T800,SWE,south_sweden,CS77317,55.8364,13.2906,0.6409864025080304,63.59470468431772,Moderate,213,0,19,19,Europe,76.0
6136,T840,SWE,south_sweden,CS77319,55.9336,13.5519,0.6409864025080304,63.59470468431772,Moderate,214,0,29,29,Europe,80.0
6137,T850,SWE,south_sweden,CS77320,55.9419,13.5603,0.6409864025080304,63.59470468431772,Moderate,215,0,20,20,Europe,83.0
6140,T880,SWE,south_sweden,CS77322,55.9392,13.5539,0.6409864025080304,63.59470468431772,Moderate,216,0,29,29,Europe,78.0
9876,Pad-0,ESP,spain,CS77158,41.34,0.99,0.6409864025080304,63.59470468431772,Moderate,217,0,29,29,Europe,895.0
9877,Pdl-0,ESP,admixed,CS77165,43.02,-5.6,0.6409864025080304,63.59470468431772,Moderate,218,0,29,29,Europe,1422.0
9878,Pee-0,ESP,spain,CS77167,40.78,-3.62,0.6409864025080304,63.59470468431772,Moderate,219,0,29,29,Europe,879.0
9879,Per-0,ESP,relict,CS77169,37.6,-1.12,0.6409864025080304,63.59470468431772,Moderate,220,0,20,20,Europe,305.0
9880,Pib-1,ESP,spain,CS77175,42.72,-3.44,0.6409864025080304,63.59470468431772,Moderate,221,0,19,19,Europe,628.0
9881,Pie-0,ESP,admixed,CS77176,40.46,-5.32,0.6409864025080304,63.59470468431772,Moderate,222,0,29,29,Europe,1089.0
9882,Pil-0,ESP,spain,CS77178,40.46,-4.26,0.6409864025080304,63.59470468431772,Moderate,223,0,29,29,Europe,856.0
9883,Piq-0,ESP,spain,CS77179,42.1,-2.56,0.6409864025080304,63.59470468431772,Moderate,224,0,29,29,Europe,1317.0
9885,Prd-0,ESP,spain,CS77189,41.14,-3.68,0.6409864025080304,63.59470468431772,Moderate,225,0,19,19,Europe,1117.0
6145,T930,SWE,south_sweden,CS77324,55.9497,13.5533,0.6409864025080304,63.59470468431772,Moderate,226,0,29,29,Europe,85.0
6148,T960,SWE,south_sweden,CS77325,55.9319,13.5508,0.6409864025080304,63.59470468431772,Moderate,227,0,29,29,Europe,76.0
6149,T970,SWE,south_sweden,CS77326,55.9281,13.5481,0.6409864025080304,63.59470468431772,Moderate,228,0,2,2,Europe,68.0
6150,T980,SWE,south_sweden,CS77327,55.9261,13.5319,0.6409864025080304,63.59470468431772,Moderate,229,0,29,29,Europe,81.0
6153,TAA 03,SWE,north_sweden,CS77329,62.6425,17.7422,0.6409864025080304,63.59470468431772,Moderate,230,0,29,29,Europe,154.0
6154,TAA 04,SWE,north_sweden,CS77330,62.6422,17.7406,0.6409864025080304,63.59470468431772,Moderate,231,0,29,29,Europe,137.0
6163,TAA 14,SWE,north_sweden,CS77331,62.6425,17.7356,0.6409864025080304,63.59470468431772,Moderate,232,0,29,29,Europe,114.0
6166,TAA 17,SWE,north_sweden,CS77332,62.6425,17.7372,0.6409864025080304,63.59470468431772,Moderate,233,0,29,29,Europe,128.0
6169,TÅD 01,SWE,north_sweden,CS77333,62.8714,18.3447,0.6409864025080304,63.59470468431772,Moderate,234,0,29,29,Europe,154.0
6172,TÅD 04,SWE,north_sweden,CS77335,62.8717,18.3436,0.6409864025080304,63.59470468431772,Moderate,235,0,29,29,Europe,153.0
6174,TÅD 06,SWE,north_sweden,CS77337,62.8719,18.3422,0.6409864025080304,63.59470468431772,Moderate,236,0,19,19,Europe,151.0
6184,TBÖ 01,SWE,north_sweden,CS77343,62.8892,18.4522,0.6409864025080304,63.59470468431772,Moderate,237,0,29,29,Europe,46.0
6118,T610,SWE,south_sweden,CS77307,55.7,13.2,0.6409864025080304,63.59470468431772,Moderate,238,0,29,29,Europe,45.0
6122,T670,SWE,south_sweden,CS77308,55.8364,13.3075,0.6409864025080304,63.59470468431772,Moderate,239,0,29,29,Europe,67.0
6123,T680,SWE,south_sweden,CS78064,55.8369,13.3033,0.6409864025080304,63.59470468431772,Moderate,240,0,29,29,Europe,66.0
6124,T690,SWE,south_sweden,CS77309,55.8378,13.3092,0.6409864025080304,63.59470468431772,Moderate,241,0,29,29,Europe,67.0
6390,UduI 3-36,CZE,central_europe,CS78775,49.2771,16.6314,0.6409864025080304,63.59470468431772,Moderate,242,0,29,29,Europe,426.0
6396,UduI 4-9,CZE,central_europe,CS78776,49.2771,16.6314,0.6409864025080304,63.59470468431772,Moderate,243,0,29,29,Europe,426.0
6193,TDr-7,SWE,south_sweden,CS77354,55.7694,14.1347,0.6409864025080304,63.59470468431772,Moderate,244,0,2,2,Europe,82.0
6195,TDr-9,SWE,south_sweden,CS77356,55.7708,14.1342,0.6409864025080304,63.59470468431772,Moderate,245,0,29,29,Europe,80.0
6198,TDr-13,SWE,south_sweden,CS77347,55.7708,14.1331,0.6409864025080304,63.59470468431772,Moderate,246,0,2,2,Europe,86.0
6202,TDr-17,SWE,south_sweden,CS77349,55.7717,14.1206,0.6409864025080304,63.59470468431772,Moderate,247,0,29,29,Europe,96.0
6209,TEDEN 02,SWE,north_sweden,CS77358,62.8836,18.1842,0.6409864025080304,63.59470468431772,Moderate,248,0,2,2,Europe,142.0
6210,TEDEN 03,SWE,north_sweden,CS77359,62.8839,18.1836,0.6409864025080304,63.59470468431772,Moderate,249,0,29,29,Europe,142.0
6214,TFÄ 04,SWE,north_sweden,CS78121,63.0175,18.3281,0.6409864025080304,63.59470468431772,Moderate,250,0,29,29,Europe,180.0
6216,TFÄ 06,SWE,north_sweden,CS77362,63.0167,18.3283,0.6409864025080304,63.59470468431772,Moderate,251,0,2,2,Europe,150.0
6217,TFÄ 07,SWE,north_sweden,CS77363,63.0169,18.3283,0.6409864025080304,63.59470468431772,Moderate,252,0,29,29,Europe,150.0
6218,TFÄ 08,SWE,north_sweden,CS77364,63.0172,18.3283,0.6409864025080304,63.59470468431772,Moderate,253,0,2,2,Europe,150.0
6220,TGR 01,SWE,north_sweden,CS77365,62.806,18.1896,0.6409864025080304,63.59470468431772,Moderate,254,0,29,29,Europe,30.0
6221,TGR 02,SWE,north_sweden,CS77366,62.806,18.1896,0.6409864025080304,63.59470468431772,Moderate,255,0,29,29,Europe,30.0
6141,T890,SWE,south_sweden,CS78079,55.9414,13.5542,0.6409864025080304,63.59470468431772,Moderate,256,0,29,29,Europe,83.0
6142,T900,SWE,south_sweden,CS77323,55.9428,13.5558,0.6409864025080304,63.59470468431772,Moderate,257,0,29,29,Europe,85.0
6805,HS-12,USA,germany,CS79015,42.373,-71.0627,0.6409864025080304,63.59470468431772,Moderate,258,0,29,29,North America,16.0
681,LI-RR-097,USA,germany,CS78953,40.9447,-72.8615,0.6409864025080304,63.59470468431772,Moderate,259,0,29,29,North America,37.0
6814,KNO-15,USA,germany,CS79017,41.2816,-86.621,0.6409864025080304,63.59470468431772,Moderate,260,0,29,29,North America,222.0
685,LI-EF-011,USA,germany,CS78954,40.9064,-73.1493,0.6409864025080304,63.59470468431772,Moderate,261,0,29,29,North America,36.0
687,LI-EF-018,USA,germany,CS78955,40.9064,-73.1493,0.6409864025080304,63.59470468431772,Moderate,262,0,29,29,North America,36.0
6231,TNY 04,SWE,north_sweden,CS77368,62.96,18.2844,0.6409864025080304,63.59470468431772,Moderate,263,0,29,29,Europe,131.0
6238,TOM 04,SWE,north_sweden,CS77374,62.9619,18.35,0.6409864025080304,63.59470468431772,Moderate,264,0,29,29,Europe,140.0
6241,TOM 07,SWE,north_sweden,CS77376,62.9614,18.3608,0.6409864025080304,63.59470468431772,Moderate,265,0,19,19,Europe,105.0
6243,Tottarp-2,SWE,central_europe,CS77381,56.27373,13.90045,0.6409864025080304,63.59470468431772,Moderate,266,0,29,29,Europe,79.0
6252,TV-4,SWE,germany,CS78771,55.5796,14.3336,0.6409864025080304,63.59470468431772,Moderate,267,0,29,29,Europe,5.0
6255,TV-7,SWE,germany,CS78772,55.5796,14.334,0.6409864025080304,63.59470468431772,Moderate,268,0,29,29,Europe,3.0
6258,TV-10,SWE,admixed,CS78767,55.5796,14.3336,0.6409864025080304,63.59470468431772,Moderate,269,0,29,29,Europe,5.0
6268,TV-22,SWE,germany,CS78768,55.5796,14.3336,0.6409864025080304,63.59470468431772,Moderate,270,0,29,29,Europe,5.0
6276,TV-30,SWE,germany,CS78769,55.5796,14.3336,0.6409864025080304,63.59470468431772,Moderate,271,0,29,29,Europe,5.0
6284,TV-38,SWE,south_sweden,CS78770,55.5796,14.3336,0.6409864025080304,63.59470468431772,Moderate,272,0,2,2,Europe,5.0
6296,UduI 1-11,CZE,central_europe,CS78774,49.2771,16.6314,0.6409864025080304,63.59470468431772,Moderate,273,0,29,29,Europe,426.0
9868,Moe-0,ESP,spain,CS77104,41.78,2.37,0.6409864025080304,63.59470468431772,Moderate,274,0,29,29,Europe,810.0
9870,Moz-0,ESP,spain,CS77111,41.91,0.17,0.6409864025080304,63.59470468431772,Moderate,275,0,3,3,Europe,251.0
9871,Nac-0,ESP,relict,CS77117,40.75,-3.99,0.6409864025080304,63.59470468431772,Moderate,276,0,29,29,Europe,1359.0
9873,Ndc-0,ESP,spain,CS77125,37.94,-5.45,0.6409864025080304,63.59470468431772,Moderate,277,0,29,29,Europe,409.0
9874,Oja-0,ESP,spain,CS77143,42.34,-3.0,0.6409864025080304,63.59470468431772,Moderate,278,0,29,29,Europe,810.0
9875,Ovi-1,ESP,western_europe,CS77155,43.38,-5.87,0.6409864025080304,63.59470468431772,Moderate,279,0,29,29,Europe,423.0
6413,Ull3-4,SWE,south_sweden,CS78819,56.06,13.97,0.6409864025080304,63.59470468431772,Moderate,280,0,29,29,Europe,37.0
6424,ZdrI 1-23,CZE,central_europe,CS78875,49.3853,16.2544,0.6409864025080304,63.59470468431772,Moderate,281,0,29,29,Europe,506.0
6445,ZdrI 2-21,CZE,central_europe,CS78876,49.3853,16.2544,0.6409864025080304,63.59470468431772,Moderate,282,0,29,29,Europe,506.0
6680,ANH-1,GER,western_europe,CS76437,51.85,6.4333,0.6409864025080304,63.59470468431772,Moderate,283,0,29,29,Europe,18.0
6739,CSHL-15,USA,germany,CS79011,40.8585,-73.4675,0.6409864025080304,63.59470468431772,Moderate,284,0,29,29,North America,24.0
6740,CSHL-17,USA,germany,CS79012,40.8585,-73.4675,0.6409864025080304,63.59470468431772,Moderate,285,0,29,29,North America,24.0
6744,CSHL-5,USA,germany,CS76779,40.8585,-73.4675,0.6409864025080304,63.59470468431772,Moderate,286,0,29,29,North America,24.0
6749,FM-10,USA,germany,CS79013,42.4489,-76.5072,0.6409864025080304,63.59470468431772,Moderate,287,0,29,29,North America,120.0
6750,FM-11,USA,germany,CS79014,42.4489,-76.5072,0.6409864025080304,63.59470468431772,Moderate,288,0,29,29,North America,120.0
680,LI-RR-096,USA,germany,CS78952,40.9447,-72.8615,0.6409864025080304,63.59470468431772,Moderate,289,0,29,29,North America,37.0
6915,Ei-2,GER,germany,CS76478,50.3,6.3,0.6409864025080304,63.59470468431772,Moderate,290,0,29,29,Europe,546.0
6917,Fäb-2,SWE,north_sweden,CS76850,63.0165,18.3174,0.6409864025080304,63.59470468431772,Moderate,291,0,27,27,Europe,12.0
6918,Fäb-4,SWE,north_sweden,CS76851,63.0165,18.3174,0.6409864025080304,63.59470468431772,Moderate,292,0,29,29,Europe,12.0
6923,HR-10,UK,western_europe,CS76940,51.4083,-0.6383,0.6409864025080304,63.59470468431772,Moderate,293,0,29,29,Europe,71.0
6924,HR-5,UK,western_europe,CS76514,51.4083,-0.6383,0.6409864025080304,63.59470468431772,Moderate,294,0,29,29,Europe,71.0
6926,Kin-0,USA,western_europe,CS76527,44.46,-85.37,0.6409864025080304,63.59470468431772,Moderate,295,0,29,29,North America,314.0
6927,KNO-10,USA,germany,CS76973,41.2816,-86.621,0.6409864025080304,63.59470468431772,Moderate,296,0,29,29,North America,222.0
9857,Leg-0,ESP,spain,CS77019,40.33,-3.8,0.6409864025080304,63.59470468431772,Moderate,297,0,29,29,Europe,677.0
9858,Loz-0,ESP,admixed,CS77051,40.98,-3.8,0.6409864025080304,63.59470468431772,Moderate,298,0,29,29,Europe,1500.0
9859,Lro-0,ESP,spain,CS77054,40.5,-3.88,0.6409864025080304,63.59470468431772,Moderate,299,0,0,0,Europe,715.0
9860,Lum-0,ESP,spain,CS77059,42.24,-2.62,0.6409864025080304,63.59470468431772,Moderate,300,0,29,29,Europe,963.0
9861,Mac-0,ESP,spain,CS77061,40.72,-3.21,0.6409864025080304,63.59470468431772,Moderate,301,0,29,29,Europe,700.0
9862,Mad-0,ESP,western_europe,CS77062,40.45,-3.67,0.6409864025080304,63.59470468431772,Moderate,302,0,29,29,Europe,694.0
9864,Mat-0,ESP,spain,CS77074,41.76,2.69,0.6409864025080304,63.59470468431772,Moderate,303,0,29,29,Europe,69.0
9866,Mdd-0,ESP,spain,CS77076,41.89,-2.79,0.6409864025080304,63.59470468431772,Moderate,304,0,29,29,Europe,1164.0
9867,Mie-1,ESP,spain,CS77083,40.94,-3.22,0.6409864025080304,63.59470468431772,Moderate,305,0,2,2,Europe,973.0
6992,Ang-0,BEL,admixed,CS76436,50.3,5.3,0.6409864025080304,63.59470468431772,Moderate,306,0,29,29,Europe,213.0
6932,Ler-1,GER,admixed,CS77021,47.984,10.8719,0.6409864025080304,63.59470468431772,Moderate,307,0,29,29,Europe,618.0
6933,LL-0,ESP,spain,CS77047,41.59,2.49,0.6409864025080304,63.59470468431772,Moderate,308,0,29,29,Europe,367.0
6940,Mz-0,GER,germany,CS76557,50.3,8.3,0.6409864025080304,63.59470468431772,Moderate,309,0,29,29,Europe,347.0
6943,NFA-10,UK,western_europe,CS77126,51.4083,-0.6383,0.6409864025080304,63.59470468431772,Moderate,310,0,2,2,Europe,71.0
6959,Rennes-1,FRA,western_europe,CS77210,48.5,-1.41,0.6409864025080304,63.59470468431772,Moderate,311,0,5,5,Europe,48.0
6961,Se-0,ESP,spain,CS76597,38.3333,-3.53333,0.6409864025080304,63.59470468431772,Moderate,312,0,29,29,Europe,735.0
6966,Sq-1,UK,western_europe,CS77266,51.4083,-0.6383,0.6409864025080304,63.59470468431772,Moderate,313,0,29,29,Europe,71.0
6968,Tamm-2,FIN,north_sweden,CS76610,60.0,23.5,0.6409864025080304,63.59470468431772,Moderate,314,0,3,3,Europe,36.0
6898,An-1,BEL,admixed,CS76435,51.2167,4.4,0.6409864025080304,63.59470468431772,Moderate,315,0,29,29,Europe,14.0
6901,Bil-7,SWE,north_sweden,CS76710,63.324,18.484,0.6409864025080304,63.59470468431772,Moderate,316,0,29,29,Europe,214.0
6904,Br-0,CZE,western_europe,CS76455,49.2,16.6166,0.6409864025080304,63.59470468431772,Moderate,317,0,1,1,Europe,211.0
6907,CIBC-17,UK,admixed,CS76770,51.4083,-0.6383,0.6409864025080304,63.59470468431772,Moderate,318,0,28,28,Europe,71.0
6908,CIBC-5,UK,western_europe,CS78894,51.4083,-0.6383,0.6409864025080304,63.59470468431772,Moderate,319,0,28,28,Europe,71.0
6911,Cvi-0,CPV,relict,CS76789,15.1111,-23.6167,0.6409864025080304,63.59470468431772,Moderate,320,0,28,28,Africa,279.0
6913,Eden-2,SWE,north_sweden,CS76827,62.877,18.177,0.6409864025080304,63.59470468431772,Moderate,321,0,29,29,Europe,73.0
9849,Gud-3,ESP,admixed,CS76895,40.65,-4.11,0.6409864025080304,63.59470468431772,Moderate,322,0,0,0,Europe,1045.0
9850,Hec-0,ESP,spain,CS76917,42.86,-0.7,0.6409864025080304,63.59470468431772,Moderate,323,0,29,29,Europe,1285.0
9851,Hue-3,ESP,western_europe,CS76942,42.96,-6.1,0.6409864025080304,63.59470468431772,Moderate,324,0,29,29,Europe,1240.0
9852,Ini-0,ESP,spain,CS76945,40.46,-3.75,0.6409864025080304,63.59470468431772,Moderate,325,0,29,29,Europe,595.0
9853,Lac-0,ESP,western_europe,CS76996,43.33,-5.91,0.6409864025080304,63.59470468431772,Moderate,326,0,29,29,Europe,219.0
9854,Laf-1,ESP,western_europe,CS76997,43.36,-5.88,0.6409864025080304,63.59470468431772,Moderate,327,0,29,29,Europe,229.0
9855,Lam-0,ESP,spain,CS77008,40.57,-3.89,0.6409864025080304,63.59470468431772,Moderate,328,0,29,29,Europe,708.0
9856,Lch-0,ESP,spain,CS77010,40.51,-4.0,0.6409864025080304,63.59470468431772,Moderate,329,0,19,19,Europe,718.0
6969,Tamm-27,FIN,north_sweden,CS77341,60.0,23.5,0.6409864025080304,63.59470468431772,Moderate,330,0,29,29,Europe,36.0
6971,Ts-5,ESP,spain,CS77388,41.7194,2.93056,0.6409864025080304,63.59470468431772,Moderate,331,0,23,23,Europe,10.0
6973,Ull2-3,SWE,germany,CS78817,56.0648,13.9707,0.6409864025080304,63.59470468431772,Moderate,332,0,3,3,Europe,28.0
6976,Uod-7,AUT,central_europe,CS78823,48.3,14.45,0.6409864025080304,63.59470468431772,Moderate,333,0,20,20,Europe,390.0
6984,Zdr-1,CZE,central_europe,CS76635,49.3853,16.2544,0.6409864025080304,63.59470468431772,Moderate,334,0,29,29,Europe,506.0
6986,Abd-0,UK,western_europe,CS76429,57.1539,-2.2207,0.6409864025080304,63.59470468431772,Moderate,335,0,29,29,Europe,155.0
6987,Ak-1,GER,admixed,CS76431,48.0683,7.62551,0.6409864025080304,63.59470468431772,Moderate,336,0,29,29,Europe,230.0
6990,Amel-1,NED,admixed,CS76434,53.448,5.73,0.6409864025080304,63.59470468431772,Moderate,337,0,29,29,Europe,2.0
7033,Buckhorn Pass,USA,germany,CS76733,41.3599,-122.755,0.6409864025080304,63.59470468431772,Moderate,338,0,29,29,North America,1087.0
7036,Bu-0,GER,germany,CS78889,50.5,9.5,0.6409864025080304,63.59470468431772,Moderate,339,0,0,0,Europe,409.0
7058,Bur-0,IRL,admixed,CS76734,53.08,-9.07555556,0.6409864025080304,63.59470468431772,Moderate,340,0,5,5,Europe,31.0
7061,Cal-0,UK,admixed,CS76460,53.2699,-1.64293,0.6409864025080304,63.59470468431772,Moderate,341,0,7,7,Europe,141.0
7063,Can-0,ESP,relict,CS76740,29.2144,-13.4811,0.6409864025080304,63.59470468431772,Moderate,342,0,17,17,Europe,349.0
7067,Ct-1,ITA,central_europe,CS76786,37.3,15.0,0.6409864025080304,63.59470468431772,Moderate,343,0,29,29,Europe,36.0
7068,Cerv-1,ITA,italy_balkan_caucasus,CS76462,42.0,12.1,0.6409864025080304,63.59470468431772,Moderate,344,0,28,28,Europe,67.0
7071,Chat-1,FRA,western_europe,CS76463,48.0717,1.33867,0.6409864025080304,63.59470468431772,Moderate,345,0,29,29,Europe,140.0
9840,Dar-0,ESP,spain,CS76792,41.13,-1.43,0.6409864025080304,63.59470468431772,Moderate,346,0,29,29,Europe,909.0
9841,Ees-0,ESP,spain,CS76836,40.59,-4.15,0.6409864025080304,63.59470468431772,Moderate,347,0,3,3,Europe,1045.0
9843,Elp-0,ESP,spain,CS76840,40.53,-3.92,0.6409864025080304,63.59470468431772,Moderate,348,0,29,29,Europe,664.0
9844,Esn-2,ESP,spain,CS76846,42.27,0.19,0.6409864025080304,63.59470468431772,Moderate,349,0,29,29,Europe,538.0
9845,Evs-0,ESP,spain,CS76848,40.48,-3.96,0.6409864025080304,63.59470468431772,Moderate,350,0,29,29,Europe,649.0
9846,Ezc-2,ESP,spain,CS76849,42.31,-3.02,0.6409864025080304,63.59470468431772,Moderate,351,0,29,29,Europe,835.0
9847,Fel-2,ESP,western_europe,CS76854,43.31,-5.7,0.6409864025080304,63.59470468431772,Moderate,352,0,1,1,Europe,199.0
9848,Glo-1,ESP,spain,CS76879,40.11,-5.77,0.6409864025080304,63.59470468431772,Moderate,353,0,29,29,Europe,619.0
9839,Coy-0,ESP,admixed,CS76785,40.44,-4.27,0.6409864025080304,63.59470468431772,Moderate,354,0,29,29,Europe,932.0
7160,Gre-0,USA,germany,CS76497,43.178,-85.2532,0.6409864025080304,63.59470468431772,Moderate,355,0,29,29,North America,258.0
7181,Je-0,GER,admixed,CS76518,50.927,11.587,0.6409864025080304,63.59470468431772,Moderate,356,0,29,29,Europe,157.0
7186,Kn-0,LTU,central_europe,CS76969,54.8969,23.8924,0.6409864025080304,63.59470468431772,Moderate,357,0,28,28,Europe,34.0
7207,Kyoto,JPN,central_europe,CS76535,35.0085,135.752,0.6409864025080304,63.59470468431772,Moderate,358,0,29,29,Asia,43.0
7081,Co,POR,spain,CS78895,40.2077,-8.42639,0.6409864025080304,63.59470468431772,Moderate,359,0,29,29,Europe,86.0
7103,Dra-0,CZE,central_europe,CS76476,49.4167,16.2667,0.6409864025080304,63.59470468431772,Moderate,360,0,29,29,Europe,520.0
7107,Durh-1,UK,western_europe,CS76477,54.7761,-1.5733,0.6409864025080304,63.59470468431772,Moderate,361,0,29,29,Europe,49.0
7109,Ema-1,UK,western_europe,CS76480,51.3,0.5,0.6409864025080304,63.59470468431772,Moderate,362,0,29,29,Europe,13.0
7111,Edi-0,UK,admixed,CS76831,55.9494,-3.16028,0.6409864025080304,63.59470468431772,Moderate,363,0,1,1,Europe,91.0
7120,En-D,GER,central_europe,CS76482,50.0,8.5,0.6409864025080304,63.59470468431772,Moderate,364,0,28,28,Europe,104.0
7126,Es-0,FIN,admixed,CS76484,60.1997,24.5682,0.6409864025080304,63.59470468431772,Moderate,365,0,29,29,Europe,14.0
7130,Et-0,FRA,western_europe,CS76486,44.6447,2.56481,0.6409864025080304,63.59470468431772,Moderate,366,0,28,28,Europe,234.0
7013,Bd-0,GER,south_sweden,CS76445,52.4584,13.287,0.6409864025080304,63.59470468431772,Moderate,367,0,29,29,Europe,64.0
7025,Bl-1,ITA,central_europe,CS76450,44.5041,11.3396,0.6409864025080304,63.59470468431772,Moderate,368,0,4,4,Europe,53.0
7028,Bch-1,GER,admixed,CS76444,49.5166,9.3166,0.6409864025080304,63.59470468431772,Moderate,369,0,29,29,Europe,346.0
7268,Np-0,GER,admixed,CS76563,52.6969,10.981,0.6409864025080304,63.59470468431772,Moderate,370,0,4,4,Europe,54.0
728,LI-SET-019,USA,germany,CS78956,40.9352,-73.114,0.6409864025080304,63.59470468431772,Moderate,371,0,0,0,North America,24.0
9823,Bae-0,ESP,western_europe,CS76681,43.34,-5.84,0.6409864025080304,63.59470468431772,Moderate,372,0,2,2,Europe,323.0
9825,Boa-0,ESP,spain,CS76714,40.4,-3.88,0.6409864025080304,63.59470468431772,Moderate,373,0,4,4,Europe,656.0
9826,Bor-0,ESP,western_europe,CS76717,42.49,-6.71,0.6409864025080304,63.59470468431772,Moderate,374,0,29,29,Europe,593.0
9827,Bos-0,ESP,western_europe,CS76719,42.78,0.69,0.6409864025080304,63.59470468431772,Moderate,375,0,9,9,Europe,718.0
9828,Bra-0,ESP,western_europe,CS76721,42.5,-6.15,0.6409864025080304,63.59470468431772,Moderate,376,0,5,5,Europe,999.0
9830,IP-Bus-0,ESP,admixed,CS76736,36.97,-3.28,0.6409864025080304,63.59470468431772,Moderate,377,0,3,3,Europe,1447.0
9831,Cas-0,ESP,admixed,CS76743,38.54,-3.39,0.6409864025080304,63.59470468431772,Moderate,378,0,19,19,Europe,818.0
9832,Cat-0,ESP,relict,CS76759,40.54,-3.69,0.6409864025080304,63.59470468431772,Moderate,379,0,1,1,Europe,716.0
9833,IP-Cha-0,ESP,spain,CS76764,40.38,-4.21,0.6409864025080304,63.59470468431772,Moderate,380,0,19,19,Europe,683.0
9834,Cho-0,ESP,spain,CS76768,40.51,-3.9,0.6409864025080304,63.59470468431772,Moderate,381,0,24,24,Europe,713.0
9835,Cir-0,ESP,admixed,CS76772,40.61,-6.57,0.6409864025080304,63.59470468431772,Moderate,382,0,29,29,Europe,626.0
9836,Cod-0,ESP,spain,CS76777,41.25,-1.32,0.6409864025080304,63.59470468431772,Moderate,383,0,0,0,Europe,937.0
9837,Con-0,ESP,relict,CS76780,37.94,-5.6,0.6409864025080304,63.59470468431772,Moderate,384,0,29,29,Europe,753.0
9838,Cot-0,ESP,admixed,CS76784,41.83,-5.38,0.6409864025080304,63.59470468431772,Moderate,385,0,3,3,Europe,726.0
9815,Ha-HBT3-11,GER,central_europe,CS76900,48.54,9.02,0.6409864025080304,63.59470468431772,Moderate,386,0,8,8,Europe,407.0
9816,Tü-WH,GER,central_europe,CS77398,48.55,9.06,0.6409864025080304,63.59470468431772,Moderate,387,0,8,8,Europe,486.0
9817,Ace-0,ESP,spain,CS76642,39.84,-6.6,0.6409864025080304,63.59470468431772,Moderate,388,0,4,4,Europe,309.0
9819,Amu-0,ESP,spain,CS76664,42.35,-3.03,0.6409864025080304,63.59470468431772,Moderate,389,0,29,29,Europe,918.0
9820,Are-0,ESP,spain,CS76671,41.0,-4.71,0.6409864025080304,63.59470468431772,Moderate,390,0,29,29,Europe,847.0
9821,Aru-0,ESP,spain,CS76674,41.81,2.49,0.6409864025080304,63.59470468431772,Moderate,391,0,1,1,Europe,534.0
9822,Aul-0,ESP,spain,CS76675,40.52,-4.02,0.6409864025080304,63.59470468431772,Moderate,392,0,29,29,Europe,817.0
7208,Lan-0,UK,germany,CS76539,55.6739,-3.78181,0.6409864025080304,63.59470468431772,Moderate,393,0,29,29,Europe,197.0
7213,Ler-0,GER,admixed,CS77020,47.984,10.8719,0.6409864025080304,63.59470468431772,Moderate,394,0,29,29,Europe,618.0
7218,Le-0,NED,admixed,CS76540,52.1611,4.49015,0.6409864025080304,63.59470468431772,Moderate,395,0,29,29,Europe,5.0
7223,Li-2:1,GER,central_europe,CS76541,50.3833,8.0666,0.6409864025080304,63.59470468431772,Moderate,396,0,29,29,Europe,136.0
7231,Li-7,GER,germany,CS77035,50.3833,8.0666,0.6409864025080304,63.59470468431772,Moderate,397,0,29,29,Europe,136.0
7236,Litva,LTU,central_europe,CS76543,,,0.6409864025080304,63.59470468431772,Moderate,398,0,29,29,Europe,
7248,Mv-0,USA,germany,CS76556,41.3923,-70.6652,0.6409864025080304,63.59470468431772,Moderate,399,0,29,29,North America,15.0
7250,Me-0,GER,germany,CS76549,51.9183,10.1138,0.6409864025080304,63.59470468431772,Moderate,400,0,3,3,Europe,158.0
7255,Mh-0,GER,germany,CS76550,50.95,20.5,0.6409864025080304,63.59470468431772,Moderate,401,0,29,29,Europe,283.0
7298,Pi-0,AUT,central_europe,CS76572,47.04,10.51,0.6409864025080304,63.59470468431772,Moderate,402,0,2,2,Europe,2901.0
7305,Pt-0,GER,admixed,CS78915,53.476,10.6065,0.6409864025080304,63.59470468431772,Moderate,403,0,5,5,Europe,32.0
7306,Pog-0,CAN,western_europe,CS76576,49.2655,-123.206,0.6409864025080304,63.59470468431772,Moderate,404,0,29,29,North America,70.0
7307,Pn-0,FRA,western_europe,CS77182,48.0653,-2.96591,0.6409864025080304,63.59470468431772,Moderate,405,0,3,3,Europe,59.0
7319,Rome-1,ITA,admixed,CS76590,42.0,12.1,0.6409864025080304,63.59470468431772,Moderate,406,0,31,31,Europe,67.0
7320,Rou-0,FRA,western_europe,CS76591,49.4424,1.09849,0.6409864025080304,63.59470468431772,Moderate,407,0,29,29,Europe,20.0
7322,Rsch-4,RUS,germany,CS77222,56.3,34.0,0.6409864025080304,63.59470468431772,Moderate,408,0,29,29,Europe,218.0
7327,Sf-1,ESP,spain,CS77246,41.7833,3.03333,0.6409864025080304,63.59470468431772,Moderate,409,0,29,29,Europe,16.0
7328,Sf-2,ESP,spain,CS77247,41.7833,3.03333,0.6409864025080304,63.59470468431772,Moderate,410,0,29,29,Europe,16.0
7332,Seattle-0,USA,western_europe,CS76598,47.0,-122.2,0.6409864025080304,63.59470468431772,Moderate,411,0,29,29,North America,183.0
7333,Sei-0,ITA,central_europe,CS76599,46.5438,11.5614,0.6409864025080304,63.59470468431772,Moderate,412,0,2,2,Europe,1005.0
7337,Si-0,GER,germany,CS76601,50.8738,8.02341,0.6409864025080304,63.59470468431772,Moderate,413,0,29,29,Europe,263.0
9803,Müh-2,GER,central_europe,CS77113,48.42,8.76,0.6409864025080304,63.59470468431772,Moderate,414,0,29,29,Europe,397.0
9807,Schl-7,GER,central_europe,CS77240,48.6,9.22,0.6409864025080304,63.59470468431772,Moderate,415,0,29,29,Europe,369.0
9809,Tü-KB-6,GER,western_europe,CS77393,48.52,9.05,0.6409864025080304,63.59470468431772,Moderate,416,0,2,2,Europe,334.0
9812,Tü-W1,GER,central_europe,CS77397,48.52,9.03,0.6409864025080304,63.59470468431772,Moderate,417,0,29,29,Europe,338.0
7460,Da(1)-12,CZE,central_europe,CS76470,49.0,15.0,0.6409864025080304,63.59470468431772,Moderate,418,0,29,29,Europe,487.0
7475,KEN,USA,germany,CS79021,41.767,-72.677,0.6409864025080304,63.59470468431772,Moderate,419,0,29,29,North America,25.0
7342,Su-0,UK,admixed,CS76606,53.6473,-3.00733,0.6409864025080304,63.59470468431772,Moderate,420,0,29,29,Europe,11.0
7344,Sg-1,GER,admixed,CS76600,47.6667,9.5,0.6409864025080304,63.59470468431772,Moderate,421,0,29,29,Europe,406.0
7347,Stw-0,RUS,central_europe,CS76605,52.0,36.0,0.6409864025080304,63.59470468431772,Moderate,422,0,29,29,Europe,258.0
7349,Ta-0,CZE,central_europe,CS76608,49.5,14.5,0.6409864025080304,63.59470468431772,Moderate,423,0,29,29,Europe,614.0
7353,Tha-1,NED,admixed,CS76611,52.08,4.3,0.6409864025080304,63.59470468431772,Moderate,424,0,29,29,Europe,6.0
7354,Ting-1,SWE,south_sweden,CS76612,56.5,14.9,0.6409864025080304,63.59470468431772,Moderate,425,0,29,29,Europe,156.0
7356,Tol-0,USA,germany,CS76614,41.6639,-83.5553,0.6409864025080304,63.59470468431772,Moderate,426,0,29,29,North America,191.0
7358,Tol-2,USA,germany,CS79019,41.6639,-83.5553,0.6409864025080304,63.59470468431772,Moderate,427,0,29,29,North America,191.0
7359,Tol-3,USA,germany,CS79020,41.6639,-83.5553,0.6409864025080304,63.59470468431772,Moderate,428,0,29,29,North America,191.0
7373,Tsu-0,JPN,admixed,CS77389,34.43,136.31,0.6409864025080304,63.59470468431772,Moderate,429,0,29,29,Asia,167.0
7377,Tul-0,USA,germany,CS76618,43.2708,-85.2563,0.6409864025080304,63.59470468431772,Moderate,430,0,29,29,North America,263.0
7378,Uk-1,GER,admixed,CS76620,48.0333,7.7667,0.6409864025080304,63.59470468431772,Moderate,431,0,3,3,Europe,209.0
7383,Van-0,CAN,western_europe,CS76623,49.2655,-123.206,0.6409864025080304,63.59470468431772,Moderate,432,0,29,29,North America,70.0
7296,Petergof,RUS,central_europe,CS77170,59.0,29.0,0.6409864025080304,63.59470468431772,Moderate,433,0,29,29,Europe,65.0
7523,Pna-17,USA,germany,CS76575,42.0945,-86.3253,0.6409864025080304,63.59470468431772,Moderate,434,0,29,29,North America,220.0
7525,Rmx-A180,USA,germany,CS77218,42.036,-86.511,0.6409864025080304,63.59470468431772,Moderate,435,0,29,29,North America,195.0
7529,627RMX-1MN4,USA,germany,CS79022,42.0333,-86.5128,0.6409864025080304,63.59470468431772,Moderate,436,0,23,23,North America,193.0
7530,627RMX-1MN5,USA,germany,CS79023,42.0333,-86.5128,0.6409864025080304,63.59470468431772,Moderate,437,0,3,3,North America,193.0
7566,627ME-13Y1,USA,germany,CS78367,42.093,-86.359,0.6409864025080304,63.59470468431772,Moderate,438,0,3,3,North America,210.0
7568,627ME-1MI1,USA,germany,CS79024,42.093,-86.359,0.6409864025080304,63.59470468431772,Moderate,439,0,21,21,North America,210.0
9741,Orast-1,ROU,central_europe,CS77151,45.84,23.16,0.6409864025080304,63.59470468431772,Moderate,440,0,3,3,Europe,234.0
9747,Zabar-1,SRB,central_europe,CS78870,44.38,21.22,0.6409864025080304,63.59470468431772,Moderate,441,0,2,2,Europe,117.0
9756,Staro-2,SRB,central_europe,CS77273,44.3,21.08,0.6409864025080304,63.59470468431772,Moderate,442,0,29,29,Europe,115.0
9764,Qar-8a,LBN,admixed,CS76581,34.1,35.84,0.6409864025080304,63.59470468431772,Moderate,443,0,29,29,Asia,1294.0
9782,Lu3-30,GER,central_europe,CS77057,48.53,9.09,0.6409864025080304,63.59470468431772,Moderate,444,0,29,29,Europe,382.0
7416,Yo-0,USA,germany,CS76633,37.45,-119.35,0.6409864025080304,63.59470468431772,Moderate,445,0,2,2,North America,1897.0
7417,Zu-0,SUI,western_europe,CS78880,47.3667,8.55,0.6409864025080304,63.59470468431772,Moderate,446,0,29,29,Europe,442.0
7418,Zu-1,SUI,admixed,CS78881,47.3667,8.55,0.6409864025080304,63.59470468431772,Moderate,447,0,8,8,Europe,442.0
742,LI-SET-036,USA,germany,CS78957,40.9352,-73.114,0.6409864025080304,63.59470468431772,Moderate,448,0,29,29,North America,24.0
7427,Ko-2,DEN,central_europe,CS76531,56.0,9.0,0.6409864025080304,63.59470468431772,Moderate,449,0,29,29,Europe,38.0
8214,Gy-0,FRA,western_europe,CS78901,49.0,2.0,0.6409864025080304,63.59470468431772,Moderate,450,0,4,4,Europe,193.0
8222,Lis-2,SWE,south_sweden,CS77043,56.0328,14.775,0.6409864025080304,63.59470468431772,Moderate,451,0,3,3,Europe,43.0
8227,THÖ 03,SWE,north_sweden,CS77367,62.7989,17.9103,0.6409864025080304,63.59470468431772,Moderate,452,0,29,29,Europe,42.0
8231,Brö1-6,SWE,south_sweden,CS76726,56.3,16.0,0.6409864025080304,63.59470468431772,Moderate,453,0,20,20,Europe,19.0
9694,Castelfed-4-210,ITA,central_europe,CS78891,46.3378,11.2928,0.6409864025080304,63.59470468431772,Moderate,454,0,2,2,Europe,375.0
9695,Castelfed-4-211,ITA,central_europe,CS78892,46.3378,11.2928,0.6409864025080304,63.59470468431772,Moderate,455,0,29,29,Europe,375.0
9701,Ivano-1,BUL,italy_balkan_caucasus,CS76954,43.7,25.91,0.6409864025080304,63.59470468431772,Moderate,456,0,4,4,Europe,168.0
9704,Melni-2,BUL,italy_balkan_caucasus,CS77080,41.53,23.39,0.6409864025080304,63.59470468431772,Moderate,457,0,29,29,Europe,500.0
9708,Kardz-1,BUL,italy_balkan_caucasus,CS76962,41.62,25.35,0.6409864025080304,63.59470468431772,Moderate,458,0,29,29,Europe,302.0
9713,Stara-1,BUL,italy_balkan_caucasus,CS77271,42.49,25.61,0.6409864025080304,63.59470468431772,Moderate,459,0,29,29,Europe,459.0
9720,Malak-1,BUL,italy_balkan_caucasus,CS77064,41.77,25.68,0.6409864025080304,63.59470468431772,Moderate,460,0,29,29,Europe,267.0
9725,Epidauros-1,GRC,italy_balkan_caucasus,CS76844,37.6,23.08,0.6409864025080304,63.59470468431772,Moderate,461,0,29,29,Europe,338.0
7515,RRS-10,USA,germany,CS76592,41.5609,-86.4251,0.6409864025080304,63.59470468431772,Moderate,462,0,29,29,North America,219.0
7517,Vår2-6,SWE,germany,CS78831,55.58,14.334,0.6409864025080304,63.59470468431772,Moderate,463,0,29,29,Europe,2.0
7520,Lp2-2,CZE,central_europe,CS76546,49.38,16.81,0.6409864025080304,63.59470468431772,Moderate,464,0,29,29,Europe,564.0
7521,Lp2-6,CZE,central_europe,CS77052,49.38,16.81,0.6409864025080304,63.59470468431772,Moderate,465,0,29,29,Europe,564.0
8241,Liarum,SWE,south_sweden,CS77038,55.9473,13.821,0.6409864025080304,63.59470468431772,Moderate,466,0,0,0,Europe,129.0
8243,PHW-2,ITA,western_europe,CS77173,43.7703,11.2547,0.6409864025080304,63.59470468431772,Moderate,467,0,1,1,Europe,67.0
8244,PHW-34,FRA,western_europe,CS77174,48.6103,2.3086,0.6409864025080304,63.59470468431772,Moderate,468,0,0,0,Europe,77.0
8246,NC-6,USA,germany,CS77124,35.0,-79.18,0.6409864025080304,63.59470468431772,Moderate,469,0,1,1,North America,77.0
8247,San-2,SWE,south_sweden,CS77233,56.07,13.74,0.6409864025080304,63.59470468431772,Moderate,470,0,29,29,Europe,76.0
8264,Bla-1,ESP,spain,CS76451,41.6833,2.8,0.6409864025080304,63.59470468431772,Moderate,471,0,1,1,Europe,95.0
8283,Dra3-1,SWE,south_sweden,CS76811,55.76,14.12,0.6409864025080304,63.59470468431772,Moderate,472,0,29,29,Europe,88.0
7717,KNO1.37,USA,germany,CS76972,41.273,-86.625,0.6409864025080304,63.59470468431772,Moderate,473,0,29,29,North America,218.0
7757,KNO2.41,USA,germany,CS79025,41.273,-86.625,0.6409864025080304,63.59470468431772,Moderate,474,0,29,29,North America,218.0
7767,KNO2.54,USA,germany,CS79026,41.273,-86.625,0.6409864025080304,63.59470468431772,Moderate,475,0,29,29,North America,218.0
7917,PNA3.10,USA,germany,CS77183,42.0945,-86.3253,0.6409864025080304,63.59470468431772,Moderate,476,0,2,2,North America,220.0
7947,PNA3.40,USA,germany,CS77184,42.0945,-86.3253,0.6409864025080304,63.59470468431772,Moderate,477,0,29,29,North America,220.0
8037,PT1.52,USA,germany,CS79027,41.3423,-86.7368,0.6409864025080304,63.59470468431772,Moderate,478,0,29,29,North America,205.0
8057,PT1.85,USA,germany,CS79028,41.3423,-86.7368,0.6409864025080304,63.59470468431772,Moderate,479,0,29,29,North America,205.0
8077,PT2.21,USA,germany,CS77191,41.3423,-86.7368,0.6409864025080304,63.59470468431772,Moderate,480,0,29,29,North America,205.0
8132,RMX3.22,USA,germany,CS77219,42.036,-86.511,0.6409864025080304,63.59470468431772,Moderate,481,0,29,29,North America,195.0
8335,Lund,SWE,south_sweden,CS77060,55.71,13.2,0.6409864025080304,63.59470468431772,Moderate,482,0,29,29,Europe,69.0
8337,Mir-0,ITA,western_europe,CS76551,44.0,12.37,0.6409864025080304,63.59470468431772,Moderate,483,0,29,29,Europe,158.0
8343,Na-1,FRA,admixed,CS76558,47.5,1.5,0.6409864025080304,63.59470468431772,Moderate,484,0,20,20,Europe,129.0
8351,Ost-0,SWE,north_sweden,CS77154,60.25,18.37,0.6409864025080304,63.59470468431772,Moderate,485,0,29,29,Europe,12.0
8357,Pla-0,ESP,spain,CS76573,41.5,2.25,0.6409864025080304,63.59470468431772,Moderate,486,0,29,29,Europe,234.0
9657,Melic-1,ITA,italy_balkan_caucasus,CS77078,38.45,16.04,0.6409864025080304,63.59470468431772,Moderate,487,0,28,28,Europe,109.0
9658,Nicas-1,ITA,italy_balkan_caucasus,CS77127,38.97,16.34,0.6409864025080304,63.59470468431772,Moderate,488,0,28,28,Europe,341.0
9659,Pigna-1,ITA,italy_balkan_caucasus,CS77177,41.18,14.18,0.6409864025080304,63.59470468431772,Moderate,489,0,29,29,Europe,66.0
9660,Sarno-1,ITA,italy_balkan_caucasus,CS77236,40.84,14.57,0.6409864025080304,63.59470468431772,Moderate,490,0,19,19,Europe,46.0
9661,Cimin-1,ITA,italy_balkan_caucasus,CS76771,39.58,16.21,0.6409864025080304,63.59470468431772,Moderate,491,0,29,29,Europe,119.0
9663,Teano-1,ITA,admixed,CS77357,41.33,14.09,0.6409864025080304,63.59470468431772,Moderate,492,0,29,29,Europe,168.0
9686,Castelfed-2-202,ITA,central_europe,CS76751,46.3378,11.2928,0.6409864025080304,63.59470468431772,Moderate,493,0,29,29,Europe,375.0
8233,Dem-4,USA,germany,CS76794,41.1876,-87.1923,0.6409864025080304,63.59470468431772,Moderate,494,0,20,20,North America,202.0
8236,HSm,CZE,central_europe,CS76941,49.33,15.76,0.6409864025080304,63.59470468431772,Moderate,495,0,29,29,Europe,552.0
8239,PHW-3,GER,germany,CS76976,51.0,7.0,0.6409864025080304,63.59470468431772,Moderate,496,0,29,29,Europe,45.0
8240,Kulturen-1,SWE,south_sweden,CS76987,55.705,13.196,0.6409864025080304,63.59470468431772,Moderate,497,0,29,29,Europe,51.0
854,MIA-5,USA,germany,CS78959,41.7976,-86.6691,0.6409864025080304,63.59470468431772,Moderate,498,0,29,29,North America,199.0
867,MIC-20,USA,germany,CS78960,41.8266,-86.4366,0.6409864025080304,63.59470468431772,Moderate,499,0,20,20,North America,224.0
868,MIC-24,USA,germany,CS78961,41.8266,-86.4366,0.6409864025080304,63.59470468431772,Moderate,500,0,29,29,North America,224.0
9644,Zupan-1,CRO,central_europe,CS78882,45.07,18.72,0.6409864025080304,63.59470468431772,Moderate,501,0,29,29,Europe,82.0
9648,Bisig-1,ITA,italy_balkan_caucasus,CS76712,39.48,16.28,0.6409864025080304,63.59470468431772,Moderate,502,0,29,29,Europe,170.0
9651,Filet-1,ITA,italy_balkan_caucasus,CS76858,40.68,14.87,0.6409864025080304,63.59470468431772,Moderate,503,0,29,29,Europe,75.0
9653,Giffo-1,ITA,italy_balkan_caucasus,CS76878,38.44,16.13,0.6409864025080304,63.59470468431772,Moderate,504,0,29,29,Europe,487.0
9655,Marce-1,ITA,italy_balkan_caucasus,CS77071,38.92,16.47,0.6409864025080304,63.59470468431772,Moderate,505,0,29,29,Europe,169.0
9656,Marti-1,ITA,italy_balkan_caucasus,CS77072,40.64,17.31,0.6409864025080304,63.59470468431772,Moderate,506,0,4,4,Europe,434.0
8284,DraII-1,CZE,central_europe,CS76813,49.4112,16.2815,0.6409864025080304,63.59470468431772,Moderate,507,0,2,2,Europe,509.0
8285,DraIII-1,CZE,central_europe,CS76815,49.4112,16.2815,0.6409864025080304,63.59470468431772,Moderate,508,0,29,29,Europe,509.0
8290,En-1,GER,central_europe,CS76841,50.0,8.5,0.6409864025080304,63.59470468431772,Moderate,509,0,0,0,Europe,104.0
8297,Ge-0,SUI,western_europe,CS76875,46.5,6.08,0.6409864025080304,63.59470468431772,Moderate,510,0,29,29,Europe,1057.0
8311,In-0,AUT,central_europe,CS78903,47.5,11.5,0.6409864025080304,63.59470468431772,Moderate,511,0,29,29,Europe,1786.0
8326,Lis-1,SWE,south_sweden,CS77042,56.0328,14.775,0.6409864025080304,63.59470468431772,Moderate,512,0,29,29,Europe,43.0
8334,Lu-1,SWE,admixed,CS77056,55.71,13.2,0.6409864025080304,63.59470468431772,Moderate,513,0,29,29,Europe,69.0
9070,Xan-6,AZE,italy_balkan_caucasus,CS78862,38.6536,48.7992,0.6409864025080304,63.59470468431772,Moderate,514,0,29,29,Asia,20.0
9075,Lerik1-4,AZE,italy_balkan_caucasus,CS77023,38.7406,48.6131,0.6409864025080304,63.59470468431772,Moderate,515,0,29,29,Asia,320.0
9078,Lerik1-7,AZE,italy_balkan_caucasus,CS77024,38.7406,48.6131,0.6409864025080304,63.59470468431772,Moderate,516,0,28,28,Asia,320.0
9079,Lerik2-1,AZE,italy_balkan_caucasus,CS77025,38.7833,48.5517,0.6409864025080304,63.59470468431772,Moderate,517,0,29,29,Asia,413.0
9084,Lerik2-6,AZE,italy_balkan_caucasus,CS77028,38.7833,48.5517,0.6409864025080304,63.59470468431772,Moderate,518,0,29,29,Asia,413.0
9085,Lerik2-7,AZE,italy_balkan_caucasus,CS77029,38.7833,48.5517,0.6409864025080304,63.59470468431772,Moderate,519,0,0,0,Asia,413.0
8365,Rak-2,CZE,central_europe,CS77201,49.0,16.0,0.6409864025080304,63.59470468431772,Moderate,520,0,29,29,Europe,323.0
8369,Rev-1,SWE,south_sweden,CS77214,55.6942,13.4504,0.6409864025080304,63.59470468431772,Moderate,521,0,29,29,Europe,33.0
8376,Sanna-2,SWE,north_sweden,CS77234,62.69,18.0,0.6409864025080304,63.59470468431772,Moderate,522,0,29,29,Europe,22.0
8387,St-0,SWE,germany,CS77270,59.0,18.0,0.6409864025080304,63.59470468431772,Moderate,523,0,29,29,Europe,29.0
8419,Wil-1,LTU,central_europe,CS78855,54.6833,25.3167,0.6409864025080304,63.59470468431772,Moderate,524,0,29,29,Europe,141.0
8422,Fjä1-1,SWE,south_sweden,CS76859,56.06,14.29,0.6409864025080304,63.59470468431772,Moderate,525,0,0,0,Europe,34.0
8426,Ull1-1,SWE,south_sweden,CS78816,56.06,13.97,0.6409864025080304,63.59470468431772,Moderate,526,0,29,29,Europe,37.0
8464,LP3413.31,USA,germany,CS79030,41.6862,-86.8513,0.6409864025080304,63.59470468431772,Moderate,527,0,2,2,North America,188.0
8483,LP3413.53,USA,germany,CS79031,41.6862,-86.8513,0.6409864025080304,63.59470468431772,Moderate,528,0,29,29,North America,188.0
853,MIA-1,USA,germany,CS78958,41.7976,-86.6691,0.6409864025080304,63.59470468431772,Moderate,529,0,29,29,North America,199.0
9100,Lag1-2,GEO,italy_balkan_caucasus,CS76998,41.8296,46.2831,0.6409864025080304,63.59470468431772,Moderate,530,0,29,29,Asia,488.0
9102,Lag1-4,GEO,italy_balkan_caucasus,CS76999,41.8296,46.2831,0.6409864025080304,63.59470468431772,Moderate,531,0,29,29,Asia,488.0
9104,Lag1-6,GEO,italy_balkan_caucasus,CS77001,41.8296,46.2831,0.6409864025080304,63.59470468431772,Moderate,532,0,29,29,Asia,488.0
9105,Lag1-7,GEO,italy_balkan_caucasus,CS77002,41.8296,46.2831,0.6409864025080304,63.59470468431772,Moderate,533,0,29,29,Asia,488.0
9106,Lag1-8,GEO,italy_balkan_caucasus,CS77003,41.8296,46.2831,0.6409864025080304,63.59470468431772,Moderate,534,0,29,29,Asia,488.0
9111,Lag2-4,GEO,italy_balkan_caucasus,CS77005,41.8296,46.2831,0.6409864025080304,63.59470468431772,Moderate,535,0,29,29,Asia,488.0
9113,Lag2-6,GEO,italy_balkan_caucasus,CS77006,41.8296,46.2831,0.6409864025080304,63.59470468431772,Moderate,536,0,29,29,Asia,488.0
9114,Lag2-7,GEO,italy_balkan_caucasus,CS77007,41.8296,46.2831,0.6409864025080304,63.59470468431772,Moderate,537,0,29,29,Asia,488.0
9115,Lag2-10,GEO,italy_balkan_caucasus,CS77004,41.8296,46.2831,0.6409864025080304,63.59470468431772,Moderate,538,0,29,29,Asia,488.0
9121,Bak-5,GEO,italy_balkan_caucasus,CS76685,41.7942,43.4767,0.6409864025080304,63.59470468431772,Moderate,539,0,29,29,Asia,1204.0
8699,328PNA062,USA,germany,CS79032,42.0945,-86.3253,0.6409864025080304,63.59470468431772,Moderate,540,0,20,20,North America,220.0
870,MIC-31,USA,germany,CS77082,41.8266,-86.4366,0.6409864025080304,63.59470468431772,Moderate,541,0,31,31,North America,224.0
8723,11PNA1.14,USA,germany,CS79033,42.0945,-86.3253,0.6409864025080304,63.59470468431772,Moderate,542,0,31,31,North America,220.0
88,CYR,FRA,western_europe,CS76790,47.4,0.683333,0.6409864025080304,63.59470468431772,Moderate,543,0,29,29,Europe,53.0
9027,RMX413.85,USA,germany,CS79034,42.036,-86.511,0.6409864025080304,63.59470468431772,Moderate,544,0,29,29,North America,195.0
9057,Vinslöv,SWE,south_sweden,CS78847,56.1,13.9167,0.6409864025080304,63.59470468431772,Moderate,545,0,29,29,Europe,31.0
14319,Shu-2,RUS,asia,CS78931,61.94,34.24,0.6409864025080304,63.59470468431772,Moderate,546,0,29,29,Europe,86.0
15591,OOE1-1,AUT,central_europe,CS78939,48.3315333,14.72665,0.6409864025080304,63.59470468431772,Moderate,547,0,31,31,Europe,691.0
15592,OOE3-1,AUT,central_europe,CS78940,48.3314667,14.7158667,0.6409864025080304,63.59470468431772,Moderate,548,0,29,29,Europe,591.0
15593,OOE3-2,AUT,central_europe,CS78941,48.3314667,14.7158667,0.6409864025080304,63.59470468431772,Moderate,549,0,29,29,Europe,591.0
159,MAR2-3,FRA,western_europe,CS77070,47.35,3.93333,0.6409864025080304,63.59470468431772,Moderate,550,0,29,29,Europe,420.0
1612,Brn-10,USA,germany,CS78962,41.9,-86.583,0.6409864025080304,63.59470468431772,Moderate,551,0,29,29,North America,201.0
1622,Brn-24,USA,germany,CS78963,41.9,-86.583,0.6409864025080304,63.59470468431772,Moderate,552,0,29,29,North America,201.0
1651,DuckLkSP38,USA,germany,CS78964,43.3431,-86.4045,0.6409864025080304,63.59470468431772,Moderate,553,0,31,31,North America,199.0
1652,DuckLkSP40,USA,germany,CS78965,43.3431,-86.4045,0.6409864025080304,63.59470468431772,Moderate,554,0,29,29,North America,199.0
1676,Haz-2,USA,germany,CS78966,41.879,-86.607,0.6409864025080304,63.59470468431772,Moderate,555,0,29,29,North America,210.0
1684,Haz-10,USA,germany,CS78967,41.879,-86.607,0.6409864025080304,63.59470468431772,Moderate,556,0,1,1,North America,210.0
1739,KBS-Mac-68,USA,germany,CS78968,42.405,-85.398,0.6409864025080304,63.59470468431772,Moderate,557,0,29,29,North America,286.0
9912,CIRY-13,FRA,western_europe,CS76773,46.67,4.55,0.6409864025080304,63.59470468431772,Moderate,558,0,29,29,Europe,386.0
9914,IST-29,FRA,central_europe,CS76948,47.58,5.33,0.6409864025080304,63.59470468431772,Moderate,559,0,29,29,Europe,272.0
9915,MAR-4-16,FRA,central_europe,CS77069,47.45,3.94,0.6409864025080304,63.59470468431772,Moderate,560,0,29,29,Europe,359.0
9917,RAD-21,FRA,western_europe,CS77200,46.69,4.34,0.6409864025080304,63.59470468431772,Moderate,561,0,29,29,Europe,298.0
9312,Ullapool-8,UK,western_europe,CS78821,57.9,-5.1525,0.6409864025080304,63.59470468431772,Moderate,562,0,29,29,Europe,75.0
9314,Gol-2,UK,western_europe,CS76883,57.9672,-3.96722,0.6409864025080304,63.59470468431772,Moderate,563,0,29,29,Europe,0.0
932,CHA-41,USA,western_europe,CS76765,42.3634,-71.1445,0.6409864025080304,63.59470468431772,Moderate,564,0,29,29,North America,0.0
9321,Ådal 1,SWE,north_sweden,CS76643,62.8622,18.336,0.6409864025080304,63.59470468431772,Moderate,565,0,7,7,Europe,75.0
9323,Ådal 3,SWE,north_sweden,CS76644,62.8622,18.336,0.6409864025080304,63.59470468431772,Moderate,566,0,1,1,Europe,75.0
9332,Bar 1,SWE,north_sweden,CS76688,62.8698,18.381,0.6409864025080304,63.59470468431772,Moderate,567,0,0,0,Europe,66.0
9336,Bön 1,SWE,admixed,CS76715,62.8794,18.4473,0.6409864025080304,63.59470468431772,Moderate,568,0,0,0,Europe,26.0
9339,Böt 1,SWE,south_sweden,CS76720,57.7133,15.0689,0.6409864025080304,63.59470468431772,Moderate,569,0,3,3,Europe,326.0
9343,Dju-1,SWE,admixed,CS78896,57.3089,18.1512,0.6409864025080304,63.59470468431772,Moderate,570,0,2,2,Europe,0.0
9600,IP-Vis-0,ESP,relict,CS78848,39.85,-6.04,0.6409864025080304,63.59470468431772,Moderate,571,0,29,29,Europe,264.0
9601,IP-Voz-0,ESP,spain,CS78849,41.85,-1.88,0.6409864025080304,63.59470468431772,Moderate,572,0,29,29,Europe,921.0
9602,IP-Vpa-1,ESP,spain,CS78850,40.5,-3.96,0.6409864025080304,63.59470468431772,Moderate,573,0,29,29,Europe,655.0
9606,Aitba-1,MAR,relict,CS76649,31.48,-7.45,0.6409864025080304,63.59470468431772,Moderate,574,0,29,29,Africa,1402.0
9089,Nar-3,AZE,italy_balkan_caucasus,CS77119,38.9522,48.925,0.6409864025080304,63.59470468431772,Moderate,575,0,29,29,Asia,-23.0
9091,Nar-5,AZE,italy_balkan_caucasus,CS77121,38.9522,48.925,0.6409864025080304,63.59470468431772,Moderate,576,0,29,29,Asia,-23.0
9095,Istisu-5,AZE,italy_balkan_caucasus,CS76950,38.9786,48.5594,0.6409864025080304,63.59470468431772,Moderate,577,0,29,29,Asia,101.0
9585,IP-Svi-0,ESP,western_europe,CS77287,43.4,-7.39,0.6409864025080304,63.59470468431772,Moderate,578,0,29,29,Europe,537.0
9586,IP-Tam-0,ESP,spain,CS77340,41.03,-3.27,0.6409864025080304,63.59470468431772,Moderate,579,0,29,29,Europe,1035.0
9587,IP-Tdc-0,ESP,spain,CS77344,41.5,-1.88,0.6409864025080304,63.59470468431772,Moderate,580,0,29,29,Europe,957.0
9588,IP-Tol-7,ESP,spain,CS77371,42.11,0.6,0.6409864025080304,63.59470468431772,Moderate,581,0,29,29,Europe,788.0
9589,IP-Tor-1,ESP,spain,CS77378,41.6,-2.83,0.6409864025080304,63.59470468431772,Moderate,582,0,29,29,Europe,1007.0
9590,IP-Trs-0,ESP,western_europe,CS77387,43.37,-5.49,0.6409864025080304,63.59470468431772,Moderate,583,0,29,29,Europe,268.0
9591,IP-Vad-0,ESP,admixed,CS78826,42.86,-3.59,0.6409864025080304,63.59470468431772,Moderate,584,0,29,29,Europe,681.0
9592,IP-Vae-2,ESP,admixed,CS78827,42.1,-5.44,0.6409864025080304,63.59470468431772,Moderate,585,0,29,29,Europe,731.0
9594,IP-Vdm-0,ESP,spain,CS78837,42.04,1.01,0.6409864025080304,63.59470468431772,Moderate,586,0,29,29,Europe,1143.0
9595,IP-Vdt-0,ESP,admixed,CS78838,40.89,-5.5,0.6409864025080304,63.59470468431772,Moderate,587,0,29,29,Europe,811.0
9596,IP-Ver-5,ESP,admixed,CS78841,41.95,-7.45,0.6409864025080304,63.59470468431772,Moderate,588,0,29,29,Europe,460.0
9597,IP-Vig-1,ESP,spain,CS78843,42.31,-2.53,0.6409864025080304,63.59470468431772,Moderate,589,0,29,29,Europe,710.0
9598,IP-Vim-0,ESP,relict,CS78844,41.88,-6.51,0.6409864025080304,63.59470468431772,Moderate,590,0,29,29,Europe,709.0
9599,IP-Vin-0,ESP,western_europe,CS78846,42.8,-5.77,0.6409864025080304,63.59470468431772,Moderate,591,0,29,29,Europe,1055.0
915,LIN S-5,USA,germany,CS77040,41.8972,-71.4378,0.6409864025080304,63.59470468431772,Moderate,592,0,29,29,North America,72.0
9298,Edi-1,UK,western_europe,CS76832,55.9681,-3.21833,0.6409864025080304,63.59470468431772,Moderate,593,0,29,29,Europe,33.0
9353,Död 3,SWE,south_sweden,CS76798,57.2608,16.3675,0.6409864025080304,63.59470468431772,Moderate,594,0,29,29,Europe,38.0
9363,EdJ 2,SWE,north_sweden,CS76833,62.9147,18.4045,0.6409864025080304,63.59470468431772,Moderate,595,0,29,29,Europe,0.0
9369,EkS 2,SWE,south_sweden,CS76837,57.6781,14.9986,0.6409864025080304,63.59470468431772,Moderate,596,0,29,29,Europe,217.0
9370,EkS 3,SWE,south_sweden,CS79035,57.6781,14.9986,0.6409864025080304,63.59470468431772,Moderate,597,0,29,29,Europe,217.0
9371,FäL 1,SWE,north_sweden,CS76852,63.016,18.3175,0.6409864025080304,63.59470468431772,Moderate,598,0,21,21,Europe,12.0
9380,FlyA 3,SWE,south_sweden,CS76865,55.7488,13.3742,0.6409864025080304,63.59470468431772,Moderate,599,0,29,29,Europe,31.0
9381,Fri 1,SWE,admixed,CS76868,55.8106,14.2091,0.6409864025080304,63.59470468431772,Moderate,600,0,29,29,Europe,6.0
9382,Fri 2,SWE,admixed,CS76869,55.8106,14.2091,0.6409864025080304,63.59470468431772,Moderate,601,0,29,29,Europe,6.0
9383,Fri 3,SWE,admixed,CS76870,55.8106,14.2091,0.6409864025080304,63.59470468431772,Moderate,602,0,29,29,Europe,6.0
9386,Grön 12,SWE,north_sweden,CS76891,62.806,18.1896,0.6409864025080304,63.59470468431772,Moderate,603,0,29,29,Europe,30.0
9388,Grön 14,SWE,north_sweden,CS76892,62.806,18.1896,0.6409864025080304,63.59470468431772,Moderate,604,0,19,19,Europe,30.0
9390,Hadd-1,SWE,south_sweden,CS78659,57.3263,15.8979,0.6409864025080304,63.59470468431772,Moderate,605,0,1,1,Europe,107.0
9391,Hadd-2,SWE,south_sweden,CS76905,57.3263,15.8979,0.6409864025080304,63.59470468431772,Moderate,606,0,2,2,Europe,107.0
9392,Hadd-3,SWE,south_sweden,CS76906,57.3263,15.8979,0.6409864025080304,63.59470468431772,Moderate,607,0,29,29,Europe,107.0
9394,Hag-2,SWE,admixed,CS76907,56.5804,16.4063,0.6409864025080304,63.59470468431772,Moderate,608,0,28,28,Europe,0.0
9584,IP-Stp-0,ESP,spain,CS77283,41.19,-3.58,0.6409864025080304,63.59470468431772,Moderate,609,0,29,29,Europe,1132.0
9507,IP-Coa-0,POR,spain,CS76775,38.45,-7.5,0.6409864025080304,63.59470468431772,Moderate,610,0,29,29,Europe,204.0
9508,IP-Mos-1,POR,admixed,CS77108,40.04,-7.11,0.6409864025080304,63.59470468431772,Moderate,611,0,29,29,Europe,580.0
9509,IP-Reg-0,POR,spain,CS77207,39.29,-7.4,0.6409864025080304,63.59470468431772,Moderate,612,0,29,29,Europe,605.0
9510,IP-Rei-0,POR,spain,CS77208,38.75,-7.59,0.6409864025080304,63.59470468431772,Moderate,613,0,28,28,Europe,424.0
9511,IP-Vav-0,POR,spain,CS78835,38.53,-8.02,0.6409864025080304,63.59470468431772,Moderate,614,0,29,29,Europe,220.0
9402,Hel-3,SWE,south_sweden,CS76918,57.8765,14.8549,0.6409864025080304,63.59470468431772,Moderate,615,0,29,29,Europe,193.0
9404,HolA-1 1,SWE,south_sweden,CS76926,55.7491,13.399,0.6409864025080304,63.59470468431772,Moderate,616,0,28,28,Europe,21.0
9405,HolA-1 2,SWE,south_sweden,CS76927,55.7491,13.399,0.6409864025080304,63.59470468431772,Moderate,617,0,29,29,Europe,21.0
9407,HolA-2 2,SWE,south_sweden,CS76928,55.7491,13.399,0.6409864025080304,63.59470468431772,Moderate,618,0,28,28,Europe,21.0
9408,Kal 1,SWE,south_sweden,CS76959,56.047,13.9519,0.6409864025080304,63.59470468431772,Moderate,619,0,29,29,Europe,98.0
9416,Kru-3,SWE,south_sweden,CS76986,57.7215,18.3837,0.6409864025080304,63.59470468431772,Moderate,620,0,29,29,Europe,0.0
9433,Nyl 13,SWE,north_sweden,CS77135,62.9513,18.2763,0.6409864025080304,63.59470468431772,Moderate,621,0,29,29,Europe,37.0
9436,Puk-1,SWE,south_sweden,CS77194,56.1633,14.6806,0.6409864025080304,63.59470468431772,Moderate,622,0,29,29,Europe,9.0
9437,Puk-2,SWE,south_sweden,CS77195,56.1633,14.6806,0.6409864025080304,63.59470468431772,Moderate,623,0,29,29,Europe,9.0
9442,Sim-1,SWE,germany,CS77250,55.5678,14.3398,0.6409864025080304,63.59470468431772,Moderate,624,0,29,29,Europe,4.0
9352,Död 2,SWE,south_sweden,CS76797,57.2608,16.3675,0.6409864025080304,63.59470468431772,Moderate,625,0,29,29,Europe,38.0
9522,IP-Bea-0,ESP,spain,CS76695,36.52,-5.27,0.6409864025080304,63.59470468431772,Moderate,626,0,29,29,Europe,135.0
9523,IP-Ben-0,ESP,admixed,CS76700,38.37,-2.66,0.6409864025080304,63.59470468431772,Moderate,627,0,29,29,Europe,709.0
9524,IP-Ber-0,ESP,spain,CS78887,42.52,-0.56,0.6409864025080304,63.59470468431772,Moderate,628,0,29,29,Europe,1112.0
9525,IP-Bis-0,ESP,spain,CS76711,42.49,0.54,0.6409864025080304,63.59470468431772,Moderate,629,0,29,29,Europe,1468.0
9526,IP-Cab-3,ESP,spain,CS76738,41.54,2.39,0.6409864025080304,63.59470468431772,Moderate,630,0,29,29,Europe,256.0
9527,IP-Cad-0,ESP,admixed,CS76739,40.37,-5.74,0.6409864025080304,63.59470468431772,Moderate,631,0,29,29,Europe,1094.0
9528,IP-Cal-0,ESP,spain,CS78890,40.94,-1.37,0.6409864025080304,63.59470468431772,Moderate,632,0,29,29,Europe,1106.0
9451,Spro 2,SWE,south_sweden,CS77264,57.2545,18.2109,0.6409864025080304,63.59470468431772,Moderate,633,0,29,29,Europe,16.0
9452,Spro 3,SWE,south_sweden,CS77265,57.2545,18.2109,0.6409864025080304,63.59470468431772,Moderate,634,0,29,29,Europe,16.0
9454,Stenk-3,SWE,south_sweden,CS77275,57.8009,18.5162,0.6409864025080304,63.59470468431772,Moderate,635,0,29,29,Europe,50.0
9470,Tur-4,SWE,south_sweden,CS77399,57.6511,14.8043,0.6409864025080304,63.59470468431772,Moderate,636,0,29,29,Europe,274.0
9471,Ull-A-1,SWE,south_sweden,CS78820,56.0648,13.9707,0.6409864025080304,63.59470468431772,Moderate,637,0,29,29,Europe,28.0
9476,VårA 1,SWE,germany,CS78832,55.5796,14.3336,0.6409864025080304,63.59470468431772,Moderate,638,0,29,29,Europe,5.0
9481,Yst-1,SWE,south_sweden,CS78869,55.4242,13.8484,0.6409864025080304,63.59470468431772,Moderate,639,0,29,29,Europe,5.0
9503,11C1,UK,western_europe,CS76640,55.8877,-3.21072,0.6409864025080304,63.59470468431772,Moderate,640,0,29,29,Europe,227.0
9506,IP-Alo-0,POR,admixed,CS76662,40.11,-7.47,0.6409864025080304,63.59470468431772,Moderate,641,0,29,29,Europe,890.0
9539,IP-Deh-1,ESP,spain,CS76793,40.29,-6.67,0.6409864025080304,63.59470468431772,Moderate,642,0,29,29,Europe,861.0
9540,IP-Elb-0,ESP,spain,CS76838,41.81,2.34,0.6409864025080304,63.59470468431772,Moderate,643,0,29,29,Europe,1087.0
9541,IP-Fue-2,ESP,spain,CS76871,38.26,-5.42,0.6409864025080304,63.59470468431772,Moderate,644,0,29,29,Europe,593.0
9542,IP-Fun-0,ESP,relict,CS76872,40.79,-4.05,0.6409864025080304,63.59470468431772,Moderate,645,0,29,29,Europe,1938.0
9543,IP-Gra-0,ESP,relict,CS76886,36.77,-5.39,0.6409864025080304,63.59470468431772,Moderate,646,0,29,29,Europe,1167.0
9544,IP-Gua-1,ESP,spain,CS76894,39.4,-5.33,0.6409864025080304,63.59470468431772,Moderate,647,0,28,28,Europe,638.0
9545,IP-Her-12,ESP,relict,CS76920,39.4,-5.78,0.6409864025080304,63.59470468431772,Moderate,648,0,29,29,Europe,573.0
9512,IP-Vid-1,POR,spain,CS78842,38.22,-7.84,0.6409864025080304,63.59470468431772,Moderate,649,0,29,29,Europe,246.0
9513,IP-Adc-5,ESP,admixed,CS76646,38.77,-4.07,0.6409864025080304,63.59470468431772,Moderate,650,0,29,29,Europe,691.0
9514,IP-Adm-0,ESP,spain,CS76647,39.15,-4.54,0.6409864025080304,63.59470468431772,Moderate,651,0,29,29,Europe,626.0
9515,IP-Ala-0,ESP,spain,CS76650,39.72,-6.89,0.6409864025080304,63.59470468431772,Moderate,652,0,29,29,Europe,212.0
9517,IP-All-0,ESP,western_europe,CS76659,42.19,-7.8,0.6409864025080304,63.59470468431772,Moderate,653,0,29,29,Europe,470.0
9518,IP-Alm-0,ESP,spain,CS76660,39.88,-0.36,0.6409864025080304,63.59470468431772,Moderate,654,0,29,29,Europe,839.0
9519,IP-Ang-0,ESP,spain,CS78886,41.94,2.64,0.6409864025080304,63.59470468431772,Moderate,655,0,29,29,Europe,231.0
9520,IP-Ara-4,ESP,spain,CS76670,41.7,-3.68,0.6409864025080304,63.59470468431772,Moderate,656,0,29,29,Europe,874.0
9521,IP-Bar-1,ESP,spain,CS76689,41.43,2.13,0.6409864025080304,63.59470468431772,Moderate,657,0,29,29,Europe,339.0
9554,IP-Lso-0,ESP,relict,CS77055,38.86,-3.16,0.6409864025080304,63.59470468431772,Moderate,658,0,29,29,Europe,745.0
9555,IP-Mar-1,ESP,relict,CS77068,39.58,-3.93,0.6409864025080304,63.59470468431772,Moderate,659,0,29,29,Europe,1007.0
9556,IP-Men-2,ESP,spain,CS77081,39.66,-4.34,0.6409864025080304,63.59470468431772,Moderate,660,0,29,29,Europe,714.0
9557,IP-Moa-0,ESP,spain,CS77102,42.46,0.7,0.6409864025080304,63.59470468431772,Moderate,661,0,29,29,Europe,1143.0
9558,IP-Moc-11,ESP,admixed,CS77103,41.57,-5.64,0.6409864025080304,63.59470468431772,Moderate,662,0,29,29,Europe,646.0
9559,IP-Mon-5,ESP,admixed,CS77107,38.06,-4.38,0.6409864025080304,63.59470468431772,Moderate,663,0,29,29,Europe,312.0
9560,IP-Mot-0,ESP,spain,CS77109,38.19,-6.24,0.6409864025080304,63.59470468431772,Moderate,664,0,29,29,Europe,531.0
9561,IP-Mun-0,ESP,admixed,CS77114,40.71,-5.04,0.6409864025080304,63.59470468431772,Moderate,665,0,29,29,Europe,1111.0
9529,IP-Cap-1,ESP,admixed,CS76741,36.97,-3.36,0.6409864025080304,63.59470468431772,Moderate,666,0,29,29,Europe,1475.0
9531,IP-Cdc-3,ESP,spain,CS76761,41.21,-4.54,0.6409864025080304,63.59470468431772,Moderate,667,0,29,29,Europe,786.0
9532,IP-Cdo-0,ESP,spain,CS76762,42.23,-4.64,0.6409864025080304,63.59470468431772,Moderate,668,0,29,29,Europe,807.0
9533,IP-Cem-0,ESP,relict,CS76763,41.15,-4.32,0.6409864025080304,63.59470468431772,Moderate,669,0,29,29,Europe,868.0
9534,IP-Cmo-3,ESP,spain,CS76774,40.05,-4.65,0.6409864025080304,63.59470468431772,Moderate,670,0,29,29,Europe,391.0
9535,IP-Coc-1,ESP,spain,CS76776,42.31,3.19,0.6409864025080304,63.59470468431772,Moderate,671,0,29,29,Europe,166.0
9536,IP-Cor-0,ESP,admixed,CS76782,40.83,-2.0,0.6409864025080304,63.59470468431772,Moderate,672,0,29,29,Europe,1079.0
9537,IP-Cum-1,ESP,spain,CS76787,38.07,-6.66,0.6409864025080304,63.59470468431772,Moderate,673,0,29,29,Europe,612.0
9929,ISS-20,FRA,western_europe,CS76947,43.92,3.71,0.6409864025080304,63.59470468431772,Moderate,674,0,29,29,Europe,142.0
9941,Fei-0,POR,western_europe,CS76412,40.92,-8.54,0.6409864025080304,63.59470468431772,Moderate,675,0,29,29,Europe,179.0
9943,Cdm-0,ESP,spain,CS76410,39.73,-5.74,0.6409864025080304,63.59470468431772,Moderate,676,0,29,29,Europe,433.0
9944,Don-0,ESP,relict,CS76411,36.83,-6.36,0.6409864025080304,63.59470468431772,Moderate,677,0,29,29,Europe,2.0
9947,Ped-0,ESP,relict,CS76415,40.74,-3.9,0.6409864025080304,63.59470468431772,Moderate,678,0,29,29,Europe,1090.0
9948,Pra-6,ESP,spain,CS76416,41.05,-3.54,0.6409864025080304,63.59470468431772,Moderate,679,0,29,29,Europe,1100.0
9949,Qui-0,ESP,western_europe,CS76417,42.69,-6.93,0.6409864025080304,63.59470468431772,Moderate,680,0,18,18,Europe,673.0
9964,Mammo-1,ITA,italy_balkan_caucasus,CS76365,38.36,16.23,0.6409864025080304,63.59470468431772,Moderate,681,0,29,29,Europe,284.0
10027,Uk-6,GER,central_europe,CS78938,48.02838,7.765567,0.6409864025080304,63.59470468431772,Moderate,682,0,29,29,Europe,212.0
9562,IP-Mur-0,ESP,spain,CS77115,41.67,2.0,0.6409864025080304,63.59470468431772,Moderate,683,0,29,29,Europe,913.0
9564,IP-Nog-17,ESP,spain,CS77129,40.45,-1.6,0.6409864025080304,63.59470468431772,Moderate,684,0,29,29,Europe,1422.0
9567,IP-Pal-0,ESP,spain,CS77159,42.34,1.3,0.6409864025080304,63.59470468431772,Moderate,685,0,29,29,Europe,1474.0
9568,IP-Pan-0,ESP,spain,CS77160,42.76,-0.23,0.6409864025080304,63.59470468431772,Moderate,686,0,29,29,Europe,1751.0
9569,IP-Pds-1,ESP,western_europe,CS77166,42.87,-6.45,0.6409864025080304,63.59470468431772,Moderate,687,0,29,29,Europe,830.0
9571,IP-Pro-0,ESP,western_europe,CS78914,43.28,-6.01,0.6409864025080304,63.59470468431772,Moderate,688,0,29,29,Europe,590.0
9573,IP-Rds-0,ESP,spain,CS77206,41.86,2.99,0.6409864025080304,63.59470468431772,Moderate,689,0,29,29,Europe,249.0
1313,Ängsö-59-422,SWE,admixed,CS77658,59.5667,16.8667,0.6409864025080304,63.59470468431772,Moderate,690,0,29,29,Europe,7.0
1317,Ängsö-74-430,SWE,admixed,CS76665,59.5667,16.8667,0.6409864025080304,63.59470468431772,Moderate,691,0,29,29,Europe,7.0
139,LDV-46,FRA,western_europe,CS77014,48.5167,-4.06667,0.6409864025080304,63.59470468431772,Moderate,692,0,29,29,Europe,95.0
9933,VED-10,FRA,admixed,CS78839,43.74,3.89,0.6409864025080304,63.59470468431772,Moderate,693,0,29,29,Europe,127.0
9935,BAU-15,FRA,western_europe,CS76694,50.6,2.93,0.6409864025080304,63.59470468431772,Moderate,694,0,29,29,Europe,26.0
9937,CATS-6,FRA,western_europe,CS76760,50.79,2.69,0.6409864025080304,63.59470468431772,Moderate,695,0,29,29,Europe,95.0
9938,WAV-8,FRA,western_europe,CS78854,50.65,2.99,0.6409864025080304,63.59470468431772,Moderate,696,0,29,29,Europe,39.0
9939,Aitba-2,MAR,relict,CS76347,31.48,-7.45,0.6409864025080304,63.59470468431772,Moderate,697,0,29,29,Africa,1402.0
9918,SAUL-24,FRA,western_europe,CS77237,47.43,5.21,0.6409864025080304,63.59470468431772,Moderate,698,0,29,29,Europe,247.0
992,Ale-Stenar-44-4,SWE,south_sweden,CS76652,55.3833,14.05,0.6409864025080304,63.59470468431772,Moderate,699,0,29,29,Europe,0.0
9920,DIR-9,FRA,germany,CS76796,48.54,4.32,0.6409864025080304,63.59470468431772,Moderate,700,0,29,29,Europe,147.0
9921,FOR-23,FRA,western_europe,CS76867,48.57,4.41,0.6409864025080304,63.59470468431772,Moderate,701,0,29,29,Europe,126.0
9925,RUM-20,FRA,western_europe,CS77226,48.91,4.52,0.6409864025080304,63.59470468431772,Moderate,702,0,29,29,Europe,125.0
9926,TRE-1,FRA,western_europe,CS77385,48.86,4.1,0.6409864025080304,63.59470468431772,Moderate,703,0,25,25,Europe,113.0
9927,ARR-17,FRA,western_europe,CS76673,44.05,3.69,0.6409864025080304,63.59470468431772,Moderate,704,0,29,29,Europe,290.0
9928,BEZ-9,FRA,western_europe,CS76703,44.12,3.77,0.6409864025080304,63.59470468431772,Moderate,705,0,29,29,Europe,461.0
7125,Er-0,GER,germany,CS78898,49.5955,11.0087,0.632826118393661,28.156822810590636,Low,706,0,29,29,Europe,284.0
9710,Zerev-1-35,BUL,italy_balkan_caucasus,CS78879,41.85,23.13,0.632826118393661,28.156822810590636,Low,707,0,29,29,Europe,303.0
9647,Basen-1,ITA,italy_balkan_caucasus,CS76690,40.37,16.77,0.632759288657547,27.29124236252546,Low,708,0,29,29,Europe,9.0
8354,Per-1,RUS,asia,CS76571,58.0,56.3167,0.632759288657547,27.29124236252546,Low,709,0,29,29,Europe,135.0
9689,Castelfed-3-205,ITA,central_europe,CS76754,46.3378,11.2928,0.632759288657547,27.29124236252546,Low,710,0,29,29,Europe,375.0
9690,Castelfed-3-206,ITA,central_europe,CS76755,46.3378,11.2928,0.632759288657547,27.29124236252546,Low,711,0,29,29,Europe,375.0
9692,Castelfed-3-208,ITA,central_europe,CS76757,46.3378,11.2928,0.632759288657547,27.29124236252546,Low,712,0,29,29,Europe,375.0
9682,Castelfed-1-198,ITA,central_europe,CS76747,46.3378,11.2928,0.632759288657547,27.29124236252546,Low,713,0,29,29,Europe,375.0
9824,Bes-5,ESP,admixed,CS76702,42.91,-4.91,0.632759288657547,27.29124236252546,Low,714,0,3,3,Europe,1456.0
9530,IP-Car-1,ESP,admixed,CS76742,38.25,-4.32,0.632759288657547,27.29124236252546,Low,715,0,3,3,Europe,761.0
9680,Castelfed-1-196,ITA,central_europe,CS76745,46.3378,11.2928,0.632759288657547,27.29124236252546,Low,716,0,4,4,Europe,375.0
9679,Castelfed-1-195,ITA,central_europe,CS76744,46.3378,11.2928,0.632759288657547,27.29124236252546,Low,717,0,0,0,Europe,375.0
9696,Castelfed-4-214,ITA,central_europe,CS78893,46.3378,11.2928,0.632759288657547,27.29124236252546,Low,718,0,1,1,Europe,375.0
9693,Castelfed-3-209,ITA,central_europe,CS76758,46.3378,11.2928,0.632759288657547,27.29124236252546,Low,719,0,3,3,Europe,375.0
9681,Castelfed-1-197,ITA,central_europe,CS76746,46.3378,11.2928,0.632759288657547,27.29124236252546,Low,720,0,6,6,Europe,375.0
8234,Gul1-2,SWE,south_sweden,CS76896,56.4606,15.8127,0.632759288657547,27.29124236252546,Low,721,0,2,2,Europe,88.0
9683,Castelfed-1-199,ITA,central_europe,CS76748,46.3378,11.2928,0.632759288657547,27.29124236252546,Low,722,0,2,2,Europe,375.0
9649,Bivio-1,ITA,italy_balkan_caucasus,CS76713,39.13,16.17,0.6309812412465821,26.27291242362525,Low,723,0,5,5,Europe,521.0
6102,T1130,SWE,south_sweden,CS77295,55.6,13.2,0.6309812412465821,26.27291242362525,Low,724,0,1,1,Europe,43.0
9646,Aiell-1,,italy_balkan_caucasus,CS76648,39.126899,16.170188,0.6309812412465821,26.27291242362525,Low,725,0,0,0,Europe,415.0
7077,Co-1,POR,italy_balkan_caucasus,CS76468,40.12,-8.25,0.6309812412465821,26.27291242362525,Low,726,0,0,0,Europe,146.0
9726,Faneronemi-3,GRC,italy_balkan_caucasus,CS76853,37.07,22.04,0.6309812412465821,26.27291242362525,Low,727,0,27,27,Europe,9.0
6951,Pu2-23,CZE,central_europe,CS76579,49.42,16.36,0.630979026924974,25.56008146639511,Low,728,0,3,3,Europe,478.0
8235,Hod,CZE,central_europe,CS76924,48.8,17.1,0.630979026924974,25.56008146639511,Low,729,0,3,3,Europe,160.0
9421,Lan 1,SWE,south_sweden,CS77009,55.9745,14.3997,0.630979026924974,25.56008146639511,Low,730,0,5,5,Europe,2.0
9450,Spro 1,SWE,south_sweden,CS77263,57.2545,18.2109,0.630979026924974,25.56008146639511,Low,731,0,4,4,Europe,16.0
9730,Bela-1,SVK,central_europe,CS76696,48.47,18.94,0.630979026924974,25.56008146639511,Low,732,0,4,4,Europe,501.0
9455,Stenk-4,SWE,south_sweden,CS77276,57.8009,18.5162,0.630979026924974,25.56008146639511,Low,733,0,2,2,Europe,50.0
9453,Stenk-2,SWE,south_sweden,CS77274,57.8009,18.5162,0.630979026924974,25.56008146639511,Low,734,0,3,3,Europe,50.0
6956,Pu2-7,CZE,central_europe,CS76580,49.42,16.36,0.630979026924974,25.56008146639511,Low,735,0,2,2,Europe,478.0
6957,Pu2-8,CZE,central_europe,CS77192,49.42,16.36,0.630979026924974,25.56008146639511,Low,736,0,2,2,Europe,478.0
7119,En-2,GER,germany,CS76481,50.0,8.5,0.6293035307896372,24.94908350305499,Very Low,737,0,7,7,Europe,104.0
9705,Choto-1,BUL,italy_balkan_caucasus,CS76769,41.5,23.33,0.6293035307896372,24.94908350305499,Very Low,738,0,0,0,Europe,188.0
7014,Ba-1,UK,germany,CS76441,56.5459,-4.79821,0.6293035307896372,24.94908350305499,Very Low,739,0,1,1,Europe,196.0
9714,Grivo-1,BUL,italy_balkan_caucasus,CS76888,41.84,25.75,0.6291494763391028,24.745417515274948,Very Low,740,0,0,0,Europe,237.0
9738,Bran-1,ROU,admixed,CS76722,45.57,25.42,0.6291233137991561,24.643584521384927,Very Low,741,0,0,0,Europe,650.0
9869,Moj-0,ESP,relict,CS77105,36.76,-5.28,0.6275973969286258,24.54175152749491,Very Low,742,0,3,3,Europe,773.0
6830,Kz-13,KAZ,admixed,CS76994,49.5,73.1,0.6209639167176213,24.43991853360489,Very Low,743,0,3,3,Asia,639.0
9622,Bijisk-4,RUS,admixed,CS76707,52.52,85.27,0.6208961999486726,24.338085539714868,Very Low,744,0,1,1,Europe,184.0
9709,Zerev-1-34,BUL,italy_balkan_caucasus,CS78878,41.85,23.13,0.6144813430601966,24.236252545824847,Very Low,745,0,1,1,Europe,303.0
5104,UKSE06-252,UK,germany,CS78800,51.3,0.5,0.6078966358862398,24.134419551934823,Very Low,746,0,2,2,Europe,13.0
9593,IP-Vaz-0,ESP,spain,CS78836,42.26,-2.99,0.6059333261187416,24.03258655804481,Very Low,747,0,0,0,Europe,1616.0
7177,Jm-0,CZE,central_europe,CS76520,49.0,15.0,0.6014208574929187,23.87983706720977,Very Low,748,0,29,29,Europe,487.0
9699,Kolar-1,BUL,italy_balkan_caucasus,CS76974,41.37,23.14,0.6014208574929187,23.87983706720977,Very Low,749,0,3,3,Europe,328.0
350,TOU-A1-88,FRA,western_europe,CS77382,46.6667,4.11667,0.5931937436424355,23.625254582484725,Very Low,750,0,28,28,Europe,257.0
7384,Ven-1,NED,admixed,CS76624,52.0333,5.55,0.5931937436424355,23.625254582484725,Very Low,751,0,28,28,Europe,11.0
6979,Wei-0,SUI,central_europe,CS76628,47.25,8.26,0.5931937436424355,23.625254582484725,Very Low,752,0,29,29,Europe,637.0
5486,UKNW06-233,UK,germany,CS78794,54.6,-3.3,0.5822515766130103,23.421588594704684,Very Low,753,0,28,28,Europe,110.0
9749,Knjas-1,SRB,italy_balkan_caucasus,CS76971,43.54,22.29,0.5813306549335611,23.26883910386965,Very Low,754,0,29,29,Europe,278.0
9703,Melni-1,BUL,italy_balkan_caucasus,CS77079,41.53,23.39,0.5813306549335611,23.26883910386965,Very Low,755,0,29,29,Europe,500.0
9684,Castelfed-2-200,ITA,central_europe,CS76749,46.3378,11.2928,0.5666039787027399,23.014256619144604,Very Low,756,0,29,29,Europe,375.0
7411,Wl-0,GER,central_europe,CS76630,47.9299,10.8134,0.5666039787027399,23.014256619144604,Very Low,757,0,29,29,Europe,699.0
9678,Mitterberg-4-194,ITA,central_europe,CS77095,46.3718,11.2866,0.5666039787027399,23.014256619144604,Very Low,758,0,29,29,Europe,504.0
9399,Hamm-1,SWE,south_sweden,CS76910,55.4234,13.9905,0.5624785963267522,22.81059063136456,Very Low,759,0,29,29,Europe,4.0
6982,Wt-5,GER,germany,CS76632,52.3,9.3,0.5573403554993229,21.38492871690428,Very Low,760,0,29,29,Europe,114.0
8242,Lillö-1,SWE,south_sweden,CS77039,56.1494,15.7884,0.5573403554993229,21.38492871690428,Very Low,761,0,29,29,Europe,14.0
9727,Olympia-2,GRC,central_europe,CS77144,37.63,21.62,0.5573403554993229,21.38492871690428,Very Low,762,0,29,29,Europe,28.0
8230,Algutsrum,SWE,south_sweden,CS76657,56.68,16.5,0.5573403554993229,21.38492871690428,Very Low,763,0,29,29,Europe,12.0
8249,Vimmerby,SWE,south_sweden,CS78845,57.7,15.8,0.5573403554993229,21.38492871690428,Very Low,764,0,20,20,Europe,116.0
9664,Mitterberg-1-179,ITA,central_europe,CS78907,46.366,11.2832,0.5573403554993229,21.38492871690428,Very Low,765,0,20,20,Europe,575.0
9667,Mitterberg-1-183,ITA,central_europe,CS78910,46.366,11.2832,0.5573403554993229,21.38492871690428,Very Low,766,0,20,20,Europe,575.0
9676,Mitterberg-4-192,ITA,central_europe,CS77093,46.3718,11.2866,0.5573403554993229,21.38492871690428,Very Low,767,0,20,20,Europe,504.0
5832,App1-16,SWE,south_sweden,CS76669,56.3333,15.9667,0.5573403554993229,21.38492871690428,Very Low,768,0,20,20,Europe,29.0
9677,Mitterberg-4-193,ITA,central_europe,CS77094,46.3718,11.2866,0.5573403554993229,21.38492871690428,Very Low,769,0,20,20,Europe,504.0
6119,T620,SWE,south_sweden,CS78060,55.7,13.2,0.5573403554993229,21.38492871690428,Very Low,770,0,20,20,Europe,45.0
9058,Västervik,SWE,admixed,CS78834,57.75,16.6333,0.5573403554993229,21.38492871690428,Very Low,771,0,20,20,Europe,31.0
1552,Sku-30,SWE,north_sweden,CS77251,63.0833,18.3667,0.5573403554993229,21.38492871690428,Very Low,772,0,20,20,Europe,86.0
2202,Pent-23,USA,admixed,CS77168,43.7623,-86.3929,0.5573403554993229,21.38492871690428,Very Low,773,0,20,20,North America,185.0
7477,WAR,USA,admixed,CS78853,41.7302,-71.2825,0.5573403554993229,21.38492871690428,Very Low,774,0,20,20,North America,11.0
9784,Erg2-6,GER,central_europe,CS76845,48.5,8.8,0.5573403554993229,21.38492871690428,Very Low,775,0,20,20,Europe,483.0
9796,Bach2-1,GER,central_europe,CS76680,48.41,8.84,0.5573403554993229,21.38492871690428,Very Low,776,0,21,21,Europe,471.0
9687,Castelfed-2-203,ITA,central_europe,CS76752,46.3378,11.2928,0.5573403554993229,21.38492871690428,Very Low,777,0,28,28,Europe,375.0
9665,Mitterberg-1-180,ITA,central_europe,CS78908,46.366,11.2832,0.5573403554993229,21.38492871690428,Very Low,778,0,28,28,Europe,575.0
9666,Mitterberg-1-182,ITA,central_europe,CS78909,46.366,11.2832,0.5573403554993229,21.38492871690428,Very Low,779,0,28,28,Europe,575.0
9673,Mitterberg-3-189,ITA,central_europe,CS77090,46.3668,11.2837,0.5573403554993229,21.38492871690428,Very Low,780,0,28,28,Europe,597.0
9669,Mitterberg-2-185,ITA,central_europe,CS77086,46.3668,11.2837,0.5573403554993229,21.38492871690428,Very Low,781,0,28,28,Europe,597.0
9672,Mitterberg-3-188,ITA,central_europe,CS77089,46.3668,11.2837,0.5573403554993229,21.38492871690428,Very Low,782,0,21,21,Europe,597.0
9668,Mitterberg-2-184,ITA,central_europe,CS77085,46.3668,11.2837,0.5573403554993229,21.38492871690428,Very Low,783,0,20,20,Europe,597.0
9685,Castelfed-2-201,ITA,central_europe,CS76750,46.3378,11.2928,0.5573403554993229,21.38492871690428,Very Low,784,0,29,29,Europe,375.0
9671,Mitterberg-3-187,ITA,central_europe,CS77088,46.3668,11.2837,0.5573403554993229,21.38492871690428,Very Low,785,0,20,20,Europe,597.0
9670,Mitterberg-2-186,ITA,central_europe,CS77087,46.3668,11.2837,0.5573403554993229,21.38492871690428,Very Low,786,0,28,28,Europe,597.0
6126,T720,SWE,south_sweden,CS77311,55.8411,13.3047,0.5534884113012902,19.95926680244399,Very Low,787,0,28,28,Europe,64.0
7169,Hh-0,GER,admixed,CS76512,54.4175,9.88682,0.5439513499199183,19.042769857433807,Very Low,788,0,4,4,Europe,26.0
6974,Ull2-5,SWE,south_sweden,CS78818,56.0648,13.9707,0.5439513499199183,19.042769857433807,Very Low,789,0,28,28,Europe,28.0
9409,Kia 1,SWE,south_sweden,CS76968,56.0573,14.302,0.5439513499199183,19.042769857433807,Very Low,790,0,28,28,Europe,44.0
2016,MNF-Pin-39,USA,admixed,CS77098,43.5356,-86.1788,0.5439513499199183,19.042769857433807,Very Low,791,0,29,29,North America,222.0
7164,Hau-0,DEN,south_sweden,CS76915,55.675,12.5686,0.5439513499199183,19.042769857433807,Very Low,792,0,29,29,Europe,8.0
6106,T460,SWE,south_sweden,CS77298,55.7931,13.1186,0.5439513499199183,19.042769857433807,Very Low,793,0,28,28,Europe,15.0
6094,T1040,SWE,south_sweden,CS77290,55.6494,13.2147,0.5439513499199183,19.042769857433807,Very Low,794,0,4,4,Europe,14.0
6114,T570,SWE,south_sweden,CS77305,55.8097,13.1342,0.5439513499199183,19.042769857433807,Very Low,795,0,5,5,Europe,27.0
6115,T580,SWE,south_sweden,CS77306,55.8,13.1367,0.5439513499199183,19.042769857433807,Very Low,796,0,24,24,Europe,16.0
6097,T1070,SWE,south_sweden,CS77291,55.6481,13.2264,0.5439513499199183,19.042769857433807,Very Low,797,0,2,2,Europe,15.0
8237,Kävlinge-1,SWE,south_sweden,CS76964,55.8,13.1,0.5439513499199183,19.042769857433807,Very Low,798,0,29,29,Europe,26.0
9719,Koren-1,BUL,italy_balkan_caucasus,CS76983,41.83,25.69,0.5439513499199183,19.042769857433807,Very Low,799,0,22,22,Europe,181.0
6128,T740,SWE,south_sweden,CS77313,55.8397,13.2881,0.5439513499199183,19.042769857433807,Very Low,800,0,29,29,Europe,70.0
6242,Tomegap-2,SWE,south_sweden,CS77377,55.7,13.2,0.5439513499199183,19.042769857433807,Very Low,801,0,28,28,Europe,45.0
6151,T990,SWE,south_sweden,CS77328,55.6528,13.2244,0.5439513499199183,19.042769857433807,Very Low,802,0,0,0,Europe,16.0
6134,T810,SWE,south_sweden,CS77318,55.8383,13.2906,0.5439513499199183,19.042769857433807,Very Low,803,0,13,13,Europe,70.0
6107,T470,SWE,south_sweden,CS77299,55.7942,13.1222,0.5439513499199183,19.042769857433807,Very Low,804,0,29,29,Europe,17.0
9565,IP-Orb-10,ESP,admixed,CS77152,42.97,-1.23,0.5372501529399653,18.126272912423623,Very Low,805,0,26,26,Europe,760.0
9717,Kardz-2,BUL,italy_balkan_caucasus,CS76963,41.66,25.47,0.5357242360694351,18.02443991853361,Very Low,806,0,28,28,Europe,265.0
9955,Stepn-2,RUS,asia,CS76377,54.09,60.46,0.5313619780700498,17.922606924643585,Very Low,807,0,1,1,Europe,321.0
7008,Benk-1,NED,germany,CS76447,52.0,5.675,0.5305725282114053,17.820773930753564,Very Low,808,0,3,3,Europe,17.0
9722,Groch-1,BUL,italy_balkan_caucasus,CS76890,41.71,24.41,0.5090293691832484,17.668024439918533,Very Low,809,0,29,29,Europe,904.0
9707,Podvi-1,BUL,italy_balkan_caucasus,CS77187,41.57,24.84,0.5090293691832484,17.668024439918533,Very Low,810,0,28,28,Europe,895.0
9748,Zagub-1,SRB,admixed,CS78871,44.23,21.71,0.5011356051847305,17.515274949083505,Very Low,811,0,9,9,Europe,270.0
7161,Gd-1,GER,germany,CS76491,53.5,10.5,0.4821653130519954,17.41344195519348,Very Low,812,0,18,18,Europe,45.0
9716,Leska-1-44,BUL,italy_balkan_caucasus,CS77030,41.54,24.98,0.4741563775328082,17.311608961303463,Very Low,813,0,3,3,Europe,701.0
9728,Stiav-1,SVK,central_europe,CS77279,48.46,18.9,0.4645247030161377,17.209775967413442,Very Low,814,0,19,19,Europe,628.0
7424,Jl-3,CZE,central_europe,CS76519,49.2,16.6166,0.4625458788805978,17.10794297352342,Very Low,815,0,29,29,Europe,211.0
7202,Kb-0,GER,germany,CS76524,50.1797,8.50861,0.4594754345835998,16.95519348268839,Very Low,816,0,4,4,Europe,262.0
7199,Kl-5,GER,germany,CS76528,50.95,6.9666,0.4594754345835998,16.95519348268839,Very Low,817,0,13,13,Europe,50.0
9633,Lebja-4,RUS,asia,CS77017,51.63,80.83,0.4545719410861009,16.802443991853362,Very Low,818,0,6,6,Europe,258.0
9125,Geg-14,ARM,asia,CS76876,40.1408,44.8203,0.4535394258878696,16.700610997963338,Very Low,819,0,29,29,Asia,1775.0
9958,Shigu-1,RUS,asia,CS76375,53.33,49.48,0.4525199465102224,16.59877800407332,Very Low,820,0,28,28,Europe,181.0
9956,Stepn-1,RUS,asia,CS76378,54.06,60.48,0.4518738786984372,16.4969450101833,Very Low,821,0,20,20,Europe,282.0
7002,Baa-1,NED,germany,CS76442,51.3333,6.1,0.4512483207331165,16.39511201629328,Very Low,822,0,8,8,Europe,19.0
9723,Slavi-2,BUL,italy_balkan_caucasus,CS77252,41.42,23.67,0.4502997475473199,16.293279022403258,Very Low,823,0,3,3,Europe,1051.0
7000,Aa-0,GER,germany,CS76428,50.9167,9.57073,0.4484500714271885,16.191446028513237,Very Low,824,0,28,28,Europe,302.0
9613,Balan-1,RUS,italy_balkan_caucasus,CS76687,55.36,61.41,0.4446875090784152,16.08961303462322,Very Low,825,0,2,2,Europe,201.0
9755,Vajug-1,SRB,italy_balkan_caucasus,CS78828,44.56,22.56,0.4445125607536688,15.9877800407332,Very Low,826,0,2,2,Europe,102.0
6088,Stu1-1,SWE,south_sweden,CS77285,56.4666,16.1284,0.4439375771099604,15.885947046843176,Very Low,827,0,4,4,Europe,5.0
7162,Hs-0,GER,germany,CS76515,52.24,9.44,0.4384825757168636,15.784114052953155,Very Low,828,0,3,3,Europe,162.0
10015,Ara-1,AFG,asia,CS76382,37.29,71.3,0.4383105063035811,15.682281059063136,Very Low,829,0,2,2,Asia,4135.0
9757,Staro-1,SRB,italy_balkan_caucasus,CS77272,44.3,21.08,0.438139062128791,15.580448065173115,Very Low,830,0,1,1,Europe,115.0
7276,Ob-0,GER,germany,CS76566,50.2,8.5833,0.4380200381503398,15.478615071283096,Very Low,831,0,28,28,Europe,202.0
9744,Iasi-1,ROU,admixed,CS76944,47.16,27.59,0.4376839546262822,15.376782077393075,Very Low,832,0,5,5,Europe,63.0
9698,Goced-1,BUL,italy_balkan_caucasus,CS76882,41.57,23.85,0.4364865577678787,15.274949083503056,Very Low,833,0,29,29,Europe,583.0
9774,Alt-1,GER,central_europe,CS76663,48.59,9.22,0.4364603952279319,15.122199592668023,Very Low,834,0,2,2,Europe,412.0
6931,Kz-9,KAZ,asia,CS76537,49.5,73.1,0.4364603952279319,15.122199592668023,Very Low,835,0,6,6,Asia,639.0
7138,Fi-0,GER,admixed,CS76488,50.5,8.0167,0.435382790595807,14.969450101832994,Very Low,836,0,0,0,Europe,216.0
9627,Kolyv-5,RUS,asia,CS76979,51.32,82.55,0.4343430510167619,14.867617107942973,Very Low,837,0,29,29,Europe,475.0
9626,Kolyv-3,RUS,asia,CS76978,51.36,82.59,0.4338870922624212,14.765784114052954,Very Low,838,0,10,10,Europe,493.0
9617,Karag-1,RUS,asia,CS76960,51.37,59.44,0.4328505829094876,14.663951120162931,Very Low,839,0,22,22,Europe,302.0
9739,Toc-1,ROU,central_europe,CS77370,46.01,22.33,0.4306034235911047,14.562118126272914,Very Low,840,0,2,2,Europe,218.0
7516,Vår2-1,SWE,germany,CS78830,55.58,14.334,0.4300446622104518,14.460285132382891,Very Low,841,0,6,6,Europe,2.0
5165,UKSE06-362,UK,admixed,CS78802,51.3,0.4,0.4299900485574323,14.358452138492872,Very Low,842,0,29,29,Europe,40.0
6039,Hovdala-2,SWE,admixed,CS76937,56.1,13.74,0.4299203213587638,14.25661914460285,Very Low,843,0,4,4,Europe,58.0
8306,Hov4-1,SWE,south_sweden,CS76936,56.1,13.74,0.4294852693813942,14.15478615071283,Very Low,844,0,31,31,Europe,58.0
7158,Gr-5,AUT,central_europe,CS76885,47.0,15.5,0.4280126625672834,14.052953156822811,Very Low,845,0,3,3,Europe,332.0
7461,H55,CZE,germany,CS76897,49.0,15.0,0.4272691999533736,13.95112016293279,Very Low,846,0,29,29,Europe,487.0
5800,UKID96,UK,germany,CS78791,57.4,-5.5,0.4248774536082937,13.849287169042771,Very Low,847,0,0,0,Europe,55.0
7127,Est,EST,admixed,CS76485,58.6656,24.9871,0.4246234690590043,13.238289205702646,Very Low,848,0,4,4,Europe,56.0
19949,OOE2-1,AUT,central_europe,CS79036,48.3268333,14.7181667,0.4246234690590043,13.238289205702646,Very Low,849,0,4,4,Europe,628.0
18696,Samm,RUS,asia,CS78929,61.57,30.63,0.4246234690590043,13.238289205702646,Very Low,850,0,5,5,Europe,24.0
19950,OOE2-2,AUT,central_europe,CS79037,48.3268333,14.7181667,0.4246234690590043,13.238289205702646,Very Low,851,0,2,2,Europe,628.0
19951,OOE23,AUT,central_europe,CS79038,48.3268333,14.7181667,0.4246234690590043,13.238289205702646,Very Low,852,0,0,0,Europe,628.0
9733,Bela-2,SVK,central_europe,CS76697,48.47,18.94,0.4246234690590043,13.238289205702646,Very Low,853,0,29,29,Europe,501.0
15560,Valm,RUS,asia,CS78932,61.37,61.37,0.4246234690590043,13.238289205702646,Very Low,854,0,20,20,Europe,121.0
7203,Krot-0,GER,central_europe,CS76534,49.631,11.5722,0.4246234690590043,13.238289205702646,Very Low,855,0,2,2,Europe,418.0
9721,Schip-1,BUL,italy_balkan_caucasus,CS77239,42.72,25.33,0.4246234690590043,13.238289205702646,Very Low,856,0,20,20,Europe,766.0
9768,Rü4-16,GER,central_europe,CS77225,48.57,9.16,0.4246234690590043,13.238289205702646,Very Low,857,0,29,29,Europe,396.0
9772,Höf-1,GER,central_europe,CS76925,48.41,8.85,0.4246234690590043,13.238289205702646,Very Low,858,0,1,1,Europe,454.0
9691,Castelfed-3-207,ITA,admixed,CS76756,46.3378,11.2928,0.424596811667377,12.627291242362526,Very Low,859,0,29,29,Europe,375.0
9628,Kolyv-6,RUS,asia,CS76980,51.33,82.54,0.423603989681357,12.525458248472503,Very Low,860,0,29,29,Europe,456.0
7192,Kil-0,UK,germany,CS76526,55.6395,-5.66364,0.4235197018869325,11.914460285132384,Very Low,861,0,2,2,Europe,10.0
7404,Wc-1,GER,admixed,CS76627,52.6,10.0667,0.4235197018869325,11.914460285132384,Very Low,862,0,29,29,Europe,45.0
7280,Old-1,GER,germany,CS76567,53.1667,8.2,0.4235197018869325,11.914460285132384,Very Low,863,0,29,29,Europe,13.0
7031,Bsch-0,GER,germany,CS76457,50.0167,8.6667,0.4235197018869325,11.914460285132384,Very Low,864,0,29,29,Europe,125.0
630,LI-OF-065,USA,western_europe,CS77036,40.7777,-72.9069,0.4235197018869325,11.914460285132384,Very Low,865,0,29,29,North America,4.0
9133,Yeg-7,ARM,asia,CS78867,39.8692,45.3622,0.4235197018869325,11.914460285132384,Very Low,866,0,29,29,Asia,1542.0
9612,Lesno-2,RUS,asia,CS77033,53.04,51.94,0.4235197018869325,11.914460285132384,Very Low,867,0,29,29,Europe,107.0
6981,Ws-2,RUS,admixed,CS78920,52.3,30.0,0.4235197018869325,11.914460285132384,Very Low,868,0,29,29,Europe,135.0
9712,Dolna-1-40,BUL,italy_balkan_caucasus,CS76805,42.32,23.1,0.4235197018869325,11.914460285132384,Very Low,869,0,29,29,Europe,566.0
7163,Ha-0,GER,admixed,CS76500,52.3721,9.73569,0.4235197018869325,11.914460285132384,Very Low,870,0,29,29,Europe,58.0
7258,Nw-0,GER,germany,CS76564,50.5,8.5,0.4235197018869325,11.914460285132384,Very Low,871,0,28,28,Europe,275.0
9638,Noveg-3,RUS,asia,CS77133,51.73,80.86,0.4230040009636558,11.303462321792262,Very Low,872,0,29,29,Europe,249.0
7471,RLD-1,UNK,admixed,CS76588,,,0.4214307123841834,11.20162932790224,Very Low,873,0,29,29,Europe,
9609,Adam-1,RUS,asia,CS76645,51.41,59.98,0.4213041248938012,11.09979633401222,Very Low,874,0,29,29,Europe,330.0
9697,Dolen-1,BUL,italy_balkan_caucasus,CS76802,41.62,23.94,0.4208504299640847,10.9979633401222,Very Low,875,0,29,29,Europe,1004.0
9631,Lebja-1,RUS,asia,CS77015,51.65,80.79,0.4203281350591488,10.896130346232178,Very Low,876,0,29,29,Europe,246.0
9736,Teiu-2,ROU,admixed,CS77361,44.69,25.17,0.4195570390151632,10.79429735234216,Very Low,877,0,29,29,Europe,208.0
9607,Panik-1,RUS,asia,CS77161,53.05,52.15,0.4188389070159347,10.692464358452138,Very Low,878,0,29,29,Europe,115.0
9718,Smolj-1,BUL,italy_balkan_caucasus,CS77256,41.55,24.75,0.418422674574939,10.590631364562118,Very Low,879,0,29,29,Europe,985.0
9641,Rakit-2,RUS,asia,CS77203,51.9,80.06,0.4176175439578471,10.488798370672098,Very Low,880,0,29,29,Europe,188.0
6177,TÄL 03,SWE,north_sweden,CS77338,62.6322,17.69,0.4175348585262315,10.030549898167006,Very Low,881,0,29,29,Europe,124.0
9629,K-oze-1,RUS,asia,CS76957,51.35,82.18,0.4175348585262315,10.030549898167006,Very Low,882,0,29,29,Europe,349.0
14312,Kos-1,RUS,asia,CS78923,62.02,34.12,0.4175348585262315,10.030549898167006,Very Low,883,0,29,29,Europe,39.0
7514,RRS-7,USA,admixed,CS76593,41.5609,-86.4251,0.4175348585262315,10.030549898167006,Very Low,884,0,29,29,North America,219.0
9732,Halca-1,SVK,central_europe,CS76909,48.47,18.96,0.4175348585262315,10.030549898167006,Very Low,885,0,29,29,Europe,587.0
9731,Stiav-3,SVK,central_europe,CS77281,48.46,18.9,0.4175348585262315,10.030549898167006,Very Low,886,0,29,29,Europe,628.0
1890,MNF-Riv-21,USA,asia,CS77101,43.5139,-86.1859,0.4175348585262315,10.030549898167006,Very Low,887,0,29,29,North America,220.0
14313,Kos-2,RUS,asia,CS78924,62.02,34.12,0.4175348585262315,10.030549898167006,Very Low,888,0,29,29,Europe,39.0
9412,Kor 3,SWE,south_sweden,CS76981,57.2746,16.1494,0.4167090326737757,9.470468431771897,Very Low,889,0,29,29,Europe,79.0
7165,Hn-0,GER,germany,CS76513,51.3472,8.28844,0.4167090326737757,9.470468431771897,Very Low,890,0,29,29,Europe,263.0
9711,Dolna-1-39,BUL,italy_balkan_caucasus,CS76804,42.32,23.1,0.4167090326737757,9.470468431771897,Very Low,891,0,29,29,Europe,566.0
9611,Lesno-1,RUS,asia,CS77032,53.04,51.9,0.4164572538941066,9.266802443991851,Very Low,892,0,29,29,Europe,79.0
5748,Kil-0,UK,germany,CS78784,56.0,-4.4,0.4164310913541598,8.808553971486761,Very Low,893,0,29,29,Europe,183.0
768,Zal-1,KGZ,asia,CS76634,42.8,76.35,0.4164310913541598,8.808553971486761,Very Low,894,0,29,29,Asia,2315.0
772,Neo-6,TJK,asia,CS76560,37.35,72.4667,0.4164310913541598,8.808553971486761,Very Low,895,0,29,29,Asia,3468.0
7062,Ca-0,GER,germany,CS76459,50.2981,8.26607,0.4164310913541598,8.808553971486761,Very Low,896,0,29,29,Europe,201.0
9640,Rakit-1,RUS,asia,CS77202,51.87,80.06,0.4164310913541598,8.808553971486761,Very Low,897,0,29,29,Europe,182.0
9619,Basta-1,RUS,asia,CS76691,51.84,79.48,0.4164310913541598,8.808553971486761,Very Low,898,0,29,29,Europe,204.0
9805,Pfn-10,GER,central_europe,CS77171,48.54,9.09,0.4164310913541598,8.808553971486761,Very Low,899,0,29,29,Europe,441.0
9128,Yeg-2,ARM,asia,CS78864,39.8692,45.3622,0.4164310913541598,8.808553971486761,Very Low,900,0,29,29,Asia,1542.0
9810,Tü-KS-7,GER,central_europe,CS77394,48.53,9.07,0.4152390254563287,8.350305498981669,Very Low,901,0,29,29,Europe,332.0
7413,Wil-2,LTU,central_europe,CS78856,54.6833,25.3167,0.4146183077975559,8.146639511201629,Very Low,902,0,29,29,Europe,141.0
9625,Kolyv-2,RUS,asia,CS76977,51.31,82.59,0.4146183077975559,8.146639511201629,Very Low,903,0,29,29,Europe,499.0
9735,Bela-4,SVK,central_europe,CS76699,48.47,18.94,0.4146183077975559,8.146639511201629,Very Low,904,0,29,29,Europe,501.0
765,Sus-1,KGZ,asia,CS76607,42.1833,73.4,0.4146015407682885,7.892057026476579,Very Low,905,0,29,29,Asia,2431.0
6945,Nok-3,NED,germany,CS76562,52.24,4.45,0.4146015407682885,7.892057026476579,Very Low,906,0,29,29,Europe,1.0
7117,El-0,GER,germany,CS76479,51.5105,9.68253,0.4145993264466805,7.637474541751528,Very Low,907,0,29,29,Europe,286.0
9103,Lag1-5,GEO,italy_balkan_caucasus,CS77000,41.8296,46.2831,0.4145993264466805,7.637474541751528,Very Low,908,0,29,29,Asia,488.0
7209,La-0,POL,admixed,CS76538,52.7333,15.2333,0.4145993264466805,7.637474541751528,Very Low,909,0,29,29,Europe,35.0
9639,Panke-1,RUS,asia,CS77162,53.82,80.31,0.4143403664779401,7.331975560081466,Very Low,910,0,29,29,Europe,164.0
9645,Gradi-1,CRO,central_europe,CS76887,45.17,18.7,0.4143403664779401,7.331975560081466,Very Low,911,0,29,29,Europe,84.0
9630,K-oze-3,RUS,asia,CS76958,51.34,82.16,0.4143403664779401,7.331975560081466,Very Low,912,0,28,28,Europe,414.0
9635,Nosov-1,RUS,asia,CS77130,51.87,80.6,0.4138577883886491,7.128309572301425,Very Low,913,0,29,29,Europe,225.0
6929,Kondara,TJK,asia,CS76532,38.48,68.49,0.4135407031654309,7.026476578411406,Very Low,914,0,29,29,Asia,894.0
9743,Furni-1,ROU,admixed,CS76873,45.14,25.0,0.4135145406254842,6.924643584521386,Very Low,915,0,29,29,Europe,444.0
5811,UKID107,UK,admixed,CS78778,52.9,-3.1,0.4133622521873891,6.822810590631365,Very Low,916,0,29,29,Europe,289.0
9624,Chaba-2,RUS,asia,CS76767,53.6,79.37,0.4129139399489839,6.720977596741344,Very Low,917,0,29,29,Europe,131.0
9761,Bik-1,LBN,central_europe,CS76449,33.92,35.7,0.4125086015704607,6.415478615071284,Very Low,918,0,29,29,Asia,926.0
6938,Ms-0,RUS,asia,CS76555,55.7522,37.6322,0.4125086015704607,6.415478615071284,Very Low,919,0,29,29,Europe,137.0
7396,Ws-0.2,RUS,central_europe,CS78857,52.3,30.0,0.4125086015704607,6.415478615071284,Very Low,920,0,29,29,Europe,135.0
7372,Tscha-1,AUT,central_europe,CS76616,47.0748,9.9042,0.4125086015704607,6.415478615071284,Very Low,921,0,29,29,Europe,680.0
9729,Stiav-2,SVK,central_europe,CS77280,48.46,18.9,0.4125086015704607,6.415478615071284,Very Low,922,0,29,29,Europe,628.0
7273,No-0,GER,central_europe,CS77128,51.0581,13.2995,0.4116849900396129,6.059063136456212,Very Low,923,0,29,29,Europe,257.0
5831,App1-14,SWE,south_sweden,CS76668,56.3333,15.9667,0.4116849900396129,6.059063136456212,Very Low,924,0,29,29,Europe,29.0
6194,TDr-8,SWE,south_sweden,CS77355,55.7706,14.1342,0.4116827757180049,4.633401221995927,Very Low,925,0,29,29,Europe,80.0
6191,TDr-4,SWE,south_sweden,CS77352,55.7689,14.1375,0.4116827757180049,4.633401221995927,Very Low,926,0,29,29,Europe,85.0
7323,Rubezhnoe-1,UKR,asia,CS76594,49.0,38.28,0.4116827757180049,4.633401221995927,Very Low,927,0,29,29,Europe,135.0
7314,Ragl-1,UK,admixed,CS76583,54.3512,-3.41697,0.4116827757180049,4.633401221995927,Very Low,928,0,29,29,Europe,0.0
7419,Db-1,GER,germany,CS76471,50.3058,8.32213,0.4116827757180049,4.633401221995927,Very Low,929,0,29,29,Europe,285.0
7415,Wu-0,GER,germany,CS78858,49.7878,9.9361,0.4116827757180049,4.633401221995927,Very Low,930,0,29,29,Europe,190.0
9787,HI-4,GER,central_europe,CS76922,48.5,9.0,0.4116827757180049,4.633401221995927,Very Low,931,0,29,29,Europe,332.0
9775,Berg-1,GER,central_europe,CS76701,48.41,8.79,0.4116827757180049,4.633401221995927,Very Low,932,0,29,29,Europe,523.0
9754,Sredn-1,SRB,admixed,CS77269,44.66,21.37,0.4116827757180049,4.633401221995927,Very Low,933,0,29,29,Europe,217.0
9413,Kor 4,SWE,south_sweden,CS76982,57.2746,16.1494,0.4116827757180049,4.633401221995927,Very Low,934,0,29,29,Europe,79.0
1063,Brösarp-21-140,SWE,south_sweden,CS76729,55.7167,14.1333,0.4116827757180049,4.633401221995927,Very Low,935,0,29,29,Europe,54.0
5349,UKSE06-639,UK,western_europe,CS78807,51.1,0.4,0.4116827757180049,4.633401221995927,Very Low,936,0,29,29,Europe,41.0
9616,Krazo-1,RUS,asia,CS76984,53.06,51.96,0.4116827757180049,4.633401221995927,Very Low,937,0,29,29,Europe,110.0
9615,Parti-1,RUS,asia,CS77163,52.99,52.16,0.4116827757180049,4.633401221995927,Very Low,938,0,29,29,Europe,144.0
6201,TDr-16,SWE,south_sweden,CS77348,55.7719,14.1211,0.4116827757180049,4.633401221995927,Very Low,939,0,29,29,Europe,96.0
628,LI-OF-061,USA,western_europe,CS78951,40.7777,-72.9069,0.4116827757180049,4.633401221995927,Very Low,940,0,29,29,North America,4.0
6138,T860,SWE,south_sweden,CS77321,55.9403,13.5511,0.4116827757180049,4.633401221995927,Very Low,941,0,29,29,Europe,80.0
6203,TDr-18,SWE,south_sweden,CS77350,55.7714,14.1208,0.4116827757180049,4.633401221995927,Very Low,942,0,29,29,Europe,102.0
8427,Ull2-13,SWE,south_sweden,CS78552,56.0648,13.9707,0.4116827757180049,4.633401221995927,Very Low,943,0,29,29,Europe,28.0
7147,Gie-0,GER,admixed,CS76493,50.584,8.67825,0.4116827757180049,4.633401221995927,Very Low,944,0,29,29,Europe,162.0
9700,Dolna-1-10,BUL,italy_balkan_caucasus,CS76803,42.32,23.1,0.4116827757180049,4.633401221995927,Very Low,945,0,29,29,Europe,566.0
6920,Got-22,GER,admixed,CS76884,51.5338,9.9355,0.4116827757180049,4.633401221995927,Very Low,946,0,29,29,Europe,156.0
6034,Hov1-7,SWE,south_sweden,CS76932,56.1,13.74,0.4116827757180049,4.633401221995927,Very Low,947,0,29,29,Europe,58.0
6038,Hov3-5,SWE,south_sweden,CS76935,56.1,13.74,0.4116827757180049,4.633401221995927,Very Low,948,0,29,29,Europe,58.0
8307,Hovdala-6,SWE,south_sweden,CS76938,56.1,13.74,0.4116827757180049,4.633401221995927,Very Low,949,0,29,29,Europe,58.0
801,KYC-33,USA,germany,CS76992,37.9169,-84.4639,0.4116827757180049,4.633401221995927,Very Low,950,0,29,29,North America,296.0
9134,Yeg-8,ARM,asia,CS78868,39.8692,45.3622,0.411404834398389,3.2586558044806515,Very Low,951,0,29,29,Asia,1542.0
9737,Ulies-1,ROU,asia,CS78815,45.95,22.62,0.4110645118557318,3.1568228105906315,Very Low,952,0,29,29,Europe,174.0
9608,Karag-2,RUS,asia,CS76961,51.37,59.44,0.4108430543810283,3.054989816700611,Very Low,953,0,29,29,Europe,302.0
9642,Rakit-3,RUS,asia,CS77204,51.84,80.06,0.4106632963403576,2.9531568228105907,Very Low,954,0,29,29,Europe,187.0
9632,Lebja-2,RUS,asia,CS77016,51.67,80.82,0.4087270556013717,2.8513238289205702,Very Low,955,0,29,29,Europe,261.0
14314,Radk-1,RUS,asia,CS78927,61.59,35.11,0.4045941651852321,1.4256619144602851,Very Low,956,0,29,29,Europe,32.0
5210,UKSE06-432,UK,western_europe,CS78803,51.2,0.3,0.4045941651852321,1.4256619144602851,Very Low,957,0,29,29,Europe,21.0
14315,Radk-2,RUS,asia,CS78928,61.59,35.11,0.4045941651852321,1.4256619144602851,Very Low,958,0,0,0,Europe,32.0
766,Dja-1,KGZ,asia,CS76473,42.5833,73.6333,0.4045941651852321,1.4256619144602851,Very Low,959,0,29,29,Asia,2698.0
7183,Kas-1,IND,asia,CS79018,35.0,77.0,0.4045941651852321,1.4256619144602851,Very Low,960,0,29,29,Asia,5296.0
9766,Westkar-4,KGZ,asia,CS76629,42.26,74.16,0.4045941651852321,1.4256619144602851,Very Low,961,0,29,29,Asia,2320.0
9777,Gn-1,GER,central_europe,CS76880,48.57,9.17,0.4045941651852321,1.4256619144602851,Very Low,962,0,29,29,Europe,407.0
9745,Sij 1/96,UZB,asia,CS77249,41.45,70.05,0.4045941651852321,1.4256619144602851,Very Low,963,0,29,29,Asia,2648.0
9706,Dospa-1,BUL,italy_balkan_caucasus,CS76807,41.64,24.18,0.4045941651852321,1.4256619144602851,Very Low,964,0,29,29,Europe,1316.0
763,Kar-1,KGZ,asia,CS76522,42.3,74.3667,0.4045941651852321,1.4256619144602851,Very Low,965,0,29,29,Asia,2428.0
8312,Is-0,GER,germany,CS78904,50.5,7.5,0.4045941651852321,1.4256619144602851,Very Low,966,0,29,29,Europe,270.0
9643,Sever-1,RUS,asia,CS77245,52.1,79.31,0.4045941651852321,1.4256619144602851,Very Low,967,0,29,29,Europe,161.0
8366,Rd-0,GER,admixed,CS76584,50.5,8.5,0.4045941651852321,1.4256619144602851,Very Low,968,0,29,29,Europe,275.0
8424,Kas-2,IND,asia,CS78905,35.0,77.0,0.4045941651852321,1.4256619144602851,Very Low,969,0,29,29,Asia,5296.0
6960,Rennes-11,FRA,western_europe,CS77211,48.5,-1.41,0.4045941651852321,1.4256619144602851,Very Low,970,0,29,29,Europe,48.0
6909,Col-0,USA,germany,CS76778,38.3,-92.3,0.4045941651852321,1.4256619144602851,Very Low,971,0,29,29,North America,209.0
6997,Appt-1,NED,germany,CS76440,51.8333,5.5833,0.4045941651852321,1.4256619144602851,Very Low,972,0,29,29,Europe,7.0
7143,Gel-1,NED,germany,CS76492,51.0167,5.86667,0.4045941651852321,1.4256619144602851,Very Low,973,0,29,29,Europe,39.0
9621,Basta-3,RUS,asia,CS76693,51.84,79.46,0.4045941651852321,1.4256619144602851,Very Low,974,0,29,29,Europe,189.0
9130,Yeg-4,ARM,asia,CS78865,39.8692,45.3622,0.4045941651852321,1.4256619144602851,Very Low,975,0,29,29,Asia,1542.0
9637,Noveg-2,RUS,asia,CS77132,51.77,80.85,0.4045941651852321,1.4256619144602851,Very Low,976,0,29,29,Europe,219.0
9636,Noveg-1,RUS,asia,CS77131,51.75,80.82,0.4045941651852321,1.4256619144602851,Very Low,977,0,14,14,Europe,223.0
9634,Masl-1,RUS,asia,CS77073,54.13,81.31,0.4045941651852321,1.4256619144602851,Very Low,978,0,7,7,Europe,169.0
9131,Yeg-5,ARM,asia,CS78866,39.8692,45.3622,0.4045941651852321,1.4256619144602851,Very Low,979,0,7,7,Asia,1542.0
9610,Lesno-4,RUS,asia,CS77034,53.04,51.96,0.4045941651852321,1.4256619144602851,Very Low,980,0,29,29,Europe,121.0
9620,Basta-2,RUS,asia,CS76692,51.82,79.48,0.4045941651852321,1.4256619144602851,Very Low,981,0,29,29,Europe,202.0
9924,PLY-20,FRA,admixed,CS77181,48.59,4.24,0.4045941651852321,1.4256619144602851,Very Low,982,0,29,29,Europe,109.0
