accession_id,name,country,group,CS_number,latitude,longitude,predicted_response_score,response_percentile,predicted_category,rank,n_het_snps,n_alt_hom_snps,genetic_diversity
9099,Istisu-9,AZE,italy_balkan_caucasus,CS76953,40.0,47.6,0.6534863669780302,99.64358452138494,Very High,1,0,29,29
9067,Xan-3,AZE,italy_balkan_caucasus,CS78860,40.0,47.6,0.6534863669780302,99.64358452138494,Very High,2,0,29,29
9069,Xan-5,AZE,italy_balkan_caucasus,CS78861,40.0,47.6,0.6534863669780302,99.64358452138494,Very High,3,0,5,5
9081,Lerik2-3,AZE,italy_balkan_caucasus,CS77026,40.0,47.6,0.6534863669780302,99.64358452138494,Very High,4,0,29,29
9759,Anz-0,IRN,italy_balkan_caucasus,CS76439,32.0,53.0,0.6534863669780302,99.64358452138494,Very High,5,0,29,29
7288,Oy-0,NOR,admixed,CS77156,60.0,10.0,0.6534863669780302,99.64358452138494,Very High,6,0,29,29
5784,Ty-1,UK,admixed,CS78790,54.0,-2.0,0.6534863669780302,99.64358452138494,Very High,7,0,29,29
5757,Mc-1,UK,admixed,CS78785,54.0,-2.0,0.6534863669780302,99.64358452138494,Very High,8,0,2,2
6086,Sr:3,SWE,admixed,CS77267,62.0,15.0,0.6416494408091027,99.18533604887983,Very High,9,0,29,29
9966,Monte-1,ITA,italy_balkan_caucasus,CS76361,42.0,12.0,0.6409864025080305,99.03258655804481,Very High,10,0,29,29
997,Ale-Stenar-56-14,SWE,south_sweden,CS76653,62.0,15.0,0.6409864025080305,99.03258655804481,Very High,11,0,29,29
1061,Brösarp-11-135,SWE,south_sweden,CS76727,62.0,15.0,0.6409864025080304,63.59470468431772,Moderate,12,0,29,29
10001,TueV-13,GER,western_europe,CS76407,51.0,10.0,0.6409864025080304,63.59470468431772,Moderate,13,0,29,29
10002,TueWal-2,GER,western_europe,CS76405,51.0,10.0,0.6409864025080304,63.59470468431772,Moderate,14,0,29,29
1002,Ale-Stenar-64-24,SWE,south_sweden,CS76654,62.0,15.0,0.6409864025080304,63.59470468431772,Moderate,15,0,29,29
9932,NOZ-6,FRA,admixed,CS77134,46.0,2.0,0.6409864025080304,63.59470468431772,Moderate,16,0,29,29
9930,LEC-25,FRA,central_europe,CS77018,46.0,2.0,0.6409864025080304,63.59470468431772,Moderate,17,0,29,29
9574,IP-Rel-0,ESP,relict,CS77209,40.0,-3.7,0.6409864025080304,63.59470468431772,Moderate,18,0,29,29
9576,IP-Rev-0,ESP,admixed,CS77213,40.0,-3.7,0.6409864025080304,63.59470468431772,Moderate,19,0,2,2
9577,IP-Ria-0,ESP,spain,CS77216,40.0,-3.7,0.6409864025080304,63.59470468431772,Moderate,20,0,2,2
9578,IP-Sac-0,ESP,western_europe,CS77229,40.0,-3.7,0.6409864025080304,63.59470468431772,Moderate,21,0,0,0
9579,IP-San-10,ESP,admixed,CS77232,40.0,-3.7,0.6409864025080304,63.59470468431772,Moderate,22,0,0,0
9581,IP-Sdv-3,ESP,admixed,CS77242,40.0,-3.7,0.6409864025080304,63.59470468431772,Moderate,23,0,29,29
9582,IP-Ses-0,ESP,spain,CS77244,40.0,-3.7,0.6409864025080304,63.59470468431772,Moderate,24,0,29,29
9583,IP-Sne-0,ESP,relict,CS77258,40.0,-3.7,0.6409864025080304,63.59470468431772,Moderate,25,0,20,20
9546,IP-Hom-4,ESP,spain,CS76929,40.0,-3.7,0.6409864025080304,63.59470468431772,Moderate,26,0,4,4
9547,IP-Hor-0,ESP,spain,CS76930,40.0,-3.7,0.6409864025080304,63.59470468431772,Moderate,27,0,29,29
9548,IP-Hoy-0,ESP,admixed,CS76939,40.0,-3.7,0.6409864025080304,63.59470468431772,Moderate,28,0,29,29
9549,IP-Hum-2,ESP,relict,CS76943,40.0,-3.7,0.6409864025080304,63.59470468431772,Moderate,29,0,29,29
9550,IP-Iso-4,ESP,relict,CS76946,40.0,-3.7,0.6409864025080304,63.59470468431772,Moderate,30,0,29,29
9551,IP-Jim-1,ESP,admixed,CS76955,40.0,-3.7,0.6409864025080304,63.59470468431772,Moderate,31,0,29,29
9552,IP-Lab-7,ESP,admixed,CS76995,40.0,-3.7,0.6409864025080304,63.59470468431772,Moderate,32,0,29,29
9553,IP-Ldd-0,ESP,spain,CS77012,40.0,-3.7,0.6409864025080304,63.59470468431772,Moderate,33,0,29,29
1834,Mdn-8,USA,germany,CS78976,39.0,-97.0,0.6409864025080304,63.59470468431772,Moderate,34,0,29,29
1835,Mdn-10,USA,germany,CS78977,39.0,-97.0,0.6409864025080304,63.59470468431772,Moderate,35,0,29,29
1851,MNF-Pot-10,USA,germany,CS78978,39.0,-97.0,0.6409864025080304,63.59470468431772,Moderate,36,0,29,29
1852,MNF-Pot-15,USA,germany,CS78979,39.0,-97.0,0.6409864025080304,63.59470468431772,Moderate,37,0,29,29
1853,MNF-Pot-21,USA,germany,CS77099,39.0,-97.0,0.6409864025080304,63.59470468431772,Moderate,38,0,29,29
18694,Pien,RUS,asia,CS78926,60.0,100.0,0.6409864025080304,63.59470468431772,Moderate,39,0,29,29
1872,MNF-Pot-75,USA,germany,CS77100,39.0,-97.0,0.6409864025080304,63.59470468431772,Moderate,40,0,29,29
14318,Shu-1,RUS,asia,CS78930,60.0,100.0,0.6409864025080304,63.59470468431772,Moderate,41,0,29,29
1062,Brösarp-15-138,SWE,south_sweden,CS76728,62.0,15.0,0.6409864025080304,63.59470468431772,Moderate,42,0,29,29
1066,Brösarp-34-145,SWE,south_sweden,CS76730,62.0,15.0,0.6409864025080304,63.59470468431772,Moderate,43,0,29,29
1070,Brösarp-45-153,SWE,south_sweden,CS77643,62.0,15.0,0.6409864025080304,63.59470468431772,Moderate,44,0,29,29
108,LDV-18,FRA,western_europe,CS77013,46.0,2.0,0.6409864025080304,63.59470468431772,Moderate,45,0,29,29
1158,Aledal-6-49,SWE,south_sweden,CS76656,62.0,15.0,0.6409864025080304,63.59470468431772,Moderate,46,0,29,29
1166,Aledal-14-73,SWE,south_sweden,CS77651,62.0,15.0,0.6409864025080304,63.59470468431772,Moderate,47,0,29,29
1254,Tos-82-387,SWE,north_sweden,CS77379,62.0,15.0,0.6409864025080304,63.59470468431772,Moderate,48,0,29,29
1257,Tos-95-393,SWE,north_sweden,CS77380,62.0,15.0,0.6409864025080304,63.59470468431772,Moderate,49,0,29,29
1954,MNF-Jac-12,USA,germany,CS77097,39.0,-97.0,0.6409864025080304,63.59470468431772,Moderate,50,0,29,29
2017,MNF-Pin-40,USA,germany,CS78982,39.0,-97.0,0.6409864025080304,63.59470468431772,Moderate,51,0,29,29
2031,Map-8,USA,germany,CS78983,39.0,-97.0,0.6409864025080304,63.59470468431772,Moderate,52,0,4,4
2053,Map-35,USA,germany,CS78984,39.0,-97.0,0.6409864025080304,63.59470468431772,Moderate,53,0,29,29
2057,Map-42,USA,germany,CS77732,39.0,-97.0,0.6409864025080304,63.59470468431772,Moderate,54,0,2,2
2081,MuskSP-68,USA,germany,CS78985,39.0,-97.0,0.6409864025080304,63.59470468431772,Moderate,55,0,29,29
2091,MuskSP-83,USA,germany,CS78986,39.0,-97.0,0.6409864025080304,63.59470468431772,Moderate,56,0,29,29
2106,MSGA-10,USA,germany,CS78987,39.0,-97.0,0.6409864025080304,63.59470468431772,Moderate,57,0,29,29
1741,KBS-Mac-74,USA,germany,CS78969,39.0,-97.0,0.6409864025080304,63.59470468431772,Moderate,58,0,29,29
1756,Ker-4,USA,germany,CS78970,39.0,-97.0,0.6409864025080304,63.59470468431772,Moderate,59,0,4,4
1757,Ker-5,USA,germany,CS78971,39.0,-97.0,0.6409864025080304,63.59470468431772,Moderate,60,0,4,4
1793,L-R-5,USA,germany,CS78972,39.0,-97.0,0.6409864025080304,63.59470468431772,Moderate,61,0,4,4
1797,L-R-10,USA,germany,CS78973,39.0,-97.0,0.6409864025080304,63.59470468431772,Moderate,62,0,19,19
1819,Lak-12,USA,germany,CS78974,39.0,-97.0,0.6409864025080304,63.59470468431772,Moderate,63,0,29,29
1820,Lak-13,USA,germany,CS78975,39.0,-97.0,0.6409864025080304,63.59470468431772,Moderate,64,0,29,29
1829,Mdn-1,USA,germany,CS77077,39.0,-97.0,0.6409864025080304,63.59470468431772,Moderate,65,0,29,29
2159,Paw-13,USA,germany,CS78990,39.0,-97.0,0.6409864025080304,63.59470468431772,Moderate,66,0,29,29
2166,Paw-20,USA,germany,CS78991,39.0,-97.0,0.6409864025080304,63.59470468431772,Moderate,67,0,29,29
2171,Paw-26,USA,germany,CS77164,39.0,-97.0,0.6409864025080304,63.59470468431772,Moderate,68,0,29,29
2191,Pent-7,USA,germany,CS78992,39.0,-97.0,0.6409864025080304,63.59470468431772,Moderate,69,0,29,29
2212,Pent-46,USA,germany,CS78993,39.0,-97.0,0.6409864025080304,63.59470468431772,Moderate,70,0,29,29
2239,Riv-25,USA,germany,CS78994,39.0,-97.0,0.6409864025080304,63.59470468431772,Moderate,71,0,29,29
2240,Riv-26,USA,germany,CS78995,39.0,-97.0,0.6409864025080304,63.59470468431772,Moderate,72,0,29,29
2276,SLSP-31,USA,admixed,CS77254,39.0,-97.0,0.6409864025080304,63.59470468431772,Moderate,73,0,29,29
2278,SLSP-35,USA,germany,CS77255,39.0,-97.0,0.6409864025080304,63.59470468431772,Moderate,74,0,29,29
2285,SLSP-69,USA,germany,CS78996,39.0,-97.0,0.6409864025080304,63.59470468431772,Moderate,75,0,29,29
2286,SLSP-67,USA,germany,CS78997,39.0,-97.0,0.6409864025080304,63.59470468431772,Moderate,76,0,20,20
2317,Ste-40,USA,admixed,CS77278,39.0,-97.0,0.6409864025080304,63.59470468431772,Moderate,77,0,29,29
2370,Yng-4,USA,germany,CS78998,39.0,-97.0,0.6409864025080304,63.59470468431772,Moderate,78,0,29,29
1925,MNF-Che-2,USA,germany,CS77096,39.0,-97.0,0.6409864025080304,63.59470468431772,Moderate,79,0,29,29
1942,MNF-Che-47,USA,germany,CS78980,39.0,-97.0,0.6409864025080304,63.59470468431772,Moderate,80,0,29,29
1943,MNF-Che-49,USA,germany,CS78981,39.0,-97.0,0.6409864025080304,63.59470468431772,Moderate,81,0,29,29
265,PYL-6,FRA,admixed,CS77198,46.0,2.0,0.6409864025080304,63.59470468431772,Moderate,82,0,29,29
351,TOU-A1-89,FRA,western_europe,CS77383,46.0,2.0,0.6409864025080304,63.59470468431772,Moderate,83,0,29,29
403,Zdarec3,CZE,central_europe,CS78873,49.0,15.0,0.6409864025080304,63.59470468431772,Moderate,84,0,29,29
410,Doubravnik7,CZE,central_europe,CS76808,49.0,15.0,0.6409864025080304,63.59470468431772,Moderate,85,0,29,29
424,Draha2,CZE,central_europe,CS76812,49.0,15.0,0.6409864025080304,63.59470468431772,Moderate,86,0,29,29
428,Borky1,CZE,central_europe,CS76718,49.0,15.0,0.6409864025080304,63.59470468431772,Moderate,87,0,29,29
430,Gr-1,AUT,central_europe,CS76496,47.5,14.5,0.6409864025080304,63.59470468431772,Moderate,88,0,23,23
470,BRR4,USA,germany,CS78943,39.0,-97.0,0.6409864025080304,63.59470468431772,Moderate,89,0,29,29
476,BRR12,USA,germany,CS78944,39.0,-97.0,0.6409864025080304,63.59470468431772,Moderate,90,0,29,29
4779,UKSW06-179,UK,western_europe,CS78808,54.0,-2.0,0.6409864025080304,63.59470468431772,Moderate,91,0,29,29
4807,UKSW06-207,UK,western_europe,CS78809,54.0,-2.0,0.6409864025080304,63.59470468431772,Moderate,92,0,29,29
4826,UKSW06-226,UK,western_europe,CS78810,54.0,-2.0,0.6409864025080304,63.59470468431772,Moderate,93,0,29,29
484,BRR23,USA,germany,CS78945,39.0,-97.0,0.6409864025080304,63.59470468431772,Moderate,94,0,29,29
4840,UKSW06-240,UK,western_europe,CS79000,54.0,-2.0,0.6409864025080304,63.59470468431772,Moderate,95,0,29,29
2108,MSGA-12,USA,germany,CS78988,39.0,-97.0,0.6409864025080304,63.59470468431772,Moderate,96,0,29,29
2141,MSGA-61,USA,germany,CS78989,39.0,-97.0,0.6409864025080304,63.59470468431772,Moderate,97,0,29,29
5726,Cnt-1,UK,western_europe,CS78782,54.0,-2.0,0.6409864025080304,63.59470468431772,Moderate,98,0,29,29
5768,UKID63,UK,admixed,CS78786,54.0,-2.0,0.6409864025080304,63.59470468431772,Moderate,99,0,29,29
4857,UKSW06-257,UK,western_europe,CS79001,54.0,-2.0,0.6409864025080304,63.59470468431772,Moderate,100,0,29,29
4884,UKSW06-285,UK,western_europe,CS78811,54.0,-2.0,0.6409864025080304,63.59470468431772,Moderate,101,0,29,29
4900,UKSW06-302,UK,western_europe,CS78812,54.0,-2.0,0.6409864025080304,63.59470468431772,Moderate,102,0,29,29
4939,UKSW06-341,UK,western_europe,CS79002,54.0,-2.0,0.6409864025080304,63.59470468431772,Moderate,103,0,29,29
4958,UKSW06-360,UK,western_europe,CS78814,54.0,-2.0,0.6409864025080304,63.59470468431772,Moderate,104,0,29,29
5023,UKSE06-118,UK,western_europe,CS78799,54.0,-2.0,0.6409864025080304,63.59470468431772,Moderate,105,0,29,29
504,BRR57,USA,germany,CS78946,39.0,-97.0,0.6409864025080304,63.59470468431772,Moderate,106,0,29,29
506,BRR60,USA,germany,CS78947,39.0,-97.0,0.6409864025080304,63.59470468431772,Moderate,107,0,29,29
5151,UKSE06-325,UK,admixed,CS78801,54.0,-2.0,0.6409864025080304,63.59470468431772,Moderate,108,0,29,29
5236,UKSE06-470,UK,western_europe,CS78804,54.0,-2.0,0.6409864025080304,63.59470468431772,Moderate,109,0,29,29
5249,UKSE06-491,UK,western_europe,CS79003,54.0,-2.0,0.6409864025080304,63.59470468431772,Moderate,110,0,26,26
5253,UKSE06-500,UK,western_europe,CS78805,54.0,-2.0,0.6409864025080304,63.59470468431772,Moderate,111,0,29,29
5276,UKSE06-533,UK,western_europe,CS78806,54.0,-2.0,0.6409864025080304,63.59470468431772,Moderate,112,0,4,4
2412,Yng-53,USA,germany,CS78999,39.0,-97.0,0.6409864025080304,63.59470468431772,Moderate,113,0,0,0
9906,Mah-6,ESP,admixed,CS77063,40.0,-3.7,0.6409864025080304,63.59470468431772,Moderate,114,0,29,29
9908,ESP-1-11,FRA,western_europe,CS76847,46.0,2.0,0.6409864025080304,63.59470468431772,Moderate,115,0,29,29
9909,GEN-8,FRA,western_europe,CS76877,46.0,2.0,0.6409864025080304,63.59470468431772,Moderate,116,0,29,29
991,Ale-Stenar-41-1,SWE,south_sweden,CS76651,62.0,15.0,0.6409864025080304,63.59470468431772,Moderate,117,0,29,29
9910,BRI-2,FRA,western_europe,CS76725,46.0,2.0,0.6409864025080304,63.59470468431772,Moderate,118,0,29,29
9911,ARGE-1-15,FRA,western_europe,CS76672,46.0,2.0,0.6409864025080304,63.59470468431772,Moderate,119,0,29,29
5279,UKSE06-541,UK,western_europe,CS79004,54.0,-2.0,0.6409864025080304,63.59470468431772,Moderate,120,0,2,2
531,BRR107,USA,germany,CS78948,39.0,-97.0,0.6409864025080304,63.59470468431772,Moderate,121,0,29,29
5353,UKNW06-003,UK,western_europe,CS78792,54.0,-2.0,0.6409864025080304,63.59470468431772,Moderate,122,0,29,29
5395,UKNW06-102,UK,western_europe,CS79005,54.0,-2.0,0.6409864025080304,63.59470468431772,Moderate,123,0,29,29
544,LI-WP-039,USA,germany,CS78949,39.0,-97.0,0.6409864025080304,63.59470468431772,Moderate,124,0,23,23
5577,UKNW06-403,UK,western_europe,CS78797,54.0,-2.0,0.6409864025080304,63.59470468431772,Moderate,125,0,29,29
5644,UKNW06-481,UK,western_europe,CS78798,54.0,-2.0,0.6409864025080304,63.59470468431772,Moderate,126,0,29,29
5717,Bra-1,UK,western_europe,CS79007,54.0,-2.0,0.6409864025080304,63.59470468431772,Moderate,127,0,29,29
5718,UKID11,UK,western_europe,CS79008,54.0,-2.0,0.6409864025080304,63.59470468431772,Moderate,128,0,29,29
5720,Cal-2,UK,admixed,CS78781,54.0,-2.0,0.6409864025080304,63.59470468431772,Moderate,129,0,29,29
5830,App1-12,SWE,south_sweden,CS76667,62.0,15.0,0.6409864025080304,63.59470468431772,Moderate,130,0,29,29
5836,Boo2-3,SWE,south_sweden,CS77906,62.0,15.0,0.6409864025080304,63.59470468431772,Moderate,131,0,1,1
5837,Bor-1,CZE,central_europe,CS76453,49.0,15.0,0.6409864025080304,63.59470468431772,Moderate,132,0,31,31
5856,Dör-10,SWE,north_sweden,CS76806,62.0,15.0,0.6409864025080304,63.59470468431772,Moderate,133,0,29,29
5860,Dra-3,SWE,north_sweden,CS77913,62.0,15.0,0.6409864025080304,63.59470468431772,Moderate,134,0,29,29
5865,Dra1-4,SWE,south_sweden,CS76809,62.0,15.0,0.6409864025080304,63.59470468431772,Moderate,135,0,29,29
9895,Sfb-6,ESP,spain,CS77248,40.0,-3.7,0.6409864025080304,63.59470468431772,Moderate,136,0,29,29
9897,Smt-1,ESP,admixed,CS77257,40.0,-3.7,0.6409864025080304,63.59470468431772,Moderate,137,0,31,31
9898,Som-0,ESP,spain,CS77259,40.0,-3.7,0.6409864025080304,63.59470468431772,Moderate,138,0,29,29
9899,Tau-0,ESP,spain,CS77342,40.0,-3.7,0.6409864025080304,63.59470468431772,Moderate,139,0,3,3
9900,Tri-0,ESP,spain,CS77386,40.0,-3.7,0.6409864025080304,63.59470468431772,Moderate,140,0,2,2
9901,Urd-1,ESP,spain,CS78824,40.0,-3.7,0.6409864025080304,63.59470468431772,Moderate,141,0,29,29
9902,Usa-0,ESP,spain,CS78825,40.0,-3.7,0.6409864025080304,63.59470468431772,Moderate,142,0,29,29
9903,Val-0,ESP,spain,CS78829,40.0,-3.7,0.6409864025080304,63.59470468431772,Moderate,143,0,2,2
9904,Vas-0,ESP,spain,CS78833,40.0,-3.7,0.6409864025080304,63.59470468431772,Moderate,144,0,20,20
9905,Ven-0,ESP,relict,CS78840,40.0,-3.7,0.6409864025080304,63.59470468431772,Moderate,145,0,29,29
5921,DraIV 3-7,CZE,central_europe,CS76819,49.0,15.0,0.6409864025080304,63.59470468431772,Moderate,146,0,29,29
5950,DraIV 5-12,CZE,central_europe,CS76820,49.0,15.0,0.6409864025080304,63.59470468431772,Moderate,147,0,29,29
5984,DraIV 6-13,CZE,central_europe,CS76822,49.0,15.0,0.6409864025080304,63.59470468431772,Moderate,148,0,29,29
5993,DraIV 6-22,CZE,central_europe,CS76823,49.0,15.0,0.6409864025080304,63.59470468431772,Moderate,149,0,29,29
6008,Duk,CZE,central_europe,CS76824,49.0,15.0,0.6409864025080304,63.59470468431772,Moderate,150,0,29,29
6009,Eden-1,SWE,north_sweden,CS76826,62.0,15.0,0.6409864025080304,63.59470468431772,Moderate,151,0,29,29
6010,Eden-5,SWE,north_sweden,CS78000,62.0,15.0,0.6409864025080304,63.59470468431772,Moderate,152,0,29,29
6011,Eden-6,SWE,north_sweden,CS76828,62.0,15.0,0.6409864025080304,63.59470468431772,Moderate,153,0,29,29
6012,Eden-7,SWE,north_sweden,CS76829,62.0,15.0,0.6409864025080304,63.59470468431772,Moderate,154,0,29,29
6013,Eden-9,SWE,north_sweden,CS76830,62.0,15.0,0.6409864025080304,63.59470468431772,Moderate,155,0,29,29
6016,Eds-1,SWE,north_sweden,CS76834,62.0,15.0,0.6409864025080304,63.59470468431772,Moderate,156,0,29,29
5772,Set-1,UK,admixed,CS78787,54.0,-2.0,0.6409864025080304,63.59470468431772,Moderate,157,0,29,29
5776,UKID71,UK,western_europe,CS79009,54.0,-2.0,0.6409864025080304,63.59470468431772,Moderate,158,0,29,29
5779,UKID74,UK,western_europe,CS78789,54.0,-2.0,0.6409864025080304,63.59470468431772,Moderate,159,0,29,29
5798,UKID93,UK,western_europe,CS79010,54.0,-2.0,0.6409864025080304,63.59470468431772,Moderate,160,0,29,29
5822,UKID116,UK,admixed,CS78780,54.0,-2.0,0.6409864025080304,63.59470468431772,Moderate,161,0,29,29
6020,Fjä1-5,SWE,south_sweden,CS76861,62.0,15.0,0.6409864025080304,63.59470468431772,Moderate,162,0,29,29
6021,Fjä2-4,SWE,south_sweden,CS76862,62.0,15.0,0.6409864025080304,63.59470468431772,Moderate,163,0,29,29
6022,Fjä2-6,SWE,south_sweden,CS78009,62.0,15.0,0.6409864025080304,63.59470468431772,Moderate,164,0,29,29
6023,Fly2-1,SWE,south_sweden,CS76863,62.0,15.0,0.6409864025080304,63.59470468431772,Moderate,165,0,29,29
6024,Fly2-2,SWE,south_sweden,CS76864,62.0,15.0,0.6409864025080304,63.59470468431772,Moderate,166,0,29,29
6025,Gro-3,SWE,north_sweden,CS76889,62.0,15.0,0.6409864025080304,63.59470468431772,Moderate,167,0,29,29
6030,Grön-5,SWE,north_sweden,CS76893,62.0,15.0,0.6409864025080304,63.59470468431772,Moderate,168,0,29,29
6035,Hov1-10,SWE,south_sweden,CS76931,62.0,15.0,0.6409864025080304,63.59470468431772,Moderate,169,0,29,29
6040,Kni-1,SWE,south_sweden,CS76970,62.0,15.0,0.6409864025080304,63.59470468431772,Moderate,170,0,29,29
6041,Lis-3,SWE,south_sweden,CS77044,62.0,15.0,0.6409864025080304,63.59470468431772,Moderate,171,0,29,29
6043,Löv-1,SWE,north_sweden,CS77049,62.0,15.0,0.6409864025080304,63.59470468431772,Moderate,172,0,29,29
5867,Dra2-1,SWE,south_sweden,CS76810,62.0,15.0,0.6409864025080304,63.59470468431772,Moderate,173,0,29,29
5874,DraII-6,CZE,central_europe,CS76814,49.0,15.0,0.6409864025080304,63.59470468431772,Moderate,174,0,29,29
5890,DraIV 1-8,CZE,central_europe,CS76817,49.0,15.0,0.6409864025080304,63.59470468431772,Moderate,175,0,2,2
5893,DraIV 1-11,CZE,central_europe,CS76816,49.0,15.0,0.6409864025080304,63.59470468431772,Moderate,176,0,29,29
5907,DraIV 2-9,CZE,central_europe,CS76818,49.0,15.0,0.6409864025080304,63.59470468431772,Moderate,177,0,2,2
6112,T540,SWE,south_sweden,CS77303,62.0,15.0,0.6409864025080304,63.59470468431772,Moderate,178,0,4,4
6113,T550,SWE,south_sweden,CS77304,62.0,15.0,0.6409864025080304,63.59470468431772,Moderate,179,0,29,29
6046,Löv-5,SWE,north_sweden,CS77050,62.0,15.0,0.6409864025080304,63.59470468431772,Moderate,180,0,29,29
6064,Nyl-2,SWE,north_sweden,CS77136,62.0,15.0,0.6409864025080304,63.59470468431772,Moderate,181,0,29,29
6069,Nyl-7,SWE,north_sweden,CS77137,62.0,15.0,0.6409864025080304,63.59470468431772,Moderate,182,0,29,29
6070,Omn-1,SWE,north_sweden,CS77145,62.0,15.0,0.6409864025080304,63.59470468431772,Moderate,183,0,29,29
6073,ÖMö1-7,SWE,south_sweden,CS77147,62.0,15.0,0.6409864025080304,63.59470468431772,Moderate,184,0,29,29
6074,Ör-1,SWE,south_sweden,CS77150,62.0,15.0,0.6409864025080304,63.59470468431772,Moderate,185,0,29,29
6076,Rev-2,SWE,south_sweden,CS77215,62.0,15.0,0.6409864025080304,63.59470468431772,Moderate,186,0,29,29
6085,Sparta-1,SWE,south_sweden,CS77260,62.0,15.0,0.6409864025080304,63.59470468431772,Moderate,187,0,29,29
6091,T1010,SWE,south_sweden,CS78035,62.0,15.0,0.6409864025080304,63.59470468431772,Moderate,188,0,29,29
6092,T1020,SWE,south_sweden,CS77289,62.0,15.0,0.6409864025080304,63.59470468431772,Moderate,189,0,29,29
6095,T1050,SWE,south_sweden,CS78039,62.0,15.0,0.6409864025080304,63.59470468431772,Moderate,190,0,30,30
6096,T1060,SWE,south_sweden,CS78040,62.0,15.0,0.6409864025080304,63.59470468431772,Moderate,191,0,5,5
6017,Eds-9,SWE,north_sweden,CS76835,62.0,15.0,0.6409864025080304,63.59470468431772,Moderate,192,0,29,29
6019,Fjä1-2,SWE,south_sweden,CS76860,62.0,15.0,0.6409864025080304,63.59470468431772,Moderate,193,0,29,29
9886,Pru-0,ESP,spain,CS77190,40.0,-3.7,0.6409864025080304,63.59470468431772,Moderate,194,0,19,19
9887,Pun-0,ESP,relict,CS77196,40.0,-3.7,0.6409864025080304,63.59470468431772,Moderate,195,0,29,29
9888,Pva-1,ESP,spain,CS77197,40.0,-3.7,0.6409864025080304,63.59470468431772,Moderate,196,0,29,29
9890,Rib-1,ESP,admixed,CS77217,40.0,-3.7,0.6409864025080304,63.59470468431772,Moderate,197,0,19,19
9891,Sal-0,ESP,spain,CS77230,40.0,-3.7,0.6409864025080304,63.59470468431772,Moderate,198,0,29,29
9892,Sam-0,ESP,admixed,CS77231,40.0,-3.7,0.6409864025080304,63.59470468431772,Moderate,199,0,29,29
9894,Sen-0,ESP,admixed,CS77243,40.0,-3.7,0.6409864025080304,63.59470468431772,Moderate,200,0,29,29
6098,T1080,SWE,south_sweden,CS77292,62.0,15.0,0.6409864025080304,63.59470468431772,Moderate,201,0,29,29
6099,T1090,SWE,south_sweden,CS77293,62.0,15.0,0.6409864025080304,63.59470468431772,Moderate,202,0,28,28
6100,T1110,SWE,south_sweden,CS77294,62.0,15.0,0.6409864025080304,63.59470468431772,Moderate,203,0,29,29
6101,T1120,SWE,south_sweden,CS78045,62.0,15.0,0.6409864025080304,63.59470468431772,Moderate,204,0,29,29
6104,T1160,SWE,south_sweden,CS77296,62.0,15.0,0.6409864025080304,63.59470468431772,Moderate,205,0,19,19
6105,T450,SWE,south_sweden,CS77297,62.0,15.0,0.6409864025080304,63.59470468431772,Moderate,206,0,19,19
6108,T480,SWE,western_europe,CS77300,62.0,15.0,0.6409864025080304,63.59470468431772,Moderate,207,0,29,29
6109,T510,SWE,south_sweden,CS77301,62.0,15.0,0.6409864025080304,63.59470468431772,Moderate,208,0,29,29
6111,T530,SWE,south_sweden,CS77302,62.0,15.0,0.6409864025080304,63.59470468431772,Moderate,209,0,29,29
6125,T710,SWE,south_sweden,CS77310,62.0,15.0,0.6409864025080304,63.59470468431772,Moderate,210,0,29,29
6131,T780,SWE,south_sweden,CS77315,62.0,15.0,0.6409864025080304,63.59470468431772,Moderate,211,0,29,29
6132,T790,SWE,south_sweden,CS77316,62.0,15.0,0.6409864025080304,63.59470468431772,Moderate,212,0,19,19
6133,T800,SWE,south_sweden,CS77317,62.0,15.0,0.6409864025080304,63.59470468431772,Moderate,213,0,19,19
6136,T840,SWE,south_sweden,CS77319,62.0,15.0,0.6409864025080304,63.59470468431772,Moderate,214,0,29,29
6137,T850,SWE,south_sweden,CS77320,62.0,15.0,0.6409864025080304,63.59470468431772,Moderate,215,0,20,20
6140,T880,SWE,south_sweden,CS77322,62.0,15.0,0.6409864025080304,63.59470468431772,Moderate,216,0,29,29
9876,Pad-0,ESP,spain,CS77158,40.0,-3.7,0.6409864025080304,63.59470468431772,Moderate,217,0,29,29
9877,Pdl-0,ESP,admixed,CS77165,40.0,-3.7,0.6409864025080304,63.59470468431772,Moderate,218,0,29,29
9878,Pee-0,ESP,spain,CS77167,40.0,-3.7,0.6409864025080304,63.59470468431772,Moderate,219,0,29,29
9879,Per-0,ESP,relict,CS77169,40.0,-3.7,0.6409864025080304,63.59470468431772,Moderate,220,0,20,20
9880,Pib-1,ESP,spain,CS77175,40.0,-3.7,0.6409864025080304,63.59470468431772,Moderate,221,0,19,19
9881,Pie-0,ESP,admixed,CS77176,40.0,-3.7,0.6409864025080304,63.59470468431772,Moderate,222,0,29,29
9882,Pil-0,ESP,spain,CS77178,40.0,-3.7,0.6409864025080304,63.59470468431772,Moderate,223,0,29,29
9883,Piq-0,ESP,spain,CS77179,40.0,-3.7,0.6409864025080304,63.59470468431772,Moderate,224,0,29,29
9885,Prd-0,ESP,spain,CS77189,40.0,-3.7,0.6409864025080304,63.59470468431772,Moderate,225,0,19,19
6145,T930,SWE,south_sweden,CS77324,62.0,15.0,0.6409864025080304,63.59470468431772,Moderate,226,0,29,29
6148,T960,SWE,south_sweden,CS77325,62.0,15.0,0.6409864025080304,63.59470468431772,Moderate,227,0,29,29
6149,T970,SWE,south_sweden,CS77326,62.0,15.0,0.6409864025080304,63.59470468431772,Moderate,228,0,2,2
6150,T980,SWE,south_sweden,CS77327,62.0,15.0,0.6409864025080304,63.59470468431772,Moderate,229,0,29,29
6153,TAA 03,SWE,north_sweden,CS77329,62.0,15.0,0.6409864025080304,63.59470468431772,Moderate,230,0,29,29
6154,TAA 04,SWE,north_sweden,CS77330,62.0,15.0,0.6409864025080304,63.59470468431772,Moderate,231,0,29,29
6163,TAA 14,SWE,north_sweden,CS77331,62.0,15.0,0.6409864025080304,63.59470468431772,Moderate,232,0,29,29
6166,TAA 17,SWE,north_sweden,CS77332,62.0,15.0,0.6409864025080304,63.59470468431772,Moderate,233,0,29,29
6169,TÅD 01,SWE,north_sweden,CS77333,62.0,15.0,0.6409864025080304,63.59470468431772,Moderate,234,0,29,29
6172,TÅD 04,SWE,north_sweden,CS77335,62.0,15.0,0.6409864025080304,63.59470468431772,Moderate,235,0,29,29
6174,TÅD 06,SWE,north_sweden,CS77337,62.0,15.0,0.6409864025080304,63.59470468431772,Moderate,236,0,19,19
6184,TBÖ 01,SWE,north_sweden,CS77343,62.0,15.0,0.6409864025080304,63.59470468431772,Moderate,237,0,29,29
6118,T610,SWE,south_sweden,CS77307,62.0,15.0,0.6409864025080304,63.59470468431772,Moderate,238,0,29,29
6122,T670,SWE,south_sweden,CS77308,62.0,15.0,0.6409864025080304,63.59470468431772,Moderate,239,0,29,29
6123,T680,SWE,south_sweden,CS78064,62.0,15.0,0.6409864025080304,63.59470468431772,Moderate,240,0,29,29
6124,T690,SWE,south_sweden,CS77309,62.0,15.0,0.6409864025080304,63.59470468431772,Moderate,241,0,29,29
6390,UduI 3-36,CZE,central_europe,CS78775,49.0,15.0,0.6409864025080304,63.59470468431772,Moderate,242,0,29,29
6396,UduI 4-9,CZE,central_europe,CS78776,49.0,15.0,0.6409864025080304,63.59470468431772,Moderate,243,0,29,29
6193,TDr-7,SWE,south_sweden,CS77354,62.0,15.0,0.6409864025080304,63.59470468431772,Moderate,244,0,2,2
6195,TDr-9,SWE,south_sweden,CS77356,62.0,15.0,0.6409864025080304,63.59470468431772,Moderate,245,0,29,29
6198,TDr-13,SWE,south_sweden,CS77347,62.0,15.0,0.6409864025080304,63.59470468431772,Moderate,246,0,2,2
6202,TDr-17,SWE,south_sweden,CS77349,62.0,15.0,0.6409864025080304,63.59470468431772,Moderate,247,0,29,29
6209,TEDEN 02,SWE,north_sweden,CS77358,62.0,15.0,0.6409864025080304,63.59470468431772,Moderate,248,0,2,2
6210,TEDEN 03,SWE,north_sweden,CS77359,62.0,15.0,0.6409864025080304,63.59470468431772,Moderate,249,0,29,29
6214,TFÄ 04,SWE,north_sweden,CS78121,62.0,15.0,0.6409864025080304,63.59470468431772,Moderate,250,0,29,29
6216,TFÄ 06,SWE,north_sweden,CS77362,62.0,15.0,0.6409864025080304,63.59470468431772,Moderate,251,0,2,2
6217,TFÄ 07,SWE,north_sweden,CS77363,62.0,15.0,0.6409864025080304,63.59470468431772,Moderate,252,0,29,29
6218,TFÄ 08,SWE,north_sweden,CS77364,62.0,15.0,0.6409864025080304,63.59470468431772,Moderate,253,0,2,2
6220,TGR 01,SWE,north_sweden,CS77365,62.0,15.0,0.6409864025080304,63.59470468431772,Moderate,254,0,29,29
6221,TGR 02,SWE,north_sweden,CS77366,62.0,15.0,0.6409864025080304,63.59470468431772,Moderate,255,0,29,29
6141,T890,SWE,south_sweden,CS78079,62.0,15.0,0.6409864025080304,63.59470468431772,Moderate,256,0,29,29
6142,T900,SWE,south_sweden,CS77323,62.0,15.0,0.6409864025080304,63.59470468431772,Moderate,257,0,29,29
6805,HS-12,USA,germany,CS79015,39.0,-97.0,0.6409864025080304,63.59470468431772,Moderate,258,0,29,29
681,LI-RR-097,USA,germany,CS78953,39.0,-97.0,0.6409864025080304,63.59470468431772,Moderate,259,0,29,29
6814,KNO-15,USA,germany,CS79017,39.0,-97.0,0.6409864025080304,63.59470468431772,Moderate,260,0,29,29
685,LI-EF-011,USA,germany,CS78954,39.0,-97.0,0.6409864025080304,63.59470468431772,Moderate,261,0,29,29
687,LI-EF-018,USA,germany,CS78955,39.0,-97.0,0.6409864025080304,63.59470468431772,Moderate,262,0,29,29
6231,TNY 04,SWE,north_sweden,CS77368,62.0,15.0,0.6409864025080304,63.59470468431772,Moderate,263,0,29,29
6238,TOM 04,SWE,north_sweden,CS77374,62.0,15.0,0.6409864025080304,63.59470468431772,Moderate,264,0,29,29
6241,TOM 07,SWE,north_sweden,CS77376,62.0,15.0,0.6409864025080304,63.59470468431772,Moderate,265,0,19,19
6243,Tottarp-2,SWE,central_europe,CS77381,62.0,15.0,0.6409864025080304,63.59470468431772,Moderate,266,0,29,29
6252,TV-4,SWE,germany,CS78771,62.0,15.0,0.6409864025080304,63.59470468431772,Moderate,267,0,29,29
6255,TV-7,SWE,germany,CS78772,62.0,15.0,0.6409864025080304,63.59470468431772,Moderate,268,0,29,29
6258,TV-10,SWE,admixed,CS78767,62.0,15.0,0.6409864025080304,63.59470468431772,Moderate,269,0,29,29
6268,TV-22,SWE,germany,CS78768,62.0,15.0,0.6409864025080304,63.59470468431772,Moderate,270,0,29,29
6276,TV-30,SWE,germany,CS78769,62.0,15.0,0.6409864025080304,63.59470468431772,Moderate,271,0,29,29
6284,TV-38,SWE,south_sweden,CS78770,62.0,15.0,0.6409864025080304,63.59470468431772,Moderate,272,0,2,2
6296,UduI 1-11,CZE,central_europe,CS78774,49.0,15.0,0.6409864025080304,63.59470468431772,Moderate,273,0,29,29
9868,Moe-0,ESP,spain,CS77104,40.0,-3.7,0.6409864025080304,63.59470468431772,Moderate,274,0,29,29
9870,Moz-0,ESP,spain,CS77111,40.0,-3.7,0.6409864025080304,63.59470468431772,Moderate,275,0,3,3
9871,Nac-0,ESP,relict,CS77117,40.0,-3.7,0.6409864025080304,63.59470468431772,Moderate,276,0,29,29
9873,Ndc-0,ESP,spain,CS77125,40.0,-3.7,0.6409864025080304,63.59470468431772,Moderate,277,0,29,29
9874,Oja-0,ESP,spain,CS77143,40.0,-3.7,0.6409864025080304,63.59470468431772,Moderate,278,0,29,29
9875,Ovi-1,ESP,western_europe,CS77155,40.0,-3.7,0.6409864025080304,63.59470468431772,Moderate,279,0,29,29
6413,Ull3-4,SWE,south_sweden,CS78819,62.0,15.0,0.6409864025080304,63.59470468431772,Moderate,280,0,29,29
6424,ZdrI 1-23,CZE,central_europe,CS78875,49.0,15.0,0.6409864025080304,63.59470468431772,Moderate,281,0,29,29
6445,ZdrI 2-21,CZE,central_europe,CS78876,49.0,15.0,0.6409864025080304,63.59470468431772,Moderate,282,0,29,29
6680,ANH-1,GER,western_europe,CS76437,51.0,10.0,0.6409864025080304,63.59470468431772,Moderate,283,0,29,29
6739,CSHL-15,USA,germany,CS79011,39.0,-97.0,0.6409864025080304,63.59470468431772,Moderate,284,0,29,29
6740,CSHL-17,USA,germany,CS79012,39.0,-97.0,0.6409864025080304,63.59470468431772,Moderate,285,0,29,29
6744,CSHL-5,USA,germany,CS76779,39.0,-97.0,0.6409864025080304,63.59470468431772,Moderate,286,0,29,29
6749,FM-10,USA,germany,CS79013,39.0,-97.0,0.6409864025080304,63.59470468431772,Moderate,287,0,29,29
6750,FM-11,USA,germany,CS79014,39.0,-97.0,0.6409864025080304,63.59470468431772,Moderate,288,0,29,29
680,LI-RR-096,USA,germany,CS78952,39.0,-97.0,0.6409864025080304,63.59470468431772,Moderate,289,0,29,29
6915,Ei-2,GER,germany,CS76478,51.0,10.0,0.6409864025080304,63.59470468431772,Moderate,290,0,29,29
6917,Fäb-2,SWE,north_sweden,CS76850,62.0,15.0,0.6409864025080304,63.59470468431772,Moderate,291,0,27,27
6918,Fäb-4,SWE,north_sweden,CS76851,62.0,15.0,0.6409864025080304,63.59470468431772,Moderate,292,0,29,29
6923,HR-10,UK,western_europe,CS76940,54.0,-2.0,0.6409864025080304,63.59470468431772,Moderate,293,0,29,29
6924,HR-5,UK,western_europe,CS76514,54.0,-2.0,0.6409864025080304,63.59470468431772,Moderate,294,0,29,29
6926,Kin-0,USA,western_europe,CS76527,39.0,-97.0,0.6409864025080304,63.59470468431772,Moderate,295,0,29,29
6927,KNO-10,USA,germany,CS76973,39.0,-97.0,0.6409864025080304,63.59470468431772,Moderate,296,0,29,29
9857,Leg-0,ESP,spain,CS77019,40.0,-3.7,0.6409864025080304,63.59470468431772,Moderate,297,0,29,29
9858,Loz-0,ESP,admixed,CS77051,40.0,-3.7,0.6409864025080304,63.59470468431772,Moderate,298,0,29,29
9859,Lro-0,ESP,spain,CS77054,40.0,-3.7,0.6409864025080304,63.59470468431772,Moderate,299,0,0,0
9860,Lum-0,ESP,spain,CS77059,40.0,-3.7,0.6409864025080304,63.59470468431772,Moderate,300,0,29,29
9861,Mac-0,ESP,spain,CS77061,40.0,-3.7,0.6409864025080304,63.59470468431772,Moderate,301,0,29,29
9862,Mad-0,ESP,western_europe,CS77062,40.0,-3.7,0.6409864025080304,63.59470468431772,Moderate,302,0,29,29
9864,Mat-0,ESP,spain,CS77074,40.0,-3.7,0.6409864025080304,63.59470468431772,Moderate,303,0,29,29
9866,Mdd-0,ESP,spain,CS77076,40.0,-3.7,0.6409864025080304,63.59470468431772,Moderate,304,0,29,29
9867,Mie-1,ESP,spain,CS77083,40.0,-3.7,0.6409864025080304,63.59470468431772,Moderate,305,0,2,2
6992,Ang-0,BEL,admixed,CS76436,50.5,4.0,0.6409864025080304,63.59470468431772,Moderate,306,0,29,29
6932,Ler-1,GER,admixed,CS77021,51.0,10.0,0.6409864025080304,63.59470468431772,Moderate,307,0,29,29
6933,LL-0,ESP,spain,CS77047,40.0,-3.7,0.6409864025080304,63.59470468431772,Moderate,308,0,29,29
6940,Mz-0,GER,germany,CS76557,51.0,10.0,0.6409864025080304,63.59470468431772,Moderate,309,0,29,29
6943,NFA-10,UK,western_europe,CS77126,54.0,-2.0,0.6409864025080304,63.59470468431772,Moderate,310,0,2,2
6959,Rennes-1,FRA,western_europe,CS77210,46.0,2.0,0.6409864025080304,63.59470468431772,Moderate,311,0,5,5
6961,Se-0,ESP,spain,CS76597,40.0,-3.7,0.6409864025080304,63.59470468431772,Moderate,312,0,29,29
6966,Sq-1,UK,western_europe,CS77266,54.0,-2.0,0.6409864025080304,63.59470468431772,Moderate,313,0,29,29
6968,Tamm-2,FIN,north_sweden,CS76610,61.0,25.0,0.6409864025080304,63.59470468431772,Moderate,314,0,3,3
6898,An-1,BEL,admixed,CS76435,50.5,4.0,0.6409864025080304,63.59470468431772,Moderate,315,0,29,29
6901,Bil-7,SWE,north_sweden,CS76710,62.0,15.0,0.6409864025080304,63.59470468431772,Moderate,316,0,29,29
6904,Br-0,CZE,western_europe,CS76455,49.0,15.0,0.6409864025080304,63.59470468431772,Moderate,317,0,1,1
6907,CIBC-17,UK,admixed,CS76770,54.0,-2.0,0.6409864025080304,63.59470468431772,Moderate,318,0,28,28
6908,CIBC-5,UK,western_europe,CS78894,54.0,-2.0,0.6409864025080304,63.59470468431772,Moderate,319,0,28,28
6911,Cvi-0,CPV,relict,CS76789,,,0.6409864025080304,63.59470468431772,Moderate,320,0,28,28
6913,Eden-2,SWE,north_sweden,CS76827,62.0,15.0,0.6409864025080304,63.59470468431772,Moderate,321,0,29,29
9849,Gud-3,ESP,admixed,CS76895,40.0,-3.7,0.6409864025080304,63.59470468431772,Moderate,322,0,0,0
9850,Hec-0,ESP,spain,CS76917,40.0,-3.7,0.6409864025080304,63.59470468431772,Moderate,323,0,29,29
9851,Hue-3,ESP,western_europe,CS76942,40.0,-3.7,0.6409864025080304,63.59470468431772,Moderate,324,0,29,29
9852,Ini-0,ESP,spain,CS76945,40.0,-3.7,0.6409864025080304,63.59470468431772,Moderate,325,0,29,29
9853,Lac-0,ESP,western_europe,CS76996,40.0,-3.7,0.6409864025080304,63.59470468431772,Moderate,326,0,29,29
9854,Laf-1,ESP,western_europe,CS76997,40.0,-3.7,0.6409864025080304,63.59470468431772,Moderate,327,0,29,29
9855,Lam-0,ESP,spain,CS77008,40.0,-3.7,0.6409864025080304,63.59470468431772,Moderate,328,0,29,29
9856,Lch-0,ESP,spain,CS77010,40.0,-3.7,0.6409864025080304,63.59470468431772,Moderate,329,0,19,19
6969,Tamm-27,FIN,north_sweden,CS77341,61.0,25.0,0.6409864025080304,63.59470468431772,Moderate,330,0,29,29
6971,Ts-5,ESP,spain,CS77388,40.0,-3.7,0.6409864025080304,63.59470468431772,Moderate,331,0,23,23
6973,Ull2-3,SWE,germany,CS78817,62.0,15.0,0.6409864025080304,63.59470468431772,Moderate,332,0,3,3
6976,Uod-7,AUT,central_europe,CS78823,47.5,14.5,0.6409864025080304,63.59470468431772,Moderate,333,0,20,20
6984,Zdr-1,CZE,central_europe,CS76635,49.0,15.0,0.6409864025080304,63.59470468431772,Moderate,334,0,29,29
6986,Abd-0,UK,western_europe,CS76429,54.0,-2.0,0.6409864025080304,63.59470468431772,Moderate,335,0,29,29
6987,Ak-1,GER,admixed,CS76431,51.0,10.0,0.6409864025080304,63.59470468431772,Moderate,336,0,29,29
6990,Amel-1,NED,admixed,CS76434,52.0,5.0,0.6409864025080304,63.59470468431772,Moderate,337,0,29,29
7033,Buckhorn Pass,USA,germany,CS76733,39.0,-97.0,0.6409864025080304,63.59470468431772,Moderate,338,0,29,29
7036,Bu-0,GER,germany,CS78889,51.0,10.0,0.6409864025080304,63.59470468431772,Moderate,339,0,0,0
7058,Bur-0,IRL,admixed,CS76734,53.0,-8.0,0.6409864025080304,63.59470468431772,Moderate,340,0,5,5
7061,Cal-0,UK,admixed,CS76460,54.0,-2.0,0.6409864025080304,63.59470468431772,Moderate,341,0,7,7
7063,Can-0,ESP,relict,CS76740,40.0,-3.7,0.6409864025080304,63.59470468431772,Moderate,342,0,17,17
7067,Ct-1,ITA,central_europe,CS76786,42.0,12.0,0.6409864025080304,63.59470468431772,Moderate,343,0,29,29
7068,Cerv-1,ITA,italy_balkan_caucasus,CS76462,42.0,12.0,0.6409864025080304,63.59470468431772,Moderate,344,0,28,28
7071,Chat-1,FRA,western_europe,CS76463,46.0,2.0,0.6409864025080304,63.59470468431772,Moderate,345,0,29,29
9840,Dar-0,ESP,spain,CS76792,40.0,-3.7,0.6409864025080304,63.59470468431772,Moderate,346,0,29,29
9841,Ees-0,ESP,spain,CS76836,40.0,-3.7,0.6409864025080304,63.59470468431772,Moderate,347,0,3,3
9843,Elp-0,ESP,spain,CS76840,40.0,-3.7,0.6409864025080304,63.59470468431772,Moderate,348,0,29,29
9844,Esn-2,ESP,spain,CS76846,40.0,-3.7,0.6409864025080304,63.59470468431772,Moderate,349,0,29,29
9845,Evs-0,ESP,spain,CS76848,40.0,-3.7,0.6409864025080304,63.59470468431772,Moderate,350,0,29,29
9846,Ezc-2,ESP,spain,CS76849,40.0,-3.7,0.6409864025080304,63.59470468431772,Moderate,351,0,29,29
9847,Fel-2,ESP,western_europe,CS76854,40.0,-3.7,0.6409864025080304,63.59470468431772,Moderate,352,0,1,1
9848,Glo-1,ESP,spain,CS76879,40.0,-3.7,0.6409864025080304,63.59470468431772,Moderate,353,0,29,29
9839,Coy-0,ESP,admixed,CS76785,40.0,-3.7,0.6409864025080304,63.59470468431772,Moderate,354,0,29,29
7160,Gre-0,USA,germany,CS76497,39.0,-97.0,0.6409864025080304,63.59470468431772,Moderate,355,0,29,29
7181,Je-0,GER,admixed,CS76518,51.0,10.0,0.6409864025080304,63.59470468431772,Moderate,356,0,29,29
7186,Kn-0,LTU,central_europe,CS76969,,,0.6409864025080304,63.59470468431772,Moderate,357,0,28,28
7207,Kyoto,JPN,central_europe,CS76535,36.0,138.0,0.6409864025080304,63.59470468431772,Moderate,358,0,29,29
7081,Co,POR,spain,CS78895,39.5,-8.0,0.6409864025080304,63.59470468431772,Moderate,359,0,29,29
7103,Dra-0,CZE,central_europe,CS76476,49.0,15.0,0.6409864025080304,63.59470468431772,Moderate,360,0,29,29
7107,Durh-1,UK,western_europe,CS76477,54.0,-2.0,0.6409864025080304,63.59470468431772,Moderate,361,0,29,29
7109,Ema-1,UK,western_europe,CS76480,54.0,-2.0,0.6409864025080304,63.59470468431772,Moderate,362,0,29,29
7111,Edi-0,UK,admixed,CS76831,54.0,-2.0,0.6409864025080304,63.59470468431772,Moderate,363,0,1,1
7120,En-D,GER,central_europe,CS76482,51.0,10.0,0.6409864025080304,63.59470468431772,Moderate,364,0,28,28
7126,Es-0,FIN,admixed,CS76484,61.0,25.0,0.6409864025080304,63.59470468431772,Moderate,365,0,29,29
7130,Et-0,FRA,western_europe,CS76486,46.0,2.0,0.6409864025080304,63.59470468431772,Moderate,366,0,28,28
7013,Bd-0,GER,south_sweden,CS76445,51.0,10.0,0.6409864025080304,63.59470468431772,Moderate,367,0,29,29
7025,Bl-1,ITA,central_europe,CS76450,42.0,12.0,0.6409864025080304,63.59470468431772,Moderate,368,0,4,4
7028,Bch-1,GER,admixed,CS76444,51.0,10.0,0.6409864025080304,63.59470468431772,Moderate,369,0,29,29
7268,Np-0,GER,admixed,CS76563,51.0,10.0,0.6409864025080304,63.59470468431772,Moderate,370,0,4,4
728,LI-SET-019,USA,germany,CS78956,39.0,-97.0,0.6409864025080304,63.59470468431772,Moderate,371,0,0,0
9823,Bae-0,ESP,western_europe,CS76681,40.0,-3.7,0.6409864025080304,63.59470468431772,Moderate,372,0,2,2
9825,Boa-0,ESP,spain,CS76714,40.0,-3.7,0.6409864025080304,63.59470468431772,Moderate,373,0,4,4
9826,Bor-0,ESP,western_europe,CS76717,40.0,-3.7,0.6409864025080304,63.59470468431772,Moderate,374,0,29,29
9827,Bos-0,ESP,western_europe,CS76719,40.0,-3.7,0.6409864025080304,63.59470468431772,Moderate,375,0,9,9
9828,Bra-0,ESP,western_europe,CS76721,40.0,-3.7,0.6409864025080304,63.59470468431772,Moderate,376,0,5,5
9830,IP-Bus-0,ESP,admixed,CS76736,40.0,-3.7,0.6409864025080304,63.59470468431772,Moderate,377,0,3,3
9831,Cas-0,ESP,admixed,CS76743,40.0,-3.7,0.6409864025080304,63.59470468431772,Moderate,378,0,19,19
9832,Cat-0,ESP,relict,CS76759,40.0,-3.7,0.6409864025080304,63.59470468431772,Moderate,379,0,1,1
9833,IP-Cha-0,ESP,spain,CS76764,40.0,-3.7,0.6409864025080304,63.59470468431772,Moderate,380,0,19,19
9834,Cho-0,ESP,spain,CS76768,40.0,-3.7,0.6409864025080304,63.59470468431772,Moderate,381,0,24,24
9835,Cir-0,ESP,admixed,CS76772,40.0,-3.7,0.6409864025080304,63.59470468431772,Moderate,382,0,29,29
9836,Cod-0,ESP,spain,CS76777,40.0,-3.7,0.6409864025080304,63.59470468431772,Moderate,383,0,0,0
9837,Con-0,ESP,relict,CS76780,40.0,-3.7,0.6409864025080304,63.59470468431772,Moderate,384,0,29,29
9838,Cot-0,ESP,admixed,CS76784,40.0,-3.7,0.6409864025080304,63.59470468431772,Moderate,385,0,3,3
9815,Ha-HBT3-11,GER,central_europe,CS76900,51.0,10.0,0.6409864025080304,63.59470468431772,Moderate,386,0,8,8
9816,Tü-WH,GER,central_europe,CS77398,51.0,10.0,0.6409864025080304,63.59470468431772,Moderate,387,0,8,8
9817,Ace-0,ESP,spain,CS76642,40.0,-3.7,0.6409864025080304,63.59470468431772,Moderate,388,0,4,4
9819,Amu-0,ESP,spain,CS76664,40.0,-3.7,0.6409864025080304,63.59470468431772,Moderate,389,0,29,29
9820,Are-0,ESP,spain,CS76671,40.0,-3.7,0.6409864025080304,63.59470468431772,Moderate,390,0,29,29
9821,Aru-0,ESP,spain,CS76674,40.0,-3.7,0.6409864025080304,63.59470468431772,Moderate,391,0,1,1
9822,Aul-0,ESP,spain,CS76675,40.0,-3.7,0.6409864025080304,63.59470468431772,Moderate,392,0,29,29
7208,Lan-0,UK,germany,CS76539,54.0,-2.0,0.6409864025080304,63.59470468431772,Moderate,393,0,29,29
7213,Ler-0,GER,admixed,CS77020,51.0,10.0,0.6409864025080304,63.59470468431772,Moderate,394,0,29,29
7218,Le-0,NED,admixed,CS76540,52.0,5.0,0.6409864025080304,63.59470468431772,Moderate,395,0,29,29
7223,Li-2:1,GER,central_europe,CS76541,51.0,10.0,0.6409864025080304,63.59470468431772,Moderate,396,0,29,29
7231,Li-7,GER,germany,CS77035,51.0,10.0,0.6409864025080304,63.59470468431772,Moderate,397,0,29,29
7236,Litva,LTU,central_europe,CS76543,,,0.6409864025080304,63.59470468431772,Moderate,398,0,29,29
7248,Mv-0,USA,germany,CS76556,39.0,-97.0,0.6409864025080304,63.59470468431772,Moderate,399,0,29,29
7250,Me-0,GER,germany,CS76549,51.0,10.0,0.6409864025080304,63.59470468431772,Moderate,400,0,3,3
7255,Mh-0,GER,germany,CS76550,51.0,10.0,0.6409864025080304,63.59470468431772,Moderate,401,0,29,29
7298,Pi-0,AUT,central_europe,CS76572,47.5,14.5,0.6409864025080304,63.59470468431772,Moderate,402,0,2,2
7305,Pt-0,GER,admixed,CS78915,51.0,10.0,0.6409864025080304,63.59470468431772,Moderate,403,0,5,5
7306,Pog-0,CAN,western_europe,CS76576,56.0,-106.0,0.6409864025080304,63.59470468431772,Moderate,404,0,29,29
7307,Pn-0,FRA,western_europe,CS77182,46.0,2.0,0.6409864025080304,63.59470468431772,Moderate,405,0,3,3
7319,Rome-1,ITA,admixed,CS76590,42.0,12.0,0.6409864025080304,63.59470468431772,Moderate,406,0,31,31
7320,Rou-0,FRA,western_europe,CS76591,46.0,2.0,0.6409864025080304,63.59470468431772,Moderate,407,0,29,29
7322,Rsch-4,RUS,germany,CS77222,60.0,100.0,0.6409864025080304,63.59470468431772,Moderate,408,0,29,29
7327,Sf-1,ESP,spain,CS77246,40.0,-3.7,0.6409864025080304,63.59470468431772,Moderate,409,0,29,29
7328,Sf-2,ESP,spain,CS77247,40.0,-3.7,0.6409864025080304,63.59470468431772,Moderate,410,0,29,29
7332,Seattle-0,USA,western_europe,CS76598,39.0,-97.0,0.6409864025080304,63.59470468431772,Moderate,411,0,29,29
7333,Sei-0,ITA,central_europe,CS76599,42.0,12.0,0.6409864025080304,63.59470468431772,Moderate,412,0,2,2
7337,Si-0,GER,germany,CS76601,51.0,10.0,0.6409864025080304,63.59470468431772,Moderate,413,0,29,29
9803,Müh-2,GER,central_europe,CS77113,51.0,10.0,0.6409864025080304,63.59470468431772,Moderate,414,0,29,29
9807,Schl-7,GER,central_europe,CS77240,51.0,10.0,0.6409864025080304,63.59470468431772,Moderate,415,0,29,29
9809,Tü-KB-6,GER,western_europe,CS77393,51.0,10.0,0.6409864025080304,63.59470468431772,Moderate,416,0,2,2
9812,Tü-W1,GER,central_europe,CS77397,51.0,10.0,0.6409864025080304,63.59470468431772,Moderate,417,0,29,29
7460,Da(1)-12,CZE,central_europe,CS76470,49.0,15.0,0.6409864025080304,63.59470468431772,Moderate,418,0,29,29
7475,KEN,USA,germany,CS79021,39.0,-97.0,0.6409864025080304,63.59470468431772,Moderate,419,0,29,29
7342,Su-0,UK,admixed,CS76606,54.0,-2.0,0.6409864025080304,63.59470468431772,Moderate,420,0,29,29
7344,Sg-1,GER,admixed,CS76600,51.0,10.0,0.6409864025080304,63.59470468431772,Moderate,421,0,29,29
7347,Stw-0,RUS,central_europe,CS76605,60.0,100.0,0.6409864025080304,63.59470468431772,Moderate,422,0,29,29
7349,Ta-0,CZE,central_europe,CS76608,49.0,15.0,0.6409864025080304,63.59470468431772,Moderate,423,0,29,29
7353,Tha-1,NED,admixed,CS76611,52.0,5.0,0.6409864025080304,63.59470468431772,Moderate,424,0,29,29
7354,Ting-1,SWE,south_sweden,CS76612,62.0,15.0,0.6409864025080304,63.59470468431772,Moderate,425,0,29,29
7356,Tol-0,USA,germany,CS76614,39.0,-97.0,0.6409864025080304,63.59470468431772,Moderate,426,0,29,29
7358,Tol-2,USA,germany,CS79019,39.0,-97.0,0.6409864025080304,63.59470468431772,Moderate,427,0,29,29
7359,Tol-3,USA,germany,CS79020,39.0,-97.0,0.6409864025080304,63.59470468431772,Moderate,428,0,29,29
7373,Tsu-0,JPN,admixed,CS77389,36.0,138.0,0.6409864025080304,63.59470468431772,Moderate,429,0,29,29
7377,Tul-0,USA,germany,CS76618,39.0,-97.0,0.6409864025080304,63.59470468431772,Moderate,430,0,29,29
7378,Uk-1,GER,admixed,CS76620,51.0,10.0,0.6409864025080304,63.59470468431772,Moderate,431,0,3,3
7383,Van-0,CAN,western_europe,CS76623,56.0,-106.0,0.6409864025080304,63.59470468431772,Moderate,432,0,29,29
7296,Petergof,RUS,central_europe,CS77170,60.0,100.0,0.6409864025080304,63.59470468431772,Moderate,433,0,29,29
7523,Pna-17,USA,germany,CS76575,39.0,-97.0,0.6409864025080304,63.59470468431772,Moderate,434,0,29,29
7525,Rmx-A180,USA,germany,CS77218,39.0,-97.0,0.6409864025080304,63.59470468431772,Moderate,435,0,29,29
7529,627RMX-1MN4,USA,germany,CS79022,39.0,-97.0,0.6409864025080304,63.59470468431772,Moderate,436,0,23,23
7530,627RMX-1MN5,USA,germany,CS79023,39.0,-97.0,0.6409864025080304,63.59470468431772,Moderate,437,0,3,3
7566,627ME-13Y1,USA,germany,CS78367,39.0,-97.0,0.6409864025080304,63.59470468431772,Moderate,438,0,3,3
7568,627ME-1MI1,USA,germany,CS79024,39.0,-97.0,0.6409864025080304,63.59470468431772,Moderate,439,0,21,21
9741,Orast-1,ROU,central_europe,CS77151,,,0.6409864025080304,63.59470468431772,Moderate,440,0,3,3
9747,Zabar-1,SRB,central_europe,CS78870,44.0,21.0,0.6409864025080304,63.59470468431772,Moderate,441,0,2,2
9756,Staro-2,SRB,central_europe,CS77273,44.0,21.0,0.6409864025080304,63.59470468431772,Moderate,442,0,29,29
9764,Qar-8a,LBN,admixed,CS76581,34.0,35.8,0.6409864025080304,63.59470468431772,Moderate,443,0,29,29
9782,Lu3-30,GER,central_europe,CS77057,51.0,10.0,0.6409864025080304,63.59470468431772,Moderate,444,0,29,29
7416,Yo-0,USA,germany,CS76633,39.0,-97.0,0.6409864025080304,63.59470468431772,Moderate,445,0,2,2
7417,Zu-0,SUI,western_europe,CS78880,,,0.6409864025080304,63.59470468431772,Moderate,446,0,29,29
7418,Zu-1,SUI,admixed,CS78881,,,0.6409864025080304,63.59470468431772,Moderate,447,0,8,8
742,LI-SET-036,USA,germany,CS78957,39.0,-97.0,0.6409864025080304,63.59470468431772,Moderate,448,0,29,29
7427,Ko-2,DEN,central_europe,CS76531,56.0,9.0,0.6409864025080304,63.59470468431772,Moderate,449,0,29,29
8214,Gy-0,FRA,western_europe,CS78901,46.0,2.0,0.6409864025080304,63.59470468431772,Moderate,450,0,4,4
8222,Lis-2,SWE,south_sweden,CS77043,62.0,15.0,0.6409864025080304,63.59470468431772,Moderate,451,0,3,3
8227,THÖ 03,SWE,north_sweden,CS77367,62.0,15.0,0.6409864025080304,63.59470468431772,Moderate,452,0,29,29
8231,Brö1-6,SWE,south_sweden,CS76726,62.0,15.0,0.6409864025080304,63.59470468431772,Moderate,453,0,20,20
9694,Castelfed-4-210,ITA,central_europe,CS78891,42.0,12.0,0.6409864025080304,63.59470468431772,Moderate,454,0,2,2
9695,Castelfed-4-211,ITA,central_europe,CS78892,42.0,12.0,0.6409864025080304,63.59470468431772,Moderate,455,0,29,29
9701,Ivano-1,BUL,italy_balkan_caucasus,CS76954,42.7,25.0,0.6409864025080304,63.59470468431772,Moderate,456,0,4,4
9704,Melni-2,BUL,italy_balkan_caucasus,CS77080,42.7,25.0,0.6409864025080304,63.59470468431772,Moderate,457,0,29,29
9708,Kardz-1,BUL,italy_balkan_caucasus,CS76962,42.7,25.0,0.6409864025080304,63.59470468431772,Moderate,458,0,29,29
9713,Stara-1,BUL,italy_balkan_caucasus,CS77271,42.7,25.0,0.6409864025080304,63.59470468431772,Moderate,459,0,29,29
9720,Malak-1,BUL,italy_balkan_caucasus,CS77064,42.7,25.0,0.6409864025080304,63.59470468431772,Moderate,460,0,29,29
9725,Epidauros-1,GRC,italy_balkan_caucasus,CS76844,,,0.6409864025080304,63.59470468431772,Moderate,461,0,29,29
7515,RRS-10,USA,germany,CS76592,39.0,-97.0,0.6409864025080304,63.59470468431772,Moderate,462,0,29,29
7517,Vår2-6,SWE,germany,CS78831,62.0,15.0,0.6409864025080304,63.59470468431772,Moderate,463,0,29,29
7520,Lp2-2,CZE,central_europe,CS76546,49.0,15.0,0.6409864025080304,63.59470468431772,Moderate,464,0,29,29
7521,Lp2-6,CZE,central_europe,CS77052,49.0,15.0,0.6409864025080304,63.59470468431772,Moderate,465,0,29,29
8241,Liarum,SWE,south_sweden,CS77038,62.0,15.0,0.6409864025080304,63.59470468431772,Moderate,466,0,0,0
8243,PHW-2,ITA,western_europe,CS77173,42.0,12.0,0.6409864025080304,63.59470468431772,Moderate,467,0,1,1
8244,PHW-34,FRA,western_europe,CS77174,46.0,2.0,0.6409864025080304,63.59470468431772,Moderate,468,0,0,0
8246,NC-6,USA,germany,CS77124,39.0,-97.0,0.6409864025080304,63.59470468431772,Moderate,469,0,1,1
8247,San-2,SWE,south_sweden,CS77233,62.0,15.0,0.6409864025080304,63.59470468431772,Moderate,470,0,29,29
8264,Bla-1,ESP,spain,CS76451,40.0,-3.7,0.6409864025080304,63.59470468431772,Moderate,471,0,1,1
8283,Dra3-1,SWE,south_sweden,CS76811,62.0,15.0,0.6409864025080304,63.59470468431772,Moderate,472,0,29,29
7717,KNO1.37,USA,germany,CS76972,39.0,-97.0,0.6409864025080304,63.59470468431772,Moderate,473,0,29,29
7757,KNO2.41,USA,germany,CS79025,39.0,-97.0,0.6409864025080304,63.59470468431772,Moderate,474,0,29,29
7767,KNO2.54,USA,germany,CS79026,39.0,-97.0,0.6409864025080304,63.59470468431772,Moderate,475,0,29,29
7917,PNA3.10,USA,germany,CS77183,39.0,-97.0,0.6409864025080304,63.59470468431772,Moderate,476,0,2,2
7947,PNA3.40,USA,germany,CS77184,39.0,-97.0,0.6409864025080304,63.59470468431772,Moderate,477,0,29,29
8037,PT1.52,USA,germany,CS79027,39.0,-97.0,0.6409864025080304,63.59470468431772,Moderate,478,0,29,29
8057,PT1.85,USA,germany,CS79028,39.0,-97.0,0.6409864025080304,63.59470468431772,Moderate,479,0,29,29
8077,PT2.21,USA,germany,CS77191,39.0,-97.0,0.6409864025080304,63.59470468431772,Moderate,480,0,29,29
8132,RMX3.22,USA,germany,CS77219,39.0,-97.0,0.6409864025080304,63.59470468431772,Moderate,481,0,29,29
8335,Lund,SWE,south_sweden,CS77060,62.0,15.0,0.6409864025080304,63.59470468431772,Moderate,482,0,29,29
8337,Mir-0,ITA,western_europe,CS76551,42.0,12.0,0.6409864025080304,63.59470468431772,Moderate,483,0,29,29
8343,Na-1,FRA,admixed,CS76558,46.0,2.0,0.6409864025080304,63.59470468431772,Moderate,484,0,20,20
8351,Ost-0,SWE,north_sweden,CS77154,62.0,15.0,0.6409864025080304,63.59470468431772,Moderate,485,0,29,29
8357,Pla-0,ESP,spain,CS76573,40.0,-3.7,0.6409864025080304,63.59470468431772,Moderate,486,0,29,29
9657,Melic-1,ITA,italy_balkan_caucasus,CS77078,42.0,12.0,0.6409864025080304,63.59470468431772,Moderate,487,0,28,28
9658,Nicas-1,ITA,italy_balkan_caucasus,CS77127,42.0,12.0,0.6409864025080304,63.59470468431772,Moderate,488,0,28,28
9659,Pigna-1,ITA,italy_balkan_caucasus,CS77177,42.0,12.0,0.6409864025080304,63.59470468431772,Moderate,489,0,29,29
9660,Sarno-1,ITA,italy_balkan_caucasus,CS77236,42.0,12.0,0.6409864025080304,63.59470468431772,Moderate,490,0,19,19
9661,Cimin-1,ITA,italy_balkan_caucasus,CS76771,42.0,12.0,0.6409864025080304,63.59470468431772,Moderate,491,0,29,29
9663,Teano-1,ITA,admixed,CS77357,42.0,12.0,0.6409864025080304,63.59470468431772,Moderate,492,0,29,29
9686,Castelfed-2-202,ITA,central_europe,CS76751,42.0,12.0,0.6409864025080304,63.59470468431772,Moderate,493,0,29,29
8233,Dem-4,USA,germany,CS76794,39.0,-97.0,0.6409864025080304,63.59470468431772,Moderate,494,0,20,20
8236,HSm,CZE,central_europe,CS76941,49.0,15.0,0.6409864025080304,63.59470468431772,Moderate,495,0,29,29
8239,PHW-3,GER,germany,CS76976,51.0,10.0,0.6409864025080304,63.59470468431772,Moderate,496,0,29,29
8240,Kulturen-1,SWE,south_sweden,CS76987,62.0,15.0,0.6409864025080304,63.59470468431772,Moderate,497,0,29,29
854,MIA-5,USA,germany,CS78959,39.0,-97.0,0.6409864025080304,63.59470468431772,Moderate,498,0,29,29
867,MIC-20,USA,germany,CS78960,39.0,-97.0,0.6409864025080304,63.59470468431772,Moderate,499,0,20,20
868,MIC-24,USA,germany,CS78961,39.0,-97.0,0.6409864025080304,63.59470468431772,Moderate,500,0,29,29
9644,Zupan-1,CRO,central_europe,CS78882,45.0,15.0,0.6409864025080304,63.59470468431772,Moderate,501,0,29,29
9648,Bisig-1,ITA,italy_balkan_caucasus,CS76712,42.0,12.0,0.6409864025080304,63.59470468431772,Moderate,502,0,29,29
9651,Filet-1,ITA,italy_balkan_caucasus,CS76858,42.0,12.0,0.6409864025080304,63.59470468431772,Moderate,503,0,29,29
9653,Giffo-1,ITA,italy_balkan_caucasus,CS76878,42.0,12.0,0.6409864025080304,63.59470468431772,Moderate,504,0,29,29
9655,Marce-1,ITA,italy_balkan_caucasus,CS77071,42.0,12.0,0.6409864025080304,63.59470468431772,Moderate,505,0,29,29
9656,Marti-1,ITA,italy_balkan_caucasus,CS77072,42.0,12.0,0.6409864025080304,63.59470468431772,Moderate,506,0,4,4
8284,DraII-1,CZE,central_europe,CS76813,49.0,15.0,0.6409864025080304,63.59470468431772,Moderate,507,0,2,2
8285,DraIII-1,CZE,central_europe,CS76815,49.0,15.0,0.6409864025080304,63.59470468431772,Moderate,508,0,29,29
8290,En-1,GER,central_europe,CS76841,51.0,10.0,0.6409864025080304,63.59470468431772,Moderate,509,0,0,0
8297,Ge-0,SUI,western_europe,CS76875,,,0.6409864025080304,63.59470468431772,Moderate,510,0,29,29
8311,In-0,AUT,central_europe,CS78903,47.5,14.5,0.6409864025080304,63.59470468431772,Moderate,511,0,29,29
8326,Lis-1,SWE,south_sweden,CS77042,62.0,15.0,0.6409864025080304,63.59470468431772,Moderate,512,0,29,29
8334,Lu-1,SWE,admixed,CS77056,62.0,15.0,0.6409864025080304,63.59470468431772,Moderate,513,0,29,29
9070,Xan-6,AZE,italy_balkan_caucasus,CS78862,40.0,47.6,0.6409864025080304,63.59470468431772,Moderate,514,0,29,29
9075,Lerik1-4,AZE,italy_balkan_caucasus,CS77023,40.0,47.6,0.6409864025080304,63.59470468431772,Moderate,515,0,29,29
9078,Lerik1-7,AZE,italy_balkan_caucasus,CS77024,40.0,47.6,0.6409864025080304,63.59470468431772,Moderate,516,0,28,28
9079,Lerik2-1,AZE,italy_balkan_caucasus,CS77025,40.0,47.6,0.6409864025080304,63.59470468431772,Moderate,517,0,29,29
9084,Lerik2-6,AZE,italy_balkan_caucasus,CS77028,40.0,47.6,0.6409864025080304,63.59470468431772,Moderate,518,0,29,29
9085,Lerik2-7,AZE,italy_balkan_caucasus,CS77029,40.0,47.6,0.6409864025080304,63.59470468431772,Moderate,519,0,0,0
8365,Rak-2,CZE,central_europe,CS77201,49.0,15.0,0.6409864025080304,63.59470468431772,Moderate,520,0,29,29
8369,Rev-1,SWE,south_sweden,CS77214,62.0,15.0,0.6409864025080304,63.59470468431772,Moderate,521,0,29,29
8376,Sanna-2,SWE,north_sweden,CS77234,62.0,15.0,0.6409864025080304,63.59470468431772,Moderate,522,0,29,29
8387,St-0,SWE,germany,CS77270,62.0,15.0,0.6409864025080304,63.59470468431772,Moderate,523,0,29,29
8419,Wil-1,LTU,central_europe,CS78855,,,0.6409864025080304,63.59470468431772,Moderate,524,0,29,29
8422,Fjä1-1,SWE,south_sweden,CS76859,62.0,15.0,0.6409864025080304,63.59470468431772,Moderate,525,0,0,0
8426,Ull1-1,SWE,south_sweden,CS78816,62.0,15.0,0.6409864025080304,63.59470468431772,Moderate,526,0,29,29
8464,LP3413.31,USA,germany,CS79030,39.0,-97.0,0.6409864025080304,63.59470468431772,Moderate,527,0,2,2
8483,LP3413.53,USA,germany,CS79031,39.0,-97.0,0.6409864025080304,63.59470468431772,Moderate,528,0,29,29
853,MIA-1,USA,germany,CS78958,39.0,-97.0,0.6409864025080304,63.59470468431772,Moderate,529,0,29,29
9100,Lag1-2,GEO,italy_balkan_caucasus,CS76998,42.0,43.4,0.6409864025080304,63.59470468431772,Moderate,530,0,29,29
9102,Lag1-4,GEO,italy_balkan_caucasus,CS76999,42.0,43.4,0.6409864025080304,63.59470468431772,Moderate,531,0,29,29
9104,Lag1-6,GEO,italy_balkan_caucasus,CS77001,42.0,43.4,0.6409864025080304,63.59470468431772,Moderate,532,0,29,29
9105,Lag1-7,GEO,italy_balkan_caucasus,CS77002,42.0,43.4,0.6409864025080304,63.59470468431772,Moderate,533,0,29,29
9106,Lag1-8,GEO,italy_balkan_caucasus,CS77003,42.0,43.4,0.6409864025080304,63.59470468431772,Moderate,534,0,29,29
9111,Lag2-4,GEO,italy_balkan_caucasus,CS77005,42.0,43.4,0.6409864025080304,63.59470468431772,Moderate,535,0,29,29
9113,Lag2-6,GEO,italy_balkan_caucasus,CS77006,42.0,43.4,0.6409864025080304,63.59470468431772,Moderate,536,0,29,29
9114,Lag2-7,GEO,italy_balkan_caucasus,CS77007,42.0,43.4,0.6409864025080304,63.59470468431772,Moderate,537,0,29,29
9115,Lag2-10,GEO,italy_balkan_caucasus,CS77004,42.0,43.4,0.6409864025080304,63.59470468431772,Moderate,538,0,29,29
9121,Bak-5,GEO,italy_balkan_caucasus,CS76685,42.0,43.4,0.6409864025080304,63.59470468431772,Moderate,539,0,29,29
8699,328PNA062,USA,germany,CS79032,39.0,-97.0,0.6409864025080304,63.59470468431772,Moderate,540,0,20,20
870,MIC-31,USA,germany,CS77082,39.0,-97.0,0.6409864025080304,63.59470468431772,Moderate,541,0,31,31
8723,11PNA1.14,USA,germany,CS79033,39.0,-97.0,0.6409864025080304,63.59470468431772,Moderate,542,0,31,31
88,CYR,FRA,western_europe,CS76790,46.0,2.0,0.6409864025080304,63.59470468431772,Moderate,543,0,29,29
9027,RMX413.85,USA,germany,CS79034,39.0,-97.0,0.6409864025080304,63.59470468431772,Moderate,544,0,29,29
9057,Vinslöv,SWE,south_sweden,CS78847,62.0,15.0,0.6409864025080304,63.59470468431772,Moderate,545,0,29,29
14319,Shu-2,RUS,asia,CS78931,60.0,100.0,0.6409864025080304,63.59470468431772,Moderate,546,0,29,29
15591,OOE1-1,AUT,central_europe,CS78939,47.5,14.5,0.6409864025080304,63.59470468431772,Moderate,547,0,31,31
15592,OOE3-1,AUT,central_europe,CS78940,47.5,14.5,0.6409864025080304,63.59470468431772,Moderate,548,0,29,29
15593,OOE3-2,AUT,central_europe,CS78941,47.5,14.5,0.6409864025080304,63.59470468431772,Moderate,549,0,29,29
159,MAR2-3,FRA,western_europe,CS77070,46.0,2.0,0.6409864025080304,63.59470468431772,Moderate,550,0,29,29
1612,Brn-10,USA,germany,CS78962,39.0,-97.0,0.6409864025080304,63.59470468431772,Moderate,551,0,29,29
1622,Brn-24,USA,germany,CS78963,39.0,-97.0,0.6409864025080304,63.59470468431772,Moderate,552,0,29,29
1651,DuckLkSP38,USA,germany,CS78964,39.0,-97.0,0.6409864025080304,63.59470468431772,Moderate,553,0,31,31
1652,DuckLkSP40,USA,germany,CS78965,39.0,-97.0,0.6409864025080304,63.59470468431772,Moderate,554,0,29,29
1676,Haz-2,USA,germany,CS78966,39.0,-97.0,0.6409864025080304,63.59470468431772,Moderate,555,0,29,29
1684,Haz-10,USA,germany,CS78967,39.0,-97.0,0.6409864025080304,63.59470468431772,Moderate,556,0,1,1
1739,KBS-Mac-68,USA,germany,CS78968,39.0,-97.0,0.6409864025080304,63.59470468431772,Moderate,557,0,29,29
9912,CIRY-13,FRA,western_europe,CS76773,46.0,2.0,0.6409864025080304,63.59470468431772,Moderate,558,0,29,29
9914,IST-29,FRA,central_europe,CS76948,46.0,2.0,0.6409864025080304,63.59470468431772,Moderate,559,0,29,29
9915,MAR-4-16,FRA,central_europe,CS77069,46.0,2.0,0.6409864025080304,63.59470468431772,Moderate,560,0,29,29
9917,RAD-21,FRA,western_europe,CS77200,46.0,2.0,0.6409864025080304,63.59470468431772,Moderate,561,0,29,29
9312,Ullapool-8,UK,western_europe,CS78821,54.0,-2.0,0.6409864025080304,63.59470468431772,Moderate,562,0,29,29
9314,Gol-2,UK,western_europe,CS76883,54.0,-2.0,0.6409864025080304,63.59470468431772,Moderate,563,0,29,29
932,CHA-41,USA,western_europe,CS76765,39.0,-97.0,0.6409864025080304,63.59470468431772,Moderate,564,0,29,29
9321,Ådal 1,SWE,north_sweden,CS76643,62.0,15.0,0.6409864025080304,63.59470468431772,Moderate,565,0,7,7
9323,Ådal 3,SWE,north_sweden,CS76644,62.0,15.0,0.6409864025080304,63.59470468431772,Moderate,566,0,1,1
9332,Bar 1,SWE,north_sweden,CS76688,62.0,15.0,0.6409864025080304,63.59470468431772,Moderate,567,0,0,0
9336,Bön 1,SWE,admixed,CS76715,62.0,15.0,0.6409864025080304,63.59470468431772,Moderate,568,0,0,0
9339,Böt 1,SWE,south_sweden,CS76720,62.0,15.0,0.6409864025080304,63.59470468431772,Moderate,569,0,3,3
9343,Dju-1,SWE,admixed,CS78896,62.0,15.0,0.6409864025080304,63.59470468431772,Moderate,570,0,2,2
9600,IP-Vis-0,ESP,relict,CS78848,40.0,-3.7,0.6409864025080304,63.59470468431772,Moderate,571,0,29,29
9601,IP-Voz-0,ESP,spain,CS78849,40.0,-3.7,0.6409864025080304,63.59470468431772,Moderate,572,0,29,29
9602,IP-Vpa-1,ESP,spain,CS78850,40.0,-3.7,0.6409864025080304,63.59470468431772,Moderate,573,0,29,29
9606,Aitba-1,MAR,relict,CS76649,31.0,-7.0,0.6409864025080304,63.59470468431772,Moderate,574,0,29,29
9089,Nar-3,AZE,italy_balkan_caucasus,CS77119,40.0,47.6,0.6409864025080304,63.59470468431772,Moderate,575,0,29,29
9091,Nar-5,AZE,italy_balkan_caucasus,CS77121,40.0,47.6,0.6409864025080304,63.59470468431772,Moderate,576,0,29,29
9095,Istisu-5,AZE,italy_balkan_caucasus,CS76950,40.0,47.6,0.6409864025080304,63.59470468431772,Moderate,577,0,29,29
9585,IP-Svi-0,ESP,western_europe,CS77287,40.0,-3.7,0.6409864025080304,63.59470468431772,Moderate,578,0,29,29
9586,IP-Tam-0,ESP,spain,CS77340,40.0,-3.7,0.6409864025080304,63.59470468431772,Moderate,579,0,29,29
9587,IP-Tdc-0,ESP,spain,CS77344,40.0,-3.7,0.6409864025080304,63.59470468431772,Moderate,580,0,29,29
9588,IP-Tol-7,ESP,spain,CS77371,40.0,-3.7,0.6409864025080304,63.59470468431772,Moderate,581,0,29,29
9589,IP-Tor-1,ESP,spain,CS77378,40.0,-3.7,0.6409864025080304,63.59470468431772,Moderate,582,0,29,29
9590,IP-Trs-0,ESP,western_europe,CS77387,40.0,-3.7,0.6409864025080304,63.59470468431772,Moderate,583,0,29,29
9591,IP-Vad-0,ESP,admixed,CS78826,40.0,-3.7,0.6409864025080304,63.59470468431772,Moderate,584,0,29,29
9592,IP-Vae-2,ESP,admixed,CS78827,40.0,-3.7,0.6409864025080304,63.59470468431772,Moderate,585,0,29,29
9594,IP-Vdm-0,ESP,spain,CS78837,40.0,-3.7,0.6409864025080304,63.59470468431772,Moderate,586,0,29,29
9595,IP-Vdt-0,ESP,admixed,CS78838,40.0,-3.7,0.6409864025080304,63.59470468431772,Moderate,587,0,29,29
9596,IP-Ver-5,ESP,admixed,CS78841,40.0,-3.7,0.6409864025080304,63.59470468431772,Moderate,588,0,29,29
9597,IP-Vig-1,ESP,spain,CS78843,40.0,-3.7,0.6409864025080304,63.59470468431772,Moderate,589,0,29,29
9598,IP-Vim-0,ESP,relict,CS78844,40.0,-3.7,0.6409864025080304,63.59470468431772,Moderate,590,0,29,29
9599,IP-Vin-0,ESP,western_europe,CS78846,40.0,-3.7,0.6409864025080304,63.59470468431772,Moderate,591,0,29,29
915,LIN S-5,USA,germany,CS77040,39.0,-97.0,0.6409864025080304,63.59470468431772,Moderate,592,0,29,29
9298,Edi-1,UK,western_europe,CS76832,54.0,-2.0,0.6409864025080304,63.59470468431772,Moderate,593,0,29,29
9353,Död 3,SWE,south_sweden,CS76798,62.0,15.0,0.6409864025080304,63.59470468431772,Moderate,594,0,29,29
9363,EdJ 2,SWE,north_sweden,CS76833,62.0,15.0,0.6409864025080304,63.59470468431772,Moderate,595,0,29,29
9369,EkS 2,SWE,south_sweden,CS76837,62.0,15.0,0.6409864025080304,63.59470468431772,Moderate,596,0,29,29
9370,EkS 3,SWE,south_sweden,CS79035,62.0,15.0,0.6409864025080304,63.59470468431772,Moderate,597,0,29,29
9371,FäL 1,SWE,north_sweden,CS76852,62.0,15.0,0.6409864025080304,63.59470468431772,Moderate,598,0,21,21
9380,FlyA 3,SWE,south_sweden,CS76865,62.0,15.0,0.6409864025080304,63.59470468431772,Moderate,599,0,29,29
9381,Fri 1,SWE,admixed,CS76868,62.0,15.0,0.6409864025080304,63.59470468431772,Moderate,600,0,29,29
9382,Fri 2,SWE,admixed,CS76869,62.0,15.0,0.6409864025080304,63.59470468431772,Moderate,601,0,29,29
9383,Fri 3,SWE,admixed,CS76870,62.0,15.0,0.6409864025080304,63.59470468431772,Moderate,602,0,29,29
9386,Grön 12,SWE,north_sweden,CS76891,62.0,15.0,0.6409864025080304,63.59470468431772,Moderate,603,0,29,29
9388,Grön 14,SWE,north_sweden,CS76892,62.0,15.0,0.6409864025080304,63.59470468431772,Moderate,604,0,19,19
9390,Hadd-1,SWE,south_sweden,CS78659,62.0,15.0,0.6409864025080304,63.59470468431772,Moderate,605,0,1,1
9391,Hadd-2,SWE,south_sweden,CS76905,62.0,15.0,0.6409864025080304,63.59470468431772,Moderate,606,0,2,2
9392,Hadd-3,SWE,south_sweden,CS76906,62.0,15.0,0.6409864025080304,63.59470468431772,Moderate,607,0,29,29
9394,Hag-2,SWE,admixed,CS76907,62.0,15.0,0.6409864025080304,63.59470468431772,Moderate,608,0,28,28
9584,IP-Stp-0,ESP,spain,CS77283,40.0,-3.7,0.6409864025080304,63.59470468431772,Moderate,609,0,29,29
9507,IP-Coa-0,POR,spain,CS76775,39.5,-8.0,0.6409864025080304,63.59470468431772,Moderate,610,0,29,29
9508,IP-Mos-1,POR,admixed,CS77108,39.5,-8.0,0.6409864025080304,63.59470468431772,Moderate,611,0,29,29
9509,IP-Reg-0,POR,spain,CS77207,39.5,-8.0,0.6409864025080304,63.59470468431772,Moderate,612,0,29,29
9510,IP-Rei-0,POR,spain,CS77208,39.5,-8.0,0.6409864025080304,63.59470468431772,Moderate,613,0,28,28
9511,IP-Vav-0,POR,spain,CS78835,39.5,-8.0,0.6409864025080304,63.59470468431772,Moderate,614,0,29,29
9402,Hel-3,SWE,south_sweden,CS76918,62.0,15.0,0.6409864025080304,63.59470468431772,Moderate,615,0,29,29
9404,HolA-1 1,SWE,south_sweden,CS76926,62.0,15.0,0.6409864025080304,63.59470468431772,Moderate,616,0,28,28
9405,HolA-1 2,SWE,south_sweden,CS76927,62.0,15.0,0.6409864025080304,63.59470468431772,Moderate,617,0,29,29
9407,HolA-2 2,SWE,south_sweden,CS76928,62.0,15.0,0.6409864025080304,63.59470468431772,Moderate,618,0,28,28
9408,Kal 1,SWE,south_sweden,CS76959,62.0,15.0,0.6409864025080304,63.59470468431772,Moderate,619,0,29,29
9416,Kru-3,SWE,south_sweden,CS76986,62.0,15.0,0.6409864025080304,63.59470468431772,Moderate,620,0,29,29
9433,Nyl 13,SWE,north_sweden,CS77135,62.0,15.0,0.6409864025080304,63.59470468431772,Moderate,621,0,29,29
9436,Puk-1,SWE,south_sweden,CS77194,62.0,15.0,0.6409864025080304,63.59470468431772,Moderate,622,0,29,29
9437,Puk-2,SWE,south_sweden,CS77195,62.0,15.0,0.6409864025080304,63.59470468431772,Moderate,623,0,29,29
9442,Sim-1,SWE,germany,CS77250,62.0,15.0,0.6409864025080304,63.59470468431772,Moderate,624,0,29,29
9352,Död 2,SWE,south_sweden,CS76797,62.0,15.0,0.6409864025080304,63.59470468431772,Moderate,625,0,29,29
9522,IP-Bea-0,ESP,spain,CS76695,40.0,-3.7,0.6409864025080304,63.59470468431772,Moderate,626,0,29,29
9523,IP-Ben-0,ESP,admixed,CS76700,40.0,-3.7,0.6409864025080304,63.59470468431772,Moderate,627,0,29,29
9524,IP-Ber-0,ESP,spain,CS78887,40.0,-3.7,0.6409864025080304,63.59470468431772,Moderate,628,0,29,29
9525,IP-Bis-0,ESP,spain,CS76711,40.0,-3.7,0.6409864025080304,63.59470468431772,Moderate,629,0,29,29
9526,IP-Cab-3,ESP,spain,CS76738,40.0,-3.7,0.6409864025080304,63.59470468431772,Moderate,630,0,29,29
9527,IP-Cad-0,ESP,admixed,CS76739,40.0,-3.7,0.6409864025080304,63.59470468431772,Moderate,631,0,29,29
9528,IP-Cal-0,ESP,spain,CS78890,40.0,-3.7,0.6409864025080304,63.59470468431772,Moderate,632,0,29,29
9451,Spro 2,SWE,south_sweden,CS77264,62.0,15.0,0.6409864025080304,63.59470468431772,Moderate,633,0,29,29
9452,Spro 3,SWE,south_sweden,CS77265,62.0,15.0,0.6409864025080304,63.59470468431772,Moderate,634,0,29,29
9454,Stenk-3,SWE,south_sweden,CS77275,62.0,15.0,0.6409864025080304,63.59470468431772,Moderate,635,0,29,29
9470,Tur-4,SWE,south_sweden,CS77399,62.0,15.0,0.6409864025080304,63.59470468431772,Moderate,636,0,29,29
9471,Ull-A-1,SWE,south_sweden,CS78820,62.0,15.0,0.6409864025080304,63.59470468431772,Moderate,637,0,29,29
9476,VårA 1,SWE,germany,CS78832,62.0,15.0,0.6409864025080304,63.59470468431772,Moderate,638,0,29,29
9481,Yst-1,SWE,south_sweden,CS78869,62.0,15.0,0.6409864025080304,63.59470468431772,Moderate,639,0,29,29
9503,11C1,UK,western_europe,CS76640,54.0,-2.0,0.6409864025080304,63.59470468431772,Moderate,640,0,29,29
9506,IP-Alo-0,POR,admixed,CS76662,39.5,-8.0,0.6409864025080304,63.59470468431772,Moderate,641,0,29,29
9539,IP-Deh-1,ESP,spain,CS76793,40.0,-3.7,0.6409864025080304,63.59470468431772,Moderate,642,0,29,29
9540,IP-Elb-0,ESP,spain,CS76838,40.0,-3.7,0.6409864025080304,63.59470468431772,Moderate,643,0,29,29
9541,IP-Fue-2,ESP,spain,CS76871,40.0,-3.7,0.6409864025080304,63.59470468431772,Moderate,644,0,29,29
9542,IP-Fun-0,ESP,relict,CS76872,40.0,-3.7,0.6409864025080304,63.59470468431772,Moderate,645,0,29,29
9543,IP-Gra-0,ESP,relict,CS76886,40.0,-3.7,0.6409864025080304,63.59470468431772,Moderate,646,0,29,29
9544,IP-Gua-1,ESP,spain,CS76894,40.0,-3.7,0.6409864025080304,63.59470468431772,Moderate,647,0,28,28
9545,IP-Her-12,ESP,relict,CS76920,40.0,-3.7,0.6409864025080304,63.59470468431772,Moderate,648,0,29,29
9512,IP-Vid-1,POR,spain,CS78842,39.5,-8.0,0.6409864025080304,63.59470468431772,Moderate,649,0,29,29
9513,IP-Adc-5,ESP,admixed,CS76646,40.0,-3.7,0.6409864025080304,63.59470468431772,Moderate,650,0,29,29
9514,IP-Adm-0,ESP,spain,CS76647,40.0,-3.7,0.6409864025080304,63.59470468431772,Moderate,651,0,29,29
9515,IP-Ala-0,ESP,spain,CS76650,40.0,-3.7,0.6409864025080304,63.59470468431772,Moderate,652,0,29,29
9517,IP-All-0,ESP,western_europe,CS76659,40.0,-3.7,0.6409864025080304,63.59470468431772,Moderate,653,0,29,29
9518,IP-Alm-0,ESP,spain,CS76660,40.0,-3.7,0.6409864025080304,63.59470468431772,Moderate,654,0,29,29
9519,IP-Ang-0,ESP,spain,CS78886,40.0,-3.7,0.6409864025080304,63.59470468431772,Moderate,655,0,29,29
9520,IP-Ara-4,ESP,spain,CS76670,40.0,-3.7,0.6409864025080304,63.59470468431772,Moderate,656,0,29,29
9521,IP-Bar-1,ESP,spain,CS76689,40.0,-3.7,0.6409864025080304,63.59470468431772,Moderate,657,0,29,29
9554,IP-Lso-0,ESP,relict,CS77055,40.0,-3.7,0.6409864025080304,63.59470468431772,Moderate,658,0,29,29
9555,IP-Mar-1,ESP,relict,CS77068,40.0,-3.7,0.6409864025080304,63.59470468431772,Moderate,659,0,29,29
9556,IP-Men-2,ESP,spain,CS77081,40.0,-3.7,0.6409864025080304,63.59470468431772,Moderate,660,0,29,29
9557,IP-Moa-0,ESP,spain,CS77102,40.0,-3.7,0.6409864025080304,63.59470468431772,Moderate,661,0,29,29
9558,IP-Moc-11,ESP,admixed,CS77103,40.0,-3.7,0.6409864025080304,63.59470468431772,Moderate,662,0,29,29
9559,IP-Mon-5,ESP,admixed,CS77107,40.0,-3.7,0.6409864025080304,63.59470468431772,Moderate,663,0,29,29
9560,IP-Mot-0,ESP,spain,CS77109,40.0,-3.7,0.6409864025080304,63.59470468431772,Moderate,664,0,29,29
9561,IP-Mun-0,ESP,admixed,CS77114,40.0,-3.7,0.6409864025080304,63.59470468431772,Moderate,665,0,29,29
9529,IP-Cap-1,ESP,admixed,CS76741,40.0,-3.7,0.6409864025080304,63.59470468431772,Moderate,666,0,29,29
9531,IP-Cdc-3,ESP,spain,CS76761,40.0,-3.7,0.6409864025080304,63.59470468431772,Moderate,667,0,29,29
9532,IP-Cdo-0,ESP,spain,CS76762,40.0,-3.7,0.6409864025080304,63.59470468431772,Moderate,668,0,29,29
9533,IP-Cem-0,ESP,relict,CS76763,40.0,-3.7,0.6409864025080304,63.59470468431772,Moderate,669,0,29,29
9534,IP-Cmo-3,ESP,spain,CS76774,40.0,-3.7,0.6409864025080304,63.59470468431772,Moderate,670,0,29,29
9535,IP-Coc-1,ESP,spain,CS76776,40.0,-3.7,0.6409864025080304,63.59470468431772,Moderate,671,0,29,29
9536,IP-Cor-0,ESP,admixed,CS76782,40.0,-3.7,0.6409864025080304,63.59470468431772,Moderate,672,0,29,29
9537,IP-Cum-1,ESP,spain,CS76787,40.0,-3.7,0.6409864025080304,63.59470468431772,Moderate,673,0,29,29
9929,ISS-20,FRA,western_europe,CS76947,46.0,2.0,0.6409864025080304,63.59470468431772,Moderate,674,0,29,29
9941,Fei-0,POR,western_europe,CS76412,39.5,-8.0,0.6409864025080304,63.59470468431772,Moderate,675,0,29,29
9943,Cdm-0,ESP,spain,CS76410,40.0,-3.7,0.6409864025080304,63.59470468431772,Moderate,676,0,29,29
9944,Don-0,ESP,relict,CS76411,40.0,-3.7,0.6409864025080304,63.59470468431772,Moderate,677,0,29,29
9947,Ped-0,ESP,relict,CS76415,40.0,-3.7,0.6409864025080304,63.59470468431772,Moderate,678,0,29,29
9948,Pra-6,ESP,spain,CS76416,40.0,-3.7,0.6409864025080304,63.59470468431772,Moderate,679,0,29,29
9949,Qui-0,ESP,western_europe,CS76417,40.0,-3.7,0.6409864025080304,63.59470468431772,Moderate,680,0,18,18
9964,Mammo-1,ITA,italy_balkan_caucasus,CS76365,42.0,12.0,0.6409864025080304,63.59470468431772,Moderate,681,0,29,29
10027,Uk-6,GER,central_europe,CS78938,51.0,10.0,0.6409864025080304,63.59470468431772,Moderate,682,0,29,29
9562,IP-Mur-0,ESP,spain,CS77115,40.0,-3.7,0.6409864025080304,63.59470468431772,Moderate,683,0,29,29
9564,IP-Nog-17,ESP,spain,CS77129,40.0,-3.7,0.6409864025080304,63.59470468431772,Moderate,684,0,29,29
9567,IP-Pal-0,ESP,spain,CS77159,40.0,-3.7,0.6409864025080304,63.59470468431772,Moderate,685,0,29,29
9568,IP-Pan-0,ESP,spain,CS77160,40.0,-3.7,0.6409864025080304,63.59470468431772,Moderate,686,0,29,29
9569,IP-Pds-1,ESP,western_europe,CS77166,40.0,-3.7,0.6409864025080304,63.59470468431772,Moderate,687,0,29,29
9571,IP-Pro-0,ESP,western_europe,CS78914,40.0,-3.7,0.6409864025080304,63.59470468431772,Moderate,688,0,29,29
9573,IP-Rds-0,ESP,spain,CS77206,40.0,-3.7,0.6409864025080304,63.59470468431772,Moderate,689,0,29,29
1313,Ängsö-59-422,SWE,admixed,CS77658,62.0,15.0,0.6409864025080304,63.59470468431772,Moderate,690,0,29,29
1317,Ängsö-74-430,SWE,admixed,CS76665,62.0,15.0,0.6409864025080304,63.59470468431772,Moderate,691,0,29,29
139,LDV-46,FRA,western_europe,CS77014,46.0,2.0,0.6409864025080304,63.59470468431772,Moderate,692,0,29,29
9933,VED-10,FRA,admixed,CS78839,46.0,2.0,0.6409864025080304,63.59470468431772,Moderate,693,0,29,29
9935,BAU-15,FRA,western_europe,CS76694,46.0,2.0,0.6409864025080304,63.59470468431772,Moderate,694,0,29,29
9937,CATS-6,FRA,western_europe,CS76760,46.0,2.0,0.6409864025080304,63.59470468431772,Moderate,695,0,29,29
9938,WAV-8,FRA,western_europe,CS78854,46.0,2.0,0.6409864025080304,63.59470468431772,Moderate,696,0,29,29
9939,Aitba-2,MAR,relict,CS76347,31.0,-7.0,0.6409864025080304,63.59470468431772,Moderate,697,0,29,29
9918,SAUL-24,FRA,western_europe,CS77237,46.0,2.0,0.6409864025080304,63.59470468431772,Moderate,698,0,29,29
992,Ale-Stenar-44-4,SWE,south_sweden,CS76652,62.0,15.0,0.6409864025080304,63.59470468431772,Moderate,699,0,29,29
9920,DIR-9,FRA,germany,CS76796,46.0,2.0,0.6409864025080304,63.59470468431772,Moderate,700,0,29,29
9921,FOR-23,FRA,western_europe,CS76867,46.0,2.0,0.6409864025080304,63.59470468431772,Moderate,701,0,29,29
9925,RUM-20,FRA,western_europe,CS77226,46.0,2.0,0.6409864025080304,63.59470468431772,Moderate,702,0,29,29
9926,TRE-1,FRA,western_europe,CS77385,46.0,2.0,0.6409864025080304,63.59470468431772,Moderate,703,0,25,25
9927,ARR-17,FRA,western_europe,CS76673,46.0,2.0,0.6409864025080304,63.59470468431772,Moderate,704,0,29,29
9928,BEZ-9,FRA,western_europe,CS76703,46.0,2.0,0.6409864025080304,63.59470468431772,Moderate,705,0,29,29
7125,Er-0,GER,germany,CS78898,51.0,10.0,0.632826118393661,28.156822810590633,Low,706,0,29,29
9710,Zerev-1-35,BUL,italy_balkan_caucasus,CS78879,42.7,25.0,0.632826118393661,28.156822810590633,Low,707,0,29,29
9647,Basen-1,ITA,italy_balkan_caucasus,CS76690,42.0,12.0,0.632759288657547,27.29124236252546,Low,708,0,29,29
8354,Per-1,RUS,asia,CS76571,60.0,100.0,0.632759288657547,27.29124236252546,Low,709,0,29,29
9689,Castelfed-3-205,ITA,central_europe,CS76754,42.0,12.0,0.632759288657547,27.29124236252546,Low,710,0,29,29
9690,Castelfed-3-206,ITA,central_europe,CS76755,42.0,12.0,0.632759288657547,27.29124236252546,Low,711,0,29,29
9692,Castelfed-3-208,ITA,central_europe,CS76757,42.0,12.0,0.632759288657547,27.29124236252546,Low,712,0,29,29
9682,Castelfed-1-198,ITA,central_europe,CS76747,42.0,12.0,0.632759288657547,27.29124236252546,Low,713,0,29,29
9824,Bes-5,ESP,admixed,CS76702,40.0,-3.7,0.632759288657547,27.29124236252546,Low,714,0,3,3
9530,IP-Car-1,ESP,admixed,CS76742,40.0,-3.7,0.632759288657547,27.29124236252546,Low,715,0,3,3
9680,Castelfed-1-196,ITA,central_europe,CS76745,42.0,12.0,0.632759288657547,27.29124236252546,Low,716,0,4,4
9679,Castelfed-1-195,ITA,central_europe,CS76744,42.0,12.0,0.632759288657547,27.29124236252546,Low,717,0,0,0
9696,Castelfed-4-214,ITA,central_europe,CS78893,42.0,12.0,0.632759288657547,27.29124236252546,Low,718,0,1,1
9693,Castelfed-3-209,ITA,central_europe,CS76758,42.0,12.0,0.632759288657547,27.29124236252546,Low,719,0,3,3
9681,Castelfed-1-197,ITA,central_europe,CS76746,42.0,12.0,0.632759288657547,27.29124236252546,Low,720,0,6,6
8234,Gul1-2,SWE,south_sweden,CS76896,62.0,15.0,0.632759288657547,27.29124236252546,Low,721,0,2,2
9683,Castelfed-1-199,ITA,central_europe,CS76748,42.0,12.0,0.632759288657547,27.29124236252546,Low,722,0,2,2
9649,Bivio-1,ITA,italy_balkan_caucasus,CS76713,42.0,12.0,0.6309812412465821,26.272912423625254,Low,723,0,5,5
6102,T1130,SWE,south_sweden,CS77295,62.0,15.0,0.6309812412465821,26.272912423625254,Low,724,0,1,1
9646,Aiell-1,,italy_balkan_caucasus,CS76648,,,0.6309812412465821,26.272912423625254,Low,725,0,0,0
7077,Co-1,POR,italy_balkan_caucasus,CS76468,39.5,-8.0,0.6309812412465821,26.272912423625254,Low,726,0,0,0
9726,Faneronemi-3,GRC,italy_balkan_caucasus,CS76853,,,0.6309812412465821,26.272912423625254,Low,727,0,27,27
6951,Pu2-23,CZE,central_europe,CS76579,49.0,15.0,0.630979026924974,25.56008146639511,Low,728,0,3,3
8235,Hod,CZE,central_europe,CS76924,49.0,15.0,0.630979026924974,25.56008146639511,Low,729,0,3,3
9421,Lan 1,SWE,south_sweden,CS77009,62.0,15.0,0.630979026924974,25.56008146639511,Low,730,0,5,5
9450,Spro 1,SWE,south_sweden,CS77263,62.0,15.0,0.630979026924974,25.56008146639511,Low,731,0,4,4
9730,Bela-1,SVK,central_europe,CS76696,48.7,19.7,0.630979026924974,25.56008146639511,Low,732,0,4,4
9455,Stenk-4,SWE,south_sweden,CS77276,62.0,15.0,0.630979026924974,25.56008146639511,Low,733,0,2,2
9453,Stenk-2,SWE,south_sweden,CS77274,62.0,15.0,0.630979026924974,25.56008146639511,Low,734,0,3,3
6956,Pu2-7,CZE,central_europe,CS76580,49.0,15.0,0.630979026924974,25.56008146639511,Low,735,0,2,2
6957,Pu2-8,CZE,central_europe,CS77192,49.0,15.0,0.630979026924974,25.56008146639511,Low,736,0,2,2
7119,En-2,GER,germany,CS76481,51.0,10.0,0.6293035307896372,24.94908350305499,Very Low,737,0,7,7
9705,Choto-1,BUL,italy_balkan_caucasus,CS76769,42.7,25.0,0.6293035307896372,24.94908350305499,Very Low,738,0,0,0
7014,Ba-1,UK,germany,CS76441,54.0,-2.0,0.6293035307896372,24.94908350305499,Very Low,739,0,1,1
9714,Grivo-1,BUL,italy_balkan_caucasus,CS76888,42.7,25.0,0.6291494763391028,24.745417515274948,Very Low,740,0,0,0
9738,Bran-1,ROU,admixed,CS76722,,,0.6291233137991561,24.643584521384927,Very Low,741,0,0,0
9869,Moj-0,ESP,relict,CS77105,40.0,-3.7,0.6275973969286258,24.54175152749491,Very Low,742,0,3,3
6830,Kz-13,KAZ,admixed,CS76994,48.0,66.0,0.6209639167176213,24.43991853360489,Very Low,743,0,3,3
9622,Bijisk-4,RUS,admixed,CS76707,60.0,100.0,0.6208961999486726,24.338085539714868,Very Low,744,0,1,1
9709,Zerev-1-34,BUL,italy_balkan_caucasus,CS78878,42.7,25.0,0.6144813430601966,24.236252545824847,Very Low,745,0,1,1
5104,UKSE06-252,UK,germany,CS78800,54.0,-2.0,0.6078966358862398,24.134419551934826,Very Low,746,0,2,2
9593,IP-Vaz-0,ESP,spain,CS78836,40.0,-3.7,0.6059333261187416,24.03258655804481,Very Low,747,0,0,0
7177,Jm-0,CZE,central_europe,CS76520,49.0,15.0,0.6014208574929187,23.879837067209774,Very Low,748,0,29,29
9699,Kolar-1,BUL,italy_balkan_caucasus,CS76974,42.7,25.0,0.6014208574929187,23.879837067209774,Very Low,749,0,3,3
350,TOU-A1-88,FRA,western_europe,CS77382,46.0,2.0,0.5931937436424355,23.625254582484725,Very Low,750,0,28,28
7384,Ven-1,NED,admixed,CS76624,52.0,5.0,0.5931937436424355,23.625254582484725,Very Low,751,0,28,28
6979,Wei-0,SUI,central_europe,CS76628,,,0.5931937436424355,23.625254582484725,Very Low,752,0,29,29
5486,UKNW06-233,UK,germany,CS78794,54.0,-2.0,0.5822515766130103,23.421588594704684,Very Low,753,0,28,28
9749,Knjas-1,SRB,italy_balkan_caucasus,CS76971,44.0,21.0,0.5813306549335611,23.268839103869652,Very Low,754,0,29,29
9703,Melni-1,BUL,italy_balkan_caucasus,CS77079,42.7,25.0,0.5813306549335611,23.268839103869652,Very Low,755,0,29,29
9684,Castelfed-2-200,ITA,central_europe,CS76749,42.0,12.0,0.5666039787027399,23.014256619144604,Very Low,756,0,29,29
7411,Wl-0,GER,central_europe,CS76630,51.0,10.0,0.5666039787027399,23.014256619144604,Very Low,757,0,29,29
9678,Mitterberg-4-194,ITA,central_europe,CS77095,42.0,12.0,0.5666039787027399,23.014256619144604,Very Low,758,0,29,29
9399,Hamm-1,SWE,south_sweden,CS76910,62.0,15.0,0.5624785963267522,22.810590631364562,Very Low,759,0,29,29
6982,Wt-5,GER,germany,CS76632,51.0,10.0,0.5573403554993229,21.384928716904277,Very Low,760,0,29,29
8242,Lillö-1,SWE,south_sweden,CS77039,62.0,15.0,0.5573403554993229,21.384928716904277,Very Low,761,0,29,29
9727,Olympia-2,GRC,central_europe,CS77144,,,0.5573403554993229,21.384928716904277,Very Low,762,0,29,29
8230,Algutsrum,SWE,south_sweden,CS76657,62.0,15.0,0.5573403554993229,21.384928716904277,Very Low,763,0,29,29
8249,Vimmerby,SWE,south_sweden,CS78845,62.0,15.0,0.5573403554993229,21.384928716904277,Very Low,764,0,20,20
9664,Mitterberg-1-179,ITA,central_europe,CS78907,42.0,12.0,0.5573403554993229,21.384928716904277,Very Low,765,0,20,20
9667,Mitterberg-1-183,ITA,central_europe,CS78910,42.0,12.0,0.5573403554993229,21.384928716904277,Very Low,766,0,20,20
9676,Mitterberg-4-192,ITA,central_europe,CS77093,42.0,12.0,0.5573403554993229,21.384928716904277,Very Low,767,0,20,20
5832,App1-16,SWE,south_sweden,CS76669,62.0,15.0,0.5573403554993229,21.384928716904277,Very Low,768,0,20,20
9677,Mitterberg-4-193,ITA,central_europe,CS77094,42.0,12.0,0.5573403554993229,21.384928716904277,Very Low,769,0,20,20
6119,T620,SWE,south_sweden,CS78060,62.0,15.0,0.5573403554993229,21.384928716904277,Very Low,770,0,20,20
9058,Västervik,SWE,admixed,CS78834,62.0,15.0,0.5573403554993229,21.384928716904277,Very Low,771,0,20,20
1552,Sku-30,SWE,north_sweden,CS77251,62.0,15.0,0.5573403554993229,21.384928716904277,Very Low,772,0,20,20
2202,Pent-23,USA,admixed,CS77168,39.0,-97.0,0.5573403554993229,21.384928716904277,Very Low,773,0,20,20
7477,WAR,USA,admixed,CS78853,39.0,-97.0,0.5573403554993229,21.384928716904277,Very Low,774,0,20,20
9784,Erg2-6,GER,central_europe,CS76845,51.0,10.0,0.5573403554993229,21.384928716904277,Very Low,775,0,20,20
9796,Bach2-1,GER,central_europe,CS76680,51.0,10.0,0.5573403554993229,21.384928716904277,Very Low,776,0,21,21
9687,Castelfed-2-203,ITA,central_europe,CS76752,42.0,12.0,0.5573403554993229,21.384928716904277,Very Low,777,0,28,28
9665,Mitterberg-1-180,ITA,central_europe,CS78908,42.0,12.0,0.5573403554993229,21.384928716904277,Very Low,778,0,28,28
9666,Mitterberg-1-182,ITA,central_europe,CS78909,42.0,12.0,0.5573403554993229,21.384928716904277,Very Low,779,0,28,28
9673,Mitterberg-3-189,ITA,central_europe,CS77090,42.0,12.0,0.5573403554993229,21.384928716904277,Very Low,780,0,28,28
9669,Mitterberg-2-185,ITA,central_europe,CS77086,42.0,12.0,0.5573403554993229,21.384928716904277,Very Low,781,0,28,28
9672,Mitterberg-3-188,ITA,central_europe,CS77089,42.0,12.0,0.5573403554993229,21.384928716904277,Very Low,782,0,21,21
9668,Mitterberg-2-184,ITA,central_europe,CS77085,42.0,12.0,0.5573403554993229,21.384928716904277,Very Low,783,0,20,20
9685,Castelfed-2-201,ITA,central_europe,CS76750,42.0,12.0,0.5573403554993229,21.384928716904277,Very Low,784,0,29,29
9671,Mitterberg-3-187,ITA,central_europe,CS77088,42.0,12.0,0.5573403554993229,21.384928716904277,Very Low,785,0,20,20
9670,Mitterberg-2-186,ITA,central_europe,CS77087,42.0,12.0,0.5573403554993229,21.384928716904277,Very Low,786,0,28,28
6126,T720,SWE,south_sweden,CS77311,62.0,15.0,0.5534884113012902,19.95926680244399,Very Low,787,0,28,28
7169,Hh-0,GER,admixed,CS76512,51.0,10.0,0.5439513499199183,19.042769857433807,Very Low,788,0,4,4
6974,Ull2-5,SWE,south_sweden,CS78818,62.0,15.0,0.5439513499199183,19.042769857433807,Very Low,789,0,28,28
9409,Kia 1,SWE,south_sweden,CS76968,62.0,15.0,0.5439513499199183,19.042769857433807,Very Low,790,0,28,28
2016,MNF-Pin-39,USA,admixed,CS77098,39.0,-97.0,0.5439513499199183,19.042769857433807,Very Low,791,0,29,29
7164,Hau-0,DEN,south_sweden,CS76915,56.0,9.0,0.5439513499199183,19.042769857433807,Very Low,792,0,29,29
6106,T460,SWE,south_sweden,CS77298,62.0,15.0,0.5439513499199183,19.042769857433807,Very Low,793,0,28,28
6094,T1040,SWE,south_sweden,CS77290,62.0,15.0,0.5439513499199183,19.042769857433807,Very Low,794,0,4,4
6114,T570,SWE,south_sweden,CS77305,62.0,15.0,0.5439513499199183,19.042769857433807,Very Low,795,0,5,5
6115,T580,SWE,south_sweden,CS77306,62.0,15.0,0.5439513499199183,19.042769857433807,Very Low,796,0,24,24
6097,T1070,SWE,south_sweden,CS77291,62.0,15.0,0.5439513499199183,19.042769857433807,Very Low,797,0,2,2
8237,Kävlinge-1,SWE,south_sweden,CS76964,62.0,15.0,0.5439513499199183,19.042769857433807,Very Low,798,0,29,29
9719,Koren-1,BUL,italy_balkan_caucasus,CS76983,42.7,25.0,0.5439513499199183,19.042769857433807,Very Low,799,0,22,22
6128,T740,SWE,south_sweden,CS77313,62.0,15.0,0.5439513499199183,19.042769857433807,Very Low,800,0,29,29
6242,Tomegap-2,SWE,south_sweden,CS77377,62.0,15.0,0.5439513499199183,19.042769857433807,Very Low,801,0,28,28
6151,T990,SWE,south_sweden,CS77328,62.0,15.0,0.5439513499199183,19.042769857433807,Very Low,802,0,0,0
6134,T810,SWE,south_sweden,CS77318,62.0,15.0,0.5439513499199183,19.042769857433807,Very Low,803,0,13,13
6107,T470,SWE,south_sweden,CS77299,62.0,15.0,0.5439513499199183,19.042769857433807,Very Low,804,0,29,29
9565,IP-Orb-10,ESP,admixed,CS77152,40.0,-3.7,0.5372501529399653,18.126272912423623,Very Low,805,0,26,26
9717,Kardz-2,BUL,italy_balkan_caucasus,CS76963,42.7,25.0,0.5357242360694351,18.024439918533606,Very Low,806,0,28,28
9955,Stepn-2,RUS,asia,CS76377,60.0,100.0,0.5313619780700498,17.922606924643585,Very Low,807,0,1,1
7008,Benk-1,NED,germany,CS76447,52.0,5.0,0.5305725282114053,17.820773930753564,Very Low,808,0,3,3
9722,Groch-1,BUL,italy_balkan_caucasus,CS76890,42.7,25.0,0.5090293691832484,17.668024439918533,Very Low,809,0,29,29
9707,Podvi-1,BUL,italy_balkan_caucasus,CS77187,42.7,25.0,0.5090293691832484,17.668024439918533,Very Low,810,0,28,28
9748,Zagub-1,SRB,admixed,CS78871,44.0,21.0,0.5011356051847305,17.515274949083505,Very Low,811,0,9,9
7161,Gd-1,GER,germany,CS76491,51.0,10.0,0.4821653130519954,17.41344195519348,Very Low,812,0,18,18
9716,Leska-1-44,BUL,italy_balkan_caucasus,CS77030,42.7,25.0,0.4741563775328082,17.311608961303463,Very Low,813,0,3,3
9728,Stiav-1,SVK,central_europe,CS77279,48.7,19.7,0.4645247030161377,17.209775967413442,Very Low,814,0,19,19
7424,Jl-3,CZE,central_europe,CS76519,49.0,15.0,0.4625458788805978,17.10794297352342,Very Low,815,0,29,29
7202,Kb-0,GER,germany,CS76524,51.0,10.0,0.45947543458359985,16.95519348268839,Very Low,816,0,4,4
7199,Kl-5,GER,germany,CS76528,51.0,10.0,0.45947543458359985,16.95519348268839,Very Low,817,0,13,13
9633,Lebja-4,RUS,asia,CS77017,60.0,100.0,0.45457194108610094,16.802443991853362,Very Low,818,0,6,6
9125,Geg-14,ARM,asia,CS76876,,,0.45353942588786966,16.700610997963338,Very Low,819,0,29,29
9958,Shigu-1,RUS,asia,CS76375,60.0,100.0,0.4525199465102224,16.59877800407332,Very Low,820,0,28,28
9956,Stepn-1,RUS,asia,CS76378,60.0,100.0,0.4518738786984372,16.4969450101833,Very Low,821,0,20,20
7002,Baa-1,NED,germany,CS76442,52.0,5.0,0.45124832073311655,16.39511201629328,Very Low,822,0,8,8
9723,Slavi-2,BUL,italy_balkan_caucasus,CS77252,42.7,25.0,0.45029974754731994,16.293279022403258,Very Low,823,0,3,3
7000,Aa-0,GER,germany,CS76428,51.0,10.0,0.4484500714271885,16.191446028513237,Very Low,824,0,28,28
9613,Balan-1,RUS,italy_balkan_caucasus,CS76687,60.0,100.0,0.44468750907841526,16.08961303462322,Very Low,825,0,2,2
9755,Vajug-1,SRB,italy_balkan_caucasus,CS78828,44.0,21.0,0.4445125607536688,15.987780040733199,Very Low,826,0,2,2
6088,Stu1-1,SWE,south_sweden,CS77285,62.0,15.0,0.44393757710996046,15.885947046843176,Very Low,827,0,4,4
7162,Hs-0,GER,germany,CS76515,51.0,10.0,0.4384825757168636,15.784114052953157,Very Low,828,0,3,3
10015,Ara-1,AFG,asia,CS76382,33.0,65.0,0.4383105063035811,15.682281059063136,Very Low,829,0,2,2
9757,Staro-1,SRB,italy_balkan_caucasus,CS77272,44.0,21.0,0.43813906212879106,15.580448065173117,Very Low,830,0,1,1
7276,Ob-0,GER,germany,CS76566,51.0,10.0,0.4380200381503398,15.478615071283095,Very Low,831,0,28,28
9744,Iasi-1,ROU,admixed,CS76944,,,0.4376839546262822,15.376782077393075,Very Low,832,0,5,5
9698,Goced-1,BUL,italy_balkan_caucasus,CS76882,42.7,25.0,0.4364865577678787,15.274949083503056,Very Low,833,0,29,29
9774,Alt-1,GER,central_europe,CS76663,51.0,10.0,0.43646039522793195,15.122199592668025,Very Low,834,0,2,2
6931,Kz-9,KAZ,asia,CS76537,48.0,66.0,0.43646039522793195,15.122199592668025,Very Low,835,0,6,6
7138,Fi-0,GER,admixed,CS76488,51.0,10.0,0.435382790595807,14.969450101832994,Very Low,836,0,0,0
9627,Kolyv-5,RUS,asia,CS76979,60.0,100.0,0.43434305101676196,14.867617107942973,Very Low,837,0,29,29
9626,Kolyv-3,RUS,asia,CS76978,60.0,100.0,0.4338870922624212,14.765784114052954,Very Low,838,0,10,10
9617,Karag-1,RUS,asia,CS76960,60.0,100.0,0.4328505829094876,14.663951120162933,Very Low,839,0,22,22
9739,Toc-1,ROU,central_europe,CS77370,,,0.43060342359110476,14.562118126272914,Very Low,840,0,2,2
7516,Vår2-1,SWE,germany,CS78830,62.0,15.0,0.43004466221045184,14.460285132382891,Very Low,841,0,6,6
5165,UKSE06-362,UK,admixed,CS78802,54.0,-2.0,0.4299900485574323,14.358452138492872,Very Low,842,0,29,29
6039,Hovdala-2,SWE,admixed,CS76937,62.0,15.0,0.4299203213587638,14.25661914460285,Very Low,843,0,4,4
8306,Hov4-1,SWE,south_sweden,CS76936,62.0,15.0,0.4294852693813942,14.15478615071283,Very Low,844,0,31,31
7158,Gr-5,AUT,central_europe,CS76885,47.5,14.5,0.42801266256728343,14.052953156822811,Very Low,845,0,3,3
7461,H55,CZE,germany,CS76897,49.0,15.0,0.42726919995337365,13.95112016293279,Very Low,846,0,29,29
5800,UKID96,UK,germany,CS78791,54.0,-2.0,0.42487745360829376,13.849287169042771,Very Low,847,0,0,0
7127,Est,EST,admixed,CS76485,58.0,25.0,0.4246234690590043,13.238289205702646,Very Low,848,0,4,4
19949,OOE2-1,AUT,central_europe,CS79036,47.5,14.5,0.4246234690590043,13.238289205702646,Very Low,849,0,4,4
18696,Samm,RUS,asia,CS78929,60.0,100.0,0.4246234690590043,13.238289205702646,Very Low,850,0,5,5
19950,OOE2-2,AUT,central_europe,CS79037,47.5,14.5,0.4246234690590043,13.238289205702646,Very Low,851,0,2,2
19951,OOE23,AUT,central_europe,CS79038,47.5,14.5,0.4246234690590043,13.238289205702646,Very Low,852,0,0,0
9733,Bela-2,SVK,central_europe,CS76697,48.7,19.7,0.4246234690590043,13.238289205702646,Very Low,853,0,29,29
15560,Valm,RUS,asia,CS78932,60.0,100.0,0.4246234690590043,13.238289205702646,Very Low,854,0,20,20
7203,Krot-0,GER,central_europe,CS76534,51.0,10.0,0.4246234690590043,13.238289205702646,Very Low,855,0,2,2
9721,Schip-1,BUL,italy_balkan_caucasus,CS77239,42.7,25.0,0.4246234690590043,13.238289205702646,Very Low,856,0,20,20
9768,Rü4-16,GER,central_europe,CS77225,51.0,10.0,0.4246234690590043,13.238289205702646,Very Low,857,0,29,29
9772,Höf-1,GER,central_europe,CS76925,51.0,10.0,0.4246234690590043,13.238289205702646,Very Low,858,0,1,1
9691,Castelfed-3-207,ITA,admixed,CS76756,42.0,12.0,0.42459681166737706,12.627291242362526,Very Low,859,0,29,29
9628,Kolyv-6,RUS,asia,CS76980,60.0,100.0,0.42360398968135704,12.525458248472503,Very Low,860,0,29,29
7192,Kil-0,UK,germany,CS76526,54.0,-2.0,0.42351970188693255,11.914460285132384,Very Low,861,0,2,2
7404,Wc-1,GER,admixed,CS76627,51.0,10.0,0.42351970188693255,11.914460285132384,Very Low,862,0,29,29
7280,Old-1,GER,germany,CS76567,51.0,10.0,0.42351970188693255,11.914460285132384,Very Low,863,0,29,29
7031,Bsch-0,GER,germany,CS76457,51.0,10.0,0.42351970188693255,11.914460285132384,Very Low,864,0,29,29
630,LI-OF-065,USA,western_europe,CS77036,39.0,-97.0,0.42351970188693255,11.914460285132384,Very Low,865,0,29,29
9133,Yeg-7,ARM,asia,CS78867,,,0.42351970188693255,11.914460285132384,Very Low,866,0,29,29
9612,Lesno-2,RUS,asia,CS77033,60.0,100.0,0.42351970188693255,11.914460285132384,Very Low,867,0,29,29
6981,Ws-2,RUS,admixed,CS78920,60.0,100.0,0.42351970188693255,11.914460285132384,Very Low,868,0,29,29
9712,Dolna-1-40,BUL,italy_balkan_caucasus,CS76805,42.7,25.0,0.42351970188693255,11.914460285132384,Very Low,869,0,29,29
7163,Ha-0,GER,admixed,CS76500,51.0,10.0,0.42351970188693255,11.914460285132384,Very Low,870,0,29,29
7258,Nw-0,GER,germany,CS76564,51.0,10.0,0.42351970188693255,11.914460285132384,Very Low,871,0,28,28
9638,Noveg-3,RUS,asia,CS77133,60.0,100.0,0.42300400096365587,11.303462321792262,Very Low,872,0,29,29
7471,RLD-1,UNK,admixed,CS76588,,,0.4214307123841834,11.201629327902241,Very Low,873,0,29,29
9609,Adam-1,RUS,asia,CS76645,60.0,100.0,0.4213041248938012,11.09979633401222,Very Low,874,0,29,29
9697,Dolen-1,BUL,italy_balkan_caucasus,CS76802,42.7,25.0,0.4208504299640847,10.9979633401222,Very Low,875,0,29,29
9631,Lebja-1,RUS,asia,CS77015,60.0,100.0,0.4203281350591488,10.896130346232178,Very Low,876,0,29,29
9736,Teiu-2,ROU,admixed,CS77361,,,0.4195570390151632,10.79429735234216,Very Low,877,0,29,29
9607,Panik-1,RUS,asia,CS77161,60.0,100.0,0.41883890701593474,10.692464358452138,Very Low,878,0,29,29
9718,Smolj-1,BUL,italy_balkan_caucasus,CS77256,42.7,25.0,0.418422674574939,10.590631364562118,Very Low,879,0,29,29
9641,Rakit-2,RUS,asia,CS77203,60.0,100.0,0.4176175439578471,10.488798370672098,Very Low,880,0,29,29
6177,TÄL 03,SWE,north_sweden,CS77338,62.0,15.0,0.41753485852623157,10.030549898167006,Very Low,881,0,29,29
9629,K-oze-1,RUS,asia,CS76957,60.0,100.0,0.41753485852623157,10.030549898167006,Very Low,882,0,29,29
14312,Kos-1,RUS,asia,CS78923,60.0,100.0,0.41753485852623157,10.030549898167006,Very Low,883,0,29,29
7514,RRS-7,USA,admixed,CS76593,39.0,-97.0,0.41753485852623157,10.030549898167006,Very Low,884,0,29,29
9732,Halca-1,SVK,central_europe,CS76909,48.7,19.7,0.41753485852623157,10.030549898167006,Very Low,885,0,29,29
9731,Stiav-3,SVK,central_europe,CS77281,48.7,19.7,0.41753485852623157,10.030549898167006,Very Low,886,0,29,29
1890,MNF-Riv-21,USA,asia,CS77101,39.0,-97.0,0.41753485852623157,10.030549898167006,Very Low,887,0,29,29
14313,Kos-2,RUS,asia,CS78924,60.0,100.0,0.41753485852623157,10.030549898167006,Very Low,888,0,29,29
9412,Kor 3,SWE,south_sweden,CS76981,62.0,15.0,0.4167090326737757,9.470468431771895,Very Low,889,0,29,29
7165,Hn-0,GER,germany,CS76513,51.0,10.0,0.4167090326737757,9.470468431771895,Very Low,890,0,29,29
9711,Dolna-1-39,BUL,italy_balkan_caucasus,CS76804,42.7,25.0,0.4167090326737757,9.470468431771895,Very Low,891,0,29,29
9611,Lesno-1,RUS,asia,CS77032,60.0,100.0,0.4164572538941066,9.266802443991853,Very Low,892,0,29,29
5748,Kil-0,UK,germany,CS78784,54.0,-2.0,0.41643109135415984,8.808553971486761,Very Low,893,0,29,29
768,Zal-1,KGZ,asia,CS76634,,,0.41643109135415984,8.808553971486761,Very Low,894,0,29,29
772,Neo-6,TJK,asia,CS76560,,,0.41643109135415984,8.808553971486761,Very Low,895,0,29,29
7062,Ca-0,GER,germany,CS76459,51.0,10.0,0.41643109135415984,8.808553971486761,Very Low,896,0,29,29
9640,Rakit-1,RUS,asia,CS77202,60.0,100.0,0.41643109135415984,8.808553971486761,Very Low,897,0,29,29
9619,Basta-1,RUS,asia,CS76691,60.0,100.0,0.41643109135415984,8.808553971486761,Very Low,898,0,29,29
9805,Pfn-10,GER,central_europe,CS77171,51.0,10.0,0.41643109135415984,8.808553971486761,Very Low,899,0,29,29
9128,Yeg-2,ARM,asia,CS78864,,,0.41643109135415984,8.808553971486761,Very Low,900,0,29,29
9810,Tü-KS-7,GER,central_europe,CS77394,51.0,10.0,0.4152390254563287,8.350305498981669,Very Low,901,0,29,29
7413,Wil-2,LTU,central_europe,CS78856,,,0.41461830779755593,8.146639511201629,Very Low,902,0,29,29
9625,Kolyv-2,RUS,asia,CS76977,60.0,100.0,0.41461830779755593,8.146639511201629,Very Low,903,0,29,29
9735,Bela-4,SVK,central_europe,CS76699,48.7,19.7,0.41461830779755593,8.146639511201629,Very Low,904,0,29,29
765,Sus-1,KGZ,asia,CS76607,,,0.41460154076828853,7.892057026476579,Very Low,905,0,29,29
6945,Nok-3,NED,germany,CS76562,52.0,5.0,0.41460154076828853,7.892057026476579,Very Low,906,0,29,29
7117,El-0,GER,germany,CS76479,51.0,10.0,0.4145993264466805,7.637474541751528,Very Low,907,0,29,29
9103,Lag1-5,GEO,italy_balkan_caucasus,CS77000,42.0,43.4,0.4145993264466805,7.637474541751528,Very Low,908,0,29,29
7209,La-0,POL,admixed,CS76538,52.0,19.0,0.4145993264466805,7.637474541751528,Very Low,909,0,29,29
9639,Panke-1,RUS,asia,CS77162,60.0,100.0,0.4143403664779401,7.3319755600814664,Very Low,910,0,29,29
9645,Gradi-1,CRO,central_europe,CS76887,45.0,15.0,0.4143403664779401,7.3319755600814664,Very Low,911,0,29,29
9630,K-oze-3,RUS,asia,CS76958,60.0,100.0,0.4143403664779401,7.3319755600814664,Very Low,912,0,28,28
9635,Nosov-1,RUS,asia,CS77130,60.0,100.0,0.4138577883886491,7.128309572301425,Very Low,913,0,29,29
6929,Kondara,TJK,asia,CS76532,,,0.41354070316543096,7.026476578411406,Very Low,914,0,29,29
9743,Furni-1,ROU,admixed,CS76873,,,0.4135145406254842,6.924643584521386,Very Low,915,0,29,29
5811,UKID107,UK,admixed,CS78778,54.0,-2.0,0.4133622521873891,6.822810590631365,Very Low,916,0,29,29
9624,Chaba-2,RUS,asia,CS76767,60.0,100.0,0.4129139399489839,6.720977596741344,Very Low,917,0,29,29
9761,Bik-1,LBN,central_europe,CS76449,34.0,35.8,0.41250860157046076,6.415478615071284,Very Low,918,0,29,29
6938,Ms-0,RUS,asia,CS76555,60.0,100.0,0.41250860157046076,6.415478615071284,Very Low,919,0,29,29
7396,Ws-0.2,RUS,central_europe,CS78857,60.0,100.0,0.41250860157046076,6.415478615071284,Very Low,920,0,29,29
7372,Tscha-1,AUT,central_europe,CS76616,47.5,14.5,0.41250860157046076,6.415478615071284,Very Low,921,0,29,29
9729,Stiav-2,SVK,central_europe,CS77280,48.7,19.7,0.41250860157046076,6.415478615071284,Very Low,922,0,29,29
7273,No-0,GER,central_europe,CS77128,51.0,10.0,0.4116849900396129,6.059063136456212,Very Low,923,0,29,29
5831,App1-14,SWE,south_sweden,CS76668,62.0,15.0,0.4116849900396129,6.059063136456212,Very Low,924,0,29,29
6194,TDr-8,SWE,south_sweden,CS77355,62.0,15.0,0.4116827757180049,4.633401221995927,Very Low,925,0,29,29
6191,TDr-4,SWE,south_sweden,CS77352,62.0,15.0,0.4116827757180049,4.633401221995927,Very Low,926,0,29,29
7323,Rubezhnoe-1,UKR,asia,CS76594,49.0,32.0,0.4116827757180049,4.633401221995927,Very Low,927,0,29,29
7314,Ragl-1,UK,admixed,CS76583,54.0,-2.0,0.4116827757180049,4.633401221995927,Very Low,928,0,29,29
7419,Db-1,GER,germany,CS76471,51.0,10.0,0.4116827757180049,4.633401221995927,Very Low,929,0,29,29
7415,Wu-0,GER,germany,CS78858,51.0,10.0,0.4116827757180049,4.633401221995927,Very Low,930,0,29,29
9787,HI-4,GER,central_europe,CS76922,51.0,10.0,0.4116827757180049,4.633401221995927,Very Low,931,0,29,29
9775,Berg-1,GER,central_europe,CS76701,51.0,10.0,0.4116827757180049,4.633401221995927,Very Low,932,0,29,29
9754,Sredn-1,SRB,admixed,CS77269,44.0,21.0,0.4116827757180049,4.633401221995927,Very Low,933,0,29,29
9413,Kor 4,SWE,south_sweden,CS76982,62.0,15.0,0.4116827757180049,4.633401221995927,Very Low,934,0,29,29
1063,Brösarp-21-140,SWE,south_sweden,CS76729,62.0,15.0,0.4116827757180049,4.633401221995927,Very Low,935,0,29,29
5349,UKSE06-639,UK,western_europe,CS78807,54.0,-2.0,0.4116827757180049,4.633401221995927,Very Low,936,0,29,29
9616,Krazo-1,RUS,asia,CS76984,60.0,100.0,0.4116827757180049,4.633401221995927,Very Low,937,0,29,29
9615,Parti-1,RUS,asia,CS77163,60.0,100.0,0.4116827757180049,4.633401221995927,Very Low,938,0,29,29
6201,TDr-16,SWE,south_sweden,CS77348,62.0,15.0,0.4116827757180049,4.633401221995927,Very Low,939,0,29,29
628,LI-OF-061,USA,western_europe,CS78951,39.0,-97.0,0.4116827757180049,4.633401221995927,Very Low,940,0,29,29
6138,T860,SWE,south_sweden,CS77321,62.0,15.0,0.4116827757180049,4.633401221995927,Very Low,941,0,29,29
6203,TDr-18,SWE,south_sweden,CS77350,62.0,15.0,0.4116827757180049,4.633401221995927,Very Low,942,0,29,29
8427,Ull2-13,SWE,south_sweden,CS78552,62.0,15.0,0.4116827757180049,4.633401221995927,Very Low,943,0,29,29
7147,Gie-0,GER,admixed,CS76493,51.0,10.0,0.4116827757180049,4.633401221995927,Very Low,944,0,29,29
9700,Dolna-1-10,BUL,italy_balkan_caucasus,CS76803,42.7,25.0,0.4116827757180049,4.633401221995927,Very Low,945,0,29,29
6920,Got-22,GER,admixed,CS76884,51.0,10.0,0.4116827757180049,4.633401221995927,Very Low,946,0,29,29
6034,Hov1-7,SWE,south_sweden,CS76932,62.0,15.0,0.4116827757180049,4.633401221995927,Very Low,947,0,29,29
6038,Hov3-5,SWE,south_sweden,CS76935,62.0,15.0,0.4116827757180049,4.633401221995927,Very Low,948,0,29,29
8307,Hovdala-6,SWE,south_sweden,CS76938,62.0,15.0,0.4116827757180049,4.633401221995927,Very Low,949,0,29,29
801,KYC-33,USA,germany,CS76992,39.0,-97.0,0.4116827757180049,4.633401221995927,Very Low,950,0,29,29
9134,Yeg-8,ARM,asia,CS78868,,,0.41140483439838904,3.2586558044806515,Very Low,951,0,29,29
9737,Ulies-1,ROU,asia,CS78815,,,0.41106451185573184,3.1568228105906315,Very Low,952,0,29,29
9608,Karag-2,RUS,asia,CS76961,60.0,100.0,0.4108430543810283,3.054989816700611,Very Low,953,0,29,29
9642,Rakit-3,RUS,asia,CS77204,60.0,100.0,0.41066329634035764,2.9531568228105907,Very Low,954,0,29,29
9632,Lebja-2,RUS,asia,CS77016,60.0,100.0,0.40872705560137174,2.8513238289205702,Very Low,955,0,29,29
14314,Radk-1,RUS,asia,CS78927,60.0,100.0,0.40459416518523217,1.4256619144602851,Very Low,956,0,29,29
5210,UKSE06-432,UK,western_europe,CS78803,54.0,-2.0,0.40459416518523217,1.4256619144602851,Very Low,957,0,29,29
14315,Radk-2,RUS,asia,CS78928,60.0,100.0,0.40459416518523217,1.4256619144602851,Very Low,958,0,0,0
766,Dja-1,KGZ,asia,CS76473,,,0.40459416518523217,1.4256619144602851,Very Low,959,0,29,29
7183,Kas-1,IND,asia,CS79018,21.0,78.0,0.40459416518523217,1.4256619144602851,Very Low,960,0,29,29
9766,Westkar-4,KGZ,asia,CS76629,,,0.40459416518523217,1.4256619144602851,Very Low,961,0,29,29
9777,Gn-1,GER,central_europe,CS76880,51.0,10.0,0.40459416518523217,1.4256619144602851,Very Low,962,0,29,29
9745,Sij 1/96,UZB,asia,CS77249,41.0,64.0,0.40459416518523217,1.4256619144602851,Very Low,963,0,29,29
9706,Dospa-1,BUL,italy_balkan_caucasus,CS76807,42.7,25.0,0.40459416518523217,1.4256619144602851,Very Low,964,0,29,29
763,Kar-1,KGZ,asia,CS76522,,,0.40459416518523217,1.4256619144602851,Very Low,965,0,29,29
8312,Is-0,GER,germany,CS78904,51.0,10.0,0.40459416518523217,1.4256619144602851,Very Low,966,0,29,29
9643,Sever-1,RUS,asia,CS77245,60.0,100.0,0.40459416518523217,1.4256619144602851,Very Low,967,0,29,29
8366,Rd-0,GER,admixed,CS76584,51.0,10.0,0.40459416518523217,1.4256619144602851,Very Low,968,0,29,29
8424,Kas-2,IND,asia,CS78905,21.0,78.0,0.40459416518523217,1.4256619144602851,Very Low,969,0,29,29
6960,Rennes-11,FRA,western_europe,CS77211,46.0,2.0,0.40459416518523217,1.4256619144602851,Very Low,970,0,29,29
6909,Col-0,USA,germany,CS76778,39.0,-97.0,0.40459416518523217,1.4256619144602851,Very Low,971,0,29,29
6997,Appt-1,NED,germany,CS76440,52.0,5.0,0.40459416518523217,1.4256619144602851,Very Low,972,0,29,29
7143,Gel-1,NED,germany,CS76492,52.0,5.0,0.40459416518523217,1.4256619144602851,Very Low,973,0,29,29
9621,Basta-3,RUS,asia,CS76693,60.0,100.0,0.40459416518523217,1.4256619144602851,Very Low,974,0,29,29
9130,Yeg-4,ARM,asia,CS78865,,,0.40459416518523217,1.4256619144602851,Very Low,975,0,29,29
9637,Noveg-2,RUS,asia,CS77132,60.0,100.0,0.40459416518523217,1.4256619144602851,Very Low,976,0,29,29
9636,Noveg-1,RUS,asia,CS77131,60.0,100.0,0.40459416518523217,1.4256619144602851,Very Low,977,0,14,14
9634,Masl-1,RUS,asia,CS77073,60.0,100.0,0.40459416518523217,1.4256619144602851,Very Low,978,0,7,7
9131,Yeg-5,ARM,asia,CS78866,,,0.40459416518523217,1.4256619144602851,Very Low,979,0,7,7
9610,Lesno-4,RUS,asia,CS77034,60.0,100.0,0.40459416518523217,1.4256619144602851,Very Low,980,0,29,29
9620,Basta-2,RUS,asia,CS76692,60.0,100.0,0.40459416518523217,1.4256619144602851,Very Low,981,0,29,29
9924,PLY-20,FRA,admixed,CS77181,46.0,2.0,0.40459416518523217,1.4256619144602851,Very Low,982,0,29,29
