accession_id,name,country,group,latitude,longitude,elevation_m,predicted_response_score,expanded_prs_763genes,genome_wide_prs
9099,Istisu-9,AZE,italy_balkan_caucasus,38.9786,48.5594,101.0,0.6534863669780302,0.6294091915683672,0.6414477792731987
9067,Xan-3,AZE,italy_balkan_caucasus,38.6536,48.7992,20.0,0.6534863669780302,0.6106848379428947,0.6320856024604624
9069,Xan-5,AZE,italy_balkan_caucasus,38.6536,48.7992,20.0,0.6534863669780302,0.634263423121051,0.6438748950495405
9081,Lerik2-3,AZE,italy_balkan_caucasus,38.7833,48.5517,413.0,0.6534863669780302,0.660393962670271,0.6569401648241506
9759,Anz-0,IRN,italy_balkan_caucasus,37.47,49.47,-23.0,0.6534863669780302,0.6089917657363301,0.6312390663571801
7288,Oy-0,NOR,admixed,60.385543,6.193019,49.0,0.6534863669780302,0.5860767152695548,0.6197815411237926
5784,Ty-1,UK,admixed,56.4,-5.2,153.0,0.6534863669780302,0.6444627514432519,0.6489745592106411
5757,Mc-1,UK,admixed,54.6,-2.3,596.0,0.6534863669780302,0.6219094088526175,0.6376978879153239
6086,Sr:3,SWE,admixed,58.9,11.2,17.0,0.6416494408091027,0.5686652092310541,0.6051573250200784
9966,Monte-1,ITA,italy_balkan_caucasus,40.28,15.65,485.0,0.6409864025080305,0.6169832038156094,0.6289848031618199
997,Ale-Stenar-56-14,SWE,south_sweden,55.3833,14.05,0.0,0.6409864025080305,0.5717005717236566,0.6063434871158435
1061,Brösarp-11-135,SWE,south_sweden,55.7167,14.1333,54.0,0.6409864025080304,0.5712978099009227,0.6061421062044765
10001,TueV-13,GER,western_europe,48.52,9.05,334.0,0.6409864025080304,0.5997252706550115,0.6203558365815209
10002,TueWal-2,GER,western_europe,48.53,9.04,440.0,0.6409864025080304,0.5350579951682966,0.5880221988381635
1002,Ale-Stenar-64-24,SWE,south_sweden,55.3833,14.05,0.0,0.6409864025080304,0.5338555675326394,0.5874209850203349
9932,NOZ-6,FRA,admixed,44.12,4.33,316.0,0.6409864025080304,0.5799977766308012,0.6104920895694158
9930,LEC-25,FRA,central_europe,43.91,4.14,268.0,0.6409864025080304,0.5666914688979977,0.6038389357030141
9574,IP-Rel-0,ESP,relict,38.6,-2.7,1032.0,0.6409864025080304,0.6118138224858887,0.6264001124969596
9576,IP-Rev-0,ESP,admixed,40.86,-4.11,1163.0,0.6409864025080304,0.5728856802423941,0.6069360413752123
9577,IP-Ria-0,ESP,spain,42.34,2.17,1108.0,0.6409864025080304,0.5562772914679717,0.598631846988001
9578,IP-Sac-0,ESP,western_europe,42.13,-6.7,1040.0,0.6409864025080304,0.642825865575677,0.6419061340418537
9579,IP-San-10,ESP,admixed,38.33,-3.51,729.0,0.6409864025080304,0.5958831134934344,0.6184347580007323
9581,IP-Sdv-3,ESP,admixed,42.84,-5.12,992.0,0.6409864025080304,0.6001722486486681,0.6205793255783493
9582,IP-Ses-0,ESP,spain,41.48,-1.63,917.0,0.6409864025080304,0.5567639569216267,0.5988751797148286
9583,IP-Sne-0,ESP,relict,37.09,-3.38,2542.0,0.6409864025080304,0.587564920772275,0.6142756616401527
9546,IP-Hom-4,ESP,spain,40.82,-1.68,1338.0,0.6409864025080304,0.6034940801993264,0.6222402413536784
9547,IP-Hor-0,ESP,spain,41.67,2.62,546.0,0.6409864025080304,0.5647865951853613,0.6028864988466959
9548,IP-Hoy-0,ESP,admixed,40.4,-5.0,1474.0,0.6409864025080304,0.6118573430584006,0.6264218727832155
9549,IP-Hum-2,ESP,relict,42.23,-3.69,899.0,0.6409864025080304,0.5807372418104663,0.6108618221592483
9550,IP-Iso-4,ESP,relict,43.05,-5.37,1667.0,0.6409864025080304,0.5891855900142321,0.6150859962611313
9551,IP-Jim-1,ESP,admixed,42.28,-5.92,790.0,0.6409864025080304,0.5806552041411485,0.6108208033245894
9552,IP-Lab-7,ESP,admixed,40.87,-4.5,981.0,0.6409864025080304,0.6556847480432986,0.6483355752756645
9553,IP-Ldd-0,ESP,spain,41.58,-4.71,709.0,0.6409864025080304,0.5990014857658924,0.6199939441369614
1834,Mdn-8,USA,germany,42.051,-86.509,192.0,0.6409864025080304,0.5672040746393534,0.604095238573692
1835,Mdn-10,USA,germany,42.051,-86.509,192.0,0.6409864025080304,0.623611749871126,0.6322990761895781
1851,MNF-Pot-10,USA,germany,43.595,-86.2657,256.0,0.6409864025080304,0.5607660930088997,0.600876247758465
1852,MNF-Pot-15,USA,germany,43.595,-86.2657,256.0,0.6409864025080304,0.603657310358173,0.6223218564331017
1853,MNF-Pot-21,USA,germany,43.595,-86.2657,256.0,0.6409864025080304,0.5386012987916371,0.5897938506498337
18694,Pien,RUS,asia,60.4,32.09,4.0,0.6409864025080304,0.5407408210410775,0.5908636117745539
1872,MNF-Pot-75,USA,germany,43.595,-86.2657,256.0,0.6409864025080304,0.6032972395841041,0.6221418210460672
14318,Shu-1,RUS,asia,61.94,34.24,86.0,0.6409864025080304,0.6012003999078928,0.6210934012079616
1062,Brösarp-15-138,SWE,south_sweden,55.7167,14.1333,54.0,0.6409864025080304,0.5904107509437295,0.61569857672588
1066,Brösarp-34-145,SWE,south_sweden,55.7167,14.1333,54.0,0.6409864025080304,0.5818002540363832,0.6113933282722068
1070,Brösarp-45-153,SWE,south_sweden,55.7167,14.1333,54.0,0.6409864025080304,0.5762365916403518,0.6086114970741912
108,LDV-18,FRA,western_europe,48.5167,-4.06667,95.0,0.6409864025080304,0.5481140427970076,0.594550222652519
1158,Aledal-6-49,SWE,south_sweden,56.7,16.5167,33.0,0.6409864025080304,0.5626910762561892,0.6018387393821099
1166,Aledal-14-73,SWE,south_sweden,56.7,16.5167,33.0,0.6409864025080304,0.5704672393792368,0.6057268209436336
1254,Tos-82-387,SWE,north_sweden,59.4333,17.0167,41.0,0.6409864025080304,0.6132667692945979,0.6271265859013142
1257,Tos-95-393,SWE,north_sweden,59.4333,17.0167,41.0,0.6409864025080304,0.5918616511950843,0.6164240268515573
1954,MNF-Jac-12,USA,germany,43.5187,-86.1739,218.0,0.6409864025080304,0.5445764978471483,0.5927814501775894
2017,MNF-Pin-40,USA,germany,43.5356,-86.1788,222.0,0.6409864025080304,0.6071733215898742,0.6240798620489523
2031,Map-8,USA,germany,42.166,-86.412,196.0,0.6409864025080304,0.5872679340955409,0.6141271683017857
2053,Map-35,USA,germany,42.166,-86.412,196.0,0.6409864025080304,0.5785127424988517,0.609749572503441
2057,Map-42,USA,germany,42.166,-86.412,196.0,0.6409864025080304,0.6171706911732564,0.6290785468406435
2081,MuskSP-68,USA,germany,43.2483,-86.3368,194.0,0.6409864025080304,0.6286680881829089,0.6348272453454696
2091,MuskSP-83,USA,germany,43.2483,-86.3368,194.0,0.6409864025080304,0.6256765060815164,0.6333314542947734
2106,MSGA-10,USA,germany,43.2749,-86.0891,218.0,0.6409864025080304,0.5725349768113512,0.6067606896596909
1741,KBS-Mac-74,USA,germany,42.405,-85.398,286.0,0.6409864025080304,0.5893050312324939,0.6151457168702621
1756,Ker-4,USA,germany,42.184,-86.358,193.0,0.6409864025080304,0.6087403054501374,0.6248633539790839
1757,Ker-5,USA,germany,42.184,-86.358,193.0,0.6409864025080304,0.6280687563217012,0.6345275794148658
1793,L-R-5,USA,germany,41.847,-86.67,205.0,0.6409864025080304,0.5847641753726718,0.612875288940351
1797,L-R-10,USA,germany,41.847,-86.67,205.0,0.6409864025080304,0.593569633208116,0.6172780178580732
1819,Lak-12,USA,germany,41.8,-86.67,198.0,0.6409864025080304,0.5659963532878496,0.60349137789794
1820,Lak-13,USA,germany,41.8,-86.67,198.0,0.6409864025080304,0.5633002037856103,0.6021433031468204
1829,Mdn-1,USA,germany,42.051,-86.509,192.0,0.6409864025080304,0.6233111771798563,0.6321487898439433
2159,Paw-13,USA,germany,42.148,-86.431,189.0,0.6409864025080304,0.6395256033651552,0.6402560029365928
2166,Paw-20,USA,germany,42.148,-86.431,189.0,0.6409864025080304,0.5966780988606204,0.6188322506843253
2171,Paw-26,USA,germany,42.148,-86.431,189.0,0.6409864025080304,0.6289443894447911,0.6349653959764108
2191,Pent-7,USA,germany,43.7623,-86.3929,185.0,0.6409864025080304,0.6080731832594594,0.6245297928837449
2212,Pent-46,USA,germany,43.7623,-86.3929,185.0,0.6409864025080304,0.5778705098698766,0.6094284561889536
2239,Riv-25,USA,germany,42.184,-86.382,198.0,0.6409864025080304,0.6096442706732829,0.6253153365906566
2240,Riv-26,USA,germany,42.184,-86.382,198.0,0.6409864025080304,0.6449434995020095,0.6429649510050199
2276,SLSP-31,USA,admixed,43.665,-86.496,178.0,0.6409864025080304,0.5962466213347319,0.6186165119213811
2278,SLSP-35,USA,germany,43.665,-86.496,178.0,0.6409864025080304,0.6442607121824506,0.6426235573452406
2285,SLSP-69,USA,germany,43.665,-86.496,178.0,0.6409864025080304,0.5187290493853381,0.5798577259466843
2286,SLSP-67,USA,germany,43.665,-86.496,178.0,0.6409864025080304,0.6219784776392872,0.6314824400736587
2317,Ste-40,USA,admixed,42.03,-86.514,194.0,0.6409864025080304,0.6015678145551755,0.6212771085316029
2370,Yng-4,USA,germany,41.865,-86.646,196.0,0.6409864025080304,0.5901511819940544,0.6155687922510424
1925,MNF-Che-2,USA,germany,43.5251,-86.1843,214.0,0.6409864025080304,0.6002141258040955,0.620600264156063
1942,MNF-Che-47,USA,germany,43.5251,-86.1843,214.0,0.6409864025080304,0.5378342350700036,0.589410318789017
1943,MNF-Che-49,USA,germany,43.5251,-86.1843,214.0,0.6409864025080304,0.590871145872905,0.6159287741904678
265,PYL-6,FRA,admixed,44.65,-1.16667,23.0,0.6409864025080304,0.6070497796533828,0.6240180910807066
351,TOU-A1-89,FRA,western_europe,46.6667,4.11667,257.0,0.6409864025080304,0.6386565238502759,0.6398214631791532
403,Zdarec3,CZE,central_europe,49.3667,16.2667,438.0,0.6409864025080304,0.576071595959821,0.6085289992339258
410,Doubravnik7,CZE,central_europe,49.4211,16.3497,420.0,0.6409864025080304,0.5673104944212348,0.6041484484646327
424,Draha2,CZE,central_europe,49.4112,16.2815,509.0,0.6409864025080304,0.5765224912004944,0.6087544468542624
428,Borky1,CZE,central_europe,49.403,16.232,519.0,0.6409864025080304,0.6190454660390926,0.6300159342735615
430,Gr-1,AUT,central_europe,47.0,15.5,332.0,0.6409864025080304,0.603848935797821,0.6224176691529257
470,BRR4,USA,germany,40.8313,-87.735,200.0,0.6409864025080304,0.5842622963950193,0.6126243494515249
476,BRR12,USA,germany,40.8313,-87.735,200.0,0.6409864025080304,0.615553125501431,0.6282697640047308
4779,UKSW06-179,UK,western_europe,50.4,-4.9,122.0,0.6409864025080304,0.5934987289884717,0.617242565748251
4807,UKSW06-207,UK,western_europe,50.4,-4.9,122.0,0.6409864025080304,0.6196457522240171,0.6303160773660237
4826,UKSW06-226,UK,western_europe,50.4,-4.9,122.0,0.6409864025080304,0.5695248096917098,0.6052556060998702
484,BRR23,USA,germany,40.8313,-87.735,200.0,0.6409864025080304,0.5903252381100973,0.6156558203090639
4840,UKSW06-240,UK,western_europe,50.4,-4.9,122.0,0.6409864025080304,0.5788231579140657,0.609904780211048
2108,MSGA-12,USA,germany,43.2749,-86.0891,218.0,0.6409864025080304,0.5538060540640668,0.5973962282860485
2141,MSGA-61,USA,germany,43.2749,-86.0891,218.0,0.6409864025080304,0.6065951108199676,0.6237907566639991
5726,Cnt-1,UK,western_europe,51.3,1.1,32.0,0.6409864025080304,0.597518060673427,0.6192522315907287
5768,UKID63,UK,admixed,54.1,-1.5,26.0,0.6409864025080304,0.5870398062073042,0.6140131043576673
4857,UKSW06-257,UK,western_europe,50.3,-4.9,50.0,0.6409864025080304,0.5836487885067759,0.6123175955074032
4884,UKSW06-285,UK,western_europe,50.3,-4.9,50.0,0.6409864025080304,0.548225280246518,0.5946058413772741
4900,UKSW06-302,UK,western_europe,50.3,-4.8,13.0,0.6409864025080304,0.5780670428250696,0.60952672266655
4939,UKSW06-341,UK,western_europe,50.4,-4.7,120.0,0.6409864025080304,0.5803049670122273,0.6106456847601289
4958,UKSW06-360,UK,western_europe,50.5,-4.5,201.0,0.6409864025080304,0.5664180844313819,0.6037022434697061
5023,UKSE06-118,UK,western_europe,51.3,0.5,13.0,0.6409864025080304,0.5848478311580502,0.6129171168330403
504,BRR57,USA,germany,40.8313,-87.735,200.0,0.6409864025080304,0.6122766282124665,0.6266315153602484
506,BRR60,USA,germany,40.8313,-87.735,200.0,0.6409864025080304,0.6567406795443463,0.6488635410261884
5151,UKSE06-325,UK,admixed,52.2,-1.7,61.0,0.6409864025080304,0.5940237368929856,0.617505069700508
5236,UKSE06-470,UK,western_europe,51.2,0.4,13.0,0.6409864025080304,0.5975129142297133,0.6192496583688718
5249,UKSE06-491,UK,western_europe,51.2,0.3,21.0,0.6409864025080304,0.5875530250350454,0.6142697137715378
5253,UKSE06-500,UK,western_europe,51.1,0.6,65.0,0.6409864025080304,0.5323232660490591,0.5866548342785447
5276,UKSE06-533,UK,western_europe,51.3,1.1,32.0,0.6409864025080304,0.5888909862445539,0.6149386943762922
2412,Yng-53,USA,germany,41.865,-86.646,196.0,0.6409864025080304,0.6009283088062611,0.6209573556571457
9906,Mah-6,ESP,admixed,40.0,4.25,16.0,0.6409864025080304,0.674883665882589,0.6579350341953096
9908,ESP-1-11,FRA,western_europe,50.72,3.47,18.0,0.6409864025080304,0.5844955735645967,0.6127409880363135
9909,GEN-8,FRA,western_europe,50.59,3.3,73.0,0.6409864025080304,0.5994428227780387,0.6202146126430346
991,Ale-Stenar-41-1,SWE,south_sweden,55.3833,14.05,0.0,0.6409864025080304,0.5845617494168731,0.6127740759624518
9910,BRI-2,FRA,western_europe,50.68,3.52,51.0,0.6409864025080304,0.5552460613794445,0.5981162319437374
9911,ARGE-1-15,FRA,western_europe,47.16,4.28,509.0,0.6409864025080304,0.6281110869434811,0.6345487447257557
5279,UKSE06-541,UK,western_europe,51.3,1.1,32.0,0.6409864025080304,0.6122443934886336,0.626615397998332
531,BRR107,USA,germany,40.8313,-87.735,200.0,0.6409864025080304,0.6238860609193217,0.632436231713676
5353,UKNW06-003,UK,western_europe,54.5,-3.0,559.0,0.6409864025080304,0.5592047788641883,0.6000955906861094
5395,UKNW06-102,UK,western_europe,54.4,-3.0,129.0,0.6409864025080304,0.6286702318361134,0.6348283171720719
544,LI-WP-039,USA,germany,40.9076,-73.2089,19.0,0.6409864025080304,0.5580232706242619,0.5995048365661462
5577,UKNW06-403,UK,western_europe,54.7,-3.4,95.0,0.6409864025080304,0.6038921153220386,0.6224392589150345
5644,UKNW06-481,UK,western_europe,54.4,-2.9,197.0,0.6409864025080304,0.6523000712823297,0.64664323689518
5717,Bra-1,UK,western_europe,54.6,-3.2,204.0,0.6409864025080304,0.5566703127541097,0.59882835763107
5718,UKID11,UK,western_europe,57.0,-3.4,339.0,0.6409864025080304,0.5669974706199472,0.6039919365639888
5720,Cal-2,UK,admixed,53.3,-1.6,382.0,0.6409864025080304,0.5906759434606597,0.6158311729843451
5830,App1-12,SWE,south_sweden,56.3333,15.9667,29.0,0.6409864025080304,0.5695488328845444,0.6052676176962875
5836,Boo2-3,SWE,south_sweden,55.86,13.51,62.0,0.6409864025080304,0.5386064995760464,0.5897964510420384
5837,Bor-1,CZE,central_europe,49.4013,16.2326,523.0,0.6409864025080304,0.5936419917522112,0.6173141971301208
5856,Dör-10,SWE,north_sweden,63.0167,17.4914,347.0,0.6409864025080304,0.5461005910962472,0.5935434968021388
5860,Dra-3,SWE,north_sweden,62.6814,18.0165,10.0,0.6409864025080304,0.5925127754270858,0.616749588967558
5865,Dra1-4,SWE,south_sweden,55.76,14.12,88.0,0.6409864025080304,0.5576436754810162,0.5993150389945233
9895,Sfb-6,ESP,spain,41.78,2.57,231.0,0.6409864025080304,0.6457044346585565,0.6433454185832934
9897,Smt-1,ESP,admixed,40.95,-5.63,788.0,0.6409864025080304,0.5765388037379433,0.6087626031229869
9898,Som-0,ESP,spain,41.14,-3.58,1378.0,0.6409864025080304,0.5901845570218602,0.6155854797649454
9899,Tau-0,ESP,spain,42.54,0.84,1411.0,0.6409864025080304,0.6228519190291205,0.6319191607685755
9900,Tri-0,ESP,spain,37.38,-6.01,9.0,0.6409864025080304,0.5666804730150118,0.6038334377615211
9901,Urd-1,ESP,spain,42.27,-2.98,1301.0,0.6409864025080304,0.6055402005461542,0.6232633015270923
9902,Usa-0,ESP,spain,40.71,-3.24,795.0,0.6409864025080304,0.6394906851365032,0.6402385438222669
9903,Val-0,ESP,spain,42.31,-3.1,1246.0,0.6409864025080304,0.5504519054711936,0.5957191539896121
9904,Vas-0,ESP,spain,40.95,-3.31,809.0,0.6409864025080304,0.6055754182639995,0.623280910386015
9905,Ven-0,ESP,relict,40.76,-4.01,1746.0,0.6409864025080304,0.6080228863354831,0.6245046444217568
5921,DraIV 3-7,CZE,central_europe,49.4112,16.2815,509.0,0.6409864025080304,0.6150298886613497,0.62800814558469
5950,DraIV 5-12,CZE,central_europe,49.4112,16.2815,509.0,0.6409864025080304,0.554466681181688,0.5977265418448592
5984,DraIV 6-13,CZE,central_europe,49.4112,16.2815,509.0,0.6409864025080304,0.5519615041155022,0.5964739533117662
5993,DraIV 6-22,CZE,central_europe,49.4112,16.2815,509.0,0.6409864025080304,0.6072334494765373,0.6241099259922839
6008,Duk,CZE,central_europe,49.1,16.2,362.0,0.6409864025080304,0.600795942705026,0.6208911726065283
6009,Eden-1,SWE,north_sweden,62.877,18.177,73.0,0.6409864025080304,0.5856241880184068,0.6133052952632185
6010,Eden-5,SWE,north_sweden,62.877,18.177,73.0,0.6409864025080304,0.5885028487929397,0.614744625650485
6011,Eden-6,SWE,north_sweden,62.877,18.177,73.0,0.6409864025080304,0.5577086608606757,0.5993475316843531
6012,Eden-7,SWE,north_sweden,62.877,18.177,73.0,0.6409864025080304,0.5850770134228606,0.6130317079654455
6013,Eden-9,SWE,north_sweden,62.877,18.177,73.0,0.6409864025080304,0.5869015767069908,0.6139439896075106
6016,Eds-1,SWE,north_sweden,62.9,18.4,94.0,0.6409864025080304,0.5566558599672394,0.5988211312376349
5772,Set-1,UK,admixed,54.1,-2.3,304.0,0.6409864025080304,0.6428596378423731,0.6419230201752018
5776,UKID71,UK,western_europe,52.9,-1.3,35.0,0.6409864025080304,0.602301390135384,0.6216438963217072
5779,UKID74,UK,western_europe,51.0,-3.1,29.0,0.6409864025080304,0.5542472975919509,0.5976168500499907
5798,UKID93,UK,western_europe,53.1,-3.3,72.0,0.6409864025080304,0.6075830107670452,0.6242847066375379
5822,UKID116,UK,admixed,56.7333,-5.98333,141.0,0.6409864025080304,0.5550126524012108,0.5979995274546206
6020,Fjä1-5,SWE,south_sweden,56.06,14.29,34.0,0.6409864025080304,0.608538940620304,0.6247626715641672
6021,Fjä2-4,SWE,south_sweden,56.06,14.29,34.0,0.6409864025080304,0.6196842698782525,0.6303353361931414
6022,Fjä2-6,SWE,south_sweden,56.06,14.29,34.0,0.6409864025080304,0.5603059329574791,0.6006461677327548
6023,Fly2-1,SWE,south_sweden,55.7509,13.3712,25.0,0.6409864025080304,0.61413678638536,0.6275615944466952
6024,Fly2-2,SWE,south_sweden,55.7509,13.3712,25.0,0.6409864025080304,0.5976189303161253,0.6193026664120779
6025,Gro-3,SWE,north_sweden,62.6437,17.7339,110.0,0.6409864025080304,0.6030045073078651,0.6219954549079478
6030,Grön-5,SWE,north_sweden,62.806,18.1896,30.0,0.6409864025080304,0.6350841919876488,0.6380352972478396
6035,Hov1-10,SWE,south_sweden,56.1,13.74,58.0,0.6409864025080304,0.5775247590279442,0.6092555807679874
6040,Kni-1,SWE,south_sweden,55.66,13.4,116.0,0.6409864025080304,0.5627143175773057,0.6018503600426681
6041,Lis-3,SWE,south_sweden,56.0328,14.775,43.0,0.6409864025080304,0.5582681696192647,0.5996272860636476
6043,Löv-1,SWE,north_sweden,62.801,18.079,75.0,0.6409864025080304,0.5537110939590673,0.5973487482335489
5867,Dra2-1,SWE,south_sweden,55.76,14.12,88.0,0.6409864025080304,0.5829133512256073,0.6119498768668188
5874,DraII-6,CZE,central_europe,49.4112,16.2815,509.0,0.6409864025080304,0.6018097617525298,0.62139808213028
5890,DraIV 1-8,CZE,central_europe,49.4112,16.2815,509.0,0.6409864025080304,0.599875926487931,0.6204311644979807
5893,DraIV 1-11,CZE,central_europe,49.4112,16.2815,509.0,0.6409864025080304,0.6163906999791111,0.6286885512435707
5907,DraIV 2-9,CZE,central_europe,49.4112,16.2815,509.0,0.6409864025080304,0.5919652592643676,0.6164758308861991
6112,T540,SWE,south_sweden,55.7967,13.1044,24.0,0.6409864025080304,0.6287957248227499,0.6348910636653902
6113,T550,SWE,south_sweden,55.8078,13.1028,20.0,0.6409864025080304,0.5772388975108917,0.609112650009461
6046,Löv-5,SWE,north_sweden,62.801,18.079,75.0,0.6409864025080304,0.659790477505719,0.6503884400068747
6064,Nyl-2,SWE,north_sweden,62.9513,18.2763,37.0,0.6409864025080304,0.5968051229409805,0.6188957627245055
6069,Nyl-7,SWE,north_sweden,62.9513,18.2763,37.0,0.6409864025080304,0.5523203758155418,0.5966533891617861
6070,Omn-1,SWE,north_sweden,62.9308,18.3448,117.0,0.6409864025080304,0.5459288275661971,0.5934576150371138
6073,ÖMö1-7,SWE,south_sweden,56.1481,15.8155,0.0,0.6409864025080304,0.5993124749653259,0.6201494387366782
6074,Ör-1,SWE,south_sweden,56.4573,16.1308,8.0,0.6409864025080304,0.5778252189482548,0.6094058107281426
6076,Rev-2,SWE,south_sweden,55.6942,13.4504,33.0,0.6409864025080304,0.6067122173307932,0.6238493099194118
6085,Sparta-1,SWE,south_sweden,55.7097,13.2145,68.0,0.6409864025080304,0.5994738312452368,0.6202301168766335
6091,T1010,SWE,south_sweden,55.6525,13.215,14.0,0.6409864025080304,0.5831490351283243,0.6120677188181773
6092,T1020,SWE,south_sweden,55.6514,13.2233,15.0,0.6409864025080304,0.5599311909659782,0.6004587967370043
6095,T1050,SWE,south_sweden,55.6486,13.2161,15.0,0.6409864025080304,0.5398923857674545,0.5904393941377424
6096,T1060,SWE,south_sweden,55.6472,13.2225,16.0,0.6409864025080304,0.5719437539460198,0.6064650782270251
6017,Eds-9,SWE,north_sweden,62.9,18.4,94.0,0.6409864025080304,0.6037783663377346,0.6223823844228825
6019,Fjä1-2,SWE,south_sweden,56.06,14.29,34.0,0.6409864025080304,0.5913492148319365,0.6161678086699834
9886,Pru-0,ESP,spain,42.38,1.73,1116.0,0.6409864025080304,0.5612342391466708,0.6011103208273506
9887,Pun-0,ESP,relict,40.4,-4.77,785.0,0.6409864025080304,0.6057818302835659,0.6233841163957982
9888,Pva-1,ESP,spain,40.93,-3.31,919.0,0.6409864025080304,0.6116159238998955,0.626301163203963
9890,Rib-1,ESP,admixed,43.16,-5.07,985.0,0.6409864025080304,0.5713106794219964,0.6061485409650134
9891,Sal-0,ESP,spain,41.93,2.92,303.0,0.6409864025080304,0.6036681556863962,0.6223272790972133
9892,Sam-0,ESP,admixed,42.68,-6.96,963.0,0.6409864025080304,0.6000526640614103,0.6205195332847204
9894,Sen-0,ESP,admixed,42.59,0.76,1422.0,0.6409864025080304,0.5641072935731117,0.6025468480405711
6098,T1080,SWE,south_sweden,55.6561,13.2178,11.0,0.6409864025080304,0.5960639233184789,0.6185251629132547
6099,T1090,SWE,south_sweden,55.6575,13.2386,15.0,0.6409864025080304,0.6021524382990774,0.6215694204035539
6100,T1110,SWE,south_sweden,55.6,13.2,43.0,0.6409864025080304,0.6178779398032888,0.6294321711556596
6101,T1120,SWE,south_sweden,55.6,13.2,43.0,0.6409864025080304,0.6170004640690775,0.628993433288554
6104,T1160,SWE,south_sweden,55.7,13.2,45.0,0.6409864025080304,0.5439563214693177,0.5924713619886741
6105,T450,SWE,south_sweden,55.7967,13.1211,18.0,0.6409864025080304,0.5570549513105767,0.5990206769093036
6108,T480,SWE,western_europe,55.7989,13.1206,15.0,0.6409864025080304,0.6006385605242902,0.6208124815161603
6109,T510,SWE,south_sweden,55.7936,13.1233,15.0,0.6409864025080304,0.6006063810353967,0.6207963917717135
6111,T530,SWE,south_sweden,55.7989,13.1219,15.0,0.6409864025080304,0.6006389330972118,0.6208126678026211
6125,T710,SWE,south_sweden,55.8403,13.3106,65.0,0.6409864025080304,0.7007280472276721,0.6708572248678513
6131,T780,SWE,south_sweden,55.8369,13.3181,70.0,0.6409864025080304,0.6022762178288255,0.6216313101684279
6132,T790,SWE,south_sweden,55.8386,13.3186,72.0,0.6409864025080304,0.6192147717134484,0.6301005871107395
6133,T800,SWE,south_sweden,55.8364,13.2906,76.0,0.6409864025080304,0.6137700554128265,0.6273782289604284
6136,T840,SWE,south_sweden,55.9336,13.5519,80.0,0.6409864025080304,0.6045945400472044,0.6227904712776173
6137,T850,SWE,south_sweden,55.9419,13.5603,83.0,0.6409864025080304,0.5755864251688201,0.6082864138384252
6140,T880,SWE,south_sweden,55.9392,13.5539,78.0,0.6409864025080304,0.6078162791228284,0.6244013408154294
9876,Pad-0,ESP,spain,41.34,0.99,895.0,0.6409864025080304,0.5764616460719032,0.6087240242899667
9877,Pdl-0,ESP,admixed,43.02,-5.6,1422.0,0.6409864025080304,0.5908618443058302,0.6159241234069304
9878,Pee-0,ESP,spain,40.78,-3.62,879.0,0.6409864025080304,0.5856454960731573,0.6133159492905939
9879,Per-0,ESP,relict,37.6,-1.12,305.0,0.6409864025080304,0.6058426266896201,0.6234145145988252
9880,Pib-1,ESP,spain,42.72,-3.44,628.0,0.6409864025080304,0.6677061595082356,0.6543462810081331
9881,Pie-0,ESP,admixed,40.46,-5.32,1089.0,0.6409864025080304,0.5445084467302779,0.5927474246191542
9882,Pil-0,ESP,spain,40.46,-4.26,856.0,0.6409864025080304,0.6211142082192658,0.631050305363648
9883,Piq-0,ESP,spain,42.1,-2.56,1317.0,0.6409864025080304,0.5505049263723408,0.5957456644401856
9885,Prd-0,ESP,spain,41.14,-3.68,1117.0,0.6409864025080304,0.5856884465343475,0.6133374245211889
6145,T930,SWE,south_sweden,55.9497,13.5533,85.0,0.6409864025080304,0.6177052204170514,0.629345811462541
6148,T960,SWE,south_sweden,55.9319,13.5508,76.0,0.6409864025080304,0.5869829030808943,0.6139846527944623
6149,T970,SWE,south_sweden,55.9281,13.5481,68.0,0.6409864025080304,0.5527259591701512,0.5968561808390909
6150,T980,SWE,south_sweden,55.9261,13.5319,81.0,0.6409864025080304,0.5636011912302313,0.6022937968691309
6153,TAA 03,SWE,north_sweden,62.6425,17.7422,154.0,0.6409864025080304,0.5987318349760706,0.6198591187420506
6154,TAA 04,SWE,north_sweden,62.6422,17.7406,137.0,0.6409864025080304,0.5564332035565164,0.5987098030322734
6163,TAA 14,SWE,north_sweden,62.6425,17.7356,114.0,0.6409864025080304,0.5848376601954897,0.61291203135176
6166,TAA 17,SWE,north_sweden,62.6425,17.7372,128.0,0.6409864025080304,0.5797110577051447,0.6103487301065875
6169,TÅD 01,SWE,north_sweden,62.8714,18.3447,154.0,0.6409864025080304,0.5585669920798558,0.5997766972939431
6172,TÅD 04,SWE,north_sweden,62.8717,18.3436,153.0,0.6409864025080304,0.6424330251877902,0.6417097138479103
6174,TÅD 06,SWE,north_sweden,62.8719,18.3422,151.0,0.6409864025080304,0.5971320731775708,0.6190592378428006
6184,TBÖ 01,SWE,north_sweden,62.8892,18.4522,46.0,0.6409864025080304,0.5173429249083022,0.5791646637081663
6118,T610,SWE,south_sweden,55.7,13.2,45.0,0.6409864025080304,0.5908800319511133,0.6159332172295718
6122,T670,SWE,south_sweden,55.8364,13.3075,67.0,0.6409864025080304,0.5652964085649788,0.6031414055365045
6123,T680,SWE,south_sweden,55.8369,13.3033,66.0,0.6409864025080304,0.6107225025519172,0.6258544525299738
6124,T690,SWE,south_sweden,55.8378,13.3092,67.0,0.6409864025080304,0.5613729803550493,0.6011796914315399
6390,UduI 3-36,CZE,central_europe,49.2771,16.6314,426.0,0.6409864025080304,0.5882672092640234,0.6146268058860269
6396,UduI 4-9,CZE,central_europe,49.2771,16.6314,426.0,0.6409864025080304,0.6068589208774442,0.6239226616927374
6193,TDr-7,SWE,south_sweden,55.7694,14.1347,82.0,0.6409864025080304,0.6111896583331341,0.6260880304205823
6195,TDr-9,SWE,south_sweden,55.7708,14.1342,80.0,0.6409864025080304,0.5492067102963571,0.5950965564021937
6198,TDr-13,SWE,south_sweden,55.7708,14.1331,86.0,0.6409864025080304,0.5751805654328019,0.6080834839704161
6202,TDr-17,SWE,south_sweden,55.7717,14.1206,96.0,0.6409864025080304,0.5709663431732017,0.605976372840616
6209,TEDEN 02,SWE,north_sweden,62.8836,18.1842,142.0,0.6409864025080304,0.558502925530819,0.5997446640194247
6210,TEDEN 03,SWE,north_sweden,62.8839,18.1836,142.0,0.6409864025080304,0.6310661297164634,0.6360262661122469
6214,TFÄ 04,SWE,north_sweden,63.0175,18.3281,180.0,0.6409864025080304,0.5901183538368591,0.6155523781724448
6216,TFÄ 06,SWE,north_sweden,63.0167,18.3283,150.0,0.6409864025080304,0.540143183877979,0.5905647931930047
6217,TFÄ 07,SWE,north_sweden,63.0169,18.3283,150.0,0.6409864025080304,0.6055053609196737,0.623245881713852
6218,TFÄ 08,SWE,north_sweden,63.0172,18.3283,150.0,0.6409864025080304,0.6416338884184094,0.64131014546322
6220,TGR 01,SWE,north_sweden,62.806,18.1896,30.0,0.6409864025080304,0.6091543603245648,0.6250703814162977
6221,TGR 02,SWE,north_sweden,62.806,18.1896,30.0,0.6409864025080304,0.53259930352941,0.5867928530187202
6141,T890,SWE,south_sweden,55.9414,13.5542,83.0,0.6409864025080304,0.5705179803220428,0.6057521914150366
6142,T900,SWE,south_sweden,55.9428,13.5558,85.0,0.6409864025080304,0.6230509369836291,0.6320186697458298
6805,HS-12,USA,germany,42.373,-71.0627,16.0,0.6409864025080304,0.577383318539467,0.6091848605237487
681,LI-RR-097,USA,germany,40.9447,-72.8615,37.0,0.6409864025080304,0.6133562853524173,0.6271713439302238
6814,KNO-15,USA,germany,41.2816,-86.621,222.0,0.6409864025080304,0.6229438241109104,0.6319651133094704
685,LI-EF-011,USA,germany,40.9064,-73.1493,36.0,0.6409864025080304,0.5722720883606879,0.6066292454343591
687,LI-EF-018,USA,germany,40.9064,-73.1493,36.0,0.6409864025080304,0.5982942418261764,0.6196403221671034
6231,TNY 04,SWE,north_sweden,62.96,18.2844,131.0,0.6409864025080304,0.4807883823059582,0.5608873924069944
6238,TOM 04,SWE,north_sweden,62.9619,18.35,140.0,0.6409864025080304,0.5472928732680017,0.594139637888016
6241,TOM 07,SWE,north_sweden,62.9614,18.3608,105.0,0.6409864025080304,0.5704479579662356,0.6057171802371331
6243,Tottarp-2,SWE,central_europe,56.27373,13.90045,79.0,0.6409864025080304,0.5472791770490849,0.5941327897785577
6252,TV-4,SWE,germany,55.5796,14.3336,5.0,0.6409864025080304,0.6343791416259795,0.637682772067005
6255,TV-7,SWE,germany,55.5796,14.334,3.0,0.6409864025080304,0.5425025611692115,0.5917444818386209
6258,TV-10,SWE,admixed,55.5796,14.3336,5.0,0.6409864025080304,0.5722054679071209,0.6065959352075756
6268,TV-22,SWE,germany,55.5796,14.3336,5.0,0.6409864025080304,0.5893290198266132,0.6151577111673219
6276,TV-30,SWE,germany,55.5796,14.3336,5.0,0.6409864025080304,0.6286450011800139,0.6348157018440221
6284,TV-38,SWE,south_sweden,55.5796,14.3336,5.0,0.6409864025080304,0.5423309379726473,0.5916586702403388
6296,UduI 1-11,CZE,central_europe,49.2771,16.6314,426.0,0.6409864025080304,0.6266042150726793,0.6337953087903548
9868,Moe-0,ESP,spain,41.78,2.37,810.0,0.6409864025080304,0.5995133943386179,0.6202498984233242
9870,Moz-0,ESP,spain,41.91,0.17,251.0,0.6409864025080304,0.5696311429765919,0.6053087727423112
9871,Nac-0,ESP,relict,40.75,-3.99,1359.0,0.6409864025080304,0.6140995067359286,0.6275429546219795
9873,Ndc-0,ESP,spain,37.94,-5.45,409.0,0.6409864025080304,0.6090181933752346,0.6250022979416325
9874,Oja-0,ESP,spain,42.34,-3.0,810.0,0.6409864025080304,0.5806398961932665,0.6108131493506485
9875,Ovi-1,ESP,western_europe,43.38,-5.87,423.0,0.6409864025080304,0.599700465057731,0.6203434337828807
6413,Ull3-4,SWE,south_sweden,56.06,13.97,37.0,0.6409864025080304,0.5733669946021777,0.607176698555104
6424,ZdrI 1-23,CZE,central_europe,49.3853,16.2544,506.0,0.6409864025080304,0.5950066228655679,0.6179965126867992
6445,ZdrI 2-21,CZE,central_europe,49.3853,16.2544,506.0,0.6409864025080304,0.6114650227436619,0.6262257126258461
6680,ANH-1,GER,western_europe,51.85,6.4333,18.0,0.6409864025080304,0.636716906992391,0.6388516547502108
6739,CSHL-15,USA,germany,40.8585,-73.4675,24.0,0.6409864025080304,0.562993437543225,0.6019899200256277
6740,CSHL-17,USA,germany,40.8585,-73.4675,24.0,0.6409864025080304,0.6641189037477184,0.6525526531278745
6744,CSHL-5,USA,germany,40.8585,-73.4675,24.0,0.6409864025080304,0.5415652685223553,0.5912758355151928
6749,FM-10,USA,germany,42.4489,-76.5072,120.0,0.6409864025080304,0.5939839496569629,0.6174851760824966
6750,FM-11,USA,germany,42.4489,-76.5072,120.0,0.6409864025080304,0.6161870187025676,0.628586710605299
680,LI-RR-096,USA,germany,40.9447,-72.8615,37.0,0.6409864025080304,0.6084714585400814,0.624728930524056
6915,Ei-2,GER,germany,50.3,6.3,546.0,0.6409864025080304,0.5720054169134126,0.6064959097107214
6917,Fäb-2,SWE,north_sweden,63.0165,18.3174,12.0,0.6409864025080304,0.5717262349973121,0.6063563187526713
6918,Fäb-4,SWE,north_sweden,63.0165,18.3174,12.0,0.6409864025080304,0.5631798744682653,0.6020831384881479
6923,HR-10,UK,western_europe,51.4083,-0.6383,71.0,0.6409864025080304,0.5718971597997041,0.6064417811538673
6924,HR-5,UK,western_europe,51.4083,-0.6383,71.0,0.6409864025080304,0.6150661654186612,0.6280262839633458
6926,Kin-0,USA,western_europe,44.46,-85.37,314.0,0.6409864025080304,0.6072368670869819,0.6241116347975062
6927,KNO-10,USA,germany,41.2816,-86.621,222.0,0.6409864025080304,0.5789175146502108,0.6099519585791207
9857,Leg-0,ESP,spain,40.33,-3.8,677.0,0.6409864025080304,0.627644398771028,0.6343154006395292
9858,Loz-0,ESP,admixed,40.98,-3.8,1500.0,0.6409864025080304,0.6092253881343287,0.6251058953211795
9859,Lro-0,ESP,spain,40.5,-3.88,715.0,0.6409864025080304,0.6248722660731992,0.6329293342906148
9860,Lum-0,ESP,spain,42.24,-2.62,963.0,0.6409864025080304,0.6176352677657388,0.6293108351368846
9861,Mac-0,ESP,spain,40.72,-3.21,700.0,0.6409864025080304,0.5753965521803682,0.6081914773441993
9862,Mad-0,ESP,western_europe,40.45,-3.67,694.0,0.6409864025080304,0.5837309713021214,0.6123586869050759
9864,Mat-0,ESP,spain,41.76,2.69,69.0,0.6409864025080304,0.6216452106617283,0.6313158065848794
9866,Mdd-0,ESP,spain,41.89,-2.79,1164.0,0.6409864025080304,0.6174075104710344,0.6291969564895323
9867,Mie-1,ESP,spain,40.94,-3.22,973.0,0.6409864025080304,0.599419354689106,0.6202028785985683
6992,Ang-0,BEL,admixed,50.3,5.3,213.0,0.6409864025080304,0.5942062240072938,0.6175963132576621
6932,Ler-1,GER,admixed,47.984,10.8719,618.0,0.6409864025080304,0.6313323493816831,0.6361593759448567
6933,LL-0,ESP,spain,41.59,2.49,367.0,0.6409864025080304,0.5816492608429555,0.611317831675493
6940,Mz-0,GER,germany,50.3,8.3,347.0,0.6409864025080304,0.6070993239431315,0.624042863225581
6943,NFA-10,UK,western_europe,51.4083,-0.6383,71.0,0.6409864025080304,0.5835123229350136,0.612249362721522
6959,Rennes-1,FRA,western_europe,48.5,-1.41,48.0,0.6409864025080304,0.5859559664112138,0.6134711844596221
6961,Se-0,ESP,spain,38.3333,-3.53333,735.0,0.6409864025080304,0.6356164080676461,0.6383014052878382
6966,Sq-1,UK,western_europe,51.4083,-0.6383,71.0,0.6409864025080304,0.6143405929776713,0.6276634977428508
6968,Tamm-2,FIN,north_sweden,60.0,23.5,36.0,0.6409864025080304,0.6053916915880495,0.6231890470480399
6898,An-1,BEL,admixed,51.2167,4.4,14.0,0.6409864025080304,0.6289340667226603,0.6349602346153453
6901,Bil-7,SWE,north_sweden,63.324,18.484,214.0,0.6409864025080304,0.5782925177570132,0.6096394601325218
6904,Br-0,CZE,western_europe,49.2,16.6166,211.0,0.6409864025080304,0.6122449916468793,0.6266156970774548
6907,CIBC-17,UK,admixed,51.4083,-0.6383,71.0,0.6409864025080304,0.5802700998102268,0.6106282511591286
6908,CIBC-5,UK,western_europe,51.4083,-0.6383,71.0,0.6409864025080304,0.5993030930826837,0.620144747795357
6911,Cvi-0,CPV,relict,15.1111,-23.6167,279.0,0.6409864025080304,0.6219710108769998,0.6314787066925152
6913,Eden-2,SWE,north_sweden,62.877,18.177,73.0,0.6409864025080304,0.581019281457812,0.6110028419829212
9849,Gud-3,ESP,admixed,40.65,-4.11,1045.0,0.6409864025080304,0.6181911132711378,0.6295887578895841
9850,Hec-0,ESP,spain,42.86,-0.7,1285.0,0.6409864025080304,0.5735797820110262,0.6072830922595283
9851,Hue-3,ESP,western_europe,42.96,-6.1,1240.0,0.6409864025080304,0.6607980207785942,0.6508922116433122
9852,Ini-0,ESP,spain,40.46,-3.75,595.0,0.6409864025080304,0.5703458810630393,0.6056661417855349
9853,Lac-0,ESP,western_europe,43.33,-5.91,219.0,0.6409864025080304,0.5612307441243984,0.6011085733162145
9854,Laf-1,ESP,western_europe,43.36,-5.88,229.0,0.6409864025080304,0.6323697287130324,0.6366780656105314
9855,Lam-0,ESP,spain,40.57,-3.89,708.0,0.6409864025080304,0.6241662833269185,0.6325763429174744
9856,Lch-0,ESP,spain,40.51,-4.0,718.0,0.6409864025080304,0.619199997019595,0.6300931997638127
6969,Tamm-27,FIN,north_sweden,60.0,23.5,36.0,0.6409864025080304,0.5998367677859588,0.6204115851469947
6971,Ts-5,ESP,spain,41.7194,2.93056,10.0,0.6409864025080304,0.598899599322623,0.6199430009153267
6973,Ull2-3,SWE,germany,56.0648,13.9707,28.0,0.6409864025080304,0.5580039713634555,0.599495186935743
6976,Uod-7,AUT,central_europe,48.3,14.45,390.0,0.6409864025080304,0.5949605392538422,0.6179734708809363
6984,Zdr-1,CZE,central_europe,49.3853,16.2544,506.0,0.6409864025080304,0.5712862511626671,0.6061363268353488
6986,Abd-0,UK,western_europe,57.1539,-2.2207,155.0,0.6409864025080304,0.613086094510563,0.6270362485092966
6987,Ak-1,GER,admixed,48.0683,7.62551,230.0,0.6409864025080304,0.5885063810629663,0.6147463917854983
6990,Amel-1,NED,admixed,53.448,5.73,2.0,0.6409864025080304,0.562773486604255,0.6018799445561427
7033,Buckhorn Pass,USA,germany,41.3599,-122.755,1087.0,0.6409864025080304,0.5899849272584407,0.6154856648832355
7036,Bu-0,GER,germany,50.5,9.5,409.0,0.6409864025080304,0.6028743461362992,0.6219303743221648
7058,Bur-0,IRL,admixed,53.08,-9.07555556,31.0,0.6409864025080304,0.5709946659239111,0.6059905342159708
7061,Cal-0,UK,admixed,53.2699,-1.64293,141.0,0.6409864025080304,0.5630498906410375,0.602018146574534
7063,Can-0,ESP,relict,29.2144,-13.4811,349.0,0.6409864025080304,0.6190826188527878,0.630034510680409
7067,Ct-1,ITA,central_europe,37.3,15.0,36.0,0.6409864025080304,0.611035399641292,0.6260109010746613
7068,Cerv-1,ITA,italy_balkan_caucasus,42.0,12.1,67.0,0.6409864025080304,0.5837781072468965,0.6123822548774634
7071,Chat-1,FRA,western_europe,48.0717,1.33867,140.0,0.6409864025080304,0.5787835533394807,0.6098849779237556
9840,Dar-0,ESP,spain,41.13,-1.43,909.0,0.6409864025080304,0.6068179006287595,0.6239021515683949
9841,Ees-0,ESP,spain,40.59,-4.15,1045.0,0.6409864025080304,0.5569538722631107,0.5989701373855705
9843,Elp-0,ESP,spain,40.53,-3.92,664.0,0.6409864025080304,0.5582324892767337,0.5996094458923821
9844,Esn-2,ESP,spain,42.27,0.19,538.0,0.6409864025080304,0.5771630758704573,0.6090747391892439
9845,Evs-0,ESP,spain,40.48,-3.96,649.0,0.6409864025080304,0.594102987956675,0.6175446952323527
9846,Ezc-2,ESP,spain,42.31,-3.02,835.0,0.6409864025080304,0.6080036294759705,0.6244950159920004
9847,Fel-2,ESP,western_europe,43.31,-5.7,199.0,0.6409864025080304,0.641937089016517,0.6414617457622738
9848,Glo-1,ESP,spain,40.11,-5.77,619.0,0.6409864025080304,0.626606191204091,0.6337962968560606
9839,Coy-0,ESP,admixed,40.44,-4.27,932.0,0.6409864025080304,0.5957482466091275,0.618367324558579
7160,Gre-0,USA,germany,43.178,-85.2532,258.0,0.6409864025080304,0.5972379162709497,0.61911215938949
7181,Je-0,GER,admixed,50.927,11.587,157.0,0.6409864025080304,0.5599835215688962,0.6004849620384634
7186,Kn-0,LTU,central_europe,54.8969,23.8924,34.0,0.6409864025080304,0.5855341084282587,0.6132602554681446
7207,Kyoto,JPN,central_europe,35.0085,135.752,43.0,0.6409864025080304,0.5973181433404263,0.6191522729242284
7081,Co,POR,spain,40.2077,-8.42639,86.0,0.6409864025080304,0.6104602593181732,0.6257233309131018
7103,Dra-0,CZE,central_europe,49.4167,16.2667,520.0,0.6409864025080304,0.5667527742014608,0.6038695883547456
7107,Durh-1,UK,western_europe,54.7761,-1.5733,49.0,0.6409864025080304,0.6017906979352656,0.6213885502216481
7109,Ema-1,UK,western_europe,51.3,0.5,13.0,0.6409864025080304,0.6356685698981077,0.638327486203069
7111,Edi-0,UK,admixed,55.9494,-3.16028,91.0,0.6409864025080304,0.5817741980543246,0.6113803002811775
7120,En-D,GER,central_europe,50.0,8.5,104.0,0.6409864025080304,0.6030377541709986,0.6220120783395144
7126,Es-0,FIN,admixed,60.1997,24.5682,14.0,0.6409864025080304,0.6014910222593638,0.6212387123836971
7130,Et-0,FRA,western_europe,44.6447,2.56481,234.0,0.6409864025080304,0.5843050883514553,0.6126457454297429
7013,Bd-0,GER,south_sweden,52.4584,13.287,64.0,0.6409864025080304,0.5952507769623429,0.6181185897351866
7025,Bl-1,ITA,central_europe,44.5041,11.3396,53.0,0.6409864025080304,0.5968600745314842,0.6189232385197573
7028,Bch-1,GER,admixed,49.5166,9.3166,346.0,0.6409864025080304,0.5944000854644953,0.6176932439862628
7268,Np-0,GER,admixed,52.6969,10.981,54.0,0.6409864025080304,0.5650992089923663,0.6030428057501984
728,LI-SET-019,USA,germany,40.9352,-73.114,24.0,0.6409864025080304,0.6007865077357988,0.6208864551219146
9823,Bae-0,ESP,western_europe,43.34,-5.84,323.0,0.6409864025080304,0.6125863512453938,0.6267863768767121
9825,Boa-0,ESP,spain,40.4,-3.88,656.0,0.6409864025080304,0.6441207107418817,0.6425535566249561
9826,Bor-0,ESP,western_europe,42.49,-6.71,593.0,0.6409864025080304,0.6272745272905866,0.6341304648993085
9827,Bos-0,ESP,western_europe,42.78,0.69,718.0,0.6409864025080304,0.662801876233377,0.6518941393707037
9828,Bra-0,ESP,western_europe,42.5,-6.15,999.0,0.6409864025080304,0.5754659756213889,0.6082261890647096
9830,IP-Bus-0,ESP,admixed,36.97,-3.28,1447.0,0.6409864025080304,0.6301860216096506,0.6355862120588405
9831,Cas-0,ESP,admixed,38.54,-3.39,818.0,0.6409864025080304,0.6079466626801809,0.6244665325941057
9832,Cat-0,ESP,relict,40.54,-3.69,716.0,0.6409864025080304,0.6661404905045606,0.6535634465062955
9833,IP-Cha-0,ESP,spain,40.38,-4.21,683.0,0.6409864025080304,0.5763574539473759,0.6086719282277031
9834,Cho-0,ESP,spain,40.51,-3.9,713.0,0.6409864025080304,0.575284747242607,0.6081355748753188
9835,Cir-0,ESP,admixed,40.61,-6.57,626.0,0.6409864025080304,0.5823946231447097,0.6116905128263701
9836,Cod-0,ESP,spain,41.25,-1.32,937.0,0.6409864025080304,0.5360195307787362,0.5885029666433833
9837,Con-0,ESP,relict,37.94,-5.6,753.0,0.6409864025080304,0.5872737518576076,0.614130077182819
9838,Cot-0,ESP,admixed,41.83,-5.38,726.0,0.6409864025080304,0.5763824226614195,0.6086844125847249
9815,Ha-HBT3-11,GER,central_europe,48.54,9.02,407.0,0.6409864025080304,0.5969582161023166,0.6189723093051736
9816,Tü-WH,GER,central_europe,48.55,9.06,486.0,0.6409864025080304,0.6026890817813452,0.6218377421446878
9817,Ace-0,ESP,spain,39.84,-6.6,309.0,0.6409864025080304,0.657431527684507,0.6492089650962687
9819,Amu-0,ESP,spain,42.35,-3.03,918.0,0.6409864025080304,0.6271491176536119,0.6340677600808211
9820,Are-0,ESP,spain,41.0,-4.71,847.0,0.6409864025080304,0.5826792928381582,0.6118328476730943
9821,Aru-0,ESP,spain,41.81,2.49,534.0,0.6409864025080304,0.5722239623675797,0.606605182437805
9822,Aul-0,ESP,spain,40.52,-4.02,817.0,0.6409864025080304,0.6152239776532256,0.628105190080628
7208,Lan-0,UK,germany,55.6739,-3.78181,197.0,0.6409864025080304,0.5457055062974111,0.5933459544027208
7213,Ler-0,GER,admixed,47.984,10.8719,618.0,0.6409864025080304,0.647946165483661,0.6444662839958457
7218,Le-0,NED,admixed,52.1611,4.49015,5.0,0.6409864025080304,0.624208506129669,0.6325974543188497
7223,Li-2:1,GER,central_europe,50.3833,8.0666,136.0,0.6409864025080304,0.5765278329448893,0.6087571177264599
7231,Li-7,GER,germany,50.3833,8.0666,136.0,0.6409864025080304,0.5392090666353041,0.5900977345716673
7236,Litva,LTU,central_europe,,,,0.6409864025080304,,
7248,Mv-0,USA,germany,41.3923,-70.6652,15.0,0.6409864025080304,0.5961579071504518,0.6185721548292411
7250,Me-0,GER,germany,51.9183,10.1138,158.0,0.6409864025080304,0.6262025918672343,0.6335944971876324
7255,Mh-0,GER,germany,50.95,20.5,283.0,0.6409864025080304,0.5422035727441994,0.5915949876261148
7298,Pi-0,AUT,central_europe,47.04,10.51,2901.0,0.6409864025080304,0.5759651518194172,0.6084757771637238
7305,Pt-0,GER,admixed,53.476,10.6065,32.0,0.6409864025080304,0.5876677134995759,0.6143270580038032
7306,Pog-0,CAN,western_europe,49.2655,-123.206,70.0,0.6409864025080304,0.5931303203209727,0.6170583614145015
7307,Pn-0,FRA,western_europe,48.0653,-2.96591,59.0,0.6409864025080304,0.5794191383636531,0.6102027704358417
7319,Rome-1,ITA,admixed,42.0,12.1,67.0,0.6409864025080304,0.6176719004784553,0.6293291514932429
7320,Rou-0,FRA,western_europe,49.4424,1.09849,20.0,0.6409864025080304,0.5595153896265526,0.6002508960672914
7322,Rsch-4,RUS,germany,56.3,34.0,218.0,0.6409864025080304,0.5804150179573916,0.610700710232711
7327,Sf-1,ESP,spain,41.7833,3.03333,16.0,0.6409864025080304,0.6028119714593874,0.6218991869837089
7328,Sf-2,ESP,spain,41.7833,3.03333,16.0,0.6409864025080304,0.614636267529793,0.6278113350189116
7332,Seattle-0,USA,western_europe,47.0,-122.2,183.0,0.6409864025080304,0.615334848850697,0.6281606256793637
7333,Sei-0,ITA,central_europe,46.5438,11.5614,1005.0,0.6409864025080304,0.5607033397528943,0.6008448711304624
7337,Si-0,GER,germany,50.8738,8.02341,263.0,0.6409864025080304,0.5440891773859617,0.5925377899469961
9803,Müh-2,GER,central_europe,48.42,8.76,397.0,0.6409864025080304,0.6308967071649857,0.635941554836508
9807,Schl-7,GER,central_europe,48.6,9.22,369.0,0.6409864025080304,0.6023558228674182,0.6216711126877243
9809,Tü-KB-6,GER,western_europe,48.52,9.05,334.0,0.6409864025080304,0.5700118064113338,0.605499104459682
9812,Tü-W1,GER,central_europe,48.52,9.03,338.0,0.6409864025080304,0.6390009617737061,0.6399936821408683
7460,Da(1)-12,CZE,central_europe,49.0,15.0,487.0,0.6409864025080304,0.5954566415368161,0.6182215220224232
7475,KEN,USA,germany,41.767,-72.677,25.0,0.6409864025080304,0.6345983180299452,0.6377923602689878
7342,Su-0,UK,admixed,53.6473,-3.00733,11.0,0.6409864025080304,0.5893646569503337,0.6151755297291821
7344,Sg-1,GER,admixed,47.6667,9.5,406.0,0.6409864025080304,0.65514214025449,0.6480642713812602
7347,Stw-0,RUS,central_europe,52.0,36.0,258.0,0.6409864025080304,0.6416466277813265,0.6413165151446785
7349,Ta-0,CZE,central_europe,49.5,14.5,614.0,0.6409864025080304,0.5840174780536582,0.6125019402808443
7353,Tha-1,NED,admixed,52.08,4.3,6.0,0.6409864025080304,0.618053531036661,0.6295199667723457
7354,Ting-1,SWE,south_sweden,56.5,14.9,156.0,0.6409864025080304,0.6038476809955848,0.6224170417518076
7356,Tol-0,USA,germany,41.6639,-83.5553,191.0,0.6409864025080304,0.6403814492340009,0.6406839258710156
7358,Tol-2,USA,germany,41.6639,-83.5553,191.0,0.6409864025080304,0.5703747986906273,0.6056806005993289
7359,Tol-3,USA,germany,41.6639,-83.5553,191.0,0.6409864025080304,0.6199040463079836,0.630445224408007
7373,Tsu-0,JPN,admixed,34.43,136.31,167.0,0.6409864025080304,0.6383091371135181,0.6396477698107743
7377,Tul-0,USA,germany,43.2708,-85.2563,263.0,0.6409864025080304,0.5449534179153369,0.5929699102116837
7378,Uk-1,GER,admixed,48.0333,7.7667,209.0,0.6409864025080304,0.5574553471280572,0.5992208748180439
7383,Van-0,CAN,western_europe,49.2655,-123.206,70.0,0.6409864025080304,0.5305439371752274,0.5857651698416289
7296,Petergof,RUS,central_europe,59.0,29.0,65.0,0.6409864025080304,0.5739041974746937,0.607445299991362
7523,Pna-17,USA,germany,42.0945,-86.3253,220.0,0.6409864025080304,0.6204181701819093,0.6307022863449698
7525,Rmx-A180,USA,germany,42.036,-86.511,195.0,0.6409864025080304,0.6440211140709113,0.6425037582894708
7529,627RMX-1MN4,USA,germany,42.0333,-86.5128,193.0,0.6409864025080304,0.6011759459206236,0.621081174214327
7530,627RMX-1MN5,USA,germany,42.0333,-86.5128,193.0,0.6409864025080304,0.6478115688751691,0.6443989856915997
7566,627ME-13Y1,USA,germany,42.093,-86.359,210.0,0.6409864025080304,0.5574903587615836,0.5992383806348069
7568,627ME-1MI1,USA,germany,42.093,-86.359,210.0,0.6409864025080304,0.5477919293273757,0.5943891659177031
9741,Orast-1,ROU,central_europe,45.84,23.16,234.0,0.6409864025080304,0.5934799715411319,0.6172331870245811
9747,Zabar-1,SRB,central_europe,44.38,21.22,117.0,0.6409864025080304,0.6081283659762097,0.62455738424212
9756,Staro-2,SRB,central_europe,44.3,21.08,115.0,0.6409864025080304,0.5957055600652076,0.618345981286619
9764,Qar-8a,LBN,admixed,34.1,35.84,1294.0,0.6409864025080304,0.5448631395068341,0.5929247710074322
9782,Lu3-30,GER,central_europe,48.53,9.09,382.0,0.6409864025080304,0.5897828013226468,0.6153846019153386
7416,Yo-0,USA,germany,37.45,-119.35,1897.0,0.6409864025080304,0.5644023174928848,0.6026943600004576
7417,Zu-0,SUI,western_europe,47.3667,8.55,442.0,0.6409864025080304,0.6137098789729316,0.6273481407404811
7418,Zu-1,SUI,admixed,47.3667,8.55,442.0,0.6409864025080304,0.6046176498909359,0.6228020261994831
742,LI-SET-036,USA,germany,40.9352,-73.114,24.0,0.6409864025080304,0.5718548089182098,0.6064206057131201
7427,Ko-2,DEN,central_europe,56.0,9.0,38.0,0.6409864025080304,0.5695703949879296,0.60527839874798
8214,Gy-0,FRA,western_europe,49.0,2.0,193.0,0.6409864025080304,0.5602099968513619,0.6005981996796961
8222,Lis-2,SWE,south_sweden,56.0328,14.775,43.0,0.6409864025080304,0.5830732295898352,0.6120298160489328
8227,THÖ 03,SWE,north_sweden,62.7989,17.9103,42.0,0.6409864025080304,0.6068417721230676,0.623914087315549
8231,Brö1-6,SWE,south_sweden,56.3,16.0,19.0,0.6409864025080304,0.5551146211179641,0.5980505118129973
9694,Castelfed-4-210,ITA,central_europe,46.3378,11.2928,375.0,0.6409864025080304,0.6097699979735658,0.6253782002407982
9695,Castelfed-4-211,ITA,central_europe,46.3378,11.2928,375.0,0.6409864025080304,0.5787408739568572,0.6098636382324438
9701,Ivano-1,BUL,italy_balkan_caucasus,43.7,25.91,168.0,0.6409864025080304,0.5735002175401601,0.6072433100240953
9704,Melni-2,BUL,italy_balkan_caucasus,41.53,23.39,500.0,0.6409864025080304,0.5962454917093937,0.618615947108712
9708,Kardz-1,BUL,italy_balkan_caucasus,41.62,25.35,302.0,0.6409864025080304,0.5683091328354491,0.6046477676717398
9713,Stara-1,BUL,italy_balkan_caucasus,42.49,25.61,459.0,0.6409864025080304,0.5818869233476149,0.6114366629278227
9720,Malak-1,BUL,italy_balkan_caucasus,41.77,25.68,267.0,0.6409864025080304,0.5632800657303649,0.6021332341191976
9725,Epidauros-1,GRC,italy_balkan_caucasus,37.6,23.08,338.0,0.6409864025080304,0.6623281564955221,0.6516572795017763
7515,RRS-10,USA,germany,41.5609,-86.4251,219.0,0.6409864025080304,0.6004834090671822,0.6207349057876064
7517,Vår2-6,SWE,germany,55.58,14.334,2.0,0.6409864025080304,0.5644146372682529,0.6027005198881417
7520,Lp2-2,CZE,central_europe,49.38,16.81,564.0,0.6409864025080304,0.5980257998300571,0.6195061011690437
7521,Lp2-6,CZE,central_europe,49.38,16.81,564.0,0.6409864025080304,0.5882365610173056,0.614611481762668
8241,Liarum,SWE,south_sweden,55.9473,13.821,129.0,0.6409864025080304,0.5784100145220337,0.609698208515032
8243,PHW-2,ITA,western_europe,43.7703,11.2547,67.0,0.6409864025080304,0.6156411035093331,0.6283137530086818
8244,PHW-34,FRA,western_europe,48.6103,2.3086,77.0,0.6409864025080304,0.6151013338094495,0.6280438681587399
8246,NC-6,USA,germany,35.0,-79.18,77.0,0.6409864025080304,0.5900713680797146,0.6155288852938725
8247,San-2,SWE,south_sweden,56.07,13.74,76.0,0.6409864025080304,0.56764185528869,0.6043141288983602
8264,Bla-1,ESP,spain,41.6833,2.8,95.0,0.6409864025080304,0.5910515515934811,0.6160189770507558
8283,Dra3-1,SWE,south_sweden,55.76,14.12,88.0,0.6409864025080304,0.5161687675659629,0.5785775850369966
7717,KNO1.37,USA,germany,41.273,-86.625,218.0,0.6409864025080304,0.5542576706420739,0.5976220365750522
7757,KNO2.41,USA,germany,41.273,-86.625,218.0,0.6409864025080304,0.6407196305313662,0.6408530165196983
7767,KNO2.54,USA,germany,41.273,-86.625,218.0,0.6409864025080304,0.649062433913069,0.6450244182105497
7917,PNA3.10,USA,germany,42.0945,-86.3253,220.0,0.6409864025080304,0.591420821321339,0.6162036119146848
7947,PNA3.40,USA,germany,42.0945,-86.3253,220.0,0.6409864025080304,0.6161886113997034,0.6285875069538669
8037,PT1.52,USA,germany,41.3423,-86.7368,205.0,0.6409864025080304,0.6089816071443365,0.6249840048261834
8057,PT1.85,USA,germany,41.3423,-86.7368,205.0,0.6409864025080304,0.6920105267616875,0.666498464634859
8077,PT2.21,USA,germany,41.3423,-86.7368,205.0,0.6409864025080304,0.6332313498510677,0.637108876179549
8132,RMX3.22,USA,germany,42.036,-86.511,195.0,0.6409864025080304,0.5951128747636074,0.618049638635819
8335,Lund,SWE,south_sweden,55.71,13.2,69.0,0.6409864025080304,0.5566101892900176,0.598798295899024
8337,Mir-0,ITA,western_europe,44.0,12.37,158.0,0.6409864025080304,0.5487930129003032,0.5948897077041668
8343,Na-1,FRA,admixed,47.5,1.5,129.0,0.6409864025080304,0.5995903115840471,0.6202883570460387
8351,Ost-0,SWE,north_sweden,60.25,18.37,12.0,0.6409864025080304,0.5580458801495013,0.5995161413287659
8357,Pla-0,ESP,spain,41.5,2.25,234.0,0.6409864025080304,0.5568187912201003,0.5989025968640653
9657,Melic-1,ITA,italy_balkan_caucasus,38.45,16.04,109.0,0.6409864025080304,0.5831392159807546,0.6120628092443925
9658,Nicas-1,ITA,italy_balkan_caucasus,38.97,16.34,341.0,0.6409864025080304,0.5695699623995986,0.6052781824538145
9659,Pigna-1,ITA,italy_balkan_caucasus,41.18,14.18,66.0,0.6409864025080304,0.6504206515602073,0.6457035270341189
9660,Sarno-1,ITA,italy_balkan_caucasus,40.84,14.57,46.0,0.6409864025080304,0.626595595216514,0.6337909988622722
9661,Cimin-1,ITA,italy_balkan_caucasus,39.58,16.21,119.0,0.6409864025080304,0.6011672232685319,0.6210768128882811
9663,Teano-1,ITA,admixed,41.33,14.09,168.0,0.6409864025080304,0.6440547266747312,0.6425205645913807
9686,Castelfed-2-202,ITA,central_europe,46.3378,11.2928,375.0,0.6409864025080304,0.596969651737459,0.6189780271227447
8233,Dem-4,USA,germany,41.1876,-87.1923,202.0,0.6409864025080304,0.5739602764681825,0.6074733394881064
8236,HSm,CZE,central_europe,49.33,15.76,552.0,0.6409864025080304,0.6373501248261201,0.6391682636670752
8239,PHW-3,GER,germany,51.0,7.0,45.0,0.6409864025080304,0.6061537038185701,0.6235700531633003
8240,Kulturen-1,SWE,south_sweden,55.705,13.196,51.0,0.6409864025080304,0.5541640178782367,0.5975752101931335
854,MIA-5,USA,germany,41.7976,-86.6691,199.0,0.6409864025080304,0.5934786421655222,0.6172325223367763
867,MIC-20,USA,germany,41.8266,-86.4366,224.0,0.6409864025080304,0.5728912549064876,0.606938828707259
868,MIC-24,USA,germany,41.8266,-86.4366,224.0,0.6409864025080304,0.5576758105791003,0.5993311065435654
9644,Zupan-1,CRO,central_europe,45.07,18.72,82.0,0.6409864025080304,0.6237017289339797,0.6323440657210051
9648,Bisig-1,ITA,italy_balkan_caucasus,39.48,16.28,170.0,0.6409864025080304,0.6587889017221343,0.6498876521150824
9651,Filet-1,ITA,italy_balkan_caucasus,40.68,14.87,75.0,0.6409864025080304,0.5583493752934561,0.5996678889007432
9653,Giffo-1,ITA,italy_balkan_caucasus,38.44,16.13,487.0,0.6409864025080304,0.6194354796087475,0.6302109410583889
9655,Marce-1,ITA,italy_balkan_caucasus,38.92,16.47,169.0,0.6409864025080304,0.5825471254343756,0.611766763971203
9656,Marti-1,ITA,italy_balkan_caucasus,40.64,17.31,434.0,0.6409864025080304,0.5857326409950895,0.6133595217515599
8284,DraII-1,CZE,central_europe,49.4112,16.2815,509.0,0.6409864025080304,0.5738033847808643,0.6073948936444473
8285,DraIII-1,CZE,central_europe,49.4112,16.2815,509.0,0.6409864025080304,0.5656554794176359,0.6033209409628332
8290,En-1,GER,central_europe,50.0,8.5,104.0,0.6409864025080304,0.5924420513463752,0.6167142269272028
8297,Ge-0,SUI,western_europe,46.5,6.08,1057.0,0.6409864025080304,0.5695578990156993,0.6052721507618648
8311,In-0,AUT,central_europe,47.5,11.5,1786.0,0.6409864025080304,0.6016001072814255,0.621293254894728
8326,Lis-1,SWE,south_sweden,56.0328,14.775,43.0,0.6409864025080304,0.5834464592245563,0.6122164308662934
8334,Lu-1,SWE,admixed,55.71,13.2,69.0,0.6409864025080304,0.5781079611020381,0.6095471818050342
9070,Xan-6,AZE,italy_balkan_caucasus,38.6536,48.7992,20.0,0.6409864025080304,0.5751058926467825,0.6080461475774064
9075,Lerik1-4,AZE,italy_balkan_caucasus,38.7406,48.6131,320.0,0.6409864025080304,0.5849426625909804,0.6129645325495054
9078,Lerik1-7,AZE,italy_balkan_caucasus,38.7406,48.6131,320.0,0.6409864025080304,0.6249075392828031,0.6329469708954167
9079,Lerik2-1,AZE,italy_balkan_caucasus,38.7833,48.5517,413.0,0.6409864025080304,0.6172306181367618,0.6291085103223961
9084,Lerik2-6,AZE,italy_balkan_caucasus,38.7833,48.5517,413.0,0.6409864025080304,0.5728764451640739,0.6069314238360521
9085,Lerik2-7,AZE,italy_balkan_caucasus,38.7833,48.5517,413.0,0.6409864025080304,0.6051830716709072,0.6230847370894688
8365,Rak-2,CZE,central_europe,49.0,16.0,323.0,0.6409864025080304,0.6145280162091841,0.6277572093586072
8369,Rev-1,SWE,south_sweden,55.6942,13.4504,33.0,0.6409864025080304,0.5352100440743892,0.5880982232912098
8376,Sanna-2,SWE,north_sweden,62.69,18.0,22.0,0.6409864025080304,0.5945972082794284,0.6177918053937295
8387,St-0,SWE,germany,59.0,18.0,29.0,0.6409864025080304,0.562107689739655,0.6015470461238427
8419,Wil-1,LTU,central_europe,54.6833,25.3167,141.0,0.6409864025080304,0.6034210625658252,0.6222037325369278
8422,Fjä1-1,SWE,south_sweden,56.06,14.29,34.0,0.6409864025080304,0.5620286278117549,0.6015075151598926
8426,Ull1-1,SWE,south_sweden,56.06,13.97,37.0,0.6409864025080304,0.5307799394880949,0.5858831709980626
8464,LP3413.31,USA,germany,41.6862,-86.8513,188.0,0.6409864025080304,0.5504739293715355,0.5957301659397829
8483,LP3413.53,USA,germany,41.6862,-86.8513,188.0,0.6409864025080304,0.6007427509078719,0.6208645767079511
853,MIA-1,USA,germany,41.7976,-86.6691,199.0,0.6409864025080304,0.6069804775596749,0.6239834400338526
9100,Lag1-2,GEO,italy_balkan_caucasus,41.8296,46.2831,488.0,0.6409864025080304,0.5720273037548981,0.6065068531314642
9102,Lag1-4,GEO,italy_balkan_caucasus,41.8296,46.2831,488.0,0.6409864025080304,0.6183145762713516,0.629650489389691
9104,Lag1-6,GEO,italy_balkan_caucasus,41.8296,46.2831,488.0,0.6409864025080304,0.5493112006399616,0.5951488015739961
9105,Lag1-7,GEO,italy_balkan_caucasus,41.8296,46.2831,488.0,0.6409864025080304,0.5971744085486109,0.6190804055283207
9106,Lag1-8,GEO,italy_balkan_caucasus,41.8296,46.2831,488.0,0.6409864025080304,0.5628263165151567,0.6019063595115935
9111,Lag2-4,GEO,italy_balkan_caucasus,41.8296,46.2831,488.0,0.6409864025080304,0.5796017192739656,0.610294060890998
9113,Lag2-6,GEO,italy_balkan_caucasus,41.8296,46.2831,488.0,0.6409864025080304,0.6005787626475229,0.6207825825777766
9114,Lag2-7,GEO,italy_balkan_caucasus,41.8296,46.2831,488.0,0.6409864025080304,0.5733444015495118,0.6071654020287711
9115,Lag2-10,GEO,italy_balkan_caucasus,41.8296,46.2831,488.0,0.6409864025080304,0.5876201361811356,0.614303269344583
9121,Bak-5,GEO,italy_balkan_caucasus,41.7942,43.4767,1204.0,0.6409864025080304,0.6293809867844636,0.635183694646247
8699,328PNA062,USA,germany,42.0945,-86.3253,220.0,0.6409864025080304,0.5815851464223359,0.6112857744651832
870,MIC-31,USA,germany,41.8266,-86.4366,224.0,0.6409864025080304,0.6242305658699846,0.6326084841890075
8723,11PNA1.14,USA,germany,42.0945,-86.3253,220.0,0.6409864025080304,0.5650006968683018,0.6029935496881661
88,CYR,FRA,western_europe,47.4,0.683333,53.0,0.6409864025080304,0.6094805278454889,0.6252334651767597
9027,RMX413.85,USA,germany,42.036,-86.511,195.0,0.6409864025080304,0.6421974611277674,0.6415919318178989
9057,Vinslöv,SWE,south_sweden,56.1,13.9167,31.0,0.6409864025080304,0.5107370675042117,0.575861735006121
14319,Shu-2,RUS,asia,61.94,34.24,86.0,0.6409864025080304,0.5551395448439161,0.5980629736759733
15591,OOE1-1,AUT,central_europe,48.3315333,14.72665,691.0,0.6409864025080304,0.6099670330234467,0.6254767177657385
15592,OOE3-1,AUT,central_europe,48.3314667,14.7158667,591.0,0.6409864025080304,0.5865635742267407,0.6137749883673855
15593,OOE3-2,AUT,central_europe,48.3314667,14.7158667,591.0,0.6409864025080304,0.6037893120091696,0.6223878572586
159,MAR2-3,FRA,western_europe,47.35,3.93333,420.0,0.6409864025080304,0.5755168469065558,0.6082516247072931
1612,Brn-10,USA,germany,41.9,-86.583,201.0,0.6409864025080304,0.6016840961322174,0.6213352493201239
1622,Brn-24,USA,germany,41.9,-86.583,201.0,0.6409864025080304,0.594416085446268,0.6177012439771492
1651,DuckLkSP38,USA,germany,43.3431,-86.4045,199.0,0.6409864025080304,0.6326767643578246,0.6368315834329275
1652,DuckLkSP40,USA,germany,43.3431,-86.4045,199.0,0.6409864025080304,0.6052759278070668,0.6231311651575486
1676,Haz-2,USA,germany,41.879,-86.607,210.0,0.6409864025080304,0.6092354823702865,0.6251109424391584
1684,Haz-10,USA,germany,41.879,-86.607,210.0,0.6409864025080304,0.5867510935243564,0.6138687480161934
1739,KBS-Mac-68,USA,germany,42.405,-85.398,286.0,0.6409864025080304,0.5839532157858556,0.6124698091469429
9912,CIRY-13,FRA,western_europe,46.67,4.55,386.0,0.6409864025080304,0.5813396568734418,0.6111630296907361
9914,IST-29,FRA,central_europe,47.58,5.33,272.0,0.6409864025080304,0.6052399667793793,0.6231131846437048
9915,MAR-4-16,FRA,central_europe,47.45,3.94,359.0,0.6409864025080304,0.5809068680834225,0.6109466352957265
9917,RAD-21,FRA,western_europe,46.69,4.34,298.0,0.6409864025080304,0.6029896482149227,0.6219880253614766
9312,Ullapool-8,UK,western_europe,57.9,-5.1525,75.0,0.6409864025080304,0.6453484264673937,0.643167414487712
9314,Gol-2,UK,western_europe,57.9672,-3.96722,0.0,0.6409864025080304,0.6091529436109812,0.6250696730595058
932,CHA-41,USA,western_europe,42.3634,-71.1445,0.0,0.6409864025080304,0.5888422965429951,0.6149143495255127
9321,Ådal 1,SWE,north_sweden,62.8622,18.336,75.0,0.6409864025080304,0.6141606201729488,0.6275735113404897
9323,Ådal 3,SWE,north_sweden,62.8622,18.336,75.0,0.6409864025080304,0.5658819413173839,0.6034341719127072
9332,Bar 1,SWE,north_sweden,62.8698,18.381,66.0,0.6409864025080304,0.5169728664526948,0.5789796344803626
9336,Bön 1,SWE,admixed,62.8794,18.4473,26.0,0.6409864025080304,0.5478644131805083,0.5944254078442693
9339,Böt 1,SWE,south_sweden,57.7133,15.0689,326.0,0.6409864025080304,0.5271493448772547,0.5840678736926426
9343,Dju-1,SWE,admixed,57.3089,18.1512,0.0,0.6409864025080304,0.5731320979867911,0.6070592502474108
9600,IP-Vis-0,ESP,relict,39.85,-6.04,264.0,0.6409864025080304,0.6016889538837169,0.6213376781958737
9601,IP-Voz-0,ESP,spain,41.85,-1.88,921.0,0.6409864025080304,0.6494295218762888,0.6452079621921596
9602,IP-Vpa-1,ESP,spain,40.5,-3.96,655.0,0.6409864025080304,0.6102942237209553,0.6256403131144929
9606,Aitba-1,MAR,relict,31.48,-7.45,1402.0,0.6409864025080304,0.6029333866437645,0.6219598945758975
9089,Nar-3,AZE,italy_balkan_caucasus,38.9522,48.925,-23.0,0.6409864025080304,0.6269163699435351,0.6339513862257827
9091,Nar-5,AZE,italy_balkan_caucasus,38.9522,48.925,-23.0,0.6409864025080304,0.5357001432377939,0.5883432728729121
9095,Istisu-5,AZE,italy_balkan_caucasus,38.9786,48.5594,101.0,0.6409864025080304,0.6090762392512874,0.625031320879659
9585,IP-Svi-0,ESP,western_europe,43.4,-7.39,537.0,0.6409864025080304,0.6207123583246394,0.6308493804163349
9586,IP-Tam-0,ESP,spain,41.03,-3.27,1035.0,0.6409864025080304,0.5555988151346352,0.5982926088213327
9587,IP-Tdc-0,ESP,spain,41.5,-1.88,957.0,0.6409864025080304,0.6337990238042382,0.6373927131561343
9588,IP-Tol-7,ESP,spain,42.11,0.6,788.0,0.6409864025080304,0.6090312947328629,0.6250088486204466
9589,IP-Tor-1,ESP,spain,41.6,-2.83,1007.0,0.6409864025080304,0.5869277650910064,0.6139570837995184
9590,IP-Trs-0,ESP,western_europe,43.37,-5.49,268.0,0.6409864025080304,0.6165998584912189,0.6287931304996246
9591,IP-Vad-0,ESP,admixed,42.86,-3.59,681.0,0.6409864025080304,0.6662471882421622,0.6536167953750963
9592,IP-Vae-2,ESP,admixed,42.1,-5.44,731.0,0.6409864025080304,0.6043423901597852,0.6226643963339078
9594,IP-Vdm-0,ESP,spain,42.04,1.01,1143.0,0.6409864025080304,0.6063930200970405,0.6236897113025355
9595,IP-Vdt-0,ESP,admixed,40.89,-5.5,811.0,0.6409864025080304,0.5863155755218231,0.6136509890149268
9596,IP-Ver-5,ESP,admixed,41.95,-7.45,460.0,0.6409864025080304,0.5735410714240866,0.6072637369660585
9597,IP-Vig-1,ESP,spain,42.31,-2.53,710.0,0.6409864025080304,0.6235864770043578,0.632286439756194
9598,IP-Vim-0,ESP,relict,41.88,-6.51,709.0,0.6409864025080304,0.5734238877307644,0.6072051451193974
9599,IP-Vin-0,ESP,western_europe,42.8,-5.77,1055.0,0.6409864025080304,0.6003333896246122,0.6206598960663213
915,LIN S-5,USA,germany,41.8972,-71.4378,72.0,0.6409864025080304,0.584759479105077,0.6128729408065536
9298,Edi-1,UK,western_europe,55.9681,-3.21833,33.0,0.6409864025080304,0.5993876972804222,0.6201870498942263
9353,Död 3,SWE,south_sweden,57.2608,16.3675,38.0,0.6409864025080304,0.5937354656666388,0.6173609340873346
9363,EdJ 2,SWE,north_sweden,62.9147,18.4045,0.0,0.6409864025080304,0.6091979008357674,0.6250921516718989
9369,EkS 2,SWE,south_sweden,57.6781,14.9986,217.0,0.6409864025080304,0.568007810542388,0.6044971065252092
9370,EkS 3,SWE,south_sweden,57.6781,14.9986,217.0,0.6409864025080304,0.5752120544492293,0.6080992284786298
9371,FäL 1,SWE,north_sweden,63.016,18.3175,12.0,0.6409864025080304,0.5486074910345612,0.5947969467712958
9380,FlyA 3,SWE,south_sweden,55.7488,13.3742,31.0,0.6409864025080304,0.571908804705747,0.6064476036068887
9381,Fri 1,SWE,admixed,55.8106,14.2091,6.0,0.6409864025080304,0.5964948172993759,0.6187406099037032
9382,Fri 2,SWE,admixed,55.8106,14.2091,6.0,0.6409864025080304,0.6078854610073909,0.6244359317577106
9383,Fri 3,SWE,admixed,55.8106,14.2091,6.0,0.6409864025080304,0.5575108427827016,0.5992486226453659
9386,Grön 12,SWE,north_sweden,62.806,18.1896,30.0,0.6409864025080304,0.6042685801112002,0.6226274913096153
9388,Grön 14,SWE,north_sweden,62.806,18.1896,30.0,0.6409864025080304,0.6188495382721789,0.6299179703901047
9390,Hadd-1,SWE,south_sweden,57.3263,15.8979,107.0,0.6409864025080304,0.5960631496047414,0.6185247760563859
9391,Hadd-2,SWE,south_sweden,57.3263,15.8979,107.0,0.6409864025080304,0.6399639768847724,0.6404751896964014
9392,Hadd-3,SWE,south_sweden,57.3263,15.8979,107.0,0.6409864025080304,0.5604464265349232,0.6007164145214767
9394,Hag-2,SWE,admixed,56.5804,16.4063,0.0,0.6409864025080304,0.5470663614086879,0.5940263819583591
9584,IP-Stp-0,ESP,spain,41.19,-3.58,1132.0,0.6409864025080304,0.5464347950409021,0.5937105987744662
9507,IP-Coa-0,POR,spain,38.45,-7.5,204.0,0.6409864025080304,0.6474177318527059,0.6442020671803681
9508,IP-Mos-1,POR,admixed,40.04,-7.11,580.0,0.6409864025080304,0.6205773721986522,0.6307818873533413
9509,IP-Reg-0,POR,spain,39.29,-7.4,605.0,0.6409864025080304,0.6000288623807167,0.6205076324443736
9510,IP-Rei-0,POR,spain,38.75,-7.59,424.0,0.6409864025080304,0.610635461297625,0.6258109319028278
9511,IP-Vav-0,POR,spain,38.53,-8.02,220.0,0.6409864025080304,0.5686917310890791,0.6048390667985548
9402,Hel-3,SWE,south_sweden,57.8765,14.8549,193.0,0.6409864025080304,0.6564824618965351,0.6487344322022828
9404,HolA-1 1,SWE,south_sweden,55.7491,13.399,21.0,0.6409864025080304,0.5891139379672873,0.6150501702376588
9405,HolA-1 2,SWE,south_sweden,55.7491,13.399,21.0,0.6409864025080304,0.5885191463461772,0.6147527744271037
9407,HolA-2 2,SWE,south_sweden,55.7491,13.399,21.0,0.6409864025080304,0.6070103012249912,0.6239983518665109
9408,Kal 1,SWE,south_sweden,56.047,13.9519,98.0,0.6409864025080304,0.5993696794601319,0.6201780409840811
9416,Kru-3,SWE,south_sweden,57.7215,18.3837,0.0,0.6409864025080304,0.5899814232364043,0.6154839128722174
9433,Nyl 13,SWE,north_sweden,62.9513,18.2763,37.0,0.6409864025080304,0.554320868844671,0.5976536356763507
9436,Puk-1,SWE,south_sweden,56.1633,14.6806,9.0,0.6409864025080304,0.5989671532221102,0.6199767778650703
9437,Puk-2,SWE,south_sweden,56.1633,14.6806,9.0,0.6409864025080304,0.6412838374022813,0.6411351199551558
9442,Sim-1,SWE,germany,55.5678,14.3398,4.0,0.6409864025080304,0.6257812038926798,0.6333838032003551
9352,Död 2,SWE,south_sweden,57.2608,16.3675,38.0,0.6409864025080304,0.6315212013072123,0.6362538019076214
9522,IP-Bea-0,ESP,spain,36.52,-5.27,135.0,0.6409864025080304,0.5891299322150948,0.6150581673615626
9523,IP-Ben-0,ESP,admixed,38.37,-2.66,709.0,0.6409864025080304,0.572928257900273,0.6069573302041518
9524,IP-Ber-0,ESP,spain,42.52,-0.56,1112.0,0.6409864025080304,0.594692794905041,0.6178395987065357
9525,IP-Bis-0,ESP,spain,42.49,0.54,1468.0,0.6409864025080304,0.6001681498766912,0.6205772761923608
9526,IP-Cab-3,ESP,spain,41.54,2.39,256.0,0.6409864025080304,0.6322721480621588,0.6366292752850946
9527,IP-Cad-0,ESP,admixed,40.37,-5.74,1094.0,0.6409864025080304,0.5498424636165858,0.5954144330623081
9528,IP-Cal-0,ESP,spain,40.94,-1.37,1106.0,0.6409864025080304,0.6459329120918489,0.6434596572999396
9451,Spro 2,SWE,south_sweden,57.2545,18.2109,16.0,0.6409864025080304,0.5789916655506607,0.6099890340293456
9452,Spro 3,SWE,south_sweden,57.2545,18.2109,16.0,0.6409864025080304,0.5709254704096078,0.6059559364588192
9454,Stenk-3,SWE,south_sweden,57.8009,18.5162,50.0,0.6409864025080304,0.5528223712502254,0.596904386879128
9470,Tur-4,SWE,south_sweden,57.6511,14.8043,274.0,0.6409864025080304,0.5336896023520573,0.5873380024300439
9471,Ull-A-1,SWE,south_sweden,56.0648,13.9707,28.0,0.6409864025080304,0.6096167200268878,0.6253015612674591
9476,VårA 1,SWE,germany,55.5796,14.3336,5.0,0.6409864025080304,0.5876063415236825,0.6142963720158565
9481,Yst-1,SWE,south_sweden,55.4242,13.8484,5.0,0.6409864025080304,0.5468633755157988,0.5939248890119146
9503,11C1,UK,western_europe,55.8877,-3.21072,227.0,0.6409864025080304,0.546246339346122,0.5936163709270762
9506,IP-Alo-0,POR,admixed,40.11,-7.47,890.0,0.6409864025080304,0.5908028615293266,0.6158946320186784
9539,IP-Deh-1,ESP,spain,40.29,-6.67,861.0,0.6409864025080304,0.6507670482667122,0.6458767253873713
9540,IP-Elb-0,ESP,spain,41.81,2.34,1087.0,0.6409864025080304,0.5913886619671223,0.6161875322375763
9541,IP-Fue-2,ESP,spain,38.26,-5.42,593.0,0.6409864025080304,0.5576321139144873,0.5993092582112589
9542,IP-Fun-0,ESP,relict,40.79,-4.05,1938.0,0.6409864025080304,0.5928241105854521,0.6169052565467412
9543,IP-Gra-0,ESP,relict,36.77,-5.39,1167.0,0.6409864025080304,0.5960346954156003,0.6185105489618153
9544,IP-Gua-1,ESP,spain,39.4,-5.33,638.0,0.6409864025080304,0.5206798032197832,0.5808331028639069
9545,IP-Her-12,ESP,relict,39.4,-5.78,573.0,0.6409864025080304,0.599957556512496,0.6204719795102632
9512,IP-Vid-1,POR,spain,38.22,-7.84,246.0,0.6409864025080304,0.59583836660177,0.6184123845549002
9513,IP-Adc-5,ESP,admixed,38.77,-4.07,691.0,0.6409864025080304,0.623102593452433,0.6320444979802318
9514,IP-Adm-0,ESP,spain,39.15,-4.54,626.0,0.6409864025080304,0.6573050853563908,0.6491457439322106
9515,IP-Ala-0,ESP,spain,39.72,-6.89,212.0,0.6409864025080304,0.6350633533944632,0.6380248779512467
9517,IP-All-0,ESP,western_europe,42.19,-7.8,470.0,0.6409864025080304,0.5907297417913855,0.615858072149708
9518,IP-Alm-0,ESP,spain,39.88,-0.36,839.0,0.6409864025080304,0.5679106252457803,0.6044485138769053
9519,IP-Ang-0,ESP,spain,41.94,2.64,231.0,0.6409864025080304,0.6762471966055262,0.6586167995567783
9520,IP-Ara-4,ESP,spain,41.7,-3.68,874.0,0.6409864025080304,0.6010629555284651,0.6210246790182478
9521,IP-Bar-1,ESP,spain,41.43,2.13,339.0,0.6409864025080304,0.5999742812654189,0.6204803418867246
9554,IP-Lso-0,ESP,relict,38.86,-3.16,745.0,0.6409864025080304,0.6014026498947304,0.6211945262013804
9555,IP-Mar-1,ESP,relict,39.58,-3.93,1007.0,0.6409864025080304,0.6073489453310661,0.6241676739195483
9556,IP-Men-2,ESP,spain,39.66,-4.34,714.0,0.6409864025080304,0.5969955901503121,0.6189909963291713
9557,IP-Moa-0,ESP,spain,42.46,0.7,1143.0,0.6409864025080304,0.5813165423016232,0.6111514724048268
9558,IP-Moc-11,ESP,admixed,41.57,-5.64,646.0,0.6409864025080304,0.5830106342708187,0.6119985183894245
9559,IP-Mon-5,ESP,admixed,38.06,-4.38,312.0,0.6409864025080304,0.6019438044015505,0.6214651034547904
9560,IP-Mot-0,ESP,spain,38.19,-6.24,531.0,0.6409864025080304,0.5864936593740175,0.6137400309410239
9561,IP-Mun-0,ESP,admixed,40.71,-5.04,1111.0,0.6409864025080304,0.5788910290277155,0.609938715767873
9529,IP-Cap-1,ESP,admixed,36.97,-3.36,1475.0,0.6409864025080304,0.6072093093387874,0.6240978559234089
9531,IP-Cdc-3,ESP,spain,41.21,-4.54,786.0,0.6409864025080304,0.5921270859854048,0.6165567442467176
9532,IP-Cdo-0,ESP,spain,42.23,-4.64,807.0,0.6409864025080304,0.6438761921655111,0.6424312973367707
9533,IP-Cem-0,ESP,relict,41.15,-4.32,868.0,0.6409864025080304,0.52030730825624,0.5806468553821352
9534,IP-Cmo-3,ESP,spain,40.05,-4.65,391.0,0.6409864025080304,0.6336816080657043,0.6373340052868673
9535,IP-Coc-1,ESP,spain,42.31,3.19,166.0,0.6409864025080304,0.6360589582829593,0.6385226803954949
9536,IP-Cor-0,ESP,admixed,40.83,-2.0,1079.0,0.6409864025080304,0.5379546955357859,0.5894705490219081
9537,IP-Cum-1,ESP,spain,38.07,-6.66,612.0,0.6409864025080304,0.5926357746856199,0.6168110885968252
9929,ISS-20,FRA,western_europe,43.92,3.71,142.0,0.6409864025080304,0.5859231765281567,0.6134547895180935
9941,Fei-0,POR,western_europe,40.92,-8.54,179.0,0.6409864025080304,0.5578410516664958,0.599413727087263
9943,Cdm-0,ESP,spain,39.73,-5.74,433.0,0.6409864025080304,0.5779219018803041,0.6094541521941672
9944,Don-0,ESP,relict,36.83,-6.36,2.0,0.6409864025080304,0.5708391271440555,0.605912764826043
9947,Ped-0,ESP,relict,40.74,-3.9,1090.0,0.6409864025080304,0.6528145158107391,0.6469004591593848
9948,Pra-6,ESP,spain,41.05,-3.54,1100.0,0.6409864025080304,0.6280067543024542,0.6344965784052423
9949,Qui-0,ESP,western_europe,42.69,-6.93,673.0,0.6409864025080304,0.6364430553578552,0.6387147289329428
9964,Mammo-1,ITA,italy_balkan_caucasus,38.36,16.23,284.0,0.6409864025080304,0.6242765644293276,0.632631483468679
10027,Uk-6,GER,central_europe,48.02838,7.765567,212.0,0.6409864025080304,0.5590864693715135,0.600036435939772
9562,IP-Mur-0,ESP,spain,41.67,2.0,913.0,0.6409864025080304,0.5835807945196372,0.6122835985138337
9564,IP-Nog-17,ESP,spain,40.45,-1.6,1422.0,0.6409864025080304,0.615217639344868,0.6281020209264492
9567,IP-Pal-0,ESP,spain,42.34,1.3,1474.0,0.6409864025080304,0.561982568241272,0.6014844853746513
9568,IP-Pan-0,ESP,spain,42.76,-0.23,1751.0,0.6409864025080304,0.619616355413202,0.6303013789606162
9569,IP-Pds-1,ESP,western_europe,42.87,-6.45,830.0,0.6409864025080304,0.5909066405632863,0.6159465215356583
9571,IP-Pro-0,ESP,western_europe,43.28,-6.01,590.0,0.6409864025080304,0.5864617782815426,0.6137240903947865
9573,IP-Rds-0,ESP,spain,41.86,2.99,249.0,0.6409864025080304,0.6204552015541351,0.6307208020310828
1313,Ängsö-59-422,SWE,admixed,59.5667,16.8667,7.0,0.6409864025080304,0.5947476018526117,0.617867002180321
1317,Ängsö-74-430,SWE,admixed,59.5667,16.8667,7.0,0.6409864025080304,0.570590717533458,0.6057885600207442
139,LDV-46,FRA,western_europe,48.5167,-4.06667,95.0,0.6409864025080304,0.6272495966089578,0.6341179995584941
9933,VED-10,FRA,admixed,43.74,3.89,127.0,0.6409864025080304,0.5648145026800335,0.602900452594032
9935,BAU-15,FRA,western_europe,50.6,2.93,26.0,0.6409864025080304,0.6088644707163583,0.6249254366121944
9937,CATS-6,FRA,western_europe,50.79,2.69,95.0,0.6409864025080304,0.6079894402470819,0.6244879213775562
9938,WAV-8,FRA,western_europe,50.65,2.99,39.0,0.6409864025080304,0.5810500093286107,0.6110182059183206
9939,Aitba-2,MAR,relict,31.48,-7.45,1402.0,0.6409864025080304,0.619290393175294,0.6301383978416621
9918,SAUL-24,FRA,western_europe,47.43,5.21,247.0,0.6409864025080304,0.5560229952164714,0.5985046988622509
992,Ale-Stenar-44-4,SWE,south_sweden,55.3833,14.05,0.0,0.6409864025080304,0.6133239130842374,0.6271551577961338
9920,DIR-9,FRA,germany,48.54,4.32,147.0,0.6409864025080304,0.5868993384147407,0.6139428704613856
9921,FOR-23,FRA,western_europe,48.57,4.41,126.0,0.6409864025080304,0.5767347118924592,0.6088605572002448
9925,RUM-20,FRA,western_europe,48.91,4.52,125.0,0.6409864025080304,0.6235466792831371,0.6322665408955838
9926,TRE-1,FRA,western_europe,48.86,4.1,113.0,0.6409864025080304,0.5709960917917476,0.605991247149889
9927,ARR-17,FRA,western_europe,44.05,3.69,290.0,0.6409864025080304,0.5546825636171235,0.597834483062577
9928,BEZ-9,FRA,western_europe,44.12,3.77,461.0,0.6409864025080304,0.5501675273023132,0.5955769649051719
7125,Er-0,GER,germany,49.5955,11.0087,284.0,0.632826118393661,0.6014109169340301,0.6171185176638456
9710,Zerev-1-35,BUL,italy_balkan_caucasus,41.85,23.13,303.0,0.632826118393661,0.5525632378187725,0.5926946781062168
9647,Basen-1,ITA,italy_balkan_caucasus,40.37,16.77,9.0,0.632759288657547,0.645033114117078,0.6388962013873125
8354,Per-1,RUS,asia,58.0,56.3167,135.0,0.632759288657547,0.5123014064210354,0.5725303475392912
9689,Castelfed-3-205,ITA,central_europe,46.3378,11.2928,375.0,0.632759288657547,0.6373151797062482,0.6350372341818976
9690,Castelfed-3-206,ITA,central_europe,46.3378,11.2928,375.0,0.632759288657547,0.5927520126736257,0.6127556506655863
9692,Castelfed-3-208,ITA,central_europe,46.3378,11.2928,375.0,0.632759288657547,0.5835200953014353,0.6081396919794912
9682,Castelfed-1-198,ITA,central_europe,46.3378,11.2928,375.0,0.632759288657547,0.5700739160532786,0.6014166023554128
9824,Bes-5,ESP,admixed,42.91,-4.91,1456.0,0.632759288657547,0.6018233720881092,0.6172913303728281
9530,IP-Car-1,ESP,admixed,38.25,-4.32,761.0,0.632759288657547,0.5933802475848016,0.6130697681211743
9680,Castelfed-1-196,ITA,central_europe,46.3378,11.2928,375.0,0.632759288657547,0.6195205451180427,0.6261399168877948
9679,Castelfed-1-195,ITA,central_europe,46.3378,11.2928,375.0,0.632759288657547,0.5898483181174082,0.6113038033874776
9696,Castelfed-4-214,ITA,central_europe,46.3378,11.2928,375.0,0.632759288657547,0.5909305415014033,0.6118449150794751
9693,Castelfed-3-209,ITA,central_europe,46.3378,11.2928,375.0,0.632759288657547,0.5755131222911314,0.6041362054743392
9681,Castelfed-1-197,ITA,central_europe,46.3378,11.2928,375.0,0.632759288657547,0.584713119945915,0.608736204301731
8234,Gul1-2,SWE,south_sweden,56.4606,15.8127,88.0,0.632759288657547,0.5855327417243088,0.6091460151909279
9683,Castelfed-1-199,ITA,central_europe,46.3378,11.2928,375.0,0.632759288657547,0.5351164368778483,0.5839378627676977
9649,Bivio-1,ITA,italy_balkan_caucasus,39.13,16.17,521.0,0.6309812412465821,0.5514056785834107,0.5911934599149964
6102,T1130,SWE,south_sweden,55.6,13.2,43.0,0.6309812412465821,0.5976791640672635,0.6143302026569228
9646,Aiell-1,,italy_balkan_caucasus,39.126899,16.170188,415.0,0.6309812412465821,0.5969803053904204,0.6139807733185012
7077,Co-1,POR,italy_balkan_caucasus,40.12,-8.25,146.0,0.6309812412465821,0.5853417411560017,0.6081614912012918
9726,Faneronemi-3,GRC,italy_balkan_caucasus,37.07,22.04,9.0,0.6309812412465821,0.5944642592385438,0.612722750242563
6951,Pu2-23,CZE,central_europe,49.42,16.36,478.0,0.630979026924974,0.591986478085824,0.611482752505399
8235,Hod,CZE,central_europe,48.8,17.1,160.0,0.630979026924974,0.5659862365156931,0.5984826317203336
9421,Lan 1,SWE,south_sweden,55.9745,14.3997,2.0,0.630979026924974,0.5516553851629046,0.5913172060439393
9450,Spro 1,SWE,south_sweden,57.2545,18.2109,16.0,0.630979026924974,0.5795998845779045,0.6052894557514392
9730,Bela-1,SVK,central_europe,48.47,18.94,501.0,0.630979026924974,0.553157843596523,0.5920684352607485
9455,Stenk-4,SWE,south_sweden,57.8009,18.5162,50.0,0.630979026924974,0.585425709596408,0.608202368260691
9453,Stenk-2,SWE,south_sweden,57.8009,18.5162,50.0,0.630979026924974,0.5221006187978388,0.5765398228614064
6956,Pu2-7,CZE,central_europe,49.42,16.36,478.0,0.630979026924974,0.6124336960447433,0.6217063614848586
6957,Pu2-8,CZE,central_europe,49.42,16.36,478.0,0.630979026924974,0.5957369513973653,0.6133579891611696
7119,En-2,GER,germany,50.0,8.5,104.0,0.6293035307896372,0.5869844228190534,0.6081439768043453
9705,Choto-1,BUL,italy_balkan_caucasus,41.5,23.33,188.0,0.6293035307896372,0.6172842603080027,0.6232938955488199
7014,Ba-1,UK,germany,56.5459,-4.79821,196.0,0.6293035307896372,0.6227218641235145,0.6260126974565758
9714,Grivo-1,BUL,italy_balkan_caucasus,41.84,25.75,237.0,0.6291494763391028,0.6177405782896467,0.6234450273143748
9738,Bran-1,ROU,admixed,45.57,25.42,650.0,0.6291233137991561,0.5283270868592067,0.5787252003291814
9869,Moj-0,ESP,relict,36.76,-5.28,773.0,0.6275973969286258,0.5524500879265547,0.5900237424275903
6830,Kz-13,KAZ,admixed,49.5,73.1,639.0,0.6209639167176213,0.552719359386751,0.5868416380521861
9622,Bijisk-4,RUS,admixed,52.52,85.27,184.0,0.6208961999486726,0.5691589314549976,0.5950275657018351
9709,Zerev-1-34,BUL,italy_balkan_caucasus,41.85,23.13,303.0,0.6144813430601966,0.5881611136742703,0.6013212283672335
5104,UKSE06-252,UK,germany,51.3,0.5,13.0,0.6078966358862398,0.5348243214916358,0.5713604786889378
9593,IP-Vaz-0,ESP,spain,42.26,-2.99,1616.0,0.6059333261187416,0.569276329053054,0.5876048275858978
7177,Jm-0,CZE,central_europe,49.0,15.0,487.0,0.6014208574929187,0.5297593695223191,0.5655901135076189
9699,Kolar-1,BUL,italy_balkan_caucasus,41.37,23.14,328.0,0.6014208574929187,0.5417053234031602,0.5715630904480395
350,TOU-A1-88,FRA,western_europe,46.6667,4.11667,257.0,0.5931937436424355,0.5043272107369888,0.5487604771897121
7384,Ven-1,NED,admixed,52.0333,5.55,11.0,0.5931937436424355,0.5134634462591084,0.553328594950772
6979,Wei-0,SUI,central_europe,47.25,8.26,637.0,0.5931937436424355,0.5053932054739455,0.5492934745581906
5486,UKNW06-233,UK,germany,54.6,-3.3,110.0,0.5822515766130103,0.49837537902369033,0.5403134778183503
9749,Knjas-1,SRB,italy_balkan_caucasus,43.54,22.29,278.0,0.5813306549335611,0.5693999088317963,0.5753652818826787
9703,Melni-1,BUL,italy_balkan_caucasus,41.53,23.39,500.0,0.5813306549335611,0.5113186882686028,0.5463246716010819
9684,Castelfed-2-200,ITA,central_europe,46.3378,11.2928,375.0,0.5666039787027399,0.5992376406478617,0.5829208096753008
7411,Wl-0,GER,central_europe,47.9299,10.8134,699.0,0.5666039787027399,0.5334736157291666,0.5500387972159533
9678,Mitterberg-4-194,ITA,central_europe,46.3718,11.2866,504.0,0.5666039787027399,0.5257772624135861,0.546190620558163
9399,Hamm-1,SWE,south_sweden,55.4234,13.9905,4.0,0.5624785963267522,0.4813044629213158,0.5218915296240341
6982,Wt-5,GER,germany,52.3,9.3,114.0,0.5573403554993229,0.5260496518815927,0.5416950036904578
8242,Lillö-1,SWE,south_sweden,56.1494,15.7884,14.0,0.5573403554993229,0.4839218207121897,0.5206310881057563
9727,Olympia-2,GRC,central_europe,37.63,21.62,28.0,0.5573403554993229,0.5233706499386838,0.5403555027190033
8230,Algutsrum,SWE,south_sweden,56.68,16.5,12.0,0.5573403554993229,0.5774628916473868,0.5674016235733549
8249,Vimmerby,SWE,south_sweden,57.7,15.8,116.0,0.5573403554993229,0.49675855850758344,0.5270494570034532
9664,Mitterberg-1-179,ITA,central_europe,46.366,11.2832,575.0,0.5573403554993229,0.5454525552878932,0.551396455393608
9667,Mitterberg-1-183,ITA,central_europe,46.366,11.2832,575.0,0.5573403554993229,0.48987906274554627,0.5236097091224345
9676,Mitterberg-4-192,ITA,central_europe,46.3718,11.2866,504.0,0.5573403554993229,0.5099189007844142,0.5336296281418685
5832,App1-16,SWE,south_sweden,56.3333,15.9667,29.0,0.5573403554993229,0.5541310745683882,0.5557357150338555
9677,Mitterberg-4-193,ITA,central_europe,46.3718,11.2866,504.0,0.5573403554993229,0.4921595437656899,0.5247499496325064
6119,T620,SWE,south_sweden,55.7,13.2,45.0,0.5573403554993229,0.5560138122392309,0.556677083869277
9058,Västervik,SWE,admixed,57.75,16.6333,31.0,0.5573403554993229,0.5208229135629873,0.5390816345311551
1552,Sku-30,SWE,north_sweden,63.0833,18.3667,86.0,0.5573403554993229,0.47738305222249494,0.517361703860909
2202,Pent-23,USA,admixed,43.7623,-86.3929,185.0,0.5573403554993229,0.5325502876709886,0.5449453215851557
7477,WAR,USA,admixed,41.7302,-71.2825,11.0,0.5573403554993229,0.5447867889881247,0.5510635722437238
9784,Erg2-6,GER,central_europe,48.5,8.8,483.0,0.5573403554993229,0.5274946543658389,0.5424175049325809
9796,Bach2-1,GER,central_europe,48.41,8.84,471.0,0.5573403554993229,0.46182361390260923,0.509581984700966
9687,Castelfed-2-203,ITA,central_europe,46.3378,11.2928,375.0,0.5573403554993229,0.48918844022457686,0.5232643978619499
9665,Mitterberg-1-180,ITA,central_europe,46.366,11.2832,575.0,0.5573403554993229,0.5035487964327777,0.5304445759660503
9666,Mitterberg-1-182,ITA,central_europe,46.366,11.2832,575.0,0.5573403554993229,0.5087413526263215,0.5330408540628222
9673,Mitterberg-3-189,ITA,central_europe,46.3668,11.2837,597.0,0.5573403554993229,0.5295937184258432,0.5434670369625831
9669,Mitterberg-2-185,ITA,central_europe,46.3668,11.2837,597.0,0.5573403554993229,0.5163045855273205,0.5368224705133218
9672,Mitterberg-3-188,ITA,central_europe,46.3668,11.2837,597.0,0.5573403554993229,0.47091322473801994,0.5141267901186715
9668,Mitterberg-2-184,ITA,central_europe,46.3668,11.2837,597.0,0.5573403554993229,0.5223794910295018,0.5398599232644123
9685,Castelfed-2-201,ITA,central_europe,46.3378,11.2928,375.0,0.5573403554993229,0.5293201278578377,0.5433302416785804
9671,Mitterberg-3-187,ITA,central_europe,46.3668,11.2837,597.0,0.5573403554993229,0.5277672689372541,0.5425538122182885
9670,Mitterberg-2-186,ITA,central_europe,46.3668,11.2837,597.0,0.5573403554993229,0.5433969772659616,0.5503686663826423
6126,T720,SWE,south_sweden,55.8411,13.3047,64.0,0.5534884113012902,0.5226649759377574,0.5380766936195238
7169,Hh-0,GER,admixed,54.4175,9.88682,26.0,0.5439513499199183,0.5033092522967715,0.523630301108345
6974,Ull2-5,SWE,south_sweden,56.0648,13.9707,28.0,0.5439513499199183,0.4857815785761589,0.5148664642480386
9409,Kia 1,SWE,south_sweden,56.0573,14.302,44.0,0.5439513499199183,0.43806522191443864,0.4910082859171785
2016,MNF-Pin-39,USA,admixed,43.5356,-86.1788,222.0,0.5439513499199183,0.5133042964938959,0.528627823206907
7164,Hau-0,DEN,south_sweden,55.675,12.5686,8.0,0.5439513499199183,0.49450698053481174,0.5192291652273651
6106,T460,SWE,south_sweden,55.7931,13.1186,15.0,0.5439513499199183,0.4963056150357796,0.5201284824778489
6094,T1040,SWE,south_sweden,55.6494,13.2147,14.0,0.5439513499199183,0.4499994926453091,0.49697542128261374
6114,T570,SWE,south_sweden,55.8097,13.1342,27.0,0.5439513499199183,0.4557099537076705,0.4998306518137944
6115,T580,SWE,south_sweden,55.8,13.1367,16.0,0.5439513499199183,0.5197459355199054,0.5318486427199118
6097,T1070,SWE,south_sweden,55.6481,13.2264,15.0,0.5439513499199183,0.4871165953042187,0.5155339726120685
8237,Kävlinge-1,SWE,south_sweden,55.8,13.1,26.0,0.5439513499199183,0.5085963708410971,0.5262738603805077
9719,Koren-1,BUL,italy_balkan_caucasus,41.83,25.69,181.0,0.5439513499199183,0.502970901203832,0.5234611255618752
6128,T740,SWE,south_sweden,55.8397,13.2881,70.0,0.5439513499199183,0.48900433410479066,0.5164778420123545
6242,Tomegap-2,SWE,south_sweden,55.7,13.2,45.0,0.5439513499199183,0.5163998640991982,0.5301756070095582
6151,T990,SWE,south_sweden,55.6528,13.2244,16.0,0.5439513499199183,0.47281720807339717,0.5083842789966577
6134,T810,SWE,south_sweden,55.8383,13.2906,70.0,0.5439513499199183,0.4909966732281479,0.517474011574033
6107,T470,SWE,south_sweden,55.7942,13.1222,17.0,0.5439513499199183,0.47428889125876705,0.5091201205893428
9565,IP-Orb-10,ESP,admixed,42.97,-1.23,760.0,0.5372501529399653,0.48124526611699575,0.5092477095284805
9717,Kardz-2,BUL,italy_balkan_caucasus,41.66,25.47,265.0,0.5357242360694351,0.4847890723653759,0.5102566542174055
9955,Stepn-2,RUS,asia,54.09,60.46,321.0,0.5313619780700498,0.4839359912190611,0.5076489846445554
7008,Benk-1,NED,germany,52.0,5.675,17.0,0.5305725282114053,0.46421006956150107,0.49739129888645317
9722,Groch-1,BUL,italy_balkan_caucasus,41.71,24.41,904.0,0.5090293691832484,0.504992052950454,0.5070107110668511
9707,Podvi-1,BUL,italy_balkan_caucasus,41.57,24.84,895.0,0.5090293691832484,0.44062115011666325,0.4748252596499558
9748,Zagub-1,SRB,admixed,44.23,21.71,270.0,0.5011356051847305,0.4512994558598898,0.4762175305223102
7161,Gd-1,GER,germany,53.5,10.5,45.0,0.4821653130519954,0.41547338130377015,0.44881934717788274
9716,Leska-1-44,BUL,italy_balkan_caucasus,41.54,24.98,701.0,0.4741563775328082,0.4760257140634202,0.47509104579811423
9728,Stiav-1,SVK,central_europe,48.46,18.9,628.0,0.4645247030161377,0.4219613463114849,0.44324302466381127
7424,Jl-3,CZE,central_europe,49.2,16.6166,211.0,0.4625458788805978,0.4443012150646568,0.4534235469726273
7202,Kb-0,GER,germany,50.1797,8.50861,262.0,0.4594754345835998,0.36472892339249063,0.41210217898804524
7199,Kl-5,GER,germany,50.95,6.9666,50.0,0.4594754345835998,0.41653694255967755,0.43800618857163864
9633,Lebja-4,RUS,asia,51.63,80.83,258.0,0.4545719410861009,0.42963086495480396,0.4421014030204524
9125,Geg-14,ARM,asia,40.1408,44.8203,1775.0,0.4535394258878696,0.41586714556613236,0.434703285727001
9958,Shigu-1,RUS,asia,53.33,49.48,181.0,0.4525199465102224,0.43115435776218297,0.44183715213620267
9956,Stepn-1,RUS,asia,54.06,60.48,282.0,0.4518738786984372,0.382295225195426,0.4170845519469316
7002,Baa-1,NED,germany,51.3333,6.1,19.0,0.4512483207331165,0.4421954439386839,0.44672188233590016
9723,Slavi-2,BUL,italy_balkan_caucasus,41.42,23.67,1051.0,0.4502997475473199,0.4778466912558974,0.4640732194016086
7000,Aa-0,GER,germany,50.9167,9.57073,302.0,0.4484500714271885,0.3866482146139988,0.41754914302059365
9613,Balan-1,RUS,italy_balkan_caucasus,55.36,61.41,201.0,0.4446875090784152,0.375962433436392,0.41032497125740364
9755,Vajug-1,SRB,italy_balkan_caucasus,44.56,22.56,102.0,0.4445125607536688,0.44355409506719984,0.4440333279104343
6088,Stu1-1,SWE,south_sweden,56.4666,16.1284,5.0,0.4439375771099604,0.4348581414818818,0.4393978592959211
7162,Hs-0,GER,germany,52.24,9.44,162.0,0.4384825757168636,0.3705567749022656,0.40451967530956456
10015,Ara-1,AFG,asia,37.29,71.3,4135.0,0.4383105063035811,0.38841490179070537,0.41336270404714326
9757,Staro-1,SRB,italy_balkan_caucasus,44.3,21.08,115.0,0.438139062128791,0.38538552386297575,0.4117622929958834
7276,Ob-0,GER,germany,50.2,8.5833,202.0,0.4380200381503398,0.34748652281931147,0.3927532804848256
9744,Iasi-1,ROU,admixed,47.16,27.59,63.0,0.4376839546262822,0.36296439623175625,0.4003241754290192
9698,Goced-1,BUL,italy_balkan_caucasus,41.57,23.85,583.0,0.4364865577678787,0.3647923347653167,0.4006394462665977
9774,Alt-1,GER,central_europe,48.59,9.22,412.0,0.4364603952279319,0.36483646827480803,0.40064843175137
6931,Kz-9,KAZ,asia,49.5,73.1,639.0,0.4364603952279319,0.3859198486063285,0.4111901219171302
7138,Fi-0,GER,admixed,50.5,8.0167,216.0,0.435382790595807,0.3919092325719026,0.4136460115838548
9627,Kolyv-5,RUS,asia,51.32,82.55,475.0,0.4343430510167619,0.42953806580118425,0.43194055840897305
9626,Kolyv-3,RUS,asia,51.36,82.59,493.0,0.4338870922624212,0.35257647104025747,0.3932317816513393
9617,Karag-1,RUS,asia,51.37,59.44,302.0,0.4328505829094876,0.41101025486378506,0.4219304188866363
9739,Toc-1,ROU,central_europe,46.01,22.33,218.0,0.4306034235911047,0.37817375826433947,0.40438859092772206
7516,Vår2-1,SWE,germany,55.58,14.334,2.0,0.4300446622104518,0.3729807509208788,0.4015127065656653
5165,UKSE06-362,UK,admixed,51.3,0.4,40.0,0.4299900485574323,0.3989346333224304,0.41446234093993134
6039,Hovdala-2,SWE,admixed,56.1,13.74,58.0,0.4299203213587638,0.34013866071189486,0.38502949103532935
8306,Hov4-1,SWE,south_sweden,56.1,13.74,58.0,0.4294852693813942,0.3848575617669157,0.4071714155741549
7158,Gr-5,AUT,central_europe,47.0,15.5,332.0,0.4280126625672834,0.3860062288136751,0.40700944569047925
7461,H55,CZE,germany,49.0,15.0,487.0,0.4272691999533736,0.39304273787361804,0.4101559689134958
5800,UKID96,UK,germany,57.4,-5.5,55.0,0.4248774536082937,0.37615251292552826,0.400514983266911
7127,Est,EST,admixed,58.6656,24.9871,56.0,0.4246234690590043,0.43961687325633114,0.4321201711576677
19949,OOE2-1,AUT,central_europe,48.3268333,14.7181667,628.0,0.4246234690590043,0.3571644362314648,0.3908939526452345
18696,Samm,RUS,asia,61.57,30.63,24.0,0.4246234690590043,0.34712356040894976,0.385873514733977
19950,OOE2-2,AUT,central_europe,48.3268333,14.7181667,628.0,0.4246234690590043,0.35760241996626135,0.3911129445126328
19951,OOE23,AUT,central_europe,48.3268333,14.7181667,628.0,0.4246234690590043,0.35963232218419666,0.39212789562160044
9733,Bela-2,SVK,central_europe,48.47,18.94,501.0,0.4246234690590043,0.35703185523980874,0.3908276621494065
15560,Valm,RUS,asia,61.37,61.37,121.0,0.4246234690590043,0.3989239649922309,0.4117737170256176
7203,Krot-0,GER,central_europe,49.631,11.5722,418.0,0.4246234690590043,0.41760759649869994,0.4211155327788521
9721,Schip-1,BUL,italy_balkan_caucasus,42.72,25.33,766.0,0.4246234690590043,0.36478108024652,0.39470227465276214
9768,Rü4-16,GER,central_europe,48.57,9.16,396.0,0.4246234690590043,0.3510828018658774,0.3878531354624408
9772,Höf-1,GER,central_europe,48.41,8.85,454.0,0.4246234690590043,0.3903559357505964,0.4074897024048003
9691,Castelfed-3-207,ITA,admixed,46.3378,11.2928,375.0,0.424596811667377,0.3616923203389479,0.39314456600316244
9628,Kolyv-6,RUS,asia,51.33,82.54,456.0,0.423603989681357,0.39126194421402233,0.40743296694768966
7192,Kil-0,UK,germany,55.6395,-5.66364,10.0,0.4235197018869325,0.3739678925124715,0.398743797199702
7404,Wc-1,GER,admixed,52.6,10.0667,45.0,0.4235197018869325,0.32544737843701554,0.37448354016197405
7280,Old-1,GER,germany,53.1667,8.2,13.0,0.4235197018869325,0.4167781579268343,0.4201489299068834
7031,Bsch-0,GER,germany,50.0167,8.6667,125.0,0.4235197018869325,0.4273793320797981,0.4254495169833653
630,LI-OF-065,USA,western_europe,40.7777,-72.9069,4.0,0.4235197018869325,0.3643583411724009,0.3939390215296667
9133,Yeg-7,ARM,asia,39.8692,45.3622,1542.0,0.4235197018869325,0.372019455088853,0.39776957848789274
9612,Lesno-2,RUS,asia,53.04,51.94,107.0,0.4235197018869325,0.37905566360867965,0.4012876827478061
6981,Ws-2,RUS,admixed,52.3,30.0,135.0,0.4235197018869325,0.38125340558654325,0.4023865537367379
9712,Dolna-1-40,BUL,italy_balkan_caucasus,42.32,23.1,566.0,0.4235197018869325,0.4009560300671174,0.41223786597702494
7163,Ha-0,GER,admixed,52.3721,9.73569,58.0,0.4235197018869325,0.43145373804992293,0.4274867199684277
7258,Nw-0,GER,germany,50.5,8.5,275.0,0.4235197018869325,0.36771128506211104,0.39561549347452174
9638,Noveg-3,RUS,asia,51.73,80.86,249.0,0.4230040009636558,0.3473250836275022,0.385164542295579
7471,RLD-1,UNK,admixed,,,,0.4214307123841834,,
9609,Adam-1,RUS,asia,51.41,59.98,330.0,0.4213041248938012,0.34796622369554364,0.3846351742946724
9697,Dolen-1,BUL,italy_balkan_caucasus,41.62,23.94,1004.0,0.4208504299640847,0.37823662077787085,0.3995435253709778
9631,Lebja-1,RUS,asia,51.65,80.79,246.0,0.4203281350591488,0.42251487096468243,0.4214215030119156
9736,Teiu-2,ROU,admixed,44.69,25.17,208.0,0.4195570390151632,0.3593387000440781,0.3894478695296206
9607,Panik-1,RUS,asia,53.05,52.15,115.0,0.4188389070159347,0.37250254556510165,0.39567072629051814
9718,Smolj-1,BUL,italy_balkan_caucasus,41.55,24.75,985.0,0.418422674574939,0.37637998769275643,0.3974013311338477
9641,Rakit-2,RUS,asia,51.9,80.06,188.0,0.4176175439578471,0.4013693421612896,0.40949344305956836
6177,TÄL 03,SWE,north_sweden,62.6322,17.69,124.0,0.4175348585262315,0.43071063130244014,0.4241227449143358
9629,K-oze-1,RUS,asia,51.35,82.18,349.0,0.4175348585262315,0.35025879533862186,0.38389682693242666
14312,Kos-1,RUS,asia,62.02,34.12,39.0,0.4175348585262315,0.3408316752506848,0.37918326688845816
7514,RRS-7,USA,admixed,41.5609,-86.4251,219.0,0.4175348585262315,0.4072987848383037,0.41241682168226756
9732,Halca-1,SVK,central_europe,48.47,18.96,587.0,0.4175348585262315,0.38952160321502083,0.40352823087062617
9731,Stiav-3,SVK,central_europe,48.46,18.9,628.0,0.4175348585262315,0.4244760782983125,0.42100546841227204
1890,MNF-Riv-21,USA,asia,43.5139,-86.1859,220.0,0.4175348585262315,0.39153880408601044,0.40453683130612095
14313,Kos-2,RUS,asia,62.02,34.12,39.0,0.4175348585262315,0.3447360958026197,0.38113547716442564
9412,Kor 3,SWE,south_sweden,57.2746,16.1494,79.0,0.4167090326737757,0.37715407759454495,0.39693155513416034
7165,Hn-0,GER,germany,51.3472,8.28844,263.0,0.4167090326737757,0.3986229400912629,0.4076659863825193
9711,Dolna-1-39,BUL,italy_balkan_caucasus,42.32,23.1,566.0,0.4167090326737757,0.3990034981096966,0.40785626539173614
9611,Lesno-1,RUS,asia,53.04,51.9,79.0,0.4164572538941066,0.37863547482732557,0.3975463643607161
5748,Kil-0,UK,germany,56.0,-4.4,183.0,0.4164310913541598,0.3924313320418344,0.4044312116979971
768,Zal-1,KGZ,asia,42.8,76.35,2315.0,0.4164310913541598,0.40870995906753,0.4125705252108449
772,Neo-6,TJK,asia,37.35,72.4667,3468.0,0.4164310913541598,0.4205458610852856,0.4184884762197227
7062,Ca-0,GER,germany,50.2981,8.26607,201.0,0.4164310913541598,0.385594287981849,0.4010126896680044
9640,Rakit-1,RUS,asia,51.87,80.06,182.0,0.4164310913541598,0.3595475489446541,0.38798932014940696
9619,Basta-1,RUS,asia,51.84,79.48,204.0,0.4164310913541598,0.3689925019471595,0.39271179665065964
9805,Pfn-10,GER,central_europe,48.54,9.09,441.0,0.4164310913541598,0.4040863603494105,0.41025872585178513
9128,Yeg-2,ARM,asia,39.8692,45.3622,1542.0,0.4164310913541598,0.3520538212245427,0.3842424562893513
9810,Tü-KS-7,GER,central_europe,48.53,9.07,332.0,0.4152390254563287,0.3777692247225157,0.3965041250894222
7413,Wil-2,LTU,central_europe,54.6833,25.3167,141.0,0.4146183077975559,0.34813484342773504,0.3813765756126455
9625,Kolyv-2,RUS,asia,51.31,82.59,499.0,0.4146183077975559,0.3641706524856004,0.3893944801415781
9735,Bela-4,SVK,central_europe,48.47,18.94,501.0,0.4146183077975559,0.40450186367577484,0.40956008573666536
765,Sus-1,KGZ,asia,42.1833,73.4,2431.0,0.4146015407682885,0.37815121280888553,0.396376376788587
6945,Nok-3,NED,germany,52.24,4.45,1.0,0.4146015407682885,0.3637546372129729,0.38917808899063067
7117,El-0,GER,germany,51.5105,9.68253,286.0,0.4145993264466805,0.32229314221728295,0.36844623433198176
9103,Lag1-5,GEO,italy_balkan_caucasus,41.8296,46.2831,488.0,0.4145993264466805,0.3951573334274971,0.40487832993708883
7209,La-0,POL,admixed,52.7333,15.2333,35.0,0.4145993264466805,0.3812305518809128,0.39791493916379667
9639,Panke-1,RUS,asia,53.82,80.31,164.0,0.4143403664779401,0.4254180081771039,0.419879187327522
9645,Gradi-1,CRO,central_europe,45.17,18.7,84.0,0.4143403664779401,0.3599370194293501,0.3871386929536451
9630,K-oze-3,RUS,asia,51.34,82.16,414.0,0.4143403664779401,0.36957487630785824,0.39195762139289914
9635,Nosov-1,RUS,asia,51.87,80.6,225.0,0.4138577883886491,0.3694692988999718,0.39166354364431044
6929,Kondara,TJK,asia,38.48,68.49,894.0,0.4135407031654309,0.4223843015583351,0.41796250236188304
9743,Furni-1,ROU,admixed,45.14,25.0,444.0,0.4135145406254842,0.36551567465387563,0.3895151076396799
5811,UKID107,UK,admixed,52.9,-3.1,289.0,0.4133622521873891,0.3688328979604993,0.39109757507394416
9624,Chaba-2,RUS,asia,53.6,79.37,131.0,0.4129139399489839,0.3775508352404801,0.395232387594732
9761,Bik-1,LBN,central_europe,33.92,35.7,926.0,0.4125086015704607,0.38418687526515144,0.3983477384178061
6938,Ms-0,RUS,asia,55.7522,37.6322,137.0,0.4125086015704607,0.3433633931339448,0.37793599735220273
7396,Ws-0.2,RUS,central_europe,52.3,30.0,135.0,0.4125086015704607,0.3660313013574099,0.3892699514639353
7372,Tscha-1,AUT,central_europe,47.0748,9.9042,680.0,0.4125086015704607,0.3976427540662538,0.4050756778183573
9729,Stiav-2,SVK,central_europe,48.46,18.9,628.0,0.4125086015704607,0.3332531425881289,0.37288087207929477
7273,No-0,GER,central_europe,51.0581,13.2995,257.0,0.4116849900396129,0.3646159802640192,0.38815048515181605
5831,App1-14,SWE,south_sweden,56.3333,15.9667,29.0,0.4116849900396129,0.3343480655914377,0.3730165278155253
6194,TDr-8,SWE,south_sweden,55.7706,14.1342,80.0,0.4116827757180049,0.3917635745857502,0.4017231751518775
6191,TDr-4,SWE,south_sweden,55.7689,14.1375,85.0,0.4116827757180049,0.31021826857449164,0.36095052214624823
7323,Rubezhnoe-1,UKR,asia,49.0,38.28,135.0,0.4116827757180049,0.3459151202998572,0.37879894800893105
7314,Ragl-1,UK,admixed,54.3512,-3.41697,0.0,0.4116827757180049,0.3686479319699405,0.39016535384397266
7419,Db-1,GER,germany,50.3058,8.32213,285.0,0.4116827757180049,0.4083426965950351,0.41001273615652
7415,Wu-0,GER,germany,49.7878,9.9361,190.0,0.4116827757180049,0.3599224678858153,0.38580262180191005
9787,HI-4,GER,central_europe,48.5,9.0,332.0,0.4116827757180049,0.3465267899172089,0.3791047828176069
9775,Berg-1,GER,central_europe,48.41,8.79,523.0,0.4116827757180049,0.4197074878012226,0.4156951317596137
9754,Sredn-1,SRB,admixed,44.66,21.37,217.0,0.4116827757180049,0.3235823587055176,0.36763256721176124
9413,Kor 4,SWE,south_sweden,57.2746,16.1494,79.0,0.4116827757180049,0.28844399701940243,0.35006338636870366
1063,Brösarp-21-140,SWE,south_sweden,55.7167,14.1333,54.0,0.4116827757180049,0.36916650921960487,0.39042464246880487
5349,UKSE06-639,UK,western_europe,51.1,0.4,41.0,0.4116827757180049,0.3455211489874266,0.3786019623527157
9616,Krazo-1,RUS,asia,53.06,51.96,110.0,0.4116827757180049,0.3279857912040835,0.3698342834610442
9615,Parti-1,RUS,asia,52.99,52.16,144.0,0.4116827757180049,0.3799434691369855,0.3958131224274952
6201,TDr-16,SWE,south_sweden,55.7719,14.1211,96.0,0.4116827757180049,0.36322489713114087,0.3874538364245729
628,LI-OF-061,USA,western_europe,40.7777,-72.9069,4.0,0.4116827757180049,0.353982716795903,0.38283274625695396
6138,T860,SWE,south_sweden,55.9403,13.5511,80.0,0.4116827757180049,0.31733334375787803,0.3645080597379414
6203,TDr-18,SWE,south_sweden,55.7714,14.1208,102.0,0.4116827757180049,0.38208509556640924,0.39688393564220703
8427,Ull2-13,SWE,south_sweden,56.0648,13.9707,28.0,0.4116827757180049,0.37512401105676474,0.39340339338738484
7147,Gie-0,GER,admixed,50.584,8.67825,162.0,0.4116827757180049,0.3581234998046234,0.38490313776131413
9700,Dolna-1-10,BUL,italy_balkan_caucasus,42.32,23.1,566.0,0.4116827757180049,0.42476188559943484,0.41822233065871983
6920,Got-22,GER,admixed,51.5338,9.9355,156.0,0.4116827757180049,0.32804643272822026,0.36986460422311257
6034,Hov1-7,SWE,south_sweden,56.1,13.74,58.0,0.4116827757180049,0.3098170205902627,0.36074989815413383
6038,Hov3-5,SWE,south_sweden,56.1,13.74,58.0,0.4116827757180049,0.3348255336215676,0.37325415466978623
8307,Hovdala-6,SWE,south_sweden,56.1,13.74,58.0,0.4116827757180049,0.35421519522733996,0.3829489854726724
801,KYC-33,USA,germany,37.9169,-84.4639,296.0,0.4116827757180049,0.38106605919768566,0.3963744174578453
9134,Yeg-8,ARM,asia,39.8692,45.3622,1542.0,0.411404834398389,0.3642985526626991,0.38785169353054405
9737,Ulies-1,ROU,asia,45.95,22.62,174.0,0.4110645118557318,0.3756761737511607,0.39337034280344624
9608,Karag-2,RUS,asia,51.37,59.44,302.0,0.4108430543810283,0.321926871655315,0.36638496301817164
9642,Rakit-3,RUS,asia,51.84,80.06,187.0,0.4106632963403576,0.40213623446255536,0.4063997654014565
9632,Lebja-2,RUS,asia,51.67,80.82,261.0,0.4087270556013717,0.35459252024959464,0.38165978792548316
14314,Radk-1,RUS,asia,61.59,35.11,32.0,0.4045941651852321,0.37652304013287596,0.39055860265905407
5210,UKSE06-432,UK,western_europe,51.2,0.3,21.0,0.4045941651852321,0.3636759255765632,0.38413504538089766
14315,Radk-2,RUS,asia,61.59,35.11,32.0,0.4045941651852321,0.3567067617598456,0.38065046347253884
766,Dja-1,KGZ,asia,42.5833,73.6333,2698.0,0.4045941651852321,0.3791038835921982,0.39184902438871516
7183,Kas-1,IND,asia,35.0,77.0,5296.0,0.4045941651852321,0.3830254219857515,0.39380979358549184
9766,Westkar-4,KGZ,asia,42.26,74.16,2320.0,0.4045941651852321,0.3816158479812584,0.39310500658324526
9777,Gn-1,GER,central_europe,48.57,9.17,407.0,0.4045941651852321,0.39589874108920503,0.40024645313721857
9745,Sij 1/96,UZB,asia,41.45,70.05,2648.0,0.4045941651852321,0.36903980027627625,0.38681698273075416
9706,Dospa-1,BUL,italy_balkan_caucasus,41.64,24.18,1316.0,0.4045941651852321,0.3842242779128875,0.3944092215490598
763,Kar-1,KGZ,asia,42.3,74.3667,2428.0,0.4045941651852321,0.35960209435661533,0.3820981297709237
8312,Is-0,GER,germany,50.5,7.5,270.0,0.4045941651852321,0.3972976816487163,0.4009459234169742
9643,Sever-1,RUS,asia,52.1,79.31,161.0,0.4045941651852321,0.33220239612345404,0.3683982806543431
8366,Rd-0,GER,admixed,50.5,8.5,275.0,0.4045941651852321,0.4081223781725566,0.4063582716788944
8424,Kas-2,IND,asia,35.0,77.0,5296.0,0.4045941651852321,0.3683894266659018,0.3864917959255669
6960,Rennes-11,FRA,western_europe,48.5,-1.41,48.0,0.4045941651852321,0.3131709121216907,0.3588825386534614
6909,Col-0,USA,germany,38.3,-92.3,209.0,0.4045941651852321,0.3701372976325558,0.38736573140889397
6997,Appt-1,NED,germany,51.8333,5.5833,7.0,0.4045941651852321,0.33232931546098565,0.36846174032310886
7143,Gel-1,NED,germany,51.0167,5.86667,39.0,0.4045941651852321,0.3787967716548939,0.391695468420063
9621,Basta-3,RUS,asia,51.84,79.46,189.0,0.4045941651852321,0.3331754458061604,0.36888480549569624
9130,Yeg-4,ARM,asia,39.8692,45.3622,1542.0,0.4045941651852321,0.35133946218878875,0.37796681368701046
9637,Noveg-2,RUS,asia,51.77,80.85,219.0,0.4045941651852321,0.2961379432568662,0.35036605422104916
9636,Noveg-1,RUS,asia,51.75,80.82,223.0,0.4045941651852321,0.3392749756077598,0.37193457039649597
9634,Masl-1,RUS,asia,54.13,81.31,169.0,0.4045941651852321,0.2777477853863634,0.34117097528579776
9131,Yeg-5,ARM,asia,39.8692,45.3622,1542.0,0.4045941651852321,0.3172078804806604,0.36090102283294623
9610,Lesno-4,RUS,asia,53.04,51.96,121.0,0.4045941651852321,0.3743666048695611,0.38948038502739657
9620,Basta-2,RUS,asia,51.82,79.48,202.0,0.4045941651852321,0.3763481699447571,0.3904711675649946
9924,PLY-20,FRA,admixed,48.59,4.24,109.0,0.4045941651852321,0.368767892038781,0.3866810286120066
