gene_id,fisher_stat,fisher_pval,n_studies,mean_log2fc,median_log2fc,sd_log2fc,n_up,n_down,n_sig,direction_concordance,fisher_fdr,meta_log2fc,meta_se,meta_z,meta_pval,meta_ci_lb,meta_ci_ub,meta_I2,meta_tau2,meta_n,meta_het_pval,meta_fdr,consensus_class,direction,is_gwas_gene,is_de_gene,is_consensus_de,is_overlap,is_consensus_overlap,gwas_traits,n_gwas_associations
AT1G16400,1741.26956481488,0.0,18,0.823283320858814,0.0379708515670455,2.18546542588879,3,0,3,0.5,0.0,0.845994938458626,0.552011948875818,1.53256635147393,0.125382737493816,-0.235928600373743,1.92791847729099,98.5686500402635,5.0267430937008,18.0,1.11253692925362e-308,0.458642235220985,fisher_only,upregulated,True,True,False,True,False,clim-pet7,77.0
AT1G55850,1669.08895387256,0.0,18,0.163913199304736,0.195080936357653,0.754675744167387,4,2,6,0.777777777777778,0.0,0.16007924686053,0.185328240274402,0.863760680096633,0.387719371926045,-0.203157429395484,0.523315923116544,97.0195468353917,0.576806051143473,18.0,6.31249452658918e-245,0.739925537586957,fisher_only,upregulated,True,True,False,True,False,clim-gs9,55.0
AT1G65960,1626.81927317212,1.11253692927721e-308,18,0.0673290585836556,-0.115429783067296,0.68240564354848,2,3,5,0.722222222222222,1.1125369458093e-308,0.0718907919640345,0.169335802588194,0.424545730230867,0.671167861973169,-0.260001282402009,0.403782866330078,96.9080153545506,0.481332857878459,18.0,8.39236896599441e-258,0.889335056604681,fisher_only,upregulated,True,True,False,True,False,clim-gs4,478.0
AT1G68560,1471.43037171998,4.74340172319106e-286,18,0.353719610184055,0.181454039907466,0.627865504913592,6,1,7,0.777777777777778,2.15953765645034e-283,0.362610732770665,0.152386272445663,2.3795498567626,0.0173337979994517,0.063939127038856,0.661282338502474,97.0518230242804,0.396580009308296,18.0,1.33096082960576e-177,0.160373909184675,fisher_only,upregulated,True,True,False,True,False,clim-aet6,3180.0
AT3G28860,1442.71030978924,5.85121693472797e-280,18,0.377968328268509,0.200913540997691,0.666900609689729,3,0,3,0.833333333333333,2.5097852076803e-277,0.393921495184056,0.16439445300021,2.3961970005372,0.0165661839100434,0.0717142880454831,0.71612870232263,96.9563054390431,0.449632638312692,18.0,6.271852816817461e-180,0.15651039072869,fisher_only,upregulated,True,True,False,True,False,Mean(LRR) CK;Mean(LRD P) CK,1020.0
AT3G06770,1395.62026153051,5.598494435942119e-270,18,0.168448705865662,-0.122513426950205,1.05637460814301,3,2,5,0.666666666666667,2.06076212567257e-267,0.189918346310166,0.254465118480167,0.746343339489841,0.455460037229867,-0.30882412123268,0.688660813853012,97.5355937548954,1.10685831710915,18.0,5.282961622780799e-230,0.780913270997126,fisher_only,upregulated,True,True,False,True,False,clim-cyclevsgs;clim-gs sum,14.0
AT1G78970,1268.75022015233,1.05289442308168e-244,17,0.307370610780832,-0.0699441735242873,1.29727926583025,2,1,3,0.588235294117647,2.78807517614092e-242,0.349306800026133,0.355288498901405,0.98316382631645,0.325526815134262,-0.347045861941919,1.04565946199419,96.1354063587441,1.8598232185715,17.0,5.30308583199935e-183,0.695018035324722,fisher_only,upregulated,True,True,False,True,False,LRDpBZ75,812.0
AT1G69850,1189.85963423043,1.7892907144663e-226,18,-0.0230338059365557,0.0094881286527071,0.376754051841362,2,4,6,0.555555555555556,3.80598267916047e-224,-0.0435622361825338,0.0948007992648952,-0.459513385122534,0.645865542292033,-0.22936838844734,0.142243916082272,95.4848671869346,0.136000214577688,18.0,9.34135149225533e-77,0.879920017047874,fisher_only,downregulated,True,True,False,True,False,rFitness mlp,261.0
AT5G49690,1152.2375348119,1.5325642515636598e-218,18,0.928227272865289,0.602909349768439,1.75824595167167,5,2,7,0.888888888888889,2.9243241625149194e-216,0.854367864073238,0.409526624102979,2.08623277166566,0.0369575430378877,0.0517104301211256,1.65702529802535,98.6763844305628,2.78483230277701,18.0,6.66857208257262e-184,0.246019832338415,fisher_only,upregulated,True,True,False,True,False,PC2sc125,1.0
AT1G05850,1143.63571750823,9.95532208919039e-217,18,0.0046313248462101,-0.0529440605942534,0.487445152948781,2,5,7,0.5,1.8519396836955902e-214,0.0104560860132092,0.119263841244812,0.0876718870034217,0.930137464482763,-0.223296747484525,0.244208919510944,96.4286227026012,0.239821237587824,18.0,9.323742237192481e-188,0.979333681357857,fisher_only,upregulated,True,True,False,True,False,aLRLpMRL125,759.0
AT5G67100,1083.43656336908,4.69505796063334e-204,18,0.331626670588609,0.113752420545426,0.722242288044745,3,0,3,0.777777777777778,7.40663231656022e-202,0.370705495198627,0.173884879500785,2.13190184369627,0.0330149166301253,0.0298973939210019,0.711513596476253,96.6897818126704,0.493309701755624,18.0,4.5939280369375105e-148,0.23035851727238,fisher_only,upregulated,True,True,False,True,False,clim-bio6;clim-gs6;clim-bio1;clim-tmax12;clim-bio11;clim-pet4;clim-tmax10,2062.0
AT3G46690,1073.55408153248,5.6243343238352895e-202,18,-0.264998048664282,-0.3794342679268,0.817331885681686,0,3,3,0.722222222222222,8.636348394715241e-200,-0.413632874246226,0.187968254697444,-2.20054644286619,0.0277681486471598,-0.782043883690067,-0.0452218648023849,91.8282367720353,0.450200648935088,18.0,1.53584105814492e-40,0.208359741240348,fisher_only,downregulated,True,True,False,True,False,Zn66,6.0
AT1G07530,1066.75920139302,1.5092900968935e-200,18,0.0230118931687239,0.0966131688132432,0.44817851596021,1,3,4,0.666666666666667,2.2771414336880702e-198,0.0003217303746294,0.108785367737062,0.002957478393667,0.997640277090742,-0.212893672434958,0.213537133184217,95.7741214349525,0.188159650020189,18.0,1.70593590796083e-135,0.999024678619421,fisher_only,upregulated,True,True,False,True,False,S34,337.0
AT4G11460,1040.5701612631,4.81386127991621e-195,18,0.527501077471444,0.234200518070795,2.46290420656401,3,1,4,0.555555555555556,6.66251238103817e-193,0.720685089769566,0.619323589982965,1.16366484568978,0.244559861148863,-0.493166841373096,1.93453702091223,95.2603522215379,6.02987516016944,18.0,3.1325150198179903e-131,0.619578342008705,fisher_only,upregulated,True,True,False,True,False,SDV,55.0
AT4G02130,1039.60202519977,7.68887816420466e-195,18,0.31394703161907,0.141427303040706,0.886018679485532,3,1,4,0.555555555555556,1.0585158238737e-192,0.336325720334498,0.219316023528271,1.53352096633807,0.125147544778302,-0.0935257870134527,0.766177227682449,95.6979787415323,0.789418863727437,18.0,1.06390861704955e-135,0.458337892867406,fisher_only,upregulated,True,True,False,True,False,LN22,9.0
AT1G03380,1034.93480604547,7.348227421475941e-194,18,-0.113911912381695,-0.0838771147892158,0.3724807777196,0,3,3,0.555555555555556,9.905983153299299e-192,-0.131047626627933,0.090832078343861,-1.44274609826529,0.149092008219959,-0.309075228822821,0.0469799755669555,94.4955208531511,0.128516688729494,18.0,8.128207682074051e-98,0.498361058660706,fisher_only,downregulated,True,True,False,True,False,clim-aet12;clim-bio19;LRDpMR0;clim-bio16;Mean(LRD P) C,2074.0
AT3G44890,1009.98688023236,1.26988808815177e-188,18,0.0694827461373543,-0.112763092687787,0.840317274987254,4,2,6,0.722222222222222,1.61937252243648e-186,0.104406831432565,0.213309035395864,0.489462770476667,0.624514105759906,-0.313671195520308,0.522484858385437,97.667877818413,0.729128765088978,18.0,4.4705500236333397e-159,0.869976905980587,fisher_only,upregulated,True,True,False,True,False,LRDpBZ0,275.0
AT2G01600,1008.79080999231,2.26338382376705e-188,18,-0.170523720805823,-0.10276379338492,0.305661508923719,0,4,4,0.722222222222222,2.85819668703975e-186,-0.192489772992923,0.07659551127282,-2.5130685831877,0.0119686064793743,-0.342614216465082,-0.0423653295207641,92.0807197285483,0.0894060569278156,18.0,5.96968617349478e-72,0.129262943084066,fisher_only,downregulated,True,True,False,True,False,clim-gs5,769.0
AT4G37070,1006.20981563834,7.87660476816807e-188,18,-0.180076895820255,-0.307999590076934,1.12538144661503,1,7,8,0.722222222222222,9.803445181599299e-186,-0.484419002003256,0.215209726562222,-2.25091593089869,0.0243908625328986,-0.906222315187925,-0.0626156888185878,94.7578188815803,0.589035435678424,18.0,4.44534934908462e-50,0.193886243550928,fisher_only,downregulated,True,True,False,True,False,clim-gs5,769.0
AT3G12610,1004.60766811649,1.70804793440803e-187,18,0.451711257820852,0.0422599414167761,0.970935601977613,3,0,3,0.555555555555556,2.1006965839742e-185,0.440817760698034,0.239738264266134,1.83874594256961,0.0659525625678687,-0.0290606029797338,0.910696124375802,97.3165717648925,0.952394281202399,18.0,1.3425739577830901e-167,0.334102983428168,fisher_only,upregulated,True,True,False,True,False,DTFplantingSummerLocSweden2009,26.0
AT3G18890,986.363209478283,1.14604214044851e-183,18,0.132625661728663,0.0165525908120757,1.34955905094615,4,2,6,0.555555555555556,1.33965615160851e-181,0.147065434649045,0.336662856371686,0.436832967657948,0.66223248818351,-0.51278163877184,0.80691250806993,97.3752587698417,1.85870341562566,18.0,1.23887129172159e-146,0.885779267341152,fisher_only,upregulated,True,True,False,True,False,clim-gs tmax,60.0
AT3G24070,961.792859198556,1.6171060694230498e-178,18,0.0489126702646179,0.131565496331518,0.510697007835537,1,2,3,0.722222222222222,1.75952666895442e-176,0.0281773174937225,0.127783127104486,0.22050890545731,0.825474837510835,-0.222273009462974,0.278627644450419,94.5937737311876,0.251782136174299,18.0,4.3419638358287905e-110,0.947735508238595,fisher_only,upregulated,True,True,False,True,False,As2,108.0
AT5G55480,958.000600906833,1.0071904993757e-177,18,0.0396938900273327,-0.0480937799137349,0.444506680075661,3,0,3,0.611111111111111,1.07339207614164e-175,0.0677261560460615,0.112675393643031,0.601073170071421,0.547791252509848,-0.153113557438152,0.288565869530275,93.1317044280497,0.192109373097021,18.0,1.6399773377299e-94,0.833746995958255,fisher_only,upregulated,True,True,False,True,False,PC2sc0,414.0
AT1G27100,933.971772006972,1.08086254703332e-172,18,-0.244656144561323,-0.0987951456203202,0.55794863855604,2,5,7,0.555555555555556,1.0746713994938001e-170,-0.231118145996762,0.134616463265229,-1.71686389904183,0.0860040423790767,-0.494961565722769,0.0327252737292452,94.9772273241525,0.275197319216447,18.0,2.61252372283431e-99,0.383194155930257,fisher_only,downregulated,True,True,False,True,False,FT GH,9.0
AT5G48300,931.444855153008,3.65195621514415e-172,18,0.0999498191571595,0.0165887668892713,1.23302284691692,3,3,6,0.555555555555556,3.6102891337561196e-170,0.111795764700266,0.298383177295123,0.374671808624426,0.707904560939963,-0.473024516390804,0.696616045791336,98.4189858072619,1.50576882317215,18.0,1.39878622509206e-165,0.904854607583638,fisher_only,upregulated,True,True,False,True,False,DTF spain 2008 (2nd experiment),54.0
AT1G66970,923.017207619415,7.77868366538108e-172,17,0.46907506591709,-0.0654239998991788,1.52674514702704,5,2,7,0.588235294117647,7.61738605503667e-170,0.444762546207969,0.41133103496127,1.081276413412,0.279574176102035,-0.361431468039705,1.25095656045564,97.2477891674499,2.43733846614489,17.0,5.47398791583274e-169,0.655024068264186,fisher_only,upregulated,True,True,False,True,False,rosetteDM,184.0
AT5G44090,922.856650908188,2.2866175155833098e-170,18,-0.012925938079335,0.0206534108933606,0.348070467736372,3,2,5,0.5,2.20181327785324e-168,-0.032921117900794,0.0828506181977054,-0.397355126816733,0.691105600978415,-0.195305345665175,0.129463109863587,96.3768584417246,0.109558860187355,18.0,7.45798197159183e-146,0.898098883252695,fisher_only,downregulated,True,True,False,True,False,clim-gs5,1538.0
AT5G55970,901.171069331673,7.8162186683125e-166,18,-0.219071683147965,-0.0406363117820032,0.592980498699991,0,2,2,0.5,7.06741402620361e-164,-0.268242687948157,0.157042222634011,-1.70809278835348,0.0876191268319733,-0.57603978836294,0.0395544124666259,92.8648988253171,0.365620921844622,18.0,4.3244320085918e-96,0.386962102191871,fisher_only,downregulated,True,True,False,True,False,clim-prec1;clim-prec3;clim-bio19,9530.0
AT4G16860,855.960025217677,2.1445304802967498e-156,18,0.714640064747927,0.216761091282036,2.03824239774115,3,1,4,0.722222222222222,1.66621671344134e-154,0.736158122951863,0.497373445086358,1.4800913282052,0.138848875500168,-0.238675916284008,1.71099216218773,97.8978478812257,4.1718423958367,18.0,2.77855679455397e-140,0.481681937446557,fisher_only,upregulated,True,True,False,True,False,PC3sc0;aLRLpMRL0,470.0
AT1G02520,836.284513121913,2.70735876301577e-152,18,-0.0483400104225953,0.0598722211164386,0.953832544651645,2,6,8,0.555555555555556,1.98747704610016e-150,-0.121006574926455,0.231090444567461,-0.523632966100986,0.600533847950425,-0.573935523450029,0.331922373597119,95.4207632252843,0.807123271598829,18.0,5.18651375633347e-66,0.858765799124064,fisher_only,downregulated,True,True,False,True,False,Se82,345.0
AT5G63310,815.896821461619,4.7633744685933e-148,18,0.119478729645434,0.0457380458018312,0.801172437357113,5,2,7,0.555555555555556,3.30955687141179e-146,0.143775044655023,0.200424614557616,0.717352232271314,0.473156785840555,-0.249049981493226,0.536600070803273,97.5688104758961,0.645290634928721,18.0,1.69547837093146e-119,0.792600102093438,fisher_only,upregulated,True,True,False,True,False,DTF sweden 2009 (2nd experiment),2.0
AT5G03560,810.235877956771,7.176292696079429e-147,18,0.221388689253443,0.170835055943413,0.593044030550814,4,2,6,0.666666666666667,4.9007469370949806e-145,0.180093431385972,0.137448502706156,1.31026113664537,0.19010750986454,-0.0893006836470497,0.449487546418993,95.7959235444436,0.298809439749316,18.0,2.37841651194578e-94,0.557230554308331,fisher_only,upregulated,True,True,False,True,False,Co59,414.0
AT1G58602,796.847509840504,4.36967454479214e-144,18,0.488586383141479,0.408916063814504,0.795116623263304,3,1,4,0.722222222222222,2.8563032562878702e-142,0.520913904653143,0.217482445039736,2.39519978064422,0.0166113115426239,0.0946561451055495,0.947171664200737,92.6219927055179,0.630462122994814,18.0,4.09637219366221e-61,0.156616625127658,fisher_only,upregulated,True,True,False,True,False,Mean(R) ABA,3.0
AT4G36540,788.744394779281,2.1122927635375e-142,18,0.0623049432707644,0.0452199783335443,0.750898814480752,2,0,2,0.555555555555556,1.35178923206362e-140,0.098558728709205,0.19836664844841,0.4968513078187,0.619293910617813,-0.290232757983597,0.487350215402007,94.0584595529039,0.59140644043173,18.0,1.4365269017758601e-95,0.867190156116783,fisher_only,upregulated,True,True,False,True,False,clim-gs prec;clim-prec10;clim-prec11;clim-bio16;clim-prec9,4662.0
AT4G28780,731.073409083817,1.61050926802768e-134,15,0.735010146439453,0.303833575795731,1.84892797564997,3,2,5,0.6,9.266856044335311e-133,0.806863542923694,0.563008479905864,1.43312857926865,0.151821095429691,-0.296612800682441,1.91033988652983,94.8165765408596,3.79822382696512,15.0,1.1637646371493699e-94,0.502661974484254,fisher_only,upregulated,True,True,False,True,False,clim-pet11,2114.0
AT4G01610,732.078428590089,1.20415711908609e-130,18,0.101224327567628,0.0034868507455441,0.604285171185541,2,2,4,0.5,6.4830869956107e-129,0.0727840714337809,0.137388201751049,0.529769445309924,0.596271792293299,-0.196491855898997,0.342059998766559,97.1692912739641,0.309304510895266,18.0,1.31437612134672e-88,0.857050881550975,fisher_only,upregulated,True,True,False,True,False,clim-bio8,382.0
AT2G44010,731.992478846544,1.25453425062257e-130,18,-0.362351844884469,-0.295044328742821,0.726982714525984,0,6,6,0.777777777777778,6.74731421156083e-129,-0.546603068397983,0.181983509460804,-3.00358570959261,0.0026681838217683,-0.903284192721363,-0.189921944074602,89.6732165991735,0.39020900836809,18.0,1.23548167713569e-34,0.0491954688730019,consensus_significant,downregulated,True,True,True,True,True,Mean(LR.no) ABA,333.0
AT1G73500,731.151694991622,1.87324865905671e-130,18,-0.28462696144589,-0.159334910634542,0.474629610711653,0,3,3,0.777777777777778,1.0043747794803899e-128,-0.317654617910468,0.130186624586256,-2.43999426915016,0.0146874949098343,-0.572815713368367,-0.0624935224525694,89.3019887793031,0.226086379776598,18.0,1.22867247681053e-48,0.145901969347471,fisher_only,downregulated,True,True,False,True,False,clim-gs6;clim-gs7,11.0
AT2G19130,727.883786460219,8.89681811259888e-130,18,-0.251319391459837,-0.187522342322549,0.506235831133316,0,5,5,0.666666666666667,4.70696999859322e-128,-0.330637904642945,0.122113169844246,-2.70763509836548,0.0067764484016735,-0.569975319575689,-0.0913004897102005,88.8785887470709,0.206040053271431,18.0,3.29135541771358e-36,0.0902668161418308,fisher_only,downregulated,True,True,False,True,False,DTF sweden 2008 (2nd experiment),4.0
AT1G04680,726.3649816708,1.83510835431593e-129,18,0.214119277292177,-0.0252786028955334,0.778150827873416,2,0,2,0.5,9.65963069952849e-128,0.231697072726204,0.196176533615224,1.18106415918557,0.237577236584103,-0.152801867771545,0.616196013223954,94.6087871104122,0.620848226446148,18.0,8.090566041198281e-105,0.612403484843482,fisher_only,upregulated,True,True,False,True,False,LRL125,398.0
AT3G52940,722.076782793238,1.41658416296432e-128,18,0.0629121811163467,-0.065975312312835,0.549910799332363,2,0,2,0.666666666666667,7.30836328449417e-127,0.0908136957144099,0.136885321978749,0.663429025125925,0.507055821718161,-0.177476605376107,0.359103996804927,94.9471116704325,0.299545074884184,18.0,1.76867753905464e-111,0.812379083931109,fisher_only,upregulated,True,True,False,True,False,Basal75,345.0
AT4G24020,716.616792575898,1.909800184007e-127,18,-0.121697598341576,-0.0494120098257723,0.367638324897562,1,3,4,0.611111111111111,9.61401933561081e-126,-0.129904161012676,0.0987219443749873,-1.31585902035362,0.188221365314415,-0.323395616471417,0.063587294446066,93.7262029710317,0.143916208852181,18.0,7.10499955867145e-85,0.554665132156607,fisher_only,downregulated,True,True,False,True,False,Basal125,2.0
AT3G02170,704.636920944754,5.73169018380991e-125,18,0.362664733827999,0.287132287676783,0.498901920202872,6,0,6,0.833333333333333,2.77241800773456e-123,0.393381864350311,0.131494621210713,2.99161943453139,0.0027750196415913,0.135657142616578,0.651106586084045,90.4718274236583,0.255122275171441,18.0,5.31407440528026e-51,0.0504481846826655,fisher_only,upregulated,True,True,False,True,False,clim-gs tmax,60.0
AT1G53520,701.480436385505,2.5742809958189597e-124,18,0.154258386002237,-0.0291100360418511,1.09332781025661,4,2,6,0.5,1.2302740144014698e-122,0.181879818947757,0.263892001546996,0.689220658002269,0.490684418688628,-0.335338999892544,0.699098637788057,97.3927683913093,1.15233956015919,18.0,6.5011558396936706e-111,0.803264667736504,fisher_only,upregulated,True,True,False,True,False,Mean(TLRL) C,3.0
AT1G47900,695.489073465362,4.45168075474003e-123,18,0.12960571404414,-0.0607691329697494,0.566859839516205,2,1,3,0.611111111111111,2.09661236707588e-121,0.149335960728105,0.142300199731331,1.04944308588504,0.293974236834642,-0.12956730573816,0.42823922719437,94.1964456837552,0.326930718978758,18.0,5.83531193254353e-97,0.668582245464672,fisher_only,upregulated,True,True,False,True,False,aLRLpMRL0,468.0
AT1G03780,693.419375026091,1.19128525019558e-122,18,0.200373906424245,0.0569399036770435,0.778897744964891,2,1,3,0.555555555555556,5.580225250036191e-121,0.231442882910374,0.189226417855178,1.22310027074288,0.221291826388448,-0.139434081009302,0.60231984683005,97.1412997464683,0.564907256220818,18.0,5.5572228820679095e-123,0.594292064709267,fisher_only,upregulated,True,True,False,True,False,clim-bio12,1552.0
AT1G01430,688.649187181799,1.15090158027887e-121,18,-0.031379334286673,-0.0455982728140288,0.435056304642847,2,3,5,0.611111111111111,5.290783252263371e-120,-0.0226291758828203,0.11156813394448,-0.202828308431522,0.83926923087054,-0.241298700236342,0.196040348470701,93.7295103824813,0.189467077084353,18.0,5.48519420877926e-95,0.951676578633686,fisher_only,downregulated,True,True,False,True,False,rSurvival fruit mhi,414.0
AT1G32170,687.082630093027,2.42353140525164e-121,18,-0.130877763728668,-0.224619068212805,0.443099905324516,1,4,5,0.666666666666667,1.11018273136774e-119,-0.188615404667614,0.11018739402935,-1.71176935736745,0.0869391811897662,-0.404578728515463,0.0273479191802356,91.7170877720415,0.159106208925509,18.0,2.3033328849261e-29,0.385303876044233,fisher_only,downregulated,True,True,False,True,False,DSDS50,22.0
AT5G07100,683.526497886515,1.31358566856933e-120,18,0.214077822628258,0.0167039995830094,1.06875382993166,2,3,5,0.555555555555556,5.95947637975673e-119,0.10388420806419,0.206002166013747,0.504286969765442,0.614059732697838,-0.299872618059995,0.507641034188375,96.1493471224447,0.66495440655627,18.0,1.3400321942036602e-60,0.865005298959997,fisher_only,upregulated,True,True,False,True,False,clim-tmax3;clim-tmax11;clim-tmax4;clim-tmax8;clim-bio1;clim-pet8;clim-tmax9;clim-aet4;clim-tmax2,2221.0
AT1G09640,680.501063854156,5.5305992605222706e-120,18,0.0403757346809573,-0.0095262207286263,0.334607267602546,2,2,4,0.555555555555556,2.4766491132042e-118,0.0214350410118043,0.0789211732078111,0.271600638213559,0.785929108672218,-0.133247616093153,0.176117698116761,96.2890595726348,0.101536290906184,18.0,3.48725233014614e-99,0.933200885077567,fisher_only,upregulated,True,True,False,True,False,rSurvival fruit mhi,414.0
AT1G48840,677.292557667052,2.5392495487741e-119,18,0.122143261035385,0.221070411469381,0.773620504027675,4,2,6,0.611111111111111,1.1206597859772502e-117,0.0753460848635999,0.173325194097522,0.434709363840124,0.663773400724811,-0.264365053180958,0.415057222908158,97.0540456393989,0.489933461043416,18.0,7.52119475523338e-114,0.886373688165316,fisher_only,upregulated,True,True,False,True,False,Leaf roll 16,4.0
AT5G63600,671.14402647765,4.70675042566805e-118,18,-0.153931848338784,-0.208297755718258,0.94257065945741,1,5,6,0.555555555555556,2.0306322015178498e-116,-0.258225289208715,0.23226798426918,-1.11175584539216,0.266243141278004,-0.713462173138023,0.197011594720593,95.1242899794952,0.716086966369337,18.0,4.47331863588761e-36,0.641784015149041,fisher_only,downregulated,True,True,False,True,False,RGR Zn norm,108.0
AT4G14680,670.769226290987,5.62337016662727e-118,18,0.0729384742764232,0.0088982499480952,0.86994407080492,3,1,4,0.555555555555556,2.4200541875466199e-116,0.105370582123833,0.209692816520174,0.502499722558191,0.615316047506622,-0.305619786072473,0.516360950320139,95.8962376587697,0.715400202599036,18.0,1.99102094122776e-96,0.865376660404627,fisher_only,upregulated,True,True,False,True,False,clim-gs8,28.0
AT1G64610,668.372327548306,1.7544050471240502e-117,18,-0.0623642034131226,0.0994076095040221,0.440907972665544,2,3,5,0.555555555555556,7.463555438588949e-116,-0.0760554689853636,0.111593396093058,-0.681540948193216,0.495529265770726,-0.294774506240269,0.142663568269542,93.6643311868552,0.185792015700144,18.0,2.15913347159366e-80,0.805873658155441,fisher_only,downregulated,True,True,False,True,False,clim-aet7,3.0
AT5G63620,659.112277869683,1.41985854607382e-115,18,-0.0566634361789701,0.0210577994380656,0.27659419742585,0,4,4,0.555555555555556,5.8672036942498e-114,-0.0940152101264804,0.070724316308041,-1.32931946230481,0.183742595960171,-0.23263232292146,0.0446019026684988,90.6453016528537,0.0720143988961941,18.0,1.8370424978813e-57,0.548805529261269,fisher_only,downregulated,True,True,False,True,False,RGR Zn norm,108.0
AT5G43930,649.172917044399,1.58025106164145e-113,18,0.0634950575342748,0.0068300897423951,0.436173187874939,3,2,5,0.5,6.31382681680161e-112,0.0218746360810746,0.0991531573141701,0.220614619580535,0.825392516744438,-0.172461981208133,0.216211253370282,93.0934174897539,0.149581829597687,18.0,2.6240824675975402e-58,0.947735508238595,fisher_only,upregulated,True,True,False,True,False,PC3sc75;aLRL75;aLRLpMRL75,527.0
AT1G01540,637.566145418066,3.85781371399149e-111,18,0.0454667434461592,0.0205002014145772,0.398802134315041,3,1,4,0.555555555555556,1.48755118551168e-109,0.061315395794968,0.102670611974702,0.597204931534608,0.550370567075921,-0.139915305946134,0.26254609753607,93.7978424029604,0.164794618412134,18.0,1.5041279726327501e-93,0.834940188670776,fisher_only,upregulated,True,True,False,True,False,LRL125,398.0
AT1G55330,610.631243383944,8.4996037560278e-111,14,0.123811108792078,-0.254795011575503,0.821022247924488,2,2,4,0.642857142857143,3.2628545454260302e-109,0.142933267912657,0.231607727174984,0.617135143356714,0.537145590142738,-0.311009535891491,0.596876071716804,96.3112708108699,0.663559404054496,14.0,1.87220672795846e-102,0.828480686077643,fisher_only,upregulated,True,True,False,True,False,CL,59.0
AT1G69480,635.884887010458,8.55049889840572e-111,18,0.469049448413073,0.0740173206704693,1.72251186461855,5,3,8,0.555555555555556,3.27996632170107e-109,0.237774905825306,0.318620151650383,0.746264492668413,0.455507656184123,-0.386709116158135,0.862258927808748,96.6544174378053,1.607404859706,18.0,4.54051916697612e-93,0.780913270997126,fisher_only,upregulated,True,True,False,True,False,SDV,55.0
AT1G62370,629.811420491745,1.51428431425677e-109,18,-0.314663084427532,-0.468149420631255,0.702235355829007,0,6,6,0.777777777777778,5.68689364647181e-108,-0.461037447545533,0.145950504735239,-3.15886161806619,0.0015838667710457,-0.747095180352044,-0.174979714739023,87.8565472610199,0.282762092919598,18.0,6.75282129283725e-28,0.0347179313683726,consensus_significant,downregulated,True,True,True,True,True,aLRL0,1.0
AT1G48830,627.088566348617,5.49017918245469e-109,18,0.114922441376819,0.0511594618552921,0.232618518694313,4,0,4,0.666666666666667,2.04849597231187e-107,0.130218293671813,0.0621588152086342,2.09492882441113,0.0361773200777624,0.0083892545412089,0.252047332802416,89.4635751827468,0.0542956174212015,18.0,6.652535256519159e-49,0.243043386626262,fisher_only,upregulated,True,True,False,True,False,Leaf roll 16,1.0
AT1G64760,626.210501152522,8.316594043491991e-109,18,0.128255908284511,-0.0880656037217125,0.813279615150742,3,1,4,0.555555555555556,3.09863278859496e-107,0.142690242429002,0.199378334497638,0.715675766820551,0.474191577502196,-0.248084112483949,0.533464597341952,96.0268986774664,0.657985703188777,18.0,2.27430497485821e-106,0.793285477755979,fisher_only,upregulated,True,True,False,True,False,clim-aet7,3.0
AT4G14990,618.388956152819,3.3565188935101096e-107,18,-0.0200657199992351,0.0736803574079263,0.32954726036469,1,2,3,0.611111111111111,1.22336156665778e-105,-0.0433982689403127,0.0829003160521016,-0.523499438929009,0.600626741374204,-0.20587990270942,0.119083364828794,90.7073003965229,0.0999982720049555,18.0,3.77951142605819e-51,0.858765799124064,fisher_only,downregulated,True,True,False,True,False,stomatasize,1.0
AT1G34300,615.895531225494,1.0904395348289e-106,18,-0.0564321541597911,0.0237052348390941,0.318845763403934,1,3,4,0.5,3.9576854753255204e-105,-0.0696599825351469,0.0809031110542022,-0.861029713535704,0.389221678177191,-0.228227166438628,0.0889072013683337,91.2123520967258,0.0977001374341561,18.0,9.206218088936289e-55,0.740868846885439,fisher_only,downregulated,True,True,False,True,False,SizePlantingSummerLocSweden2009,1.0
AT5G51460,614.577130609775,2.03292573858878e-106,18,0.139614939351067,-0.0671335935823655,0.803786035257404,3,3,6,0.611111111111111,7.33223618891564e-105,0.156788500020681,0.195587232855608,0.8016295221909,0.422767295073657,-0.22655543221216,0.540132432253522,95.5283849164531,0.629633352485571,18.0,1.00235425479501e-95,0.761815955550041,fisher_only,upregulated,True,True,False,True,False,clim-bio17;clim-bio14,269.0
AT5G56040,599.24330166024,2.8308846294244597e-103,18,0.131069230885549,-0.0196972016551298,0.439878397454128,2,0,2,0.5,9.74308641589913e-102,0.143803486201083,0.115013487811354,1.25031845340566,0.211183240039681,-0.0816188076455075,0.369225780047673,91.5706872083194,0.201076707085521,18.0,2.8524061631374897e-70,0.582398904590794,fisher_only,upregulated,True,True,False,True,False,PC3sc0,1.0
AT1G21500,589.24190772394,3.16136784880627e-101,18,-0.302627064595258,-0.13158222975907,1.89713595178355,4,2,6,0.611111111111111,1.05178303026214e-99,0.0073457850258047,0.428719071532831,0.0171342623026795,0.986329505555221,-0.832928154663996,0.847619724715605,96.1921448966553,2.6763456860664,18.0,1.97041968533498e-78,0.995667168265441,fisher_only,downregulated,True,True,False,True,False,GR21 cold;GR63 cold,197.0
AT3G20770,588.789403097665,3.9127629378089e-101,18,-0.0109222310537213,0.0131586262486949,0.40812731109277,2,2,4,0.5,1.2984418749055e-99,-0.0357914890990404,0.0940960153488695,-0.380371995204476,0.7036692997476,-0.220216290271553,0.148633312073472,95.4188729492226,0.144341179845447,18.0,3.5474524916508803e-88,0.902835994094114,fisher_only,downregulated,True,True,False,True,False,clim-tmin11;clim-tmin3;clim-tmax1,1944.0
AT1G03106,577.998660503128,6.30366740227279e-99,18,-0.218110653943481,-0.225316016717557,2.44333833061196,2,2,4,0.611111111111111,2.02956973849479e-97,-0.284536601487347,0.609933815866717,-0.466504060088913,0.640854742094848,-1.4799849135392,0.910911710564503,96.5345999251852,5.79184044679844,18.0,9.52475049786164e-94,0.877375785372169,fisher_only,downregulated,True,True,False,True,False,Stomatasize 261,335.0
AT3G18730,572.353882818707,8.977378142284421e-98,18,0.262640343912237,0.0242549628469547,0.773894664602486,3,0,3,0.611111111111111,2.83071022456078e-96,0.309221056589836,0.185759584018449,1.6646304319842,0.0959865100722721,-0.0548610378694658,0.673303151049138,95.3168852942603,0.53018749231038,18.0,2.22793887873522e-83,0.404498563649497,fisher_only,upregulated,True,True,False,True,False,Se82,690.0
AT3G20350,568.568837754906,5.324219440538e-97,18,0.183144076950877,0.174101131187715,0.638593800034529,2,1,3,0.777777777777778,1.65369427398781e-95,0.22749164782093,0.146384509930913,1.55406912881899,0.12016792803851,-0.0594167195382062,0.514400015180066,91.9459369340982,0.335548542897743,18.0,2.12373332943208e-52,0.450597049239772,fisher_only,upregulated,True,True,False,True,False,LRLpMRL1225,1257.0
AT4G18370,566.798537008605,1.22386585861767e-96,18,0.132732796005129,-0.0199400530136177,0.719394108990584,5,2,7,0.5,3.77644839049438e-95,0.165972442551712,0.182487931665241,0.909498184549398,0.363087215674475,-0.191697331125368,0.523642216228791,94.3492710442999,0.502390832058334,18.0,1.47419246709775e-69,0.722727716470978,fisher_only,upregulated,True,True,False,True,False,clim-gs4,478.0
AT4G30960,563.75117625581,5.12633561623819e-96,18,-0.029466190361424,-0.0651541252547672,0.408479526354636,2,4,6,0.611111111111111,1.56783703487553e-94,-0.0537397443862599,0.100389464014623,-0.535312593943446,0.592433719184442,-0.2504994782822,0.14301998950968,92.6883414076687,0.152052911764859,18.0,3.87266882202007e-66,0.855723434999061,fisher_only,downregulated,True,True,False,True,False,rSeeds mli,1286.0
AT1G33170,561.179337924623,1.71649668864213e-95,18,0.215007014399831,-0.0301865102085751,0.764871179496226,4,0,4,0.555555555555556,5.21286685998919e-94,0.233906734104332,0.189717955961233,1.23291827027764,0.217606258242719,-0.13793362680024,0.605747095008903,96.0621206876816,0.56688940480167,18.0,2.2934260866966e-79,0.590279871525344,fisher_only,upregulated,True,True,False,True,False,Straight125,268.0
AT5G48580,556.662613527823,1.43218528937529e-94,18,0.0821416860969656,-0.0351802034892995,0.337873560838702,2,0,2,0.555555555555556,4.26949159700556e-93,0.0889373156244682,0.0901973649415577,0.986030087265788,0.324118348768601,-0.0878462711614006,0.265720902410337,90.9984966368719,0.117743219292291,18.0,2.06307996386864e-59,0.694153240630319,fisher_only,upregulated,True,True,False,True,False,aLRLpMRL0,234.0
AT4G26090,490.952878923528,2.69827628008825e-94,8,-0.0516819595398526,0.123190600841924,0.867909252638281,1,2,3,0.75,8.007046152822199e-93,-0.0984360322989891,0.311285077686261,-0.316224706403052,0.751831956205939,-0.708543573488814,0.511671508890836,96.0425383343032,0.711203418648129,8.0,3.69370217133079e-34,0.921044263147315,fisher_only,downregulated,True,True,False,True,False,avrRpt2,66.0
AT1G12810,554.277820688393,4.38807025901273e-94,18,-0.107399428192959,-0.0616738660109775,0.323167995244191,0,4,4,0.611111111111111,1.2976936439488299e-92,-0.122429670635526,0.0785929944975405,-1.55776823899181,0.119288197584869,-0.27646910928786,0.0316097680168076,90.8751413786887,0.0931953554791975,18.0,3.30720200652036e-52,0.448619081146227,fisher_only,downregulated,True,True,False,True,False,Anthocyanin 10,1.0
AT5G24270,548.695214444509,6.02656769045118e-93,18,-0.110287376367956,-0.10927857554099,0.630147428361411,0,2,2,0.611111111111111,1.7425342044685602e-91,-0.170640214912494,0.15707616292896,-1.0863533443306,0.27732269466001,-0.478503837083002,0.137223407258014,90.1549082157161,0.352343352663416,18.0,7.85855708418593e-46,0.652905265567664,fisher_only,downregulated,True,True,False,True,False,MT GH;FT Field,58.0
AT1G30130,547.891938342568,8.78465056667448e-93,18,-0.251247786616876,-0.3703326577332,0.241248497155751,0,8,8,0.722222222222222,2.52734007240007e-91,-0.311182412114681,0.0512064014523561,-6.07702168652124,1.2243521009707102e-09,-0.411545114739198,-0.210819709490163,76.4879889374126,0.0281151764019348,18.0,1.8305457016089e-06,4.81244578839124e-07,consensus_significant,downregulated,True,True,True,True,True,Mean(LRR) C,553.0
AT4G37110,547.363737075725,1.12545552713381e-92,18,0.200321736309545,0.0090252178328516,0.834010738657261,3,0,3,0.5,3.23613669328375e-91,0.236292093493426,0.197682670720534,1.19531010296535,0.23196589395153,-0.151158821486511,0.623743008473363,94.5842189797626,0.641118756642439,18.0,8.51823441662779e-76,0.607161555963256,fisher_only,upregulated,True,True,False,True,False,DTF sweden 2009 (1st experiment),2.0
AT3G45780,545.643709329056,2.52162658153624e-92,18,0.162895040268462,0.0630870540717241,0.601631741576,5,0,5,0.555555555555556,7.20280358878988e-91,0.21768167124354,0.142326275903113,1.5294552594893,0.126151622337476,-0.0612727035802716,0.496636046067352,92.395116483448,0.295454609402238,18.0,9.06574139163509e-58,0.45979984357974,fisher_only,upregulated,True,True,False,True,False,FT16,8.0
AT5G27390,540.747299182389,2.50397781044349e-91,18,0.0827441483717919,0.0088455937083437,0.742237193421465,3,2,5,0.5,6.99456148222969e-90,0.104141214224586,0.191430305683608,0.544016339798926,0.58643022878775,-0.271055290464778,0.47933771891395,95.1315322472326,0.562840972118467,18.0,3.78676398213243e-85,0.853209296967739,fisher_only,upregulated,True,True,False,True,False,clim-bio9,380.0
AT1G03370,540.538555969239,2.7613347350192104e-91,18,-0.0974517290670774,-0.0223080725981308,0.284313788434641,0,2,2,0.666666666666667,7.69688690022728e-90,-0.100979868394327,0.0725518998185082,-1.39182941655467,0.16397405982404,-0.243178979048561,0.0412192422599073,91.0261951405725,0.078623386251415,18.0,6.33842134014641e-61,0.522217658024491,fisher_only,downregulated,True,True,False,True,False,LRDpMR0;aLRL125,1137.0
AT1G01470,539.188035216306,5.19976843797382e-91,18,0.067012606491376,-0.0506154288648231,1.05608732224929,4,4,8,0.666666666666667,1.44163024412008e-89,-0.0057700278311318,0.221847641662536,-0.0260089662792491,0.979250186814701,-0.44058341554485,0.429043359882586,97.7283973693401,0.796356684253301,18.0,3.63629649084438e-93,0.993613186777759,fisher_only,upregulated,True,True,False,True,False,clim-aet12,453.0
AT4G30140,537.385535239574,1.20994734694356e-90,18,0.542918880380842,0.0856387017457142,1.65542814243883,3,4,7,0.555555555555556,3.34029134328285e-89,0.391568134014705,0.356496062109489,1.0983799700274,0.272038604997787,-0.307151308350248,1.09028757637966,96.3183137365085,2.02206851004926,18.0,3.4244477075513095e-92,0.647838205430081,fisher_only,upregulated,True,True,False,True,False,Cd111,9.0
AT1G52343,529.925166018634,2.54381073948869e-90,17,0.569364269923408,0.936606810469658,1.57926122187445,4,3,7,0.647058823529412,6.99662539428737e-89,0.443838340366506,0.383234547892307,1.15813760217471,0.246807887142871,-0.307287571133907,1.19496425186692,95.2283282434637,2.18955591474919,17.0,1.72488521006682e-72,0.621745020098509,fisher_only,upregulated,True,True,False,True,False,clim-gs9,55.0
AT4G21790,532.90143861677,9.88225702573595e-90,18,0.0088198303789117,0.0220076615090967,0.30265336342191,1,2,3,0.611111111111111,2.6825262651293e-88,-0.0240206062885021,0.0666341243629329,-0.360485059542018,0.7184844274333,-0.154621090181213,0.106579877604209,95.1090749539995,0.0678379186673944,18.0,2.4605152001120398e-80,0.908347960617449,fisher_only,upregulated,True,True,False,True,False,clim-bio15,315.0
AT1G13860,528.339483600197,8.36085171571855e-89,18,0.0981713570117214,-0.0370734427831634,0.508910122741666,3,1,4,0.611111111111111,2.23103632338051e-87,0.114568001970368,0.128506111215208,0.891537382051051,0.372640946221088,-0.137299347804739,0.366435351745474,94.822778875398,0.260063113086582,18.0,7.37104098871181e-82,0.72947867694442,fisher_only,upregulated,True,True,False,True,False,Straight125,134.0
AT5G67060,513.914547664876,2.89934539047257e-88,16,0.554292985945364,0.657115408386432,1.14801292667583,5,3,8,0.8125,7.66185973069842e-87,0.466398416603371,0.313811665548383,1.48623670757537,0.137216521310775,-0.148661145799989,1.08145797900673,94.4485224462273,1.3179828403209,16.0,1.34244903588214e-69,0.479772356067676,fisher_only,upregulated,True,True,False,True,False,RGR Zn norm,108.0
AT5G66570,523.423261869669,8.33780876569426e-88,18,-0.172134501844935,-0.238975055328743,1.01428274177175,4,3,7,0.722222222222222,2.1866630255093398e-86,-0.0307867598288631,0.231406024524404,-0.13304217075652,0.894160029480072,-0.484334233702287,0.422760714044561,95.9288523080711,0.756301811937872,18.0,6.01643747079531e-69,0.968850662295064,fisher_only,downregulated,True,True,False,True,False,LRDpBZ75,3248.0
AT1G03310,520.939784401606,2.66294029651203e-87,18,0.0513254755735117,0.0065862512842239,0.563543406121938,4,2,6,0.5,6.94170087038026e-86,0.0931789091079806,0.144239555068232,0.646001085235618,0.518278652589729,-0.189525423971836,0.375883242187798,91.8150665925481,0.2994547813854,18.0,2.96834046199138e-49,0.818541000097595,fisher_only,upregulated,True,True,False,True,False,clim-bio12,776.0
AT1G01180,519.77891736808,4.58180844091182e-87,18,-0.302285702088153,-0.241894408929255,0.37574157128715,0,4,4,0.833333333333333,1.18662894157567e-85,-0.325275696512555,0.0942259630615674,-3.45208142155065,0.0005562798361882,-0.509955190521828,-0.140596202503281,88.1013526169457,0.12104888789686,18.0,6.67469462586674e-42,0.0167510290312187,consensus_significant,downregulated,True,True,True,True,True,Mean(LRD R) ABA,897.0
AT2G35500,518.325607318642,9.03715590734424e-87,18,0.0825035330440598,-0.101594837087009,0.638235378296748,4,2,6,0.555555555555556,2.33004187157016e-85,0.105759576357866,0.166089855380505,0.636761204443075,0.524280399936362,-0.219770558385389,0.431289711101121,94.3117994750108,0.412906856903548,18.0,1.86264583302475e-60,0.821862601361344,fisher_only,upregulated,True,True,False,True,False,2W,2.0
AT5G11210,510.60316489137,2.20879654246565e-86,17,0.211833580311187,0.453981064349687,1.11621891765656,2,3,5,0.705882352941177,5.66117280743258e-85,0.0557450330834172,0.284643642272042,0.195841483190902,0.844734239829845,-0.502146254198088,0.613636320364922,93.6500628571888,1.07798815099887,17.0,6.4037708578256e-74,0.953577991594466,fisher_only,upregulated,True,True,False,True,False,clim-gs prec,26.0
AT4G39140,514.570107164879,5.22469551431807e-86,18,-0.0697879313193886,-0.0654304268488262,0.379405785997862,1,3,4,0.666666666666667,1.33120727485823e-84,-0.114880919552844,0.0839125868794447,-1.36905467731427,0.170982184121685,-0.279346567686144,0.0495847285804557,91.7393984180747,0.105161711379506,18.0,6.20746540735273e-46,0.532493460651561,fisher_only,downregulated,True,True,False,True,False,Mean(R) ABA,3.0
AT1G01500,499.072808670046,7.21825554716805e-83,18,-0.152956674644525,-0.0526733927561392,0.387514423684098,0,3,3,0.5,1.7328153614873699e-81,-0.182153190529741,0.106428477405194,-1.71150800021548,0.0869873755997917,-0.390749173173356,0.0264427921138736,85.7795501987791,0.15251078364061,18.0,1.45057310783847e-33,0.385418701590059,fisher_only,downregulated,True,True,False,True,False,clim-aet12,453.0
AT3G11900,492.881329918182,1.29158784397856e-81,18,-0.221133068129465,-0.196465741396206,0.3137218647916,0,3,3,0.833333333333333,3.0442643365273e-80,-0.26193507589497,0.0814542558425204,-3.215732231369,0.0013011217312126,-0.421582483733821,-0.102287668056119,87.5969574546274,0.0881009315841714,18.0,2.0238059281862e-34,0.0305878567749141,consensus_significant,downregulated,True,True,True,True,True,clim-cyclelength,5.0
AT2G28120,490.330844605805,4.23464532010034e-81,18,-0.0065722393801247,0.0970628744497223,0.703972743118004,2,3,5,0.555555555555556,9.89564731015433e-80,-0.0369468789532498,0.168960637577399,-0.218671517123772,0.826905938059067,-0.368103643409877,0.294209885503378,93.3487133302429,0.446491577684662,18.0,3.57014136308073e-63,0.947893750202668,fisher_only,downregulated,True,True,False,True,False,clim-aet1,411.0
AT1G32450,488.139880901503,1.1739753674896499e-80,18,-0.556429168530275,-0.621991086773451,0.897558526392196,0,7,7,0.611111111111111,2.71526272495901e-79,-0.535178464898027,0.186768071556991,-2.86547085075364,0.0041638960568722,-0.901237158611728,-0.169119771184326,94.7556811600042,0.467831928528177,18.0,9.817402472338639e-57,0.0658255889746378,fisher_only,downregulated,True,True,False,True,False,clim-prec1;clim-bio19;clim-prec2,1763.0
AT5G25350,484.669910405023,5.89812833358295e-80,18,0.196128023311996,0.154352085221392,0.48410237287192,5,2,7,0.833333333333333,1.34557696106061e-78,0.17593468931076,0.120575946593032,1.45911928773468,0.144532278448439,-0.060389823413408,0.412259202034929,93.4997596827477,0.229645532866178,18.0,3.9748432966699096e-77,0.491292728757161,fisher_only,upregulated,True,True,False,True,False,At2,24.0
AT5G38200,480.293559224136,4.51184945880298e-79,18,0.176700529843681,0.0639538115648735,0.464602332861127,2,1,3,0.666666666666667,1.01591973432249e-77,0.191720553558071,0.125383134548562,1.52907768854523,0.126245185726435,-0.0540258744258509,0.437466981541993,87.9572420733929,0.218140572145824,18.0,7.444073347286549e-42,0.460060807702653,fisher_only,upregulated,True,True,False,True,False,8W GH FT,29.0
AT4G34100,479.698285167653,5.94978459403452e-79,18,0.0547254824991384,0.145195170285212,0.37578549054467,2,2,4,0.722222222222222,1.33448474595932e-77,0.0359581051097155,0.0942953942693404,0.381334691777274,0.702954914587718,-0.148857471566196,0.220773681785627,92.0003969874579,0.135388862012169,18.0,2.96314374696328e-63,0.902507851398484,fisher_only,upregulated,True,True,False,True,False,DTFplantingLoc2008,774.0
AT1G73220,470.903130875883,2.54044690486667e-78,17,0.292761815417842,0.518187601618181,1.58506890881122,3,4,7,0.529411764705882,5.6274748104773894e-77,0.213447249131093,0.40247087090997,0.530342105624931,0.595874758341705,-0.575381162678918,1.0022756609411,95.7475646671613,2.29038139541749,17.0,6.248981974319219e-56,0.856825292772733,fisher_only,upregulated,True,True,False,True,False,clim-pet5;clim-bio10;clim-tmax6,777.0
AT4G02700,469.002843306582,8.53611163794551e-77,18,0.572228281282041,0.429862004746343,0.873416521389349,4,0,4,0.722222222222222,1.8428982118178401e-75,0.608246433681247,0.22726505030999,2.67637471248481,0.007442338553219,0.162815120128983,1.05367774723351,88.6333038217016,0.730822130214073,18.0,3.93818912001101e-33,0.0959349797503643,fisher_only,upregulated,True,True,False,True,False,LRDpBZ125,88.0
AT1G61590,463.436406238345,1.12784615160395e-75,18,-0.217124702652346,-0.328605621365966,0.821901381555292,1,7,8,0.611111111111111,2.38049382327761e-74,-0.36353298892765,0.198570583681582,-1.83074946040645,0.0671379469596218,-0.752724181332647,0.0256582034773475,94.6778768483931,0.531084530407183,18.0,2.76927341657007e-17,0.337668208613127,fisher_only,downregulated,True,True,False,True,False,8W GH FT,29.0
AT3G06750,463.428900236171,1.13177668211777e-75,18,-0.0680231672106352,-0.0408535579047256,0.706464965273633,3,2,5,0.611111111111111,2.3878187633575e-74,-0.0507607442513826,0.173080347093308,-0.293278498130221,0.769309287433332,-0.389991990985958,0.288470502483192,94.2486492535408,0.473656171394516,18.0,7.85523300130048e-65,0.927616407917767,fisher_only,downregulated,True,True,False,True,False,clim-cyclevsgs;clim-gs sum,7.0
AT1G53090,459.782031351978,6.13210162695414e-75,18,-0.396747138092918,-0.13280058101288,1.41913628218659,3,4,7,0.666666666666667,1.28073322551528e-73,-0.087262262816665,0.153723447659635,-0.567657466347461,0.570267578074,-0.388554683808877,0.214030158175548,93.0079363568594,0.342057454586906,18.0,3.90627640385494e-52,0.845324067763201,fisher_only,downregulated,True,True,False,True,False,clim-prec7,8.0
AT4G19520,456.714157673295,2.5385895353237702e-74,18,-0.0991884332237074,-0.0159867083553348,0.821202440244798,3,2,5,0.5,5.23046190840965e-73,-0.12314550753182,0.229036254192932,-0.537668186924184,0.590806146091207,-0.572048316903928,0.325757301840287,92.2985035839738,0.72430038996267,18.0,9.186480864270281e-73,0.85514555434117,fisher_only,downregulated,True,True,False,True,False,clim-gs tmin,1649.0
AT5G64860,456.459329748193,2.85644854204074e-74,18,0.250595452563232,0.164092920235378,0.509725660738574,3,2,5,0.888888888888889,5.8807035216365e-73,0.254755812257639,0.127718671601844,1.99466381119143,0.0460795588659038,0.0044318157647273,0.505079808750551,91.0537976907042,0.242117700843257,18.0,6.11426505880893e-36,0.277965966846188,fisher_only,upregulated,True,True,False,True,False,4W,5.0
AT1G21350,456.403583748398,2.93112271933388e-74,18,0.24610831543394,0.292964059673384,0.825601193743747,6,2,8,0.777777777777778,6.029655182566311e-73,0.256133054161349,0.203385065829338,1.259350351595,0.20790381384602,-0.142494349857462,0.654760458180159,96.3164174660885,0.657455123640028,18.0,4.24125749445736e-51,0.578540170425684,fisher_only,upregulated,True,True,False,True,False,Mean(LRR) C,553.0
AT3G11840,456.366684030988,2.98162169421866e-74,18,-0.131623498729907,-0.0528982798145878,0.598185659163012,3,3,6,0.555555555555556,6.12867911095615e-73,-0.130418222533483,0.155609512145239,-0.838112148386895,0.401967720644512,-0.435407261989999,0.174570816923033,91.5818415221128,0.355550026428125,18.0,3.5664634569266804e-58,0.748318637279404,fisher_only,downregulated,True,True,False,True,False,Root length (Day 3),1.0
AT3G11710,454.991586330771,5.6347699048695705e-74,18,0.132901067871866,0.139136105432176,0.241389509687321,3,0,3,0.666666666666667,1.15092559162785e-72,0.134394877426828,0.0584277028058382,2.30019102194446,0.0214374002487722,0.0198786842279752,0.248911070625681,90.1662520933452,0.0478757927329214,18.0,4.41945095010548e-49,0.180335080026013,fisher_only,upregulated,True,True,False,True,False,clim-cyclelength,5.0
AT4G10925,453.561596797375,1.09210252595968e-73,18,0.0262176609951724,0.0827329582773248,0.321629175742196,3,2,5,0.611111111111111,2.2184427866862399e-72,0.0183049571853058,0.0821684621662452,0.222773515564533,0.823711781563471,-0.142742269325577,0.179352183696188,92.1750024073894,0.103025093663446,18.0,1.78195399840712e-67,0.947237512182258,fisher_only,upregulated,True,True,False,True,False,Chlorosis 10,1.0
AT5G45830,442.177925997183,1.16051360551781e-73,16,0.306469987305318,0.409497381386576,2.09383049191706,1,2,3,0.625,2.35648734898199e-72,0.172504466184192,0.532713532378723,0.323822196545128,0.746072650489312,-0.871594871355217,1.2166038037236,95.1717429755264,3.87136897949994,16.0,1.23459328557016e-59,0.91847623398914,fisher_only,upregulated,True,True,False,True,False,DTF sweden 2008 (2nd experiment);FT10,12.0
AT1G01440,450.345182335229,4.8350946838857604e-73,18,-0.135663185317089,-0.103549425560346,0.255578759464702,1,3,4,0.722222222222222,9.71906464710902e-72,-0.142212298200843,0.0701705299928909,-2.026667009858,0.04269647849476,-0.279744009762997,-0.0046805866386891,86.2766969646575,0.0682859278059806,18.0,2.75738795374429e-37,0.266355510193684,fisher_only,downregulated,True,True,False,True,False,rSurvival fruit mhi;clim-aet2,656.0
AT5G46570,448.969304357966,9.13460686345861e-73,18,0.111100076215661,-0.0677842202267199,0.565023044951649,3,0,3,0.611111111111111,1.8262528151786e-71,0.147502191884067,0.138388051007173,1.0658593051247,0.286487247357528,-0.123733403980684,0.418737787748817,96.2170862137958,0.302414468298136,18.0,6.75387753968077e-75,0.66144999741447,fisher_only,upregulated,True,True,False,True,False,DTF sweden 2008 (2nd experiment),4.0
AT5G06360,445.208928317342,5.193323295331499e-72,18,0.110196898630464,-0.0110106123909106,0.423966391025081,5,2,7,0.5,1.0303466068463299e-70,0.104196391071236,0.0989255800587552,1.05328056716322,0.292212422586157,-0.0896941829936579,0.29808696513613,95.9144100022944,0.165456479349684,18.0,4.03581542053289e-70,0.666805178056039,fisher_only,upregulated,True,True,False,True,False,DTF sweden 2008 (1st experiment);DTFlocSweden2008,381.0
AT5G40380,437.409359552894,1.47129927324204e-71,17,0.270943060127727,-0.087812955163282,0.857022897124578,2,0,2,0.588235294117647,2.8946892941825297e-70,0.322691177240521,0.236025562142933,1.36718741101909,0.171566570250775,-0.139910423990448,0.785292778471491,90.8827184236652,0.679911163766083,17.0,2.48640128358051e-50,0.533506738441188,fisher_only,upregulated,True,True,False,True,False,Mean(LRD R) IAA;clim-bio14,274.0
AT2G43140,442.326872367803,1.96588570700011e-71,18,0.0916166532325587,0.159473350557861,0.690373138034629,2,1,3,0.722222222222222,3.8619013655947296e-70,0.220596633258278,0.112610541853131,1.95893412488845,0.0501205019921533,-0.0001159730533997,0.441309239569956,86.9917889649977,0.159245144908353,18.0,1.42104605673607e-24,0.290310190310234,fisher_only,upregulated,True,True,False,True,False,clim-prec4,5.0
AT1G56190,438.426047749457,1.1899575423109299e-70,18,-0.0995292310722074,-0.126816518188649,0.637608493136971,3,2,5,0.555555555555556,2.3010427124992398e-69,-0.0963634161003155,0.15577586452578,-0.61860299343335,0.536177929378835,-0.401678500231435,0.208951668030804,95.8999905297126,0.391887375819432,18.0,3.13370330493094e-71,0.828134790198669,fisher_only,downregulated,True,True,False,True,False,clim-gs9,55.0
AT3G13772,436.120496010781,3.4469835553056495e-70,18,-0.0420564088818759,-0.0670863785832093,0.26357830867862,1,2,3,0.666666666666667,6.61864200902399e-69,-0.068934883322816,0.0600700044254057,-1.14757579897332,0.251143725188176,-0.186669928547773,0.0488001619021408,89.0247268381065,0.0493652764341305,18.0,5.51303250676408e-23,0.62679017930941,fisher_only,downregulated,True,True,False,True,False,Storage 7 days,4.0
AT4G04340,429.32345618097,7.90680825939803e-69,18,-0.0298148202717426,0.0484752264840096,0.433664684722911,3,2,5,0.555555555555556,1.48739128478078e-67,0.0073611986568363,0.0980946728446199,0.0750417779413604,0.940181471591991,-0.184900827193858,0.199623224507531,91.2283460598902,0.145207219882764,18.0,1.20729155889466e-40,0.982063731526716,fisher_only,downregulated,True,True,False,True,False,Straight75,4.0
AT1G07810,428.712588995012,1.04758559037865e-68,18,0.0098728456377831,0.0253903463387506,0.31176109398835,2,2,4,0.666666666666667,1.96568111808541e-67,-0.0025046786763695,0.0791905088334859,-0.031628521059716,0.974768298247137,-0.157715223907403,0.152705866554664,90.2495750609876,0.0945261620649221,18.0,8.83015483306816e-53,0.992520574343639,fisher_only,upregulated,True,True,False,True,False,clim-aet12;clim-aet2,695.0
AT4G34390,427.020447572343,2.28339690462397e-68,18,-0.117469437969331,-0.0421006720819183,0.328491329787446,0,4,4,0.555555555555556,4.26911321134326e-67,-0.13252853049784,0.0820879804559409,-1.6144693749528,0.10642565441373,-0.293418015755112,0.0283609547594316,88.6224333862356,0.094933480724047,18.0,6.53973263252071e-39,0.424491747663129,fisher_only,downregulated,True,True,False,True,False,Vern Growth,1.0
AT4G14780,425.798718235515,4.0070958815541705e-68,18,0.0038238256206773,-0.296339475251159,1.69896113313656,1,2,3,0.666666666666667,7.45153290392487e-67,-0.462255437855687,0.268532266547663,-1.72141487426666,0.0851755670624473,-0.988569008976015,0.0640581332646419,87.2012380651102,0.878345159248996,18.0,3.91881692923634e-32,0.381759599297514,fisher_only,upregulated,True,True,False,True,False,Mean(R) ABA;Mean(LR.no) ABA,336.0
AT2G04270,424.918362964057,6.00887593662185e-68,18,0.298120144225382,0.100471624494591,0.62638927467361,4,1,5,0.666666666666667,1.11182413542464e-66,0.36666329047926,0.160872357475596,2.279218731129,0.0226540661743082,0.0513592637190379,0.681967317239481,89.4930591772833,0.326734211994093,18.0,1.2864005718620499e-22,0.186184630031334,fisher_only,upregulated,True,True,False,True,False,clim-pet1,2445.0
AT2G29680,418.427721967047,1.18891836246045e-66,18,0.300175030527449,0.185059177016016,0.979173288143158,3,1,4,0.611111111111111,2.14853941260654e-65,0.334004869949658,0.22599814206903,1.47790980444272,0.13943192170131,-0.108943349078607,0.776953088977924,96.2476372155348,0.832075145783522,18.0,6.02909361653128e-65,0.48260746001006,fisher_only,upregulated,True,True,False,True,False,Anthocyanin 10,1.0
AT2G22610,417.22644596323,2.06485048696311e-66,18,0.266475153639172,0.119246256152309,0.757741208465962,4,0,4,0.555555555555556,3.71723222767507e-65,0.285378952563494,0.186516218334461,1.53004899580235,0.126004601668171,-0.080186117904659,0.650944023031647,94.2692780938083,0.546147512035709,18.0,1.4190551091420501e-61,0.459522229068068,fisher_only,upregulated,True,True,False,True,False,LD,4.0
AT1G18590,416.467069542485,2.92687946171641e-66,18,-0.0615258636916595,-0.240378677378389,0.522951184726861,2,0,2,0.611111111111111,5.25633117448247e-65,-0.0408235279593499,0.133103346089521,-0.30670549733508,0.759067545067227,-0.301701292516582,0.220054236597882,92.6593998900796,0.256796779243408,18.0,5.5894388238397805e-59,0.923658078899462,fisher_only,downregulated,True,True,False,True,False,LRDpMR0,224.0
AT3G27180,414.929989865866,5.92952055704765e-66,18,0.191782581955106,0.0443939456604568,0.487575833494316,3,0,3,0.555555555555556,1.05864481056529e-64,0.249093736622426,0.124005672752813,2.00872856130508,0.0445659280260602,0.0060470841482536,0.492140389096599,88.6230834592155,0.213444370645586,18.0,1.2176379431889899e-30,0.27302441125667,fisher_only,upregulated,True,True,False,True,False,Mean(LRL) ABA;clim-prec12;clim-prec3;clim-bio19;clim-prec1,2078.0
AT3G17120,413.026169221512,1.42119059417604e-65,18,0.24036014368015,0.0549601053607755,0.544061869852794,2,0,2,0.555555555555556,2.51658863965646e-64,0.232369577325971,0.136270316857283,1.70521051601673,0.0881551694377525,-0.0347153358761649,0.499454490528107,94.203288416428,0.288911415707912,18.0,9.99563269804829e-63,0.388250113190793,fisher_only,upregulated,True,True,False,True,False,Co59,207.0
AT5G44560,412.921560889412,1.49110196021608e-65,18,0.0756121507125986,-0.130816132430614,0.679033399744236,2,1,3,0.611111111111111,2.63948440781633e-64,0.101192403744613,0.169633682791133,0.596534851331439,0.55081797878187,-0.231283505090899,0.433668312580125,95.8680699096985,0.443407054282506,18.0,4.5214878277623e-70,0.835078808350811,fisher_only,upregulated,True,True,False,True,False,4W,5.0
AT1G02660,411.348960213488,3.06880218526678e-65,18,0.0591978786510716,0.0366400439769723,0.815221984406837,5,2,7,0.5,5.39545739219279e-64,0.0697282284909132,0.204959960124339,0.340204147427686,0.733702795078349,-0.331985911625557,0.471442368607383,92.7503124047682,0.617244934037473,18.0,4.85162038649518e-68,0.913493814723922,fisher_only,upregulated,True,True,False,True,False,Mean(LRD R) ABA,5382.0
AT1G27170,407.856234908796,1.52328055635699e-64,18,-0.0814518306395707,-0.0661622791308288,0.527098604082637,1,4,5,0.611111111111111,2.6494565735752103e-63,-0.159366339774774,0.126929491444195,-1.25555013229404,0.209279121174044,-0.408143571581381,0.0894108920318325,87.9730540763217,0.211597220683457,18.0,5.61340598436886e-22,0.580254394334559,fisher_only,downregulated,True,True,False,True,False,FT GH,9.0
AT3G50890,402.429584318673,1.53903685564414e-64,17,0.547173681118959,0.0399391798070934,1.24375243870795,2,0,2,0.647058823529412,2.6759648859225e-63,0.557643098854128,0.337185625633707,1.6538163446502,0.0981648339768571,-0.103228583492544,1.2185147812008,91.3191414484411,1.59508399849103,17.0,8.23707723105238e-52,0.408761167103179,fisher_only,upregulated,True,True,False,True,False,LFS GH,1.0
AT5G64770,394.251282302203,5.34868402380942e-64,16,-0.514029550922697,-0.163457337217299,1.8826844682345,2,3,5,0.625,9.21347658545412e-63,-0.497449782544512,0.544025817763051,-0.91438635134992,0.360513871018165,-1.56372079202004,0.568821226931018,92.1793669373364,3.72642576491778,16.0,4.07216495637704e-52,0.721389243083283,fisher_only,downregulated,True,True,False,True,False,Silique 16,1.0
AT1G72640,401.59338489561,2.6859647892688e-63,18,0.197989769958178,0.048805287609576,0.680075628108857,5,1,6,0.5,4.56464500746037e-62,0.287000827164445,0.17016588076148,1.68659443291533,0.091681363167554,-0.0465181705255928,0.620519824854483,90.6961237747528,0.391817468821917,18.0,1.8296098115460099e-22,0.395588365705095,fisher_only,upregulated,True,True,False,True,False,clim-tmax11;clim-tmax8;clim-bio1;clim-tmax12;clim-bio11;clim-pet3;clim-tmin4;clim-tmax2,2597.0
AT1G10930,390.022735883777,5.33299704506093e-61,18,0.203735448337081,0.0327213569210429,0.645351967025174,5,1,6,0.5,8.63882271022808e-60,0.257377540979531,0.149149983240366,1.72562903050917,0.0844141731749231,-0.0349510544663381,0.5497061364254,90.7404699762295,0.339829882123133,18.0,1.2985346937988102e-35,0.380285227143155,fisher_only,upregulated,True,True,False,True,False,clim-aet2,242.0
AT1G11280,389.522766830829,6.70070520916598e-61,18,0.0449882238372578,0.0065091243589631,0.357419099686542,4,0,4,0.5,1.082057563973e-59,0.132602229806489,0.085013843900548,1.55977219382777,0.118813724678157,-0.0340218424258951,0.299226302038873,92.6348002465141,0.0902088580694439,18.0,3.72344259746791e-44,0.447844386575537,fisher_only,upregulated,True,True,False,True,False,clim-pet7,77.0
AT1G01050,389.261047795446,7.55122449862444e-61,18,0.0608403272718819,-0.0428356232744022,0.24777053623948,4,0,4,0.555555555555556,1.21864459795742e-59,0.0619105825352519,0.0590138620484774,1.04908542478367,0.294138803673504,-0.0537544616683788,0.177575626738883,93.6719734429449,0.0537453290072107,18.0,5.702030514101549e-57,0.668724216410097,fisher_only,upregulated,True,True,False,True,False,Mean(LRD R) ABA,897.0
AT3G23280,388.515002335547,1.0615350402031101e-60,18,-0.213720659441934,-0.22748243975015,0.218733892833678,0,5,5,0.833333333333333,1.70730493094459e-59,-0.209631018581077,0.0515249577853058,-4.06853353387629,4.73099530486089e-05,-0.310618080145223,-0.108643957016931,86.647870278493,0.0363446885498694,18.0,9.54684550942622e-28,0.0026224675256132,consensus_significant,downregulated,True,True,True,True,True,At2,12.0
AT3G19180,386.930920088925,2.1873477086216e-60,18,0.205265378627152,0.133266287734147,0.41236424534688,5,1,6,0.833333333333333,3.49847560632263e-59,0.236899449545021,0.0915788388781038,2.58683613427712,0.0096861644048959,0.057408223597941,0.416390675492101,87.921584512121,0.122985735570781,18.0,2.34728428116231e-23,0.113379837256693,fisher_only,upregulated,True,True,False,True,False,clim-gs tmax,60.0
AT4G10310,385.891363056813,3.51482489256641e-60,18,-0.126722043553201,-0.293389024596003,0.965634515184124,2,3,5,0.611111111111111,5.58038931627682e-59,-0.0094102132405887,0.230794307193985,-0.0407731601138643,0.967476736685936,-0.461758743177673,0.442938316696495,91.6262711332237,0.782116953314713,18.0,2.52826611008395e-54,0.989992170365516,fisher_only,downregulated,True,True,False,True,False,Na23,1530.0
AT5G47400,385.121959705136,4.99258121708717e-60,18,-0.0181898303282042,0.0630512218346311,0.438938856276863,1,3,4,0.555555555555556,7.89518457489462e-59,-0.0235720719308865,0.106513857820831,-0.221305212421632,0.824854791675692,-0.232335397114135,0.185191253252362,90.7214451500325,0.170419707767565,18.0,2.92064475989655e-47,0.94754890350744,fisher_only,downregulated,True,True,False,True,False,DTFplantingSummer2008,56.0
AT3G47340,384.793548577187,5.79930097780965e-60,18,0.588608350877303,0.623165522008465,1.25014197660368,3,2,5,0.833333333333333,9.16254246725415e-59,0.486112171198261,0.308594105395737,1.57524775327408,0.115199268541086,-0.118721161218742,1.09094550361526,94.6423144941319,1.42878289029015,18.0,4.00040162062792e-59,0.441106926124407,fisher_only,upregulated,True,True,False,True,False,LN22,9.0
AT1G70590,381.498253247246,2.60495554681311e-59,18,0.0124697580661837,0.0685873782526025,0.371912138539299,1,2,3,0.611111111111111,4.0673826063522e-58,-0.014173860278226,0.0898914165610142,-0.157677571680111,0.874710874592189,-0.190357799257101,0.162010078700649,91.8794486609928,0.120562646575489,18.0,1.58699139013181e-55,0.963351709134815,fisher_only,upregulated,True,True,False,True,False,Mean(LRD P) ABA;Mean(LRR) ABA,1553.0
AT5G46060,373.777636766509,7.91709249625012e-59,17,0.0270934554836288,-0.276453523426324,1.49143391959626,0,5,5,0.529411764705882,1.22694839548485e-57,-0.373759066579352,0.24640804914159,-1.51682977841598,0.129309666584681,-0.856709968397645,0.109191835238941,91.6890975311401,0.732590864212589,17.0,2.4443293143507097e-40,0.465328252259646,fisher_only,upregulated,True,True,False,True,False,clim-tmax5;clim-tmax6;clim-tmin7;clim-bio10;clim-tmin6;clim-tmin5;clim-tmin8,1983.0
AT3G28857,378.622210146949,9.655484459797121e-59,18,0.527000875410593,-0.145383004558551,1.59532322698219,2,0,2,0.611111111111111,1.49234454719455e-57,0.451908801975364,0.373054641478195,1.21137429140331,0.225751987746109,-0.2792648595874,1.18308246353813,93.711162873575,2.12706608376464,18.0,7.43411846806325e-57,0.599524805866771,fisher_only,upregulated,True,True,False,True,False,Mean(LRR) CK;Mean(LRD P) CK,674.0
AT1G09090,377.985850118446,1.29005992788456e-58,18,-0.158806407641205,-0.300732816253194,0.893304742089158,0,8,8,0.666666666666667,1.9856287164037997e-57,-0.514582022183895,0.154048071444322,-3.3403989894796,0.0008365810685177,-0.81651069410262,-0.21265335026517,88.2975714516378,0.257659563262567,18.0,3.31517247068124e-08,0.0225664249949882,consensus_significant,downregulated,True,True,True,True,True,ScalingExponent,1.0
AT1G16120,376.929248391671,2.0868916738511302e-58,18,0.176053848217672,-0.0869337886282553,1.47013009225224,1,3,4,0.555555555555556,3.19692339918971e-57,-0.303707225080766,0.234503214246257,-1.29510900759695,0.195282628012737,-0.76332507926231,0.155910629100779,86.0589223977059,0.569067879695465,18.0,4.42075127403457e-16,0.563925189058431,fisher_only,upregulated,True,True,False,True,False,Straight125,134.0
AT1G48260,364.634444168115,4.50411725943409e-58,16,-0.362015547012089,-0.0415289051786829,0.813455847696574,0,4,4,0.5625,6.853362353617379e-57,-0.31892460393276,0.136125867313226,-2.34286554221846,0.0191362780644423,-0.585726401230961,-0.0521228066345589,85.6218878279167,0.186428739784323,16.0,3.8175605026133395e-11,0.169431734773577,fisher_only,downregulated,True,True,False,True,False,Leaf roll 16,1.0
AT5G27560,374.562206400719,6.1271043643893705e-58,18,-0.09064262049931,-0.0764202512207279,0.661835652003989,3,2,5,0.666666666666667,9.29561074586883e-57,-0.0669250288906198,0.170457204119412,-0.392620712256528,0.694599639402787,-0.401015009870059,0.267164952088819,94.6435462075668,0.447560196204567,18.0,7.39898644769365e-55,0.899234166498845,fisher_only,downregulated,True,True,False,True,False,clim-bio9,380.0
AT5G03570,374.356875133572,6.72693880078705e-58,18,-0.368161864171792,-0.431226199321995,1.0501772992919,0,6,6,0.722222222222222,1.0193718268602899e-56,-0.580187059067002,0.186241025207532,-3.11524841758409,0.0018379005465302,-0.945212760917581,-0.215161357216423,85.0158599395526,0.361348747638708,18.0,7.92572629556501e-15,0.0384816916691596,consensus_significant,downregulated,True,True,True,True,True,Co59,621.0
AT4G24540,372.413349849071,1.6279553279974698e-57,18,0.46149776945221,-0.0960052381392043,1.37171502581158,5,0,5,0.555555555555556,2.4511897150680797e-56,0.663851055149139,0.339664605411119,1.95443106103338,0.0506502603389891,-0.0018793382796629,1.32958144857794,86.6645251750527,1.55345410957059,18.0,2.4441181332028296e-30,0.291553350562767,fisher_only,upregulated,True,True,False,True,False,clim-pet2,1963.0
AT1G64150,369.538249477971,6.01282436113296e-57,18,0.089023121667813,-0.151246543144311,1.00432018900906,4,2,6,0.555555555555556,8.931642735179218e-56,0.156689615782885,0.263428943662191,0.594807896218937,0.551971888789019,-0.35962162628044,0.673000857846209,93.8640068413823,1.00665932642195,18.0,6.609298446805741e-58,0.835779043707659,fisher_only,upregulated,True,True,False,True,False,rSeeds tlp,678.0
AT5G10170,367.516193797109,1.5062317755971798e-56,18,-0.107058110506953,-0.144163579337389,0.956142998974137,2,2,4,0.666666666666667,2.22403799104607e-55,-0.0499523364177672,0.234571836072996,-0.212951125139433,0.831365084719635,-0.509704686908273,0.409800014072738,93.9772508171982,0.855228141395454,18.0,1.4812471576130698e-55,0.948604795044049,fisher_only,downregulated,True,True,False,True,False,DTF sweden 2008 (2nd experiment);DTFmainEffect2009;DTFplantingSummer2009;DTF spain 2009 (2nd experiment);DTF sweden 2009 (2nd experiment);DTF sweden 2009 (1st experiment);DTF spain 2008 (1st experiment);DTF spain 2009 (1st experiment);DTFmainEffect2008,324.0
AT2G45670,365.75982288465,3.3429094089775e-56,18,-0.0741842677787643,-0.132853229039835,0.299359058301623,0,4,4,0.777777777777778,4.8969895917398e-55,-0.161477567835034,0.0419371516192302,-3.85046579465328,0.0001178933951983,-0.243672874622921,-0.0792822610471474,82.1351441155785,0.0214166129810737,18.0,2.5203063477263802e-17,0.0052414575119714,consensus_significant,downregulated,True,True,True,True,True,DTF sweden 2009 (1st experiment);DTFlocSweden2009,8.0
AT3G19190,365.408811322181,3.9201193619365297e-56,18,-0.0953648858176398,-0.0466858306253084,0.294667234856088,1,4,5,0.555555555555556,5.7344451804923295e-55,-0.113229173160815,0.0747494269500813,-1.51478315996229,0.129827326464109,-0.259735357847982,0.0332770115263524,91.1036458612366,0.0825461397490843,18.0,5.21057957630059e-44,0.466511600960166,fisher_only,downregulated,True,True,False,True,False,clim-gs tmax,60.0
AT2G40660,363.535162455405,9.171272702712488e-56,18,0.0945881746260002,0.127616843978289,0.288848494242404,3,1,4,0.666666666666667,1.3314635651565902e-54,0.103664731570792,0.0701574931618388,1.47760028043846,0.139514799259548,-0.0338414282720267,0.241170891413612,92.1090729605279,0.0719761064910449,18.0,1.59169345694301e-51,0.482701109948145,fisher_only,upregulated,True,True,False,True,False,Mean(LRD P) CK,6.0
AT5G27600,362.96908394709,1.1855382252537398e-55,18,0.210079505731098,0.178024776450155,0.469769869466752,5,2,7,0.666666666666667,1.71777273670839e-54,0.206496011651338,0.11058510572505,1.86730401257429,0.0618591453857697,-0.0102468127963139,0.423238836098991,94.1968885392052,0.192697913368454,18.0,4.27477352790217e-57,0.322980560070875,fisher_only,upregulated,True,True,False,True,False,clim-bio9;clim-tmax1,1147.0
AT3G06430,361.377936426634,2.4388657710932e-55,18,0.194302733832565,0.0844991178807478,0.42665251195803,5,1,6,0.777777777777778,3.51317158993917e-54,0.220584328139798,0.107754682446944,2.04709738018493,0.0406485241651035,0.0093890313782372,0.431779624901359,90.0019114702495,0.167126499961722,18.0,3.829844078414e-27,0.259954151088652,fisher_only,upregulated,True,True,False,True,False,clim-cyclevsgs;clim-gs sum,7.0
AT4G16920,360.786303555487,3.1888587402308596e-55,18,-0.245384427535551,-0.188390861219686,0.761339091430787,1,2,3,0.722222222222222,4.5871662271818705e-54,-0.25271436499601,0.197923544404844,-1.27682821038761,0.201662903614221,-0.640637383722017,0.135208653729998,91.0399774804047,0.591077262508278,18.0,1.45133782563823e-50,0.5715342814836,fisher_only,downregulated,True,True,False,True,False,CL,59.0
AT5G63350,353.977004639534,6.64136126602259e-55,17,1.43539028426164,1.09559643104522,2.08285056648932,7,2,9,0.823529411764706,9.49045404922462e-54,1.30908496069579,0.500288035819515,2.61666253631549,0.0088794078746338,0.328538428593253,2.28963149279832,95.5066864905157,3.73386821400831,17.0,3.96154287653731e-56,0.107464240300327,fisher_only,upregulated,True,True,False,True,False,DTF spain 2009 (2nd experiment),1.0
AT5G49710,358.947364385128,7.33595539999448e-55,18,-0.165380657065993,-0.103073113948706,0.340587015881479,1,4,5,0.611111111111111,1.0480138211261e-53,-0.187881423290623,0.0898431690559276,-2.09121545093391,0.0365087548877329,-0.363970798897185,-0.0117920476840618,85.1911227811232,0.113466325666168,18.0,3.36497765812486e-28,0.244478605910575,fisher_only,downregulated,True,True,False,True,False,PC2sc125,1.0
AT1G02400,353.028022799393,1.02278998878527e-54,17,-0.331282255459729,-0.316253300828055,0.676411975101418,2,3,5,0.705882352941177,1.4571458470476101e-53,-0.320037670911635,0.176255905893721,-1.81575572908525,0.0694078511150129,-0.665492898525809,0.0254175567025394,90.0877078345819,0.427679286295527,17.0,3.46259202288821e-41,0.343525547789861,fisher_only,downregulated,True,True,False,True,False,LRL125,796.0
AT5G65790,358.051568602327,1.10062723076809e-54,18,-0.235302105412023,-0.628595665198922,0.98128905218492,1,9,10,0.722222222222222,1.56674859857638e-53,-0.482949401290017,0.19904278999048,-2.4263596853376,0.0152511465657478,-0.873066101053727,-0.0928327015263078,92.0927557005712,0.493942866635586,18.0,3.68820205578897e-07,0.149131264307813,fisher_only,downregulated,True,True,False,True,False,LRLpMRL0,2.0
AT5G47430,356.398986506009,2.3256660936102702e-54,18,0.127089631968115,0.150311331189591,0.31298471200195,4,2,6,0.777777777777778,3.28715675175562e-53,0.0969474572723741,0.0753220135575069,1.2871065534959,0.198057151548881,-0.050680976543377,0.244575891088125,94.0437540591494,0.0852294752262502,18.0,1.6033582641926198e-56,0.56700900295913,fisher_only,upregulated,True,True,False,True,False,DTFplantingSummer2008,56.0
AT1G19990,353.205187714052,9.8632747670992e-54,18,0.189020087587716,-0.0462891001279329,0.572544196485829,3,0,3,0.555555555555556,1.3727911603304201e-52,0.203631413633781,0.142497944039403,1.42901299388203,0.153000498773368,-0.0756594245544522,0.482922251822015,94.8689282806286,0.319057102230917,18.0,3.1889232980520497e-56,0.504722652489662,fisher_only,upregulated,True,True,False,True,False,As75,555.0
AT1G07400,353.12367913258,1.02335677046487e-53,18,1.30470109837835,0.64836283169422,1.35194321384343,9,0,9,0.944444444444444,1.4235657931894202e-52,1.23342998513834,0.311442107659911,3.96038286025608,7.48296932519527e-05,0.623014670855669,1.84384529942101,94.4100534781524,1.5634176903506,18.0,9.9100928192208e-33,0.0037152763681189,consensus_significant,upregulated,True,True,True,True,True,LRDpMR0,224.0
AT1G20760,352.960828931976,1.1015519624908801e-53,18,-0.0255092180023436,0.0288588337024196,0.21202124042261,0,2,2,0.5,1.5311100269212502e-52,-0.0365462053125387,0.0571248867355526,-0.639759785988225,0.522328780410376,-0.148508925935152,0.0754165153100742,87.9324713824203,0.0441877046427959,18.0,8.95433303474966e-40,0.820955122515116,fisher_only,downregulated,True,True,False,True,False,Basal125,4.0
AT4G36940,349.438602500862,5.41080045487341e-53,18,-0.0612888740593474,-0.119456001238007,0.342990055235204,3,2,5,0.666666666666667,7.43909813002344e-52,-0.0343879399726726,0.0863584543189377,-0.398200040098814,0.690482736405193,-0.203647400198338,0.134871520252993,89.4377768132639,0.111183513871323,18.0,8.852354668522201e-46,0.897926954596641,fisher_only,downregulated,True,True,False,True,False,clim-aet1;clim-bio15;clim-aet12,1179.0
AT2G25640,344.791145650662,4.4077347339609706e-52,18,0.247176921972434,0.201637584546546,0.288418749248297,4,0,4,0.833333333333333,5.96054821332226e-51,0.261041239089984,0.070244312962154,3.71619036591085,0.0002022492237635,0.123364915565402,0.398717562614566,81.1804805092314,0.0640380152280488,18.0,7.426119961182321e-17,0.0079737832262517,consensus_significant,upregulated,True,True,True,True,True,Mo98,290.0
AT3G44630,343.957408420072,6.41945767180467e-52,18,0.146604804074391,0.145687533769768,0.511161728464988,4,1,5,0.611111111111111,8.65168196895181e-51,0.218397851652552,0.124425473379744,1.75525031748126,0.0792165005488885,-0.0254715949310935,0.462267298236198,88.7652255746222,0.204848735843254,18.0,2.83975515891207e-28,0.36680463432057,fisher_only,upregulated,True,True,False,True,False,Mean(LRR) CK,334.0
AT4G02860,343.212824949362,8.980174516329841e-52,18,-0.109812217769026,-0.179252376305716,0.323327387075004,1,6,7,0.777777777777778,1.20683593364069e-50,-0.135228844618938,0.0719399448077979,-1.87974629366521,0.0601426630781682,-0.276228545492021,0.0057708562541455,89.9600090884722,0.0779041912492927,18.0,8.24681844135229e-21,0.318607507774931,fisher_only,downregulated,True,True,False,True,False,M172T666;M130T666;M216T665,291.0
AT1G08660,342.761086990971,1.10082059040954e-51,18,0.0743333362434901,0.0707450846719924,0.273177291784224,3,1,4,0.611111111111111,1.47441779258956e-50,0.0951102756357798,0.0669107845934133,1.42144911636774,0.155186236235628,-0.0360324523446278,0.226253003616188,86.9281413443121,0.0658740653431595,18.0,2.5738859345192204e-31,0.507736327459283,fisher_only,upregulated,True,True,False,True,False,rSurvival fruit mhi,414.0
AT1G33950,290.788149157508,3.7618918548745e-51,9,1.7151637459522,0.533623245020849,3.33048608726671,2,0,2,0.777777777777778,4.99350253605733e-50,2.09083698560944,1.22860353391627,1.70179958618931,0.0887929441143929,-0.317181692145096,4.49885566336397,88.0849735980685,10.5905420285037,9.0,1.5339299322090798e-12,0.389395073318499,fisher_only,upregulated,True,True,False,True,False,clim-prec5;clim-bio18;clim-prec6,255.0
AT2G37190,339.524578939482,4.73064149254071e-51,18,0.150634556465296,0.0607168801718852,0.29753825974535,5,0,5,0.5,6.2697912181909e-50,0.159299137955736,0.0729026970922859,2.18509251796381,0.0288820637370867,0.0164124772790226,0.302185798632449,87.2456717888097,0.0787466446812839,18.0,4.9751375534702996e-27,0.213312027748755,fisher_only,upregulated,True,True,False,True,False,clim-aet1,411.0
AT5G22800,337.266832461423,1.30690354191498e-50,18,0.0303749622744095,0.18835125128601,0.771563634969863,5,2,7,0.666666666666667,1.7141673168797e-49,0.0767476370206387,0.188285118574203,0.407613929352535,0.683557136245535,-0.292284414209652,0.44577968825093,93.9500238959107,0.532593127645277,18.0,2.8139177094756197e-41,0.894603936458565,fisher_only,upregulated,True,True,False,True,False,clim-gs7,4.0
AT2G47610,335.497795355942,2.89608167458308e-50,18,0.124759850524914,0.0750017841207098,0.229863375031355,2,0,2,0.722222222222222,3.7737769267520996e-49,0.12515186582038,0.0585058852996695,2.13913292960779,0.0324249041737549,0.010482437749396,0.239821293891363,81.7854512121877,0.0432624455370194,18.0,1.04842367422407e-21,0.227929082029686,fisher_only,upregulated,True,True,False,True,False,Storage 7 days,4.0
AT4G00660,335.139864074543,3.40177249278591e-50,18,-0.087225279827552,-0.0638985624373028,0.19205596340878,0,4,4,0.666666666666667,4.42827675314978e-49,-0.108561840062152,0.0494690321147398,-2.19454142159787,0.0281965095237794,-0.205519361357097,-0.0116043187672064,83.5860319506344,0.033190316789235,18.0,1.43006790288078e-24,0.210417329052999,fisher_only,downregulated,True,True,False,True,False,FRI,2.0
AT1G01830,331.875233585816,1.47507872518193e-49,18,0.123401625295414,0.014751398782396,0.487858635989611,4,1,5,0.611111111111111,1.90111896984523e-48,0.134483551619434,0.110102579786399,1.22143869726154,0.221919962996236,-0.0813135393668565,0.350280642605725,93.5350343173785,0.195815180165386,18.0,2.9489091062785198e-34,0.595063960629083,fisher_only,upregulated,True,True,False,True,False,S34,337.0
AT1G01610,328.978399135704,5.414498928724969e-49,18,-0.129940002149592,-0.127959710685028,0.453167962771158,2,4,6,0.666666666666667,6.8944531133404e-48,-0.110213109364098,0.102503337582816,-1.07521483654181,0.282278554418285,-0.311115959321568,0.0906897405933727,91.8135717428494,0.153492882581399,18.0,9.27415211838426e-51,0.657785527230835,fisher_only,downregulated,True,True,False,True,False,clim-pet6,99.0
AT3G06410,327.606063039892,1.00207728638831e-48,18,0.0115756473825496,-0.0348060584225623,0.361193708493838,3,3,6,0.666666666666667,1.2691267262284e-47,0.0167790434670729,0.0863512499628407,0.194311529645412,0.84593195833853,-0.15246629648011,0.186024383414256,89.994843639925,0.111884030779197,18.0,3.15171895323135e-43,0.953816871214152,fisher_only,upregulated,True,True,False,True,False,clim-gs9,55.0
AT5G40890,327.517714201572,1.04257659599319e-48,18,-0.200070912083502,-0.231609863673706,0.193587568778891,1,8,9,0.888888888888889,1.31913134833355e-47,-0.206341934397681,0.0486849398462673,-4.2383113761514,2.25207280439863e-05,-0.301762663085864,-0.110921205709499,81.2852627510713,0.0300231006986411,18.0,3.84286729303371e-11,0.001507697359786,consensus_significant,downregulated,True,True,True,True,True,deltaRGR P Zn norm on Zn norm;RGE Fe norm,346.0
AT1G49540,325.387278335441,2.7093743194216898e-48,18,0.169686741376572,0.138124464539408,0.391820869853909,3,2,5,0.777777777777778,3.4023526869660104e-47,0.169747820326694,0.0956766574170442,1.77418217681645,0.0760330213521318,-0.01777498237189,0.357270623025277,93.0921039423964,0.138314006747374,18.0,1.35636559834167e-46,0.359051358863566,fisher_only,upregulated,True,True,False,True,False,aLRL0,2.0
AT1G78780,322.94655388634,8.08452360328852e-48,18,0.0364074396006488,0.0561658943879592,0.649739432746776,1,2,3,0.555555555555556,1.0069471071137e-46,-0.0635531153063308,0.172895536740533,-0.367581005874698,0.713185679864517,-0.402422140405496,0.275315909792835,84.7363070156051,0.350586377815807,18.0,7.307108253530931e-23,0.906584695256131,fisher_only,upregulated,True,True,False,True,False,Mean(LRD P) IAA,7.0
AT3G17800,321.490745081069,1.55113720531219e-47,18,-0.0525878695718118,-0.0705183830649609,0.349875549412231,2,3,5,0.722222222222222,1.91908395930651e-46,-0.0501454166837214,0.0943326393994325,-0.531580765713453,0.59501638934,-0.235033992473213,0.134743159105771,88.3989686892197,0.110843542523279,18.0,3.6813100192638904e-23,0.856402713570983,fisher_only,downregulated,True,True,False,True,False,aLRLpMRL0,234.0
AT1G02560,321.25184374851,1.7261407681527902e-47,18,-0.0037994696033591,0.03577064198093,0.458065998421753,4,2,6,0.611111111111111,2.13356589683014e-46,0.0312392375856903,0.113084465265276,0.276246940836734,0.782358405788453,-0.190402241545221,0.252880716716602,95.2633276399982,0.190396047403206,18.0,2.8562737675129198e-33,0.932395309292896,fisher_only,downregulated,True,True,False,True,False,clim-pet6,99.0
AT1G69580,318.052586612701,7.21774759518144e-47,18,0.107176708199184,-0.026854474471035,0.488791025094819,3,0,3,0.5,8.79981954281212e-46,0.128724491789758,0.121816592775152,1.05670737341469,0.290645158828462,-0.110031642768922,0.367480626348438,89.1210642988134,0.220888588580271,18.0,3.34507135009694e-38,0.665206985092023,fisher_only,upregulated,True,True,False,True,False,rFitness mlp,261.0
AT5G05140,316.881387129154,1.21808112888971e-46,18,-0.123946201306731,-0.0671873054622335,0.259901577883737,1,3,4,0.666666666666667,1.47778468140497e-45,-0.144359729743248,0.0674226447631941,-2.14111638975713,0.0322646532911607,-0.276505685221546,-0.0122137742649491,83.3477090851855,0.0578940255036696,18.0,6.292821687918829e-16,0.227447028198962,fisher_only,downregulated,True,True,False,True,False,clim-aet10,286.0
AT5G27380,316.278576439835,1.59446362574619e-46,18,-0.0460015385825644,-0.0324639778434329,0.267232707559452,2,1,3,0.555555555555556,1.92900365127862e-45,-0.0339570735645014,0.0667255186255616,-0.508906850991383,0.610817517602615,-0.164736686920359,0.0968225397913558,89.9438510301395,0.06685390271756,18.0,5.4656196047133593e-42,0.863509334440317,fisher_only,downregulated,True,True,False,True,False,clim-bio9,380.0
AT2G37035,311.415788733452,1.3962553503410701e-45,18,-0.177271560402014,-0.105988244221817,0.297866625054143,0,2,2,0.666666666666667,1.6522354979036e-44,-0.178496097415101,0.078074741577689,-2.28622079059317,0.0222413450627983,-0.331519779009644,-0.0254724158205591,87.6569010917475,0.079369247661662,18.0,1.33677056852347e-32,0.184357499196475,fisher_only,downregulated,True,True,False,True,False,PC3sc75;aLRL75;aLRLpMRL75,527.0
AT3G20810,309.563768100566,3.18713882484288e-45,18,0.543868572578889,0.26934951133433,0.799104579049624,5,0,5,0.833333333333333,3.74074382967369e-44,0.515020700626612,0.170815467721584,3.01507063438808,0.0025691941552347,0.180228535889944,0.84981286536328,95.3260881011828,0.478449990047269,18.0,3.54067802903213e-27,0.0480707066535165,consensus_significant,upregulated,True,True,True,True,True,clim-tmin11;clim-tmin3;clim-tmax1,972.0
AT2G41760,306.462923539882,1.26749873538038e-44,18,0.214039563936806,0.0785000978792707,0.288672360741737,4,0,4,0.833333333333333,1.4693869078618898e-43,0.206307471836768,0.0655339005942982,3.14810304233161,0.0016433375355403,0.0778633869055151,0.33475155676802,87.1305893395385,0.0586710527872233,18.0,2.2344499437161702e-24,0.0355855278355488,consensus_significant,upregulated,True,True,True,True,True,clim-prec7;clim-prec8;clim-bio18,506.0
AT4G12500,278.42870952902,4.19446493039917e-44,13,1.1040454450218,-0.0607596272559488,2.69023968441002,3,2,5,0.538461538461538,4.80673270816179e-43,0.934348201391916,0.774247014273921,1.20678308623267,0.227515691439408,-0.583148061722639,2.45184446450647,96.3888288360908,6.834575583396,13.0,5.946448374201749e-42,0.601309846328772,fisher_only,upregulated,True,True,False,True,False,Germ in dark,10.0
AT3G22960,302.929492278481,6.09854474713691e-44,18,-0.0156243184102882,-0.0133354993699185,0.319952740432162,0,2,2,0.5,6.96874880936047e-43,-0.0632721991562706,0.074669922533753,-0.847358575036283,0.396795286810038,-0.209622558050822,0.0830781597382811,86.8696633524337,0.0789228018986209,18.0,1.82186769504851e-32,0.745468029688672,fisher_only,downregulated,True,True,False,True,False,MT GH,1.0
AT5G43160,295.516015104598,1.6348201488010897e-42,18,0.0746133678755654,-0.0267139595843606,0.753626840240732,2,0,2,0.611111111111111,1.82118052249249e-41,0.139112157324471,0.189872107564985,0.732662417395136,0.463764351525394,-0.233030335171615,0.511254649820557,93.47864745781,0.526152264328961,18.0,1.0599835026701499e-42,0.786096528721267,fisher_only,upregulated,True,True,False,True,False,FLC,16.0
AT5G03555,294.672056607309,2.3756207432810797e-42,18,-0.273086754429699,-0.269378027607279,0.625808710733471,4,5,9,0.666666666666667,2.64019469372658e-41,-0.218542571503498,0.141579522946485,-1.54360296570645,0.122684546133208,-0.496033337426972,0.0589481944199748,93.6550834566242,0.309177554618225,18.0,1.0891468161406299e-42,0.4547988705041,fisher_only,downregulated,True,True,False,True,False,Co59,1449.0
AT1G64770,289.474384328373,2.7578013109785596e-42,17,-0.109748502099278,-0.205918608541306,1.15136378149874,4,1,5,0.588235294117647,3.06100611294051e-41,0.17604701205021,0.216064299295608,0.814789914965786,0.41519257465982,-0.247431232914064,0.599525257014484,90.8617340899587,0.563454620903486,17.0,6.83819465727187e-29,0.757023177665522,fisher_only,downregulated,True,True,False,True,False,clim-aet7,3.0
AT3G11960,293.753131547279,3.56807320092227e-42,18,0.003851819868854,-0.0008550162166372,0.288723059841619,1,2,3,0.5,3.94517612273257e-41,-0.0124377640841182,0.0643255112431188,-0.193356630110712,0.846679678596392,-0.138513449407757,0.113637921239521,89.8749567887413,0.0584808075330939,18.0,3.9947483499133e-37,0.953948424815715,fisher_only,upregulated,True,True,False,True,False,clim-cyclelength,5.0
AT5G05850,293.525157045487,3.9468371071122195e-42,18,-0.0247198186890335,0.0091958445231368,0.378302983362127,1,2,3,0.555555555555556,4.3611835787998997e-41,-0.0503919983831192,0.0972828744636357,-0.517994545915229,0.604462074699415,-0.241062928644377,0.140278931878138,87.8462887621168,0.131750118361162,18.0,5.3502516856034395e-33,0.860610992572065,fisher_only,downregulated,True,True,False,True,False,clim-tmax3;clim-tmin12;clim-tmax8;clim-tmax10;clim-bio1;clim-aet4;clim-aet3;clim-pet4;clim-bio5,2300.0
AT5G67360,292.619332673499,5.892509682421709e-42,18,0.109501656095143,0.0304432916408328,0.260065545145161,3,1,4,0.666666666666667,6.490389325708169e-41,0.122524759125959,0.071816446506302,1.70608217318588,0.0879927811714423,-0.0182328895240398,0.263282407775959,81.258926390544,0.0668074720984773,18.0,3.6827690126318e-23,0.387937438876382,fisher_only,upregulated,True,True,False,True,False,clim-bio7;clim-bio4,1583.0
AT1G73230,292.268773966981,6.880821940182949e-42,18,0.0695205110509701,0.0534995225601102,0.203626866958314,2,2,4,0.555555555555556,7.56613431181007e-41,0.07567666379422,0.0557299583772253,1.35791710594828,0.17448998882005,-0.0335520474850578,0.184905375073498,87.3860039556311,0.0405701083853085,18.0,4.33728768499506e-41,0.536641675317997,fisher_only,upregulated,True,True,False,True,False,clim-pet5;clim-bio10,550.0
AT4G36270,291.43569176944,9.945530153346369e-42,18,0.158345372080789,0.0250075112986826,0.511295944756396,3,0,3,0.5,1.09014352795951e-40,0.21803644532479,0.140865213861479,1.54783739255312,0.121661451251813,-0.0580543005182418,0.494127191167821,82.0349524025858,0.254706371784688,18.0,1.85582263625676e-24,0.45299842888124,fisher_only,upregulated,True,True,False,True,False,Germ 22,2.0
AT2G01420,290.703017474133,1.37494040750256e-41,18,-0.0714314278391562,-0.0536367739469871,0.521512703976432,3,3,6,0.611111111111111,1.50296508192482e-40,-0.0902195322876194,0.124401322732801,-0.725229686515473,0.468311133544533,-0.334041644473053,0.153602579897814,91.9589312295495,0.23948783866042,18.0,6.90749498846043e-41,0.78939044781088,fisher_only,downregulated,True,True,False,True,False,clim-tmax3;clim-tmax10;clim-bio1;clim-pet8;clim-tmax9;clim-tmax12;clim-bio11;clim-tmax7;clim-aet3;clim-tmax2;clim-pet4;clim-bio5;clim-tmin4,3280.0
AT5G27330,287.342670990061,6.06450501672934e-41,18,0.346980053782581,0.223713572827369,0.575230101613583,5,0,5,0.722222222222222,6.523396370430449e-40,0.309793424147778,0.125153028265379,2.47531704539247,0.0133117945605175,0.0644979961915119,0.555088852104045,88.7396959355208,0.225730119053319,18.0,1.09427259972518e-21,0.137391913462879,fisher_only,upregulated,True,True,False,True,False,clim-tmax1,387.0
AT3G46330,276.897795167378,7.3333079798866195e-40,17,-0.410557802296823,-0.379666877473741,0.817919658716195,0,5,5,0.647058823529412,7.68590503764329e-39,-0.666701052730605,0.215977061438427,-3.08690676820174,0.0020225101973825,-1.09000831463672,-0.243393790824493,81.6656938145197,0.471098447962033,17.0,5.77257747268865e-13,0.0410547414244891,consensus_significant,downregulated,True,True,True,True,True,Mean(R) ABA,3.0
AT4G30180,281.54917158503,7.791799960506859e-40,18,0.227154749193517,-0.056192362037157,1.19198680906889,2,2,4,0.555555555555556,8.16149767407198e-39,0.214630016830845,0.279219070463755,0.768679648114172,0.442083509618629,-0.332629305074865,0.761889338736556,92.4265602066027,1.16770073929538,18.0,8.69512661191267e-43,0.77313163332364,fisher_only,upregulated,True,True,False,True,False,clim-tmax5;clim-tmin7;clim-bio10;clim-tmin6;clim-tmin5;clim-tmin9;clim-tmin8,1850.0
AT4G16950,280.892856574021,1.0400666843478e-39,18,0.134412242114114,-0.0186879909501463,0.655807674761972,4,2,6,0.5,1.08612678036892e-38,0.149310763343891,0.162928102101642,0.916421178531523,0.359446031478799,-0.170022448844792,0.468643975532575,92.3070868383157,0.369503309863854,18.0,3.85949757224036e-29,0.720642138306968,fisher_only,upregulated,True,True,False,True,False,Germ 16,1.0
AT2G02220,280.344382388488,1.32387061975183e-39,18,-0.0352074740051461,0.0267637542154245,0.254778316827551,0,2,2,0.555555555555556,1.37861575111837e-38,-0.0505001765393052,0.0687655430101017,-0.734381993200965,0.462715958213082,-0.185278164216445,0.0842778111378342,82.6596179774575,0.0625634039937716,18.0,2.61148817247687e-23,0.785430688778578,fisher_only,downregulated,True,True,False,True,False,As2;Basal75,381.0
AT2G22570,279.920942999438,1.59486298630202e-39,18,-0.142333011886829,-0.119564063539592,0.37080479524146,1,5,6,0.666666666666667,1.65782062591751e-38,-0.197388536411544,0.0791163377046884,-2.49491498391041,0.0125987311629998,-0.352453708901441,-0.0423233639216459,82.5236571589633,0.0827033220380486,18.0,7.18580042820097e-14,0.133429795399282,fisher_only,downregulated,True,True,False,True,False,LD,2.0
AT4G30120,278.892092245145,2.50707186936836e-39,18,-0.490072063177851,-0.478690855524001,0.801114815672529,0,4,4,0.722222222222222,2.59719634914346e-38,-0.570277885775927,0.204549186132371,-2.78797435745786,0.005303874181329,-0.971186923662355,-0.169368847889499,77.8333659428185,0.440454000412451,18.0,5.9954069178067e-08,0.0770829714353151,fisher_only,downregulated,True,True,False,True,False,Cd111,18.0
AT5G10150,278.17441085287,3.43667682479114e-39,18,0.0473149927619434,-0.0087860455408736,0.961371017490314,2,1,3,0.5,3.55241911737671e-38,0.12553251837943,0.250739001529813,0.500650148614812,0.61661736231493,-0.365906894138537,0.616971930897397,90.474926879539,0.902670216730852,18.0,7.409618873182799e-34,0.865972075614575,fisher_only,upregulated,True,True,False,True,False,DTF spain 2009 (2nd experiment),1.0
AT5G55230,275.071169896494,1.34228110650816e-38,18,0.0563745105614413,0.0067905607318299,0.289416284084832,2,1,3,0.555555555555556,1.37002422239686e-37,0.0778822643333124,0.0724479890789336,1.07500933184575,0.282370550366636,-0.0641131850137487,0.219877713680374,87.0797103200023,0.0749170442475466,18.0,1.0773608347177599e-30,0.657799642386069,fisher_only,upregulated,True,True,False,True,False,RGE Fe norm,486.0
AT3G21080,269.693313125857,1.77025210966581e-38,17,0.583987697548736,0.470908392272685,0.956850646613655,2,1,3,0.705882352941177,1.80223332176864e-37,0.503469416843868,0.255059475382463,1.97392947699321,0.0483897624702368,0.0035620311785591,1.00337680250918,85.2222670406519,0.798870555471971,17.0,3.22796845290528e-27,0.284848472430879,fisher_only,upregulated,True,True,False,True,False,clim-cyclevsgs;clim-gs sum,7.0
AT1G07240,274.214960512369,1.95406027633964e-38,18,-0.0961221211011491,-0.0547390912812302,0.267837200209016,0,4,4,0.611111111111111,1.98702355803886e-37,-0.12322092041003,0.0695036194921566,-1.7728705542297,0.0762501589365327,-0.259445511409833,0.0130036705897733,82.4653001288951,0.0623220221948009,18.0,6.71191908737021e-16,0.359651204205733,fisher_only,downregulated,True,True,False,True,False,Stomatasize 261,335.0
AT1G78150,271.464039530942,6.52325575023363e-38,18,0.106852852872346,0.0943212438872744,0.250073381423808,4,2,6,0.777777777777778,6.56130807544332e-37,0.101930965440087,0.0613925277219505,1.6603155012893,0.096850998894454,-0.0183961778148123,0.222258108694987,90.3449191360446,0.0579981396909927,18.0,3.49034608154149e-40,0.405996382535336,fisher_only,upregulated,True,True,False,True,False,DTF spain 2008 (2nd experiment);DTFplantingSummer2008,83.0
AT4G08180,271.243327008247,7.18515295086218e-38,18,-0.0990810410322585,-0.052000782034445,0.219972932816998,0,3,3,0.555555555555556,7.22007015106869e-37,-0.114111818572393,0.0516093622454379,-2.21106817847726,0.0270311161484739,-0.215264309838533,-0.0129593273062539,76.0672569912793,0.0286683920127794,18.0,1.0036855355592e-09,0.205552166238813,fisher_only,downregulated,True,True,False,True,False,SDV,55.0
AT3G53470,270.322918475198,1.0750109079538101e-37,18,0.13802564200383,0.0341090243564679,0.868925284798569,3,2,5,0.555555555555556,1.0756533860364499e-36,0.125840467286335,0.198233966594907,0.634807795293179,0.525553778577805,-0.2626909677522,0.51437190232487,91.7515632873524,0.52709424874783,18.0,1.1765202548688699e-26,0.822555868511477,fisher_only,upregulated,True,True,False,True,False,YEL ,84.0
AT4G04920,269.264094306835,1.70843940494283e-37,18,-0.0317383273970145,0.02350808596447,0.252462605658294,0,2,2,0.611111111111111,1.70387612521018e-36,-0.0514439244802803,0.0665814937624974,-0.772645994753222,0.439731916037502,-0.181941254291653,0.079053405331093,82.7883916250667,0.0611178006576568,18.0,7.66092096653703e-26,0.771730184148433,fisher_only,downregulated,True,True,False,True,False,clim-gs tmin,1649.0
AT4G01800,268.637539386992,2.24697500958772e-37,18,0.027552213921103,-0.0816518293247316,0.468845284649314,5,1,6,0.555555555555556,2.23324875474171e-36,0.0823976560064562,0.120695743944052,0.682688993943742,0.494803385830491,-0.154161655211154,0.318956967224066,91.0818863781413,0.190134677891655,18.0,1.05024347462154e-18,0.805597347520984,fisher_only,upregulated,True,True,False,True,False,clim-bio14,10.0
AT4G22860,268.461402661939,2.42685581909404e-37,18,0.199993984145202,0.0520973842274269,0.70673298202949,2,0,2,0.555555555555556,2.40880175687129e-36,0.220620581873912,0.174616033648498,1.26346119118718,0.206423485243992,-0.121620555200377,0.562861718948202,94.1806883425131,0.464402473244601,18.0,1.18953118842161e-39,0.576867238851896,fisher_only,upregulated,True,True,False,True,False,deltaRGR P Zn norm on Zn norm;RGR P Zn norm,6420.0
AT1G73390,266.635119152542,5.39067560902716e-37,18,0.0363430498028923,-0.0741919232352669,0.590098578172476,2,3,5,0.722222222222222,5.3089460110838496e-36,-0.0234260434630811,0.121605363638251,-0.192639886615268,0.847241004961601,-0.26176817652095,0.214916089594787,92.0687779519466,0.220080921324585,18.0,4.23161609596239e-36,0.954058650058117,fisher_only,upregulated,True,True,False,True,False,clim-pet5;clim-tmax6,433.0
AT1G25290,262.405140216302,3.41280019984609e-36,18,0.137365720436404,0.0648602948227944,0.445980639253718,4,2,6,0.5,3.2953998729713804e-35,0.158845209530029,0.110727802857896,1.43455577939972,0.151413723380763,-0.0581772961586996,0.375867715218757,87.3131814171363,0.173322745644355,18.0,3.07719232188785e-21,0.502073855939637,fisher_only,upregulated,True,True,False,True,False,Straight125,134.0
AT5G55450,247.885282572989,3.8782764032598495e-36,15,0.792866183488707,0.0993267668334448,2.40911583050266,2,0,2,0.6,3.73860370738465e-35,0.978014423943074,0.705541644947441,1.38618950553363,0.165689045153978,-0.404821789747057,2.3608506376332,85.9990364445553,5.77045792667517,15.0,1.1283900412619101e-24,0.52408657091201,fisher_only,upregulated,True,True,False,True,False,PC2sc0;Mean(LRD P) IAA,214.0
AT5G07240,261.874136654965,4.3012032777414595e-36,18,0.151483854182763,0.150913419999271,0.461374960758581,4,1,5,0.611111111111111,4.1393797759699504e-35,0.250662083750281,0.118491773107907,2.11543871085471,0.0343925734087066,0.0184224759944906,0.482901691506071,82.5947319345377,0.168486333997294,18.0,1.7652288828953199e-12,0.23597253090946,fisher_only,upregulated,True,True,False,True,False,clim-tmin1;clim-tmax4;clim-bio6;clim-bio1;clim-pet8;clim-tmin10;clim-bio11;clim-tmax7;clim-tmin4;clim-pet4;clim-bio5,2337.0
AT5G49680,261.350993463425,5.4019747862048794e-36,18,-0.0278886061654232,0.0428617060354854,0.437113965899672,1,3,4,0.611111111111111,5.1871950671382e-35,-0.0815757261480473,0.123996973568739,-0.657884816058231,0.510612148161107,-0.324605328534741,0.161453876238647,87.3880178057216,0.190846305378016,18.0,8.57484090464437e-27,0.81446769739126,fisher_only,downregulated,True,True,False,True,False,clim-pet2,1963.0
AT5G50320,261.305467042753,5.5101494462469495e-36,18,0.106294296113516,0.107774344537308,0.358844913186569,3,2,5,0.722222222222222,5.29009001867671e-35,0.0830968724613973,0.0771890593325038,1.07653692349643,0.28168719676686,-0.0681909038308355,0.23438464875363,93.6124044590641,0.0922111370265486,18.0,1.73922420083142e-36,0.65727012578934,fisher_only,upregulated,True,True,False,True,False,Mean(LRD R) IAA,528.0
AT1G08900,261.163312612426,5.862041913456789e-36,18,-0.0325954981144046,-0.0185038842373148,0.400758893360722,1,2,3,0.5,5.62688805900353e-35,-0.0463508348580745,0.125073226294191,-0.370589583649584,0.710943241540742,-0.291489853824917,0.198788184108768,82.896977777967,0.175691785237199,18.0,1.0832564542941899e-22,0.905747799732348,fisher_only,downregulated,True,True,False,True,False,LRL125,398.0
AT1G32190,260.807079435251,6.845631955937701e-36,18,0.17188473430255,0.109206060438606,0.328421265777801,4,0,4,0.555555555555556,6.560102366047311e-35,0.203294987435844,0.0844914214059689,2.40610211134976,0.0161237572635524,0.0376948444775483,0.368895130394139,79.6887615151585,0.0907698499727597,18.0,3.9011801026776905e-15,0.154143468071451,fisher_only,upregulated,True,True,False,True,False,DSDS50;Mean(LR.no) ABA,685.0
AT1G21600,260.505962240205,7.80449942912395e-36,18,0.121630420561607,-0.0011544539609996,0.309328022421043,4,1,5,0.5,7.4665682003864e-35,0.162860122549521,0.0826865947604135,1.96960732294531,0.0488833917367555,0.0007973748148526,0.32492287028419,86.3165644309455,0.0866315230091717,18.0,9.083145347751631e-19,0.286729374195738,fisher_only,upregulated,True,True,False,True,False,clim-pet9,221.0
AT1G14180,259.571495866793,1.1720890861358999e-35,18,0.22317145267314,-0.0015493795848786,0.65972191341289,4,0,4,0.5,1.11701424273851e-34,0.240733577797278,0.153760851851804,1.56563634304848,0.117433776688985,-0.0606321540644569,0.542099309659014,94.1807497832782,0.377341000763263,18.0,3.29461610644224e-35,0.445016227556879,fisher_only,upregulated,True,True,False,True,False,aLRLpMRL125,759.0
AT1G20640,259.495492937993,1.2114937289858901e-35,18,-0.165687450512299,-0.0858125047722343,0.481747769155836,1,4,5,0.611111111111111,1.1539316577004299e-34,-0.153199105278614,0.112657648567495,-1.35986421895562,0.17387289571612,-0.374004039053875,0.0676058284966479,93.9297392043807,0.197885561192297,18.0,1.1333018358118e-31,0.535874109838085,fisher_only,downregulated,True,True,False,True,False,Straight125,134.0
AT1G19670,250.069902952535,1.23582272531641e-35,16,-0.0583887974532073,0.0386617547900196,1.16268722819771,3,2,5,0.5,1.1766728172197199e-34,0.0224686955479166,0.345888881777729,0.064959288174967,0.94820641508715,-0.655461055389265,0.700398446485099,89.4201589550702,1.41807077466079,16.0,1.08791204244971e-34,0.984593277849645,fisher_only,downregulated,True,True,False,True,False,Mean(LRR) C,553.0
AT2G36960,259.017952238448,1.49120365558976e-35,18,0.011462407624271,0.0385931358490298,0.286070072300126,1,2,3,0.5,1.4164524328104699e-34,-0.0231411531475401,0.0690268967242579,-0.335248348770222,0.737437753058932,-0.158431384691651,0.112149078396571,89.1770345834574,0.0669309906136569,18.0,7.21709825030849e-30,0.914930925588666,fisher_only,upregulated,True,True,False,True,False,PC3sc75;aLRL75;aLRLpMRL75,527.0
AT3G21260,258.760261239008,1.66805002041906e-35,18,-0.179297804638061,-0.358189825294044,0.600577369105411,2,5,7,0.611111111111111,1.58298526439513e-34,-0.185801742896989,0.144007105483973,-1.29022621677281,0.196972126079172,-0.468050483163436,0.0964469973694582,91.833837889164,0.320530956732087,18.0,4.12532242139302e-32,0.565737096125288,fisher_only,downregulated,True,True,False,True,False,clim-tmin3,189.0
AT1G20220,255.645730126139,6.4550911581233e-35,18,0.177575954357924,0.231323909757269,0.29432926167006,3,0,3,0.722222222222222,6.046303667167609e-34,0.186809866916224,0.0770917191879369,2.42321573424523,0.0153837878715182,0.0357128738015918,0.337906860030855,84.6167463279766,0.0765729118574508,18.0,6.19290846837316e-24,0.149803253378192,fisher_only,upregulated,True,True,False,True,False,As75;Mean(LRR) C,1108.0
AT1G21650,255.394090847556,7.2001011512729e-35,18,0.24879547710775,0.213027234002882,0.258605128348257,4,0,4,0.777777777777778,6.7331972946345e-34,0.295397373970517,0.0724027022066074,4.07992194997882,4.50508246285931e-05,0.153490685262188,0.437304062678847,69.3225988901126,0.0532497795482639,18.0,5.86031073634004e-08,0.0025324127681797,consensus_significant,upregulated,True,True,True,True,True,GR21 cold;GR63 cold,197.0
AT1G01600,254.439496075433,1.08949202161774e-34,18,0.718484087505026,0.175798370339634,1.71926777153772,3,0,3,0.611111111111111,1.01336425473086e-33,0.379611948747182,0.17684188881533,2.14661781374433,0.0318237205489385,0.0330082157110985,0.726215681783266,89.0716755745408,0.411451237680612,18.0,3.36561275126815e-31,0.225596654865573,fisher_only,upregulated,True,True,False,True,False,Se82,345.0
AT3G27170,254.398776178249,1.10890698406102e-34,18,-0.407918065061093,-0.533062676589049,0.565779628019791,2,5,7,0.833333333333333,1.0308683750627e-33,-0.339854440342842,0.141790743117828,-2.39687325751881,0.0165356422522953,-0.617759190194955,-0.0619496904907284,87.5373069089694,0.261912649940018,18.0,1.27586854586543e-35,0.156414815427182,fisher_only,downregulated,True,True,False,True,False,Mean(LRL) ABA,3.0
AT4G34480,251.044988839976,4.74307065673135e-34,18,0.19390071192257,0.169404893548252,0.361809678040641,5,0,5,0.722222222222222,4.3554513473994e-33,0.212380715291986,0.0910408253527998,2.33280744620857,0.0196582536916567,0.0339439764776971,0.390817454106274,80.9506333794197,0.100657842205624,18.0,2.8617762351997297e-12,0.171995448388228,fisher_only,upregulated,True,True,False,True,False,ScalingExponent,1.0
AT1G15430,250.643274320642,5.6438319273237e-34,18,0.101047171103315,0.10403638060866,0.469855512892287,4,2,6,0.666666666666667,5.17527422014183e-33,0.0908406127716169,0.112907356332972,0.804558850033843,0.421074296304548,-0.130453739230638,0.312134964773871,94.1153658579701,0.201706497344826,18.0,2.58418255589496e-35,0.760965596461959,fisher_only,upregulated,True,True,False,True,False,clim-bio7;clim-bio4,365.0
AT3G51330,245.160498490056,6.03037327586424e-33,18,-0.202476786242637,-0.325144683337818,0.677088086593319,1,6,7,0.722222222222222,5.38325427228466e-32,-0.292771692118641,0.157655509578995,-1.85703432059217,0.0633062713853958,-0.60177081285778,0.0162274286204988,86.833880202715,0.319806031145052,18.0,2.0384598664492898e-11,0.326856660817979,fisher_only,downregulated,True,True,False,True,False,clim-tmax4;clim-tmax8;clim-tmax10;clim-bio1;clim-pet8;clim-bio11;clim-tmax7;clim-aet3;clim-bio5;clim-tmin4,2258.0
AT1G10290,245.060729232197,6.29551869548784e-33,18,0.0436643703723807,0.0639261851863966,0.246820215626382,0,2,2,0.777777777777778,5.61415319268925e-32,0.0260841876672131,0.0594093328718504,0.439058754008875,0.660618964418364,-0.0903559651071653,0.142524340441592,90.2172527197994,0.0532410873846686,18.0,2.5928254360841198e-33,0.885264102782795,fisher_only,upregulated,True,True,False,True,False,aLRLpMRL125,759.0
AT2G22660,243.224381341503,1.38923014686017e-32,18,0.0837720502961228,-0.0750195792047368,0.551253618643737,2,3,5,0.611111111111111,1.2293680111200301e-31,0.0605999218571194,0.127148831374765,0.476606203941459,0.633642564835955,-0.188607208313776,0.309807052028015,95.8747336515871,0.253928108752739,18.0,2.4600125401486e-22,0.874336077071054,fisher_only,upregulated,True,True,False,True,False,0W GH FT,4.0
AT1G03680,243.10933313926,1.45980955070817e-32,18,-0.0444920807046174,-0.0598243007610409,0.735246445883103,4,2,6,0.555555555555556,1.2907253064958201e-31,0.0131362310181417,0.172282001772213,0.076248423416336,0.939221458472764,-0.324530287639862,0.350802749676146,95.5960894893934,0.433097786127007,18.0,1.01216059796577e-28,0.981709466092213,fisher_only,downregulated,True,True,False,True,False,Mean(LRD P) C,289.0
AT5G42220,242.691675538974,1.7474853339492e-32,18,0.142920104950531,0.17612022480296,0.228175002276344,6,2,8,0.833333333333333,1.5419285331060501e-31,0.133312888983102,0.05638370488409,2.36438682518572,0.018059944416774,0.0228028580953507,0.243822919870854,88.8531283074337,0.0438702657167789,18.0,4.3307798422065003e-32,0.164678762059737,fisher_only,upregulated,True,True,False,True,False,clim-aet10,286.0
AT1G26540,240.059652483793,5.42253919149048e-32,18,0.317555064101525,0.204187535363577,1.00812249417005,2,0,2,0.666666666666667,4.727619798043799e-31,0.475925209879128,0.196844188441576,2.41777628106295,0.0156156743633651,0.0901176899676235,0.861732729790633,78.7106879982263,0.470195108675915,18.0,6.9355722115221495e-18,0.151250753173799,fisher_only,upregulated,True,True,False,True,False,Straight125,134.0
AT3G12140,239.418166489058,7.14384834078283e-32,18,0.0116063628093577,0.0478481856306975,0.268162113596515,2,3,5,0.555555555555556,6.207481545872591e-31,-0.0198713948232253,0.0590551622373361,-0.336488700909235,0.736502370725139,-0.135617385909574,0.0958745962631231,88.2668158361125,0.0509675561567456,18.0,2.54706338598939e-29,0.914497675587855,fisher_only,upregulated,True,True,False,True,False,clim-cyclelength,5.0
AT3G06035,238.419529073547,1.09702997485671e-31,18,0.102754594924926,-0.128788700797408,0.705801029229265,3,1,4,0.666666666666667,9.481590795177e-31,0.0607153599760584,0.156553616679598,0.387824703534753,0.698145762813096,-0.246124090365442,0.367554810317559,93.2504205114072,0.34071906814768,18.0,8.323323513706619e-34,0.90029812491412,fisher_only,upregulated,True,True,False,True,False,PC3sc0,1.0
AT5G45020,237.573700594403,1.57724991913305e-31,18,0.0189233810429348,-0.0452720943521644,0.365596489227746,2,0,2,0.5,1.3577848408181198e-30,0.0477077163407322,0.0921106543675737,0.517939175096416,0.604500708074088,-0.132825848812129,0.228241281493594,88.6842996439471,0.122563266025576,18.0,1.3300245983648799e-27,0.860610992572065,fisher_only,upregulated,True,True,False,True,False,clim-tmin9;clim-tmin8,402.0
AT4G14410,237.010205406083,2.00862208888672e-31,18,-0.0496049984992253,-0.136800593583908,0.338499823300709,1,2,3,0.611111111111111,1.7251281654031e-30,-0.0464385819316057,0.0793527308465062,-0.585217187061059,0.558401689750595,-0.201967076465658,0.109089912602447,92.1025561382839,0.0955477460929222,18.0,8.856737053886929e-33,0.838993202566311,fisher_only,downregulated,True,True,False,True,False,LES,12.0
AT1G19710,233.665174153098,8.4205357718674e-31,18,0.0299334368723719,-0.0623029897855555,0.333673588093327,2,0,2,0.555555555555556,7.141082142086439e-30,0.0722109806619164,0.0970227545843612,0.744268506612323,0.456714050115318,-0.1179501240043,0.262372085328133,80.192633739011,0.114390024494002,18.0,1.61006770559913e-20,0.781648546003348,fisher_only,upregulated,True,True,False,True,False,Mean(LRR) C,553.0
AT1G47960,232.504274289862,1.3836146496923498e-30,18,0.194409654631209,0.0062570577886194,0.777308541750604,3,4,7,0.5,1.16708896365484e-29,0.151141573691252,0.171640503640946,0.880570555813704,0.378550301123903,-0.185267631733319,0.487550779115823,95.4623714203635,0.478478955361164,18.0,3.03511319940051e-28,0.732976432288969,fisher_only,upregulated,True,True,False,True,False,LRDpBZ75,812.0
AT4G24040,231.882400622874,1.80498954423376e-30,18,0.172509177200825,0.19245015241685,0.624775741144703,2,2,4,0.666666666666667,1.51709736575346e-29,0.101626409770274,0.149270087520017,0.680822336602745,0.495983914648864,-0.1909375857381,0.394190405278648,85.3663090045703,0.277582848183025,18.0,3.2714859565790504e-23,0.806267175099216,fisher_only,upregulated,True,True,False,True,False,Basal125,2.0
AT1G10920,229.536003157952,4.9163843030788996e-30,18,0.007889261517417,0.0822893696213286,0.507677309875045,3,2,5,0.611111111111111,4.0957505893113597e-29,-0.0145978111549946,0.127814479493717,-0.114210934573436,0.909070584094,-0.265109587665413,0.235913965355423,84.9958397274678,0.181216052434645,18.0,4.28841891299319e-27,0.973554376763284,fisher_only,upregulated,True,True,False,True,False,clim-aet2,242.0
AT1G11840,228.911992307455,6.41579686809081e-30,18,-0.0157965703280254,-0.137887130347168,0.397815761127111,2,2,4,0.722222222222222,5.32522426436561e-29,-0.0717953868763246,0.0797327599853731,-0.900450290313485,0.367880668030502,-0.228068724835632,0.084477951082983,85.010489098311,0.0791776131760763,18.0,2.60573943505147e-25,0.726519510509081,fisher_only,downregulated,True,True,False,True,False,clim-pet7,77.0
AT3G06290,228.402119831984,7.97388878648177e-30,18,0.0822051278730499,-0.0120944277676174,0.460245683273074,3,2,5,0.5,6.60368281326297e-29,0.029520087050883,0.0900683225177757,0.327752157758428,0.743099063435813,-0.147010581231895,0.206050755333661,92.6728560286849,0.119690679967441,18.0,3.17148801842813e-30,0.91729798975289,fisher_only,upregulated,True,True,False,True,False,clim-gs9,55.0
AT1G02800,223.094276617541,1.1505535210148999e-29,17,0.627875419916738,0.470998445336372,0.971217600922101,3,1,4,0.705882352941177,9.48457406197495e-29,0.751415400355961,0.303203494707946,2.47825441814167,0.0132026964525198,0.157147470741707,1.34568332997022,78.1987860506454,0.982201232700902,17.0,2.011486712825e-18,0.136755580503601,fisher_only,upregulated,True,True,False,True,False,clim-aet2,242.0
AT3G17040,226.468988011925,1.81687243469084e-29,18,-0.198044863699429,-0.122781506127484,0.981429309652383,4,2,6,0.555555555555556,1.4915769729973e-28,0.019778834411471,0.19911348420282,0.0993344799859159,0.920872702719001,-0.370476423462341,0.410034092285283,91.7691991727892,0.525754992788414,18.0,8.08521542945816e-28,0.976667197626178,fisher_only,downregulated,True,True,False,True,False,LRDpBZ75,812.0
AT3G26440,226.238126334375,2.0044804027106398e-29,18,-0.0497484804353849,-0.15590826793653,0.560727210805021,2,4,6,0.722222222222222,1.64299648422434e-28,-0.11285956498431,0.136742459999691,-0.825343971320725,0.40917633449756,-0.380869861741113,0.155150731772493,89.6082170538884,0.25328791691658,18.0,6.15413747368533e-13,0.753253794318457,fisher_only,downregulated,True,True,False,True,False,Mean(LRR) CK,334.0
AT5G55550,226.126723721507,2.10180853840616e-29,18,0.0370622419000452,-0.04095256091782,0.35815763263191,3,1,4,0.5,1.72195682639019e-28,0.0387216789125682,0.0948266781740994,0.408341615019733,0.683022891063063,-0.147135195082237,0.224578552907373,86.6199562720312,0.121978878988441,18.0,6.56889755185324e-28,0.894333367316491,fisher_only,upregulated,True,True,False,True,False,Mean(LRD R) IAA;Mean(LRD P) IAA,271.0
AT5G51450,226.057625542337,2.16453284010291e-29,18,0.163262093537325,0.132265889604368,0.464308089495215,6,4,10,0.666666666666667,1.7725058209873899e-28,0.166253794489903,0.101513537612416,1.63774998291034,0.101473859247445,-0.0327090831736851,0.365216672153491,94.9651360983331,0.158602503091555,18.0,1.53707686136589e-28,0.415178072081607,fisher_only,upregulated,True,True,False,True,False,clim-bio17;clim-bio14,538.0
AT3G48360,224.860052732109,3.60244429998243e-29,18,0.143151989283577,-0.0778647525981752,0.72293529128157,3,3,6,0.555555555555556,2.93103090787565e-28,0.14026130886225,0.16979885728473,0.826043891609063,0.408779194101202,-0.192538336031877,0.473060953756377,93.5689461836457,0.421012413868158,18.0,4.7479948260902504e-23,0.752869962257172,fisher_only,upregulated,True,True,False,True,False,Mean(TLRL) ABA,506.0
AT4G30190,224.810480054976,3.67917683198418e-29,18,-0.110239170303162,-0.203101809894577,0.386981162166985,0,3,3,0.777777777777778,2.9915863505688697e-28,-0.29118929171925,0.0484909445670087,-6.0050241198511,1.91303463341024e-09,-0.386229796646915,-0.196148786791585,41.4151116490742,0.0124208490475264,18.0,0.0092627297934516,7.08970635141834e-07,consensus_significant,downregulated,True,True,True,True,True,clim-tmax5;clim-tmin7;clim-bio10;clim-tmin5;clim-tmin6;Cd111;clim-tmin9;clim-tmin8,1859.0
AT5G67210,224.687048786806,3.87739639932721e-29,18,-0.260907019135244,-0.356227724489939,0.525527558382728,2,4,6,0.722222222222222,3.1493075198979898e-28,-0.305038748826772,0.153112005168455,-1.99225885972276,0.046342663110003,-0.605132764557655,-0.004944733095889,82.4771501442032,0.255833368211014,18.0,7.102828230513601e-16,0.278624979288401,fisher_only,downregulated,True,True,False,True,False,clim-gs prec;clim-prec12;clim-prec10;clim-prec11;clim-bio13;clim-bio16;clim-prec9;clim-bio12,13304.0
AT3G12170,223.79967212219,5.65347306666987e-29,18,0.298299896718115,0.0056788695641671,1.01109582894012,2,0,2,0.555555555555556,4.5697072984462395e-28,0.339427656631911,0.254914931111905,1.33153305360095,0.183013676470051,-0.160196427468932,0.839051740732755,94.6938179385311,0.976051938774844,18.0,6.01782303676066e-32,0.54756445691712,fisher_only,upregulated,True,True,False,True,False,clim-cyclelength,5.0
AT1G62770,223.23846528441,7.17519461216204e-29,18,0.0034918057531349,-0.119363668170055,0.723892424647796,1,3,4,0.611111111111111,5.77543076249724e-28,-0.0080342484757995,0.183789126883945,-0.0437144928648187,0.965131986625063,-0.368254317918395,0.352185820966796,94.2968059566178,0.504004271599937,18.0,5.16999493183028e-30,0.98934532210855,fisher_only,upregulated,True,True,False,True,False,Trichome avg JA,6.0
AT4G26100,222.363375048758,1.04030050915905e-28,18,0.0782069799039051,0.0149053551310905,0.195592249019955,3,0,3,0.555555555555556,8.34120758935023e-28,0.0950150717252656,0.0481994926875452,1.97128779635097,0.0486909664388326,0.0005458019845753,0.189484341465956,80.8773622679977,0.0308782494626746,18.0,4.6664867101683503e-17,0.285972617468009,fisher_only,upregulated,True,True,False,True,False,avrRpt2,6.0
AT1G26460,221.997512634663,1.21499192694035e-28,18,0.0550222662605074,0.0279867564541837,0.21626464599615,2,0,2,0.611111111111111,9.725369525004829e-28,0.058993427176844,0.0519496742152523,1.13558801028099,0.256129029081419,-0.0428260632936395,0.160812917647327,79.8101418365181,0.0319773998319317,18.0,2.07284313235769e-16,0.631396329398982,fisher_only,upregulated,True,True,False,True,False,GR21 cold;GR63 cold;GR105 cold,198.0
AT5G23460,221.650676151874,1.40755091544596e-28,18,-0.0236845566375301,0.025833318818999,0.438653977095858,1,3,4,0.5,1.12562866044008e-27,-0.054916284815839,0.102668761052704,-0.534887966434584,0.592727329908438,-0.256143358816487,0.146310789184809,89.4798544544047,0.155047691984354,18.0,2.30253903526007e-25,0.855856164289089,fisher_only,downregulated,True,True,False,True,False,LC Duration GH,1.0
AT4G02850,221.202704642105,1.70199683039477e-28,18,-0.277657143678117,-0.404205669999678,0.873520525427718,2,4,6,0.666666666666667,1.35942347636686e-27,-0.205986907531816,0.213019820745616,-0.966984700347679,0.333551682103004,-0.623498084186402,0.21152426912277,88.6671092345728,0.649379854671669,18.0,1.4390964327487e-28,0.701945378178282,fisher_only,downregulated,True,True,False,True,False,M172T666;M130T666;M216T665,701.0
AT5G45210,216.600990555675,1.8526416480957699e-28,17,0.0892910514161707,-0.0264916152140698,0.845631751225061,2,2,4,0.529411764705882,1.47838182930225e-27,-0.0049140631666507,0.217948687742797,-0.0225468811835648,0.982011715715205,-0.432085641620298,0.422257515286997,91.087018944188,0.561469911390343,17.0,1.3179742914633499e-28,0.994274105251416,fisher_only,upregulated,True,True,False,True,False,clim-tmin9,197.0
AT2G21900,214.193348280124,5.1731989489493795e-28,17,0.310705605613614,-0.605425020884763,2.35971399311827,2,5,7,0.588235294117647,4.07364889469613e-27,0.0246716250346837,0.40986724028629,0.0601941863356795,0.952000975952634,-0.778653404369269,0.827996654438636,92.7993211495667,2.28985240603036,17.0,4.47093456176288e-23,0.985428510021675,fisher_only,upregulated,True,True,False,True,False,0W GH FT,2.0
AT1G35180,217.272436482622,8.98340875544448e-28,18,0.177309844228167,-0.0566590364987087,0.985367936200691,3,1,4,0.555555555555556,7.03558016925191e-27,0.212274045089534,0.258435950493669,0.821379706205905,0.411430019313332,-0.294251110188434,0.718799200367502,86.2944437677129,0.911075377504995,18.0,9.76093679961757e-27,0.75475527691234,fisher_only,upregulated,True,True,False,True,False,Width 10,524.0
AT5G27300,214.720958879615,2.63759793136932e-27,18,0.130348190738686,0.0528388292163212,0.651370942522472,2,1,3,0.555555555555556,2.04075686100178e-26,0.18167573120608,0.174214827462961,1.04282588257136,0.29702894163792,-0.159779056194183,0.523130518606344,85.1383441610014,0.416965167949899,18.0,7.187768225117129e-22,0.671316806156246,fisher_only,upregulated,True,True,False,True,False,clim-tmax3;clim-tmax11;clim-tmax8;rSurvival fruit mlp;clim-bio1;clim-tmax9;clim-tmax12;clim-tmax7;clim-pet3;clim-aet3;clim-pet4;clim-bio5;clim-tmin4,2935.0
AT1G15390,214.523549954783,2.86653880786112e-27,18,0.163767209595123,0.140216306093675,0.217710562735961,5,0,5,0.777777777777778,2.21525060552114e-26,0.211203148696409,0.0574681679168517,3.6751327970293,0.0002377257307326,0.0985676093218791,0.323838688070938,69.7475100752418,0.0345962964610448,18.0,1.78831055789449e-06,0.0089899138581153,consensus_significant,upregulated,True,True,True,True,True,clim-bio7;clim-bio4,365.0
AT1G01950,214.109601236189,3.41302654362255e-27,18,0.0701967132174589,0.0339690295594992,0.207010811081484,3,0,3,0.555555555555556,2.63052406653629e-26,0.0912405893493556,0.0526883152962158,1.73170443648459,0.083326200338403,-0.0120266110373182,0.194507789736029,89.2831058802949,0.0361961473917772,18.0,3.11371963199978e-24,0.377481583721095,fisher_only,upregulated,True,True,False,True,False,clim-pet6,99.0
AT5G03610,213.848500658937,3.81000591190641e-27,18,0.0123781953991336,-0.052846459465506,0.296930014407353,3,0,3,0.666666666666667,2.93169928589851e-26,0.0006359882834587,0.066767255973152,0.0095254518729128,0.992399903947587,-0.130225428770486,0.131497405337403,87.7279343573362,0.0625485651045843,18.0,9.5753209335017e-27,0.99773226663428,fisher_only,upregulated,True,True,False,True,False,LRDpBZ75,812.0
AT1G48790,213.219624157988,4.96565910926597e-27,18,-0.0016697280957081,0.0465915078287156,0.158464718605918,0,3,3,0.611111111111111,3.81021102055016e-26,-0.027899263571463,0.043158075444742,-0.64644364429976,0.517992083142907,-0.11248753708522,0.0566890099422938,79.3092341840715,0.0230196863978982,18.0,1.0775795359259302e-15,0.818352097737175,fisher_only,downregulated,True,True,False,True,False,Straight75,8.0
AT1G23490,212.924242384072,5.62334296039213e-27,18,-0.0436196436289755,-0.0700582561588762,0.271214903862643,2,1,3,0.722222222222222,4.30531233201522e-26,-0.0242096500942473,0.0631689280526643,-0.383252507847902,0.701532548998118,-0.148018474019471,0.0995991738309767,85.5776974086476,0.0548560181073755,18.0,2.3113954814151002e-25,0.902064802285462,fisher_only,downregulated,True,True,False,True,False,Straight125,134.0
AT1G27150,211.673490736475,9.51854146596547e-27,18,-0.0712555317369853,-0.183093056056721,0.270653625950109,1,4,5,0.555555555555556,7.23947568325137e-26,-0.0975248237788651,0.0552228596702875,-1.76602270076459,0.0773920404674124,-0.205759639855938,0.0107099922982078,81.7997890487964,0.0377798788594085,18.0,5.91230883783923e-13,0.363155343005447,fisher_only,downregulated,True,True,False,True,False,FT GH,9.0
AT1G61480,197.933907933144,1.20523946942754e-26,15,-0.357363157614377,-0.105584420644173,1.05095125016377,0,2,2,0.533333333333333,9.13851478491726e-26,-0.460841010917491,0.262584849408292,-1.75501751893131,0.079256311204435,-0.975497858643616,0.0538158368086345,76.3901510574345,0.579456131859708,15.0,2.18201433376174e-10,0.36682733724629,fisher_only,downregulated,True,True,False,True,False,LRDpBZ0,275.0
AT1G21390,210.614819668184,1.4854115944972698e-26,18,-0.3659816349502,-0.344394452632281,0.327798555337161,0,6,6,0.888888888888889,1.1236605038041501e-25,-0.385744833162147,0.0768249049887621,-5.02109092381661,5.13788296029691e-07,-0.536318880055832,-0.235170786268462,68.6142230219453,0.064592885361502,18.0,1.0454250362805e-05,7.32345932725398e-05,consensus_significant,downregulated,True,True,True,True,True,Straight125,134.0
AT1G27180,210.494322530933,1.56254982174519e-26,18,-0.0566786404616519,0.007327133655406,0.292809548815555,0,3,3,0.5,1.18115202881441e-25,-0.124279601321237,0.0826962768896635,-1.50284397309755,0.132879283523127,-0.28636132568053,0.0378021230380553,74.8066021411627,0.066820384362407,18.0,3.0100669467339104e-09,0.472578033714709,fisher_only,downregulated,True,True,False,True,False,FT GH,36.0
AT2G33580,210.17932188199,1.7836135026641798e-26,18,-0.17929205462449,-0.117009901371538,0.536322935621949,0,4,4,0.555555555555556,1.34649199129853e-25,-0.180294735438733,0.100918459388327,-1.78653872177113,0.0740120734411503,-0.378091281215122,0.0175018103376557,81.725743800337,0.127648983657951,18.0,6.42970959576e-14,0.354574553870789,fisher_only,downregulated,True,True,False,True,False,clim-prec1,615.0
AT2G21590,208.331613114406,3.87309731396478e-26,18,0.178956910340052,0.121315550763129,0.512469004307093,2,0,2,0.666666666666667,2.8910919558764003e-25,0.239343156433066,0.146346560521346,1.63545460570053,0.10195378334031,-0.0474908314500829,0.526177144316215,76.7209377613208,0.252308902887723,18.0,3.8854343717269e-15,0.415874438619691,fisher_only,upregulated,True,True,False,True,False,Mean(TLRL) CK,4.0
AT5G48000,199.143317475944,3.02858887346296e-25,17,-0.258945219974985,-0.168171258638942,1.35988918868175,1,5,6,0.705882352941177,2.20954162386282e-24,-0.473844474537402,0.166137111907023,-2.85212899814092,0.0043427473199537,-0.799467230370666,-0.148221718704137,82.6547836187091,0.266734385683522,17.0,2.63767941269826e-10,0.0677651434431525,fisher_only,downregulated,True,True,False,True,False,DTFplantingSummerLocSweden2009,52.0
AT5G51390,203.242012583802,3.25620650509336e-25,18,0.131632162232446,0.156026327623157,0.528898297000871,3,2,5,0.611111111111111,2.37326743183331e-24,0.132675328634185,0.145063979683878,0.914598709640463,0.360402336374209,-0.151644847000266,0.416995504268637,83.9020772007178,0.271930779502469,18.0,8.48459740579148e-23,0.721332979224607,fisher_only,upregulated,True,True,False,True,False,clim-bio17;clim-bio14,269.0
AT3G53460,200.759964477458,9.162498370323911e-25,18,0.199509985274416,0.193908382064432,0.422583888963663,5,0,5,0.722222222222222,6.59103018597618e-24,0.271170696214075,0.0988069510568764,2.74444958895635,0.0060612463013777,0.0775126307203851,0.464828761707764,85.3318989706378,0.12116408401722,18.0,1.24419207794384e-12,0.0840855421837422,fisher_only,upregulated,True,True,False,True,False,YEL ,336.0
AT3G53980,199.781096048782,1.37691880687143e-24,18,-0.0785470338139761,-0.114251972797985,0.96854721738698,1,7,8,0.666666666666667,9.851594016464571e-24,-0.266372479585281,0.172406733016425,-1.54502364800279,0.122340543437213,-0.604283466989687,0.0715385078191252,88.1300799926321,0.382404242323252,18.0,9.73191557796305e-12,0.454153706049611,fisher_only,downregulated,True,True,False,True,False,rSurvival fruit mlp,6.0
AT1G05400,199.209946042594,1.7459948932552e-24,18,0.0524500132978218,0.12363565543219,0.577914046653521,1,2,3,0.666666666666667,1.24613422655168e-23,0.0090263669892816,0.154939402134993,0.0582574016996483,0.953543598372488,-0.294649280981472,0.312702014960035,81.4415381893194,0.313365803287677,18.0,5.27730799094932e-20,0.986159624819769,fisher_only,upregulated,True,True,False,True,False,clim-tmin11,396.0
AT1G07440,190.549630531658,1.83765125314921e-24,16,0.283371048100423,0.156187144446436,0.648898154658165,4,2,6,0.6875,1.31064913686543e-23,0.339223648569313,0.193015739383141,1.75749215920649,0.0788339571429929,-0.0390802490710116,0.717527546209639,87.5118857279386,0.424042845805595,16.0,4.6659453624410204e-24,0.366080822734005,fisher_only,upregulated,True,True,False,True,False,Stomatasize 261,335.0
AT2G22590,190.126752387573,2.19680816580919e-24,16,-0.270783873773485,-0.703016810057992,1.68456160720238,0,3,3,0.5625,1.56358393600744e-23,-0.374283545681765,0.340718334583619,-1.09851307573208,0.271980511145227,-1.04207921033813,0.293512118974597,79.1149572550593,0.90647571487643,16.0,0.000156656711357,0.647819739476554,fisher_only,downregulated,True,True,False,True,False,LD,2.0
AT2G17050,194.291519175619,2.31968114618555e-24,17,-0.471095901345023,-0.285001796225501,1.04614188500937,0,4,4,0.764705882352941,1.64945569486473e-23,-0.595488055952058,0.211272046419758,-2.81858421898814,0.0048235955123033,-1.00957365787486,-0.181402454029258,73.6459926601375,0.426898334047625,17.0,6.6615457193885605e-09,0.072310727986231,fisher_only,downregulated,True,True,False,True,False,clim-gs9,55.0
AT1G69070,198.434529202288,2.4097284101811102e-24,18,0.210981159715986,0.143643544506246,0.292201847859203,3,0,3,0.722222222222222,1.71231262618852e-23,0.172187385670874,0.0571785881191441,3.01139624700218,0.0026004925561872,0.0601194122705018,0.284255359071246,80.256587320051,0.0412138670830013,18.0,9.774932838466e-14,0.0484802116531058,consensus_significant,upregulated,True,True,True,True,True,rFitness mli,38.0
AT3G21270,197.236144476536,3.96279896278606e-24,18,-0.293033622224074,-0.385057192626757,0.373639542027488,0,6,6,0.722222222222222,2.7956127357286904e-23,-0.340910158261272,0.0662394474023824,-5.14663348850659,2.65202764014035e-07,-0.470737089525777,-0.211083226996767,58.6653237318651,0.0368802639214634,18.0,0.0041385111242849,4.33996655822257e-05,consensus_significant,downregulated,True,True,True,True,True,clim-tmax3;clim-tmin1;clim-tmin12;clim-tmin3;clim-bio6;clim-tmin11;clim-tmax12;clim-bio11;clim-gs sum;clim-tmin2;clim-cyclevsgs,3118.0
AT4G36250,186.461031491609,1.02925439304498e-23,16,0.201265627456788,0.242612290006425,0.385466484851132,4,1,5,0.625,7.17615962566193e-23,0.247993371018158,0.108010091212138,2.29602038323515,0.0216747159460785,0.0362974822754804,0.459689259760835,82.5760302637059,0.133110407909393,16.0,1.58846847330348e-11,0.181528807448965,fisher_only,upregulated,True,True,False,True,False,Germ 22,2.0
AT1G73570,194.797145699515,1.0885769093142401e-23,18,0.100101130641447,0.0229071980300465,0.649995935467594,2,1,3,0.5,7.58467313334921e-23,0.134862509951657,0.152565980051069,0.883961876078235,0.376716793241914,-0.164161316214494,0.433886336117808,89.1401486466196,0.336007206719652,18.0,8.45460630797246e-22,0.731844489216041,fisher_only,upregulated,True,True,False,True,False,clim-gs6;clim-gs7;clim-tmin2;clim-bio6,793.0
AT1G01010,194.688429219184,1.1386619211817601e-23,18,0.38492472607813,0.089867767090227,1.12980315815626,4,0,4,0.555555555555556,7.927255851274899e-23,0.33516455499582,0.230978313423875,1.45106503735158,0.146761750962197,-0.117544620524779,0.787873730516418,97.00122479175,0.883285264335093,18.0,7.99893484244668e-25,0.494485790435912,fisher_only,upregulated,True,True,False,True,False,rSurvival fruit mhi,414.0
AT5G15180,185.953532747807,1.27406228869405e-23,16,-0.456780727710665,-0.426680024166008,0.570075172348867,0,6,6,0.875,8.8520892698139e-23,-0.750334973535499,0.102358909564681,-7.33043148590165,2.29412892148156e-13,-0.950954749779066,-0.549715197291931,36.7178323404366,0.0508927866465282,16.0,0.124049252409795,2.16415609022089e-10,consensus_significant,downregulated,True,True,True,True,True,rSeeds tli,1.0
AT1G10560,193.940582501785,1.55137700114696e-23,18,0.171975724919173,0.196407706652607,0.871792484179743,5,3,8,0.666666666666667,1.07529404028484e-22,0.17849855340084,0.207778768228618,0.859079851722093,0.390296462484202,-0.228740349079346,0.585737455881027,89.5632990642129,0.645146921645297,18.0,2.4194304523760302e-21,0.741654763387428,fisher_only,upregulated,True,True,False,True,False,clim-pet7,77.0
AT5G63320,190.1562246327,7.39229001921374e-23,18,0.171041050696743,0.115977881512336,0.346257366418843,5,2,7,0.666666666666667,5.01198228983948e-22,0.153523217148428,0.0829836507683357,1.85004173384727,0.0643075347345097,-0.009121749663159,0.316168183960016,87.0824687219129,0.0963432001030091,18.0,6.09916442504988e-24,0.329321742770775,fisher_only,upregulated,True,True,False,True,False,DTF sweden 2009 (2nd experiment),2.0
AT1G54220,189.303010095426,1.0501816807805699e-22,18,-0.0654609014311226,-0.0985683422646869,0.401596970299535,3,1,4,0.611111111111111,7.08599576367553e-22,-0.0291936323851597,0.0790527153106786,-0.369293227568822,0.711909172980128,-0.184134107274188,0.125746842503869,85.0630271560274,0.0841127389624221,18.0,1.5186386191628602e-19,0.906221829065996,fisher_only,downregulated,True,True,False,True,False,Mean(TLRL) C,6.0
AT4G18290,163.295899883539,1.07871722621907e-22,12,-0.0236002830789647,0.119290436423356,0.955036332318537,2,2,4,0.583333333333333,7.27475347687057e-22,0.0147144706062172,0.321176761075129,0.0458142443337464,0.963458305395959,-0.614780413772261,0.644209354984695,88.6938080832634,0.916379727494403,12.0,1.25705908376062e-16,0.988876716552627,fisher_only,downregulated,True,True,False,True,False,clim-gs4,239.0
AT1G30810,187.695782997777,2.0328659517659398e-22,18,3.43245925596416e-05,0.0145201534762174,0.277205298976233,0,2,2,0.666666666666667,1.35788643195115e-21,-0.0281125371292793,0.0799911234288256,-0.351445709526673,0.725253995389914,-0.184892258132676,0.128667183874117,79.0064595269049,0.078591074453818,18.0,9.24543780959866e-17,0.910284625378296,fisher_only,upregulated,True,True,False,True,False,Straight125,804.0
AT1G17640,187.609190714216,2.1064353436863498e-22,18,0.184625553740015,0.157057202487225,0.434207771463701,3,2,5,0.722222222222222,1.40594265396946e-21,0.14363161890622,0.101177967666405,1.4195938327185,0.155725961930219,-0.0546735537488918,0.341936791561333,84.9799433847875,0.137446990474491,18.0,5.21818649093182e-22,0.50886640613412,fisher_only,upregulated,True,True,False,True,False,clim-pet9,221.0
AT4G13210,187.050395804411,2.64938051219811e-22,18,0.915167852874386,0.143668083062879,1.794517329111,4,0,4,0.666666666666667,1.76334313879961e-21,0.703071668378269,0.313962497705693,2.23934920099064,0.025133203897294,0.0877164803788725,1.31842685637767,94.5098371422504,1.46218676454796,18.0,3.24694466560354e-24,0.197427880546132,fisher_only,upregulated,True,True,False,True,False,Inter-specific pollination of Arabidopsis thaliana and Malcolmia littorea,5.0
AT5G57340,186.326561214609,3.5650112485494897e-22,18,0.269617081671196,0.279344816794785,0.498611402373457,4,1,5,0.666666666666667,2.36366439462145e-21,0.258368086329563,0.118269444939911,2.18457173330637,0.0289202623656031,0.026564233775795,0.49017193888333,87.1636963319556,0.20617416144296,18.0,4.431730827388711e-19,0.213436967166922,fisher_only,upregulated,True,True,False,True,False,FT10,2.0
AT5G02180,185.712430418519,4.585155477475e-22,18,-0.11320700213047,0.13048254219044,1.03052697170066,2,3,5,0.555555555555556,3.03113175947561e-21,-0.0246568691024208,0.213628531745362,-0.115419363232862,0.908112731886479,-0.443361097393501,0.39404735918866,90.6143776005893,0.632677229005111,18.0,4.44641686650281e-22,0.973236897507091,fisher_only,downregulated,True,True,False,True,False,DTFplantingSummer2009,32.0
AT1G02930,180.054468702853,8.60572546461223e-22,17,0.30016309951294,0.431031566109542,0.929630043419252,2,2,4,0.705882352941177,5.63661985536142e-21,0.20285085604861,0.227093242490656,0.893249195017137,0.371723738440676,-0.242243720365497,0.647945432462717,86.5976593988059,0.666139434578913,17.0,8.9367554954423e-22,0.728975864431192,fisher_only,upregulated,True,True,False,True,False,S34,337.0
AT5G43910,184.103394279531,8.85790510581956e-22,18,0.111126598364093,0.0126068290287373,0.446849117535453,2,1,3,0.611111111111111,5.7995979928994706e-21,0.0773129078382092,0.0910531615749005,0.849096357567018,0.39582767704897,-0.101148009527102,0.255773825203521,82.5339555902662,0.103958454402066,18.0,1.31876589916615e-18,0.744663093440549,fisher_only,upregulated,True,True,False,True,False,PC3sc75;aLRL75;aLRLpMRL75,527.0
AT1G73540,179.516803084533,1.07406794429004e-21,17,-0.266930166037054,-0.342384668233153,0.649912288222803,2,5,7,0.588235294117647,7.01021131496444e-21,-0.18628772057008,0.149530102785037,-1.24582085546939,0.21283017119216,-0.479361336633326,0.106785895493165,90.2517300614562,0.28929686566238,17.0,4.06567962938885e-21,0.584523626065436,fisher_only,downregulated,True,True,False,True,False,clim-tmin2,410.0
AT1G11060,182.870805115595,1.4656528814295e-21,18,-0.0118159489087553,0.016807297422141,0.272976421186907,1,2,3,0.5,9.52766159808022e-21,-0.0238408331721422,0.051770528374393,-0.460509751797984,0.645150373468922,-0.125309204246561,0.077627537902277,86.9786934588416,0.034479334833203,18.0,3.58434841414449e-19,0.879479295245968,fisher_only,downregulated,True,True,False,True,False,Stomatasize 261,335.0
AT3G60390,182.630754185982,1.61653806358661e-21,18,0.0478265052658878,0.0264893142349303,0.536384112044497,5,2,7,0.5,1.04966773474551e-20,0.0841858018854905,0.136041422974798,0.618824767079112,0.536031804372769,-0.182450487550694,0.350822091321675,85.5060638252389,0.249407730551659,18.0,3.84342999648011e-19,0.828134790198669,fisher_only,upregulated,True,True,False,True,False,LRDpBZ125,44.0
AT3G59140,182.596357344133,1.6393911620882201e-21,18,0.321791167982357,0.226014733655401,0.639045740402657,5,1,6,0.777777777777778,1.0641075625755501e-20,0.307834270873368,0.139356886768743,2.20896346073091,0.0271771825104776,0.0346997918090057,0.58096874993773,83.3746602259095,0.262495807598982,18.0,3.80717350315014e-10,0.206182345677905,fisher_only,upregulated,True,True,False,True,False,GR105 cold;GR63 cold,25.0
AT4G11640,182.055090233464,2.04449326012149e-21,18,0.212653348818128,0.174193837989552,0.393307769841339,2,0,2,0.666666666666667,1.3239082307369301e-20,0.257407580911799,0.103649569704027,2.48344090232917,0.0130119923178046,0.0542581572788322,0.460557004544766,76.5056295793547,0.13452490963186,18.0,3.85355116174564e-11,0.135531076363257,fisher_only,upregulated,True,True,False,True,False,Seed bank 133-91,87.0
AT3G06730,181.692949701882,2.36981965135953e-21,18,0.0175768936840689,-0.001378670209617,0.39801412475211,3,1,4,0.5,1.5326605573235e-20,0.0761261097935248,0.102321189018877,0.743991645557215,0.456881529394142,-0.124419735538789,0.276671955125838,85.8831508239488,0.131536789963444,18.0,8.50414998141833e-15,0.781726896134182,fisher_only,upregulated,True,True,False,True,False,clim-cyclevsgs;clim-gs sum,7.0
AT1G61190,181.292811766679,2.78959104836448e-21,18,-0.0203128486254511,0.0458500843922921,0.797158760856987,2,1,3,0.5,1.79988270762264e-20,0.0069899282739199,0.195911312717136,0.0356790436293605,0.971538280672385,-0.37698918881563,0.39096904536347,92.4772871406185,0.564157506132681,18.0,2.7470106837592797e-22,0.991449827984855,fisher_only,downregulated,True,True,False,True,False,rFitness mli,38.0
AT1G51720,181.110351673817,3.00486363875935e-21,18,-0.0259298937287594,-0.0129463039287664,0.188207108405635,0,2,2,0.5,1.93565133070931e-20,-0.0482921517254417,0.0506835344413433,-0.95281736480574,0.340682614485205,-0.14763005383967,0.0510457503887866,73.4087494230341,0.0282174314080043,18.0,1.13369314557022e-11,0.706282221976087,fisher_only,downregulated,True,True,False,True,False,RP GH,9.0
AT2G05320,180.785117483741,3.4304665026260904e-21,18,-0.16023524131602,-0.191345191955677,0.242306951716853,0,4,4,0.777777777777778,2.2065267313520502e-20,-0.185189164537202,0.0557120053745661,-3.32404413181913,0.0008872215467595,-0.294382688577853,-0.0759956404965506,63.6157305536068,0.0282715607047673,18.0,0.000124527173803,0.0235822759897907,consensus_significant,downregulated,True,True,True,True,True,Anthocyanin 10,1.0
AT4G02820,180.422835817911,3.97564266925203e-21,18,0.0706276124269975,-0.0005054280248857,0.255302414767495,2,0,2,0.5,2.5533947553130802e-20,0.098923409197027,0.0654994954658628,1.51029268994269,0.130968756187333,-0.0294532429216087,0.227300061315663,83.6018468321363,0.0540412858490766,18.0,4.84017489792655e-20,0.469161259804382,fisher_only,upregulated,True,True,False,True,False,M172T666;M130T666;M216T665,182.0
AT1G21890,171.289700952818,5.7715562835929e-21,16,-0.21386286268754,-0.465722915584993,2.19625771572551,1,2,3,0.5625,3.69358252373311e-20,-0.449630290916923,0.452871570531409,-0.992842828242269,0.320786554804785,-1.33724225878058,0.43798167694673,82.6128393803265,2.02000697811074,16.0,7.088456329098791e-15,0.691613945958507,fisher_only,downregulated,True,True,False,True,False,LRDpBZ75,812.0
AT1G61795,178.069181530319,1.03476632069832e-20,18,-0.340389676545564,-0.358902271876291,0.719571003317313,2,5,7,0.666666666666667,6.57188042224223e-20,-0.29736248289739,0.152853782790481,-1.94540480103779,0.051726277378085,-0.596950392067442,0.0022254262726614,89.3214972484533,0.346026188648702,18.0,8.597597243721089e-18,0.295068749311153,fisher_only,downregulated,True,True,False,True,False,LRDpBZ125,44.0
AT4G30130,176.69601130664,1.80567397316615e-20,18,0.209737829453428,-0.118086192372685,0.881658922860752,2,1,3,0.611111111111111,1.13691962733587e-19,0.180517789675736,0.205841641654186,0.876974106041212,0.380500702732253,-0.22292441448507,0.583959993836541,93.0908921879199,0.664855790230955,18.0,1.91040325272546e-23,0.734063302616205,fisher_only,upregulated,True,True,False,True,False,Cd111,54.0
AT3G17030,176.619332655759,1.86263919590551e-20,18,0.147258472511885,0.187887448410848,0.343118306180854,2,2,4,0.722222222222222,1.1726447950836e-19,0.109716843051099,0.0926396072853118,1.18434054575806,0.236278284878515,-0.0718534507700469,0.291287136872244,87.7648928510521,0.1142921772366,18.0,3.9140612992206e-21,0.61121117478371,fisher_only,upregulated,True,True,False,True,False,LRDpBZ75,812.0
AT4G11380,176.219993669794,2.18957121051864e-20,18,0.0057933831062679,0.0286596082474201,0.179984105876581,0,2,2,0.611111111111111,1.37629811550355e-19,-0.0123261374509836,0.0453460747636431,-0.271823691802013,0.785757587460116,-0.101202810827985,0.0765505359260175,78.4509908940158,0.025502096822397,18.0,1.64346951486049e-14,0.933114204554373,fisher_only,upregulated,True,True,False,True,False,LN16,44.0
AT1G60090,135.34106877929,5.0400697679666505e-20,9,-0.154182424850946,0.100303179473266,2.50422046419678,0,2,2,0.555555555555556,3.13275043146392e-19,-0.386466103912222,0.849705853569654,-0.454823398342685,0.649236295478521,-2.05185897436161,1.27892676653716,88.5174714654235,4.93647446120222,9.0,4.7544007577016694e-11,0.881597946939401,fisher_only,downregulated,True,True,False,True,False,LRDpBZ75,812.0
AT4G24050,173.613096599658,6.279332968527611e-20,18,0.0724980670259414,0.0764671271194236,0.355170339679866,1,2,3,0.611111111111111,3.89092240209589e-19,0.0419756249373917,0.0941989846172211,0.445605917175862,0.655881935566096,-0.142650992292604,0.226602242167388,84.500348726591,0.11793915756098,18.0,4.38327323149376e-20,0.883682360676278,fisher_only,upregulated,True,True,False,True,False,Seed Dormancy,1.0
AT1G05870,173.460761625554,6.67730806497575e-20,18,0.112858681867488,0.0089039975095511,0.337561744860092,5,1,6,0.5,4.13258962413912e-19,0.111853971813206,0.0798132160978169,1.40144674380896,0.161080522500097,-0.0445770572288273,0.26828500085524,86.8783363179509,0.092264657458883,18.0,4.44634445097464e-17,0.517813000582097,fisher_only,upregulated,True,True,False,True,False,aLRLpMRL125,759.0
AT2G26210,173.000067854192,8.04040155322024e-20,18,0.0103736198941674,-0.044202638228328,0.43690727468268,1,3,4,0.555555555555556,4.963188404063791e-19,-0.0378599862020918,0.07965069551204,-0.475325243034054,0.634555169421961,-0.193972480749256,0.118252508345073,92.6363788189014,0.0937995532052949,18.0,6.9382952799193e-20,0.874799099285785,fisher_only,upregulated,True,True,False,True,False,FT Field,112.0
AT3G13570,172.625844712278,9.349191325036741e-20,18,-0.0143191148254393,-0.0630558525748496,0.231966593305823,2,2,4,0.555555555555556,5.75670161301141e-19,-0.0411147136591061,0.0522956067924298,-0.786198233100104,0.431751361075334,-0.143612219521937,0.0613827922037246,82.8756024695522,0.0358976179768059,18.0,2.5933859742095e-12,0.767212624902884,fisher_only,downregulated,True,True,False,True,False,Emoy*,1.0
AT1G21610,172.334657477323,1.0512698308605601e-19,18,0.0374749189398636,0.0463102748859605,0.232242210368976,1,3,4,0.611111111111111,6.46085914641727e-19,-0.0023800553758374,0.0540141229698792,-0.0440635753201927,0.964853727252168,-0.108245791053318,0.103485680301643,86.4092202375949,0.034342503423494,18.0,8.32215892446317e-21,0.989183965573384,fisher_only,upregulated,True,True,False,True,False,LRDpBZ0,275.0
AT3G18750,172.161171544847,1.12733771867739e-19,18,0.126732930962703,0.177950299742308,0.633575092719378,3,2,5,0.666666666666667,6.91688792257656e-19,0.158109913171676,0.147023699203224,1.07540426494866,0.282193773161874,-0.130051242140494,0.446271068483846,85.5339743541799,0.307240112724398,18.0,4.649545492700259e-16,0.65772770539972,fisher_only,upregulated,True,True,False,True,False,Se82,1035.0
AT4G19860,172.143442931696,1.13541354756256e-19,18,-0.0368119425763548,-0.027585104036398,0.189546264178459,1,2,3,0.5,6.964791222319421e-19,-0.0403219854390644,0.0455028180629339,-0.886142598537436,0.375540690632891,-0.129505870037493,0.0488618991593646,78.3404105221961,0.0249762416313253,18.0,8.526871902383319e-11,0.731017978269562,fisher_only,downregulated,True,True,False,True,False,RGR Zn norm,108.0
AT2G15790,172.099177281359,1.15583024220503e-19,18,0.137914780879095,0.0049310800133533,0.426255917108148,3,0,3,0.5,7.08751717871968e-19,0.122990175108909,0.100477241387076,1.22406003002316,0.220929582765317,-0.0739415992756979,0.319921949493517,82.1370800122716,0.133754848461446,18.0,6.45908212201167e-17,0.593985823277465,fisher_only,upregulated,True,True,False,True,False,Co59,6.0
AT1G19650,171.840385193531,1.28272968039487e-19,18,-0.0821716406748439,-0.137124838617026,0.494447390768021,3,2,5,0.666666666666667,7.857305929679481e-19,-0.0474152658279146,0.127483405080932,-0.371932847242457,0.70994284815593,-0.297278148413072,0.202447616757243,85.0419490373598,0.217842752898107,18.0,2.9701093605509e-17,0.905295780911382,fisher_only,downregulated,True,True,False,True,False,clim-gs tmax,60.0
AT1G43850,171.758961187047,1.3254582048048202e-19,18,-0.0427846950399946,-0.0301725243857814,0.250038601390656,0,2,2,0.555555555555556,8.11712168584958e-19,-0.0422807897588768,0.0461224424609489,-0.916707518138817,0.359295925422095,-0.132679115861358,0.0481175363436039,77.6014814172016,0.0239439408400919,18.0,5.988274490858531e-14,0.720506084582496,fisher_only,downregulated,True,True,False,True,False,clim-gs10;clim-gs4,2618.0
AT1G77110,167.690190305433,1.3553914459505602e-19,17,-0.110451094295503,-0.181233507924559,1.23904684456041,2,1,3,0.529411764705882,8.29651744737352e-19,0.173377223464284,0.221555983453665,0.782543629658025,0.433895155048901,-0.260864524664251,0.607618971592819,80.1720986539922,0.59253740589188,17.0,2.9361487798398904e-15,0.768325314274984,fisher_only,downregulated,True,True,False,True,False,FT Field,56.0
AT1G61500,170.972047069436,1.81893001728464e-19,18,0.116724397470015,0.18431753488099,0.495465767934333,2,1,3,0.722222222222222,1.10959434446509e-18,0.15216867253372,0.10757095266618,1.41458887145806,0.157189073561432,-0.0586665204746554,0.363003865542095,81.8432819668505,0.152003834518457,18.0,6.20362131870057e-12,0.511226596418313,fisher_only,upregulated,True,True,False,True,False,LRDpBZ0,275.0
AT5G55240,141.193245344316,2.15550804745124e-19,11,3.54768881055574,0.532297062016921,7.42400382522551,2,0,2,0.666666666666667,1.3122935269298199e-18,3.2595866898599,1.94405870135717,1.6766914947498,0.0936028246497216,-0.550698348631857,7.06987172835165,97.8862651846553,42.972404251747,12.0,6.649302706057e-19,0.399612355313598,fisher_only,upregulated,True,True,False,True,False,RGE Fe norm,972.0
AT1G20630,170.091519262353,2.59082255871373e-19,18,0.162835817558643,0.0825144018091351,0.528518818564106,2,2,4,0.555555555555556,1.5723372499976799e-18,0.147601100313142,0.123554777566067,1.19462074410046,0.232235240667984,-0.0945618138342071,0.389764014460491,89.7360871722492,0.203402884838312,18.0,4.2919487662065e-18,0.607230141347434,fisher_only,upregulated,True,True,False,True,False,root length day004 minusZn,268.0
AT4G15500,169.378357369683,3.44920790818358e-19,18,-0.495423652689716,-0.547994383912493,0.408035262762318,0,6,6,0.888888888888889,2.0852340086503897e-18,-0.529191551762807,0.103271631978963,-5.12426831669133,2.98695376180632e-07,-0.731600231066249,-0.326782872459365,55.8116852586606,0.0818471076455912,18.0,0.0040102264794961,4.75383769869814e-05,consensus_significant,downregulated,True,True,True,True,True,LRDpBZ75,812.0
AT1G01710,169.040939895347,3.94890345619785e-19,18,-0.0318828253167992,0.0080123686337243,0.259649052456455,0,2,2,0.5,2.3837175887430098e-18,-0.0466528070871454,0.051044968824138,-0.913955051042845,0.360740464872324,-0.146699107574426,0.0533934934001349,76.3527171469063,0.0296972967407608,18.0,5.0745817524836e-10,0.721482954787524,fisher_only,downregulated,True,True,False,True,False,S34,337.0
AT1G17920,168.635420616807,4.64574161867564e-19,18,0.236451799169896,0.13048072205908,0.460057578220866,2,0,2,0.666666666666667,2.7994733048982297e-18,0.252229178388155,0.11880829345388,2.12299302561793,0.0337544362955293,0.0193692021538845,0.485089154622426,73.4963066155866,0.156149609831443,18.0,3.57508283624603e-10,0.233501543956389,fisher_only,upregulated,True,True,False,True,False,Mean(LRR) C,553.0
AT1G02890,168.159090297382,5.62218410740231e-19,18,0.0269112089165754,0.0240365353896149,0.223714288519449,1,3,4,0.611111111111111,3.3745458235028e-18,0.0161925246560407,0.0498145553506405,0.325056091378572,0.745138619900293,-0.0814422097370916,0.113827259049173,86.8860086372225,0.031965325168816,18.0,1.4412269198515e-19,0.918286931842404,fisher_only,upregulated,True,True,False,True,False,As;Stomatasize 261,336.0
AT1G54180,167.173905181122,8.3383442166754e-19,18,0.177047985187383,0.0988839293772538,0.356297077799399,2,0,2,0.666666666666667,4.9812201103783396e-18,0.213858106071147,0.0959040091822689,2.22991830992907,0.025752866598662,0.0258897021009014,0.401826510041392,79.6426344414441,0.115183002386468,18.0,1.26075824603742e-15,0.200054159395864,fisher_only,upregulated,True,True,False,True,False,Mean(TLRL) C;YEL ,174.0
AT3G46100,167.092287206769,8.61489029929603e-19,18,-0.0043548887164207,0.0700952089978141,0.35140264889215,3,2,5,0.555555555555556,5.14464873344567e-18,0.0477015081699448,0.0842870343379225,0.565941233365745,0.571433730231429,-0.117498043496074,0.212901059835964,84.1901579163419,0.088823824750106,18.0,2.0051537183145602e-09,0.845884954617046,fisher_only,downregulated,True,True,False,True,False,rSurvival fruit mlp,2.0
AT1G03110,166.559794687238,1.06575010973827e-18,18,0.0645474363817099,0.0941641653239805,0.285231839769286,2,0,2,0.611111111111111,6.34183632716417e-18,0.0781964086517735,0.0712927583002831,1.09683522585018,0.272713428408385,-0.0615348299753005,0.217927647278847,80.9726538210586,0.0650458209535269,18.0,3.85797414831467e-17,0.648659087295528,fisher_only,upregulated,True,True,False,True,False,Mean(LRD R) ABA,897.0
AT1G29560,166.512242507507,1.08618491528439e-18,18,0.0987496945444797,0.102293694976084,0.573625223435199,2,0,2,0.666666666666667,6.4619536093735896e-18,0.153204351776627,0.147609251589022,1.03790480696415,0.299314375387573,-0.136104465122769,0.442513168676023,85.5210878869575,0.276977751528066,18.0,5.296629912785511e-19,0.673415162074881,fisher_only,upregulated,True,True,False,True,False,RGE Fe norm,243.0
AT2G17450,166.40022976825,1.1358765815828899e-18,18,0.196499347163034,0.157736382921224,0.437357238307752,4,2,6,0.722222222222222,6.7513891961444695e-18,0.174565250340198,0.109951112477489,1.58766242929955,0.112362693063745,-0.0409349701757922,0.390065470856188,84.021866835583,0.168460987293671,18.0,1.31721777430414e-19,0.435293490993109,fisher_only,upregulated,True,True,False,True,False,clim-gs8,28.0
AT1G67430,165.993220124079,1.33627303555534e-18,18,0.0658949083325179,0.0517262239843112,0.17773520964222,2,1,3,0.722222222222222,7.91982491930542e-18,0.0501608628840653,0.0502652049242179,0.997924169605795,0.318316130900326,-0.0483571284429272,0.148678854211058,79.7942731534208,0.0305204147653029,18.0,4.1174907067013304e-19,0.689151434827144,fisher_only,upregulated,True,True,False,True,False,Yield sweden 2009 (2nd experiment),1.0
AT1G04900,165.913295141825,1.3795800835743e-18,18,0.217897552443545,0.188334981310378,0.211848117194559,5,0,5,1.0,8.17276405862229e-18,0.230302145804898,0.056341917459003,4.08758090230913,4.35894688935018e-05,0.119874016765324,0.340730274844473,63.8480573009832,0.031158463062998,18.0,2.53378116167252e-05,0.0024609314516544,consensus_significant,upregulated,True,True,True,True,True,Stomatasize 261,335.0
AT1G18980,165.888943728958,1.3930506370418898e-18,18,0.362819731396807,0.0952319789656334,1.47414535131784,2,3,5,0.611111111111111,8.2516230441807e-18,0.0317933038216715,0.210653608191997,0.150926936854051,0.880033351343116,-0.381080181448054,0.444666789091397,88.6006503124847,0.458139419142315,18.0,2.44758609973358e-16,0.965034670522176,fisher_only,upregulated,True,True,False,True,False,DTFplantingSummer2009,4.0
AT3G60510,165.693941359234,1.5057551426304699e-18,18,0.0383976646956923,0.0828502257258099,0.249737018898521,0,2,2,0.611111111111111,8.91108297122736e-18,0.0181284845399734,0.0706450879318872,0.256613517948369,0.797477138563141,-0.120333343491191,0.156590312571137,78.0434994185852,0.0609282913073346,18.0,1.64426515069746e-16,0.937664102640334,fisher_only,upregulated,True,True,False,True,False,LRLpMRL1225;LRL125,817.0
AT3G21240,165.500247623599,1.6266917638365e-18,18,-0.0112090744075033,-0.131569477620041,0.660048466634003,1,5,6,0.611111111111111,9.61363348153928e-18,-0.174270322384325,0.10127451846837,-1.72077167109665,0.0852922649340469,-0.372764731133966,0.0242240863653164,86.895794346422,0.125243603257593,18.0,5.0081112102596104e-17,0.382018635517791,fisher_only,downregulated,True,True,False,True,False,clim-tmax3;clim-tmin1;clim-tmin12;clim-tmin3;clim-bio6;clim-tmin11;clim-tmax12;clim-bio11;clim-gs sum;clim-tmin2;clim-cyclevsgs,3307.0
AT1G19180,160.759178782896,2.22887631190166e-18,17,-0.101423471292921,-0.123231901537458,0.42862919529805,1,3,4,0.647058823529412,1.3118724139715101e-17,-0.0941738916637192,0.0995955403689853,-0.945563338627616,0.34437135072869,-0.289377563807735,0.101029780480297,82.3019184114573,0.122206015757403,17.0,7.914632590071761e-15,0.709257443100895,fisher_only,downregulated,True,True,False,True,False,clim-pet7,77.0
AT5G53020,164.699743925504,2.23800739235062e-18,18,-0.0190755932760309,-0.0238974359751736,0.324073668134605,2,0,2,0.555555555555556,1.31709742227452e-17,0.0224813859138119,0.086887572028867,0.258741099432987,0.795835006304718,-0.147815125966897,0.192777897794521,77.1830637178652,0.0932039080973322,18.0,7.29606266925726e-14,0.93680877057406,fisher_only,downregulated,True,True,False,True,False,Mean(LRL) ABA,3.0
AT5G03500,164.582810528645,2.34469848780315e-18,18,0.0263652044864816,-0.0165611745190568,0.393969511471576,1,3,4,0.555555555555556,1.37863596029762e-17,-0.0045431112841163,0.0801430878821545,-0.056687499872687,0.95479413166021,-0.161620677142968,0.152534454574735,90.1346655280666,0.0967149702193852,18.0,3.20328626675279e-19,0.986547523515385,fisher_only,upregulated,True,True,False,True,False,SDV,55.0
AT5G19510,164.317520687263,2.6059118138236002e-18,18,0.173916659733062,0.162052839012573,0.238876265973027,4,0,4,0.777777777777778,1.53031714244465e-17,0.156529514139682,0.0509252562558611,3.07371087841442,0.0021141421180241,0.0567178459747214,0.256341182304643,84.6894322829675,0.0329811979131197,18.0,2.36864658275544e-10,0.0422698071875009,consensus_significant,upregulated,True,True,True,True,True,rSeeds mli,1286.0
AT4G35987,162.031755920409,6.46288296070508e-18,18,0.10625635625006,0.0898093989190133,0.278046395823119,2,0,2,0.555555555555556,3.74907889285296e-17,0.124058097384735,0.071256511220565,1.74100717618253,0.0816823206400827,-0.0156020982715468,0.263718293041016,85.376523856918,0.0672783742526454,18.0,2.1205970175230602e-17,0.373261011457641,fisher_only,upregulated,True,True,False,True,False,FT22,16.0
AT4G01250,161.278235596397,8.71276279840477e-18,18,-0.0976833029836318,0.116571795519643,0.699030615648588,3,4,7,0.555555555555556,5.0311649087673103e-17,-0.0657960528563547,0.162823429959176,-0.404094502080267,0.686143227748471,-0.384924111415621,0.253332005702911,91.0738797524033,0.355594759494867,18.0,4.36737414000998e-16,0.895977027370238,fisher_only,downregulated,True,True,False,True,False,clim-bio8,191.0
AT1G15460,156.720851771473,1.12434659440178e-17,17,0.17562498189526,-0.0589987668983358,1.71456354078988,1,2,3,0.529411764705882,6.470197648968491e-17,-0.268125174196212,0.228902857270849,-1.17134918014131,0.241458450680821,-0.716766530405389,0.180516182012965,88.9456609169549,0.518983243256808,17.0,2.79176196969287e-13,0.616436492061605,fisher_only,upregulated,True,True,False,True,False,clim-bio7;clim-bio4,730.0
AT5G48540,160.437790675205,1.21525385015668e-17,18,-0.205275830066596,-0.240109086287026,0.680029028965278,2,2,4,0.666666666666667,6.984042750191791e-17,-0.141947765280119,0.165158109675501,-0.859465911537826,0.390083519164912,-0.465651711998817,0.18175618143858,83.1590889538326,0.370149945874234,18.0,7.46205177139362e-19,0.741494685251235,fisher_only,downregulated,True,True,False,True,False,FT GH,9.0
AT1G56180,159.028524000611,2.12101789184117e-17,18,-0.0193692323231931,-0.0081833834101783,0.281206512867105,0,2,2,0.5,1.21010167752499e-16,-0.0314129159071236,0.0697972206022727,-0.450059696304021,0.652667396899699,-0.168212954508575,0.105387122694328,77.416387256641,0.05584367571133,18.0,1.3315476972151598e-11,0.882482075150328,fisher_only,downregulated,True,True,False,True,False,clim-gs9,110.0
AT1G21190,157.482903949823,3.9010376883619e-17,18,0.0079116308672301,-0.0285831759763797,0.348188380524591,1,2,3,0.555555555555556,2.20577140280718e-16,-0.005776393718794,0.077338463445375,-0.0746897916180347,0.940461530094818,-0.157356996691397,0.145804209253808,89.4722600083153,0.0905064403907911,18.0,1.15982765359033e-16,0.982063731526716,fisher_only,upregulated,True,True,False,True,False,GR21 cold;GR63 cold,394.0
AT4G17610,156.987959580468,4.73999982271422e-17,18,0.23189399166668,0.260317511731959,0.301104240728143,4,0,4,0.833333333333333,2.67402968259446e-16,0.245032618185739,0.0612731035944339,3.99902410375044,6.36042029449282e-05,0.124939541919657,0.365125694451821,67.1348524935593,0.0388412004450159,18.0,2.23903479138509e-05,0.0032963841171448,consensus_significant,upregulated,True,True,True,True,True,8W GH LN,668.0
AT1G29790,156.177716243537,6.51802092683106e-17,18,0.0665003641706208,0.0924070554317217,0.266063116631002,3,0,3,0.555555555555556,3.65879087306358e-16,0.0777030819930782,0.0604164198871445,1.28612523115776,0.19839935978634,-0.0407109250605744,0.196117089046731,78.388075389397,0.0463390348325867,18.0,2.0501273980814197e-11,0.567501549835271,fisher_only,upregulated,True,True,False,True,False,root length day004 minusZn,268.0
AT1G03080,155.693134073031,7.884237193394361e-17,18,0.0828822288250235,0.0218040830042431,0.354362118753054,1,3,4,0.666666666666667,4.41376113228736e-16,0.033613108957654,0.0747901808950653,0.449432112015012,0.653119970739726,-0.11297295199391,0.180199169909218,82.4812357894637,0.0732595356110037,18.0,4.69776674038634e-14,0.882482075150328,fisher_only,upregulated,True,True,False,True,False,Mean(LRD R) ABA,897.0
AT1G03130,155.341769223802,9.049835560837661e-17,18,-0.188617263638448,0.0177148939540456,0.979121443940264,2,2,4,0.5,5.058103763116901e-16,-0.111558785610753,0.223071792144245,-0.500102610636741,0.6170028280108,-0.548771464180279,0.325653892958772,93.181105463148,0.669816221804493,18.0,2.6538315633001e-18,0.86598319343281,fisher_only,downregulated,True,True,False,True,False,clim-bio12,776.0
AT4G36030,112.430382657766,1.5457998195531298e-16,8,-0.464552936251188,-0.298189975290516,0.810105243578909,0,3,3,0.875,8.57234281810312e-16,-0.445582110157935,0.274619096471559,-1.62254597689306,0.104686497031408,-0.983825648709121,0.0926614283932513,93.6175496570595,0.524455918306291,8.0,1.31830939038052e-07,0.421128820675425,fisher_only,downregulated,True,True,False,True,False,FT22,8.0
AT1G11240,153.048087937425,2.22144835000643e-16,18,0.127598819417173,0.108834410327493,0.249339873430353,4,0,4,0.666666666666667,1.2252432605067402e-15,0.128860931391431,0.0567840955260699,2.26931379636521,0.023249250147552,0.0175661492656516,0.24015571351721,80.2434538032041,0.0422542459252378,18.0,6.087309187766489e-11,0.189099246693148,fisher_only,upregulated,True,True,False,True,False,aLRLpMRL125,759.0
AT2G35810,151.710586516966,3.74383843941444e-16,18,-0.045800183934195,-0.0310528560932502,0.269854913321445,1,2,3,0.555555555555556,2.0481602070628102e-15,-0.0896458907426779,0.0634065526190293,-1.41382691598618,0.157412728588348,-0.213920450259819,0.0346286687744634,76.0945670980188,0.0459489680168515,18.0,2.1100488659574198e-11,0.511665330790494,fisher_only,downregulated,True,True,False,True,False,clim-aet1,411.0
AT3G19540,151.371857576709,4.27206428537514e-16,18,0.0150413134822315,-0.020823060822146,0.230470082108315,3,1,4,0.555555555555556,2.3336954896879803e-15,0.0309554525865799,0.055715891771393,0.555594671509391,0.578487974912178,-0.078245688651882,0.140156593825042,84.0730756789193,0.0400190343724441,18.0,4.7558239070649704e-14,0.849351169921521,fisher_only,upregulated,True,True,False,True,False,clim-gs tmax,120.0
AT2G03620,150.964900220852,5.00561153601613e-16,18,0.0140907757917158,0.0808117633207345,0.238940492684894,0,3,3,0.611111111111111,2.7275196255199302e-15,-0.0281872278436435,0.0604180397869412,-0.466536616266321,0.640831444382643,-0.146604409842556,0.0902299541552692,77.8610416258075,0.0446666817869496,18.0,1.02492117690328e-11,0.877375785372169,fisher_only,upregulated,True,True,False,True,False,clim-pet1,2445.0
AT1G04190,150.676129790808,5.60091426778658e-16,18,0.0719287806732243,-0.0244911977799193,0.234834083769903,3,0,3,0.555555555555556,3.04837511967692e-15,0.0852350393465729,0.0581610888776107,1.46549937409072,0.142784723006392,-0.0287586001551771,0.199228678848323,72.9998134176181,0.038174708728246,18.0,7.169619467251091e-09,0.487869162166977,fisher_only,upregulated,True,True,False,True,False,clim-tmin11,1188.0
AT3G29100,149.193611473332,9.96297153502396e-16,18,0.0824669037179278,0.0285278665062192,0.371262826944928,4,0,4,0.666666666666667,5.36454181594853e-15,0.134325492972166,0.0825800403550866,1.62660967946465,0.103820022240412,-0.0275284119656684,0.29617939791,81.49792261252,0.0861667888499766,18.0,7.60116747795964e-12,0.419549656041866,fisher_only,upregulated,True,True,False,True,False,rSeeds tli,1.0
AT1G69570,148.767622225878,1.17525581236876e-15,18,-0.44424660266411,-0.22036272123026,0.946904613825757,2,1,3,0.611111111111111,6.313077201174791e-15,-0.211815296252825,0.168910957014582,-1.25400566071352,0.209839947922432,-0.5428746885956,0.11924409608995,85.0428406650311,0.307616460683851,18.0,6.61470882483699e-11,0.580781812547073,fisher_only,downregulated,True,True,False,True,False,rFitness mlp,261.0
AT2G26860,148.446711237396,1.33088510888418e-15,18,0.232452905268713,0.251511537289401,0.257881797679451,4,0,4,0.833333333333333,7.13872137620896e-15,0.248503305042442,0.0506264638941594,4.90856532192269,9.17450717095198e-07,0.149277259145272,0.347729350939612,61.4079999422227,0.0247564669952336,18.0,0.0002272878117798,0.0001169558059109,consensus_significant,upregulated,True,True,True,True,True,Length,1.0
AT1G22730,148.305092719387,1.4059306384164302e-15,18,0.0527146607950096,0.0292468758245383,0.191350689566902,2,1,3,0.555555555555556,7.53658397691088e-15,0.0477400596063374,0.0510898928022867,0.934432565577836,0.35008080583266,-0.0523942902601567,0.147874409472831,84.651925622309,0.0329946523153495,18.0,2.68546544254356e-16,0.714046644978403,fisher_only,upregulated,True,True,False,True,False,DTFplantingSummer2009,4.0
AT5G44860,148.000546812652,1.58187879367769e-15,18,-0.0831997889789511,-0.130626259275089,0.381334040578282,2,3,5,0.722222222222222,8.458797781853061e-15,-0.0869776010705247,0.0741710649421687,-1.17266215792292,0.240931312360038,-0.232350217052157,0.0583950149111074,88.161971260902,0.0752184348846655,18.0,2.0369450319616398e-12,0.61588205239135,fisher_only,downregulated,True,True,False,True,False,clim-tmax5;clim-tmin6,591.0
AT1G05060,147.31699792951,2.06063948593424e-15,18,-0.0921306478768576,-0.0991248568986398,0.253258081332327,0,4,4,0.666666666666667,1.09747819352974e-14,-0.142496762278307,0.056943199029185,-2.50243689690271,0.0123341611137653,-0.254103381540006,-0.0308901430166081,70.7189190061785,0.0355499405371641,18.0,1.33017903506228e-06,0.131886289581456,fisher_only,downregulated,True,True,False,True,False,clim-aet2,242.0
AT1G47890,147.169741292768,2.1813209041147604e-15,18,0.273229150429606,-0.261250848305325,1.72324320830585,0,2,2,0.555555555555556,1.16091813212121e-14,-0.305461418851426,0.288216407122729,-1.05983355320002,0.289220329192749,-0.870355196565508,0.259432358862656,79.4202926466687,0.932411100351419,18.0,6.95877656926187e-13,0.663926805408139,fisher_only,upregulated,True,True,False,True,False,aLRLpMRL0,234.0
AT3G11730,146.892631181396,2.4278070645801702e-15,18,-0.0121909613468547,-0.105140868024614,0.242476733907098,3,2,5,0.555555555555556,1.28985171930367e-14,-0.0069812401694534,0.0593433240394464,-0.117641542371522,0.906351687420503,-0.123292018009658,0.109329537670751,82.8504844893808,0.0493052208305767,18.0,1.10920837845461e-15,0.972635027787787,fisher_only,downregulated,True,True,False,True,False,DTFplantingSummer2008,56.0
AT2G22540,146.796199992641,2.5199263365993202e-15,18,0.0432360344066882,0.0824364794673067,0.481683249616921,5,1,6,0.555555555555556,1.33783445985926e-14,0.0730627721645934,0.121248846271734,0.602585298014715,0.546784603235054,-0.164580599695039,0.310706144024226,83.80976659232,0.184302802926795,18.0,2.24589352693153e-13,0.833463084154425,fisher_only,upregulated,True,True,False,True,False,FT16;FT10;FT GH;0W GH FT;LD;2W,34.0
AT1G20816,146.330921357982,3.01565997685099e-15,18,0.120833561522293,0.0565659526971913,0.436241777368707,3,0,3,0.555555555555556,1.59530902516098e-14,0.154281096025162,0.106629010677331,1.44689606557478,0.147926035250541,-0.0547079246095441,0.363270116659868,80.7579008474682,0.151659758015589,18.0,4.90069649814364e-12,0.496409961382773,fisher_only,upregulated,True,True,False,True,False,Basal125,2.0
AT5G51800,138.574981769371,3.20622579712986e-15,16,0.907688435001668,0.890520821388346,0.876808433043647,4,0,4,0.875,1.6949106243312e-14,0.893096165432222,0.241331469898173,3.70070329331294,0.0002150027534727,0.420095176095691,1.36609715476875,77.224463402965,0.573591148440609,16.0,1.9368714391465e-08,0.0083497027404035,consensus_significant,upregulated,True,True,True,True,True,clim-bio5;clim-bio1;clim-bio11;clim-tmax7;clim-pet4;clim-tmax10,1613.0
AT5G40870,145.55281248525,4.0705761235499805e-15,18,0.0722204793326236,0.0846013319331744,0.212253102455072,3,1,4,0.666666666666667,2.1415810581689502e-14,0.0711046166880901,0.0530844133421609,1.3394631721703,0.180419935863932,-0.0329389216029827,0.175148154979163,80.0513558378609,0.0369553758088442,18.0,4.5665153399191e-12,0.544553234913246,fisher_only,upregulated,True,True,False,True,False,deltaRGR P Zn norm on Zn norm;RGE Fe norm,346.0
AT1G03270,145.53202492083,4.10330149960968e-15,18,0.124376855948167,0.0100086599100368,0.515143065054903,3,0,3,0.5,2.15836070873865e-14,0.179485749445156,0.125802898595153,1.4267218915421,0.153660072995891,-0.0670834009520883,0.4260548998424,90.7431326648132,0.209265313661145,18.0,1.60328898087359e-16,0.505356188344244,fisher_only,upregulated,True,True,False,True,False,clim-bio12,776.0
AT1G63120,145.489146112434,4.17163362906922e-15,18,-0.0953597411322551,-0.171535270320944,0.254203654782168,2,1,3,0.666666666666667,2.19363684885838e-14,-0.0568859406336688,0.0666791466257011,-0.853129404204799,0.393587546886487,-0.187574666539908,0.0738027852725708,81.2189419383591,0.0570623418189204,18.0,4.82998455114118e-14,0.74344314411892,fisher_only,downregulated,True,True,False,True,False,Seed bank 133-91,87.0
AT1G03457,144.985323323304,5.0645273822999705e-15,18,-0.131855381451654,-0.171000840670031,0.382505731334517,1,4,5,0.833333333333333,2.65455499564483e-14,-0.163849518695296,0.0745772552535667,-2.19704410062021,0.0280172967525841,-0.310018253058137,-0.0176807843324548,83.9024946427868,0.0719289338872059,18.0,6.05944375987657e-07,0.209580366884526,fisher_only,downregulated,True,True,False,True,False,LRDpMR0,224.0
AT1G53490,143.15755460819,1.0218679701261801e-14,18,-0.0473817963429652,0.0957344714417724,0.512567604639416,0,2,2,0.722222222222222,5.2967112271566e-14,-0.0510132294637288,0.130838456229325,-0.389894767439906,0.696614363306173,-0.307451891466025,0.205425432538568,85.228429001448,0.230088594195146,18.0,4.0713946817253703e-17,0.899778222620455,fisher_only,downregulated,True,True,False,True,False,Mean(TLRL) C,3.0
AT5G27720,141.596870554344,1.8569026514602202e-14,18,-0.0649906611196087,-0.0947409996935995,0.205176159017226,1,2,3,0.722222222222222,9.53453744691696e-14,-0.0891770099409774,0.0426118333064754,-2.09277571559978,0.0363691806020896,-0.172694668536893,-0.0056593513450613,71.0366814564397,0.0191776037463821,18.0,5.83265469688168e-08,0.243846980270672,fisher_only,downregulated,True,True,False,True,False,clim-tmax1,387.0
AT2G35710,141.253452306648,2.11715275748707e-14,18,-0.201628358092203,-0.120835378771525,0.752942823383657,1,3,4,0.722222222222222,1.08482915654395e-13,-0.189109583478936,0.167401904407378,-1.12967402699752,0.258613605381901,-0.517211287060815,0.138992120102942,91.4555352130919,0.417654475084377,18.0,1.80887748932652e-14,0.63373485518437,fisher_only,downregulated,True,True,False,True,False,clim-aet1,411.0
AT4G12490,117.457811752047,2.7457007207301e-14,12,0.843415915310398,-0.49719924140753,2.22248233900379,2,2,4,0.583333333333333,1.40094979459903e-13,0.515569718654049,0.590029898596252,0.87380270030493,0.38222570964996,-0.640867632396425,1.67200706970452,93.0161960983318,3.45265243691121,12.0,1.3282428532098099e-11,0.735489696919742,fisher_only,upregulated,True,True,False,True,False,Germ in dark,20.0
AT3G07050,139.229975092689,4.5764705230435204e-14,18,0.136132869660169,0.123846648301965,0.25174582242944,2,0,2,0.611111111111111,2.31459166455351e-13,0.125339620204316,0.0522976051680114,2.39666079931671,0.01654523212711,0.0228381975973176,0.227841042811314,67.222034162722,0.0279610373934292,18.0,2.05982809144189e-06,0.156477000306776,fisher_only,upregulated,True,True,False,True,False,avrRpm1;avrB,42.0
AT1G09960,138.929711754011,5.12958146238435e-14,18,-0.0462538073429414,-0.11818238844949,0.368586305141197,1,2,3,0.555555555555556,2.59054595192381e-13,-0.0701198563431329,0.0896127154439193,-0.782476638452215,0.433934509494588,-0.245757551170051,0.105517838483785,79.9155243575832,0.102847455101956,18.0,1.32502831572392e-10,0.768325314274984,fisher_only,downregulated,True,True,False,True,False,LRL125,398.0
AT2G25300,137.786890676709,7.91358782447765e-14,18,0.110660516505071,0.099731184392135,0.252222039770981,2,0,2,0.611111111111111,3.96374369502234e-13,0.147313156219357,0.0634898669220789,2.32026248220294,0.0203266823706063,0.0228753036688419,0.271751008769873,73.7314188131392,0.0440038298543934,18.0,2.67256416719951e-07,0.175537547955483,fisher_only,upregulated,True,True,False,True,False,LN10,3.0
AT1G77950,130.105538882518,8.74575115254032e-14,16,0.435461553161255,-0.284763653287193,2.88930154657806,1,3,4,0.5625,4.37338115972633e-13,0.137396925436199,0.670997706974681,0.204765119177052,0.83775564040216,-1.17773441394314,1.45252826481554,88.3723167819427,5.6028790330248,16.0,5.49832343396171e-13,0.951211770438751,fisher_only,upregulated,True,True,False,True,False,Na23,4.0
AT5G57110,137.014916890123,1.0599587669199599e-13,18,0.189271054862835,0.0811103461238794,0.502407636004274,4,2,6,0.611111111111111,5.28716193771388e-13,0.144994061489557,0.0899407324434346,1.61210674574778,0.106938713073472,-0.0312865348427276,0.321274657821842,88.6164253918022,0.106158057675577,18.0,1.35259987852519e-12,0.425546256615111,fisher_only,upregulated,True,True,False,True,False,FT10,2.0
AT1G76760,136.67017437131,1.20751797644728e-13,18,-0.0727925112474424,-0.116963731053637,0.392328589006179,1,4,5,0.666666666666667,6.00818622333335e-13,-0.153072560553633,0.0838173681621024,-1.82626302770079,0.0678106515156644,-0.317351583430288,0.0112064623230219,74.3784930128826,0.0775579593667099,18.0,1.29563924331308e-06,0.33924287370926,fisher_only,downregulated,True,True,False,True,False,DTF spain 2008 (2nd experiment),27.0
AT1G54170,135.65780001771,1.7695316956057998e-13,18,-0.0551097356857311,-0.0420131992403022,0.175500893561715,0,3,3,0.611111111111111,8.74504518507299e-13,-0.0779155415455061,0.0407901164049764,-1.91015737175,0.0561129539131751,-0.157862700624456,0.0020316175334439,72.1701390513865,0.0198884210862859,18.0,1.94479734196329e-08,0.307709484193673,fisher_only,downregulated,True,True,False,True,False,Mean(TLRL) C;YEL ,87.0
AT5G44010,135.521345337794,1.86293716928374e-13,18,0.0379278041171286,-0.162996111248542,0.564350294427282,3,0,3,0.611111111111111,9.1943992034039e-13,0.0395773239791094,0.135168661174783,0.292799556014934,0.769675367638105,-0.225348383761962,0.304503031720181,82.6188771148602,0.250135325453337,18.0,6.46355936780088e-14,0.927873896894267,fisher_only,upregulated,True,True,False,True,False,PC3sc75;aLRLpMRL75,301.0
AT3G18770,135.380110194915,1.9647765223980499e-13,18,-0.136858030561849,-0.119192954583985,0.297363411837048,0,3,3,0.666666666666667,9.68688764975597e-13,-0.133493468612062,0.064831343328016,-2.05908842481712,0.0394857684934971,-0.260560566604324,-0.0064263706197997,74.8886918665247,0.0492150389228426,18.0,1.83732199041939e-09,0.255015457692109,fisher_only,downregulated,True,True,False,True,False,Se82;clim-gs tmax,405.0
AT3G19240,135.296451539914,2.02768902104272e-13,18,-0.11806601105614,-0.113953443336744,0.2291595026241,0,3,3,0.666666666666667,9.99421537332746e-13,-0.138344452987705,0.0477995529922004,-2.89426248421777,0.003800503144197,-0.232029855329531,-0.0446590506458781,64.0140665644314,0.0216375140752023,18.0,0.0003907504473581,0.0623412283065185,fisher_only,downregulated,True,True,False,True,False,clim-gs tmax,60.0
AT1G78130,95.5487260528396,2.34893201907047e-13,8,0.0296726459773751,0.0984972261888288,0.40053796427798,1,2,3,0.625,1.1546876370692999e-12,0.0111998273848923,0.137385269444422,0.0815213117838892,0.935027376931417,-0.258070352732506,0.280470007502291,92.1478515873761,0.128809260091185,8.0,1.00991396074428e-13,0.980641682714282,fisher_only,upregulated,True,True,False,True,False,DTF spain 2008 (2nd experiment);DTFplantingSummer2008,166.0
AT5G46740,134.630910110059,2.60495584806501e-13,18,-0.0279777997048175,-0.0707182801134501,0.366353990393535,2,1,3,0.555555555555556,1.277639514935e-12,-0.0211353280456939,0.0815217122975157,-0.259260109362767,0.795434555471348,-0.180914948106861,0.138644292015473,85.1509637087941,0.0854122713521353,18.0,2.16697604033065e-13,0.936599638618269,fisher_only,downregulated,True,True,False,True,False,clim-bio15;clim-aet12;clim-prec2,1305.0
AT1G06645,134.614953815372,2.62063598201844e-13,18,0.283862003788358,0.289119062797449,0.931445698350009,3,0,3,0.666666666666667,1.28520861856505e-12,0.327836607701626,0.154809331745827,2.11767988405171,0.0342021876158514,0.024415893009092,0.63125732239416,77.7005114041498,0.217375004555781,18.0,1.02756833196857e-05,0.2351950036131,fisher_only,upregulated,True,True,False,True,False,clim-aet12,453.0
AT2G29630,130.73210939042,2.8583877824092597e-13,17,0.101828918395825,0.0507515257081455,0.818657902203214,2,3,5,0.588235294117647,1.39942632105295e-12,-0.0362759152052959,0.123964876844656,-0.292630591250088,0.769804528392966,-0.279242609168764,0.206690778758172,89.8066041320442,0.179071951234581,17.0,3.48978331502118e-14,0.927943361162136,fisher_only,upregulated,True,True,False,True,False,clim-pet10,373.0
AT1G17760,134.377628824224,2.86523403888654e-13,18,0.020139376162247,0.002368515510413,0.195591128836482,1,2,3,0.5,1.4025135513746099e-12,0.0067361699459006,0.0519673458802165,0.129623128366558,0.896864603835537,-0.0951179563514597,0.108590296243261,78.6401468695123,0.032721646480307,18.0,1.7531082806194902e-14,0.969536891455422,fisher_only,upregulated,True,True,False,True,False,clim-pet9,221.0
AT1G10580,134.353213140783,2.89165017471885e-13,18,0.0257639587542559,0.0422495904776645,0.217590842230508,0,2,2,0.666666666666667,1.41491030185804e-12,-0.0048011403572881,0.0549667756667073,-0.0873462250432885,0.930396312125544,-0.112534041010327,0.102931760295751,78.5915630370331,0.036714537876224,18.0,1.81505632744532e-10,0.979333681357857,fisher_only,upregulated,True,True,False,True,False,S34,337.0
AT1G71890,126.94943678805,2.95291297213042e-13,16,0.656166190369225,0.344278012352002,1.69475174669895,4,0,4,0.5,1.44447819195609e-12,0.550212102203076,0.371175611253386,1.48234982450792,0.138247237328269,-0.177278727793201,1.27770293219935,87.8564096644554,1.60201092095337,16.0,4.60032120025088e-10,0.480876592087847,fisher_only,upregulated,True,True,False,True,False,8W,4.0
AT3G11964,134.072023071772,3.21388820301223e-13,18,0.189069187684934,0.139718306528655,0.295351322416855,5,0,5,0.777777777777778,1.57065924316891e-12,0.140454308450053,0.0517212681206533,2.71560063303953,0.0066155667413276,0.0390824856988332,0.241826131201273,75.3111922960148,0.0300407280540548,18.0,5.64419971766628e-07,0.0888077787340344,fisher_only,upregulated,True,True,False,True,False,clim-cyclelength,10.0
AT1G48850,133.39541467282,4.14298266664081e-13,18,-0.0909841188538698,-0.103863302888855,0.158175052176773,2,3,5,0.833333333333333,2.01674116846112e-12,-0.0826217678369054,0.0506148411567301,-1.63236248398104,0.102603147404335,-0.181825033587312,0.0165814979135012,73.4350611075641,0.0286470909681934,18.0,1.86582736244535e-14,0.417035777510891,fisher_only,downregulated,True,True,False,True,False,Leaf roll 16,4.0
AT1G70620,130.994429441179,1.0166643255816299e-12,18,0.133207425292995,0.127238107791672,0.252947900510687,3,1,4,0.833333333333333,4.8717473143765095e-12,0.123064237338503,0.0569048277734582,2.16263262984346,0.0305694465132355,0.0115328243560703,0.234595650320936,76.3436761902932,0.0397813495310426,18.0,4.47199376628872e-10,0.220439911451384,fisher_only,upregulated,True,True,False,True,False,Mean(LRD P) ABA;Mean(LRR) ABA,1553.0
AT1G11670,130.708461567872,1.1309823073466299e-12,18,-0.252278190772858,-0.187674076509549,0.321904556889498,0,6,6,0.722222222222222,5.410056473142599e-12,-0.235541116750646,0.0680980590145341,-3.4588521341023,0.0005424826340272,-0.369010859836216,-0.102071373665076,74.1941630458628,0.0463374442361282,18.0,3.42613796395718e-06,0.0164189201357198,consensus_significant,downregulated,True,True,True,True,True,Stomatasize 261,335.0
AT1G33100,119.697426324284,1.14653542877561e-12,15,0.0404009138144694,0.0508303580674338,1.54827132674079,0,2,2,0.6,5.48243369162366e-12,-0.433455737723163,0.322235720257448,-1.34515111290845,0.178576439862969,-1.06502614396008,0.198114668513759,74.4227256599941,0.875684070446098,15.0,2.99986205636661e-07,0.542203176074871,fisher_only,upregulated,True,True,False,True,False,LRDpBZ125,88.0
AT4G36240,130.56638121078,1.1924389429137599e-12,18,0.0164535446371116,-0.114341715758716,0.482479479229214,2,1,3,0.611111111111111,5.6982573958352895e-12,-0.016873521963886,0.110683518166472,-0.152448370303044,0.878833308894508,-0.233809231252356,0.200062187324584,84.4919002999614,0.154703843125809,18.0,1.0841261589212299e-12,0.964731772845176,fisher_only,upregulated,True,True,False,True,False,Germ 22,2.0
AT3G20780,129.219511178332,1.96727022026412e-12,18,0.151157575203073,0.169916633504295,0.269269355688229,2,0,2,0.722222222222222,9.317694077562319e-12,0.176459831407431,0.0614679632869613,2.87076099436765,0.0040948500344764,0.0559848371619568,0.296934825652906,79.1394468337439,0.0422859131224719,18.0,1.09351280058654e-08,0.0651110018966519,fisher_only,upregulated,True,True,False,True,False,clim-tmin11;clim-tmin3;clim-tmax1,1944.0
AT5G25120,129.043529308591,2.0999883035370898e-12,18,-0.316542647163963,-0.149008610296084,0.545005327788038,0,3,3,0.666666666666667,9.9372258335046e-12,-0.314827433593174,0.0992996906699328,-3.17047748557087,0.0015218862614465,-0.509451250982211,-0.120203616204138,57.7871083535712,0.0780122749688141,18.0,0.0012376331639496,0.0338100513045044,consensus_significant,downregulated,True,True,True,True,True,RGR P norm;RGR Zn norm,622.0
AT3G23160,128.981698087474,2.14869879802705e-12,18,-0.259903856818309,-0.156240756902703,0.414985746351637,0,5,5,0.777777777777778,1.0164945430352899e-11,-0.266727362667931,0.0917292774846864,-2.90776696363339,0.0036401948978228,-0.446513442865797,-0.0869412824700646,80.718922594412,0.103316868994061,18.0,1.94061267686956e-06,0.0606122824385875,fisher_only,downregulated,True,True,False,True,False,8W GH FT,29.0
AT1G02190,117.592426763883,2.57549603966286e-12,15,1.35833669527035,1.28891475896345,1.36914810207719,5,0,5,0.866666666666667,1.21342429152635e-11,1.1924010769288,0.184191859050934,6.47369043926676,9.563774026835001e-11,0.831391666943493,1.55341048691411,20.6665799045532,0.0891361818999418,15.0,0.333369070312843,4.8647730549834e-08,consensus_significant,upregulated,True,True,True,True,True,rSurvival fruit mhi,414.0
AT2G22840,128.164525901162,2.90829367259394e-12,18,0.0448599581184802,-0.049841363385262,0.349145502268831,3,2,5,0.555555555555556,1.36711665520603e-11,0.056872416180549,0.0832599794339704,0.683070264575934,0.494562443938156,-0.106314144863579,0.220058977224677,79.6703325418693,0.0870381704341046,18.0,1.08346836570802e-12,0.805562859832813,fisher_only,upregulated,True,True,False,True,False,8W GH FT,29.0
AT1G68790,128.152431925181,2.92133752182217e-12,18,0.111940483014786,0.0230997257080578,0.242066199443556,4,0,4,0.555555555555556,1.3731238790082599e-11,0.124138102169581,0.0526522917914465,2.35769608398598,0.0183887408265592,0.0209415065548516,0.22733469778431,74.3763415730079,0.0309599967076724,18.0,2.54949886732324e-08,0.165942949258456,fisher_only,upregulated,True,True,False,True,False,0W GH LN,24.0
AT3G02885,119.932068166656,4.27706523496321e-12,16,0.367995066833353,-0.151600567445566,1.62882029098056,2,0,2,0.5625,1.99805547038547e-11,-0.0179584264617358,0.314884320947725,-0.0570318217422999,0.954519846301579,-0.635120354815628,0.599203501892157,79.0930575490726,0.943795386046883,16.0,7.232824259677999e-13,0.986547523515385,fisher_only,upregulated,True,True,False,True,False,LRDpBZ75,812.0
AT5G04960,119.20168649326,5.633688692204879e-12,16,0.810902984422966,0.0168117747327681,2.53426819896703,3,1,4,0.5,2.6186107542013696e-11,0.403975824068744,0.432338252115552,0.934397597464431,0.350098836597843,-0.443391579216737,1.25134322735422,96.9520696432749,2.38350609750531,16.0,2.86157933466503e-13,0.714046644978403,fisher_only,upregulated,True,True,False,True,False,aLRL125;LRLpMRL1225;PC3sc125,1800.0
AT3G02550,126.280529433753,5.82947245299537e-12,18,0.217509502218155,0.142098668854499,0.446533232341934,1,1,2,0.611111111111111,2.7076736153831497e-11,0.149797300697155,0.0983318549462758,1.52338528322279,0.12766234173834,-0.0429295935305627,0.342524194924872,81.5312295487472,0.109174915152828,18.0,2.7345998090803603e-09,0.462738798386922,fisher_only,upregulated,True,True,False,True,False,clim-gs tmax,60.0
AT2G18090,126.170823548905,6.069689570224059e-12,18,0.018483738546784,-0.0081796835478102,0.195041312608008,1,2,3,0.5,2.8164770530549697e-11,0.007350779016423,0.0448884427412979,0.163756605654316,0.869922754096374,-0.0806289520786093,0.0953305101114555,74.9118729863318,0.0230225948328401,18.0,6.22608696026461e-11,0.961184717344076,fisher_only,upregulated,True,True,False,True,False,clim-aet10,286.0
AT1G03920,126.031678160196,6.38854787570405e-12,18,0.0905070719378565,0.0985450924431945,0.487059273595025,2,0,2,0.555555555555556,2.9607288445121494e-11,0.0635961220370306,0.142902443771822,0.445031731847615,0.656296822661658,-0.216487521058502,0.343679765132563,74.341871190296,0.225177390233739,18.0,2.66927488178998e-12,0.88375274925219,fisher_only,upregulated,True,True,False,True,False,clim-bio17;clim-bio14,269.0
AT1G69380,125.573175089495,7.56155191771579e-12,18,0.103381578308806,0.099040465846104,0.311549594038697,3,0,3,0.611111111111111,3.4937425984275495e-11,0.140761995213177,0.0727507070068912,1.9348539829289,0.0530082164633826,-0.0018267703701558,0.283350760796509,77.6264774399903,0.0607431750875343,18.0,7.05069848170509e-11,0.29872825017158,fisher_only,upregulated,True,True,False,True,False,SDV,55.0
AT1G09150,125.30520413799,8.34361470856813e-12,18,0.0107329227882894,-0.022475999991523,0.141724351936628,4,0,4,0.611111111111111,3.84926175101684e-11,0.0281708743060453,0.0382498523474958,0.73649628892985,0.461428725198072,-0.0467974587090212,0.103139207321112,77.9515630625774,0.0175424189680246,18.0,5.506847304350699e-12,0.784531654809829,fisher_only,upregulated,True,True,False,True,False,ScalingExponent,1.0
AT1G69770,124.852411828194,9.851553331713669e-12,18,0.126045807598445,0.169057269775696,0.396195997675524,4,0,4,0.777777777777778,4.5360669754193695e-11,0.197092197322692,0.0719003309898818,2.74118623112358,0.0061217798934807,0.0561701381060144,0.338014256539369,74.5047796680491,0.0578680116980939,18.0,7.86828675143735e-07,0.0845190069168057,fisher_only,upregulated,True,True,False,True,False,rFitness mlp,261.0
AT4G35270,124.669866300571,1.0533347658978099e-11,18,-0.236904143097706,-0.20051852049735,0.394707671638563,0,7,7,0.777777777777778,4.8426900243478e-11,-0.219272976464032,0.0674746380028671,-3.2497095642768,0.0011552292572772,-0.351520836819529,-0.0870251161085346,76.183053619749,0.0535730933423082,18.0,1.97689192032538e-06,0.0281663133386148,consensus_significant,downregulated,True,True,True,True,True,Mean(R) ABA,3.0
AT3G27530,123.855326588068,1.4192498781552499e-11,18,0.0455240715637614,0.0947569547407546,0.138630200924688,0,2,2,0.666666666666667,6.49677967244095e-11,0.0325051953543747,0.0366630653669933,0.886592406526876,0.37529838357107,-0.0393530923277698,0.104363483036519,75.6691349520557,0.0151595105801241,18.0,9.55341086886618e-12,0.730993248404927,fisher_only,upregulated,True,True,False,True,False,FRI,4.0
AT3G12150,123.611856834721,1.5513362157984e-11,18,-0.0367530068580385,0.0319436200103007,0.408561786319552,2,3,5,0.611111111111111,7.089539573492369e-11,-0.0172806147125462,0.0850480755080083,-0.203186428491483,0.838989320082122,-0.183971779662686,0.149410550237593,90.4454574957681,0.106256589375057,18.0,1.02386605899185e-12,0.951609169436817,fisher_only,downregulated,True,True,False,True,False,clim-cyclelength,10.0
AT3G13750,123.602053405513,1.55690281536534e-11,18,-0.126878998970784,-0.0362820104964727,0.27869476241583,0,2,2,0.666666666666667,7.113099737700389e-11,-0.135861172346106,0.0672703600658869,-2.01962903443714,0.0434218811570482,-0.267708655302286,-0.0040136893899259,74.7652474756676,0.0529576812821039,18.0,7.835583724253491e-09,0.269003090382363,fisher_only,downregulated,True,True,False,True,False,Storage 7 days,4.0
AT3G01540,123.511538627264,1.6092442776302598e-11,18,0.0457042317696567,0.0653607533286261,0.173496780740883,2,2,4,0.611111111111111,7.3477071569709e-11,0.0349124400388874,0.0401428939448051,0.869704114678194,0.384462123051712,-0.0437661863281417,0.113591066405916,81.9594551775292,0.0193275138369712,18.0,8.044067277872949e-11,0.737423387602894,fisher_only,upregulated,True,True,False,True,False,clim-gs4,239.0
AT4G12020,123.335712921684,1.71595744771844e-11,18,0.0633787958853754,0.0591111132613527,0.253035339936004,1,2,3,0.777777777777778,7.82737805361528e-11,0.0317300387703764,0.0619128855951043,0.512494910637559,0.60830468128079,-0.0896169871749767,0.153077064715729,79.8525612267877,0.0467404821717376,18.0,1.7385706013532799e-12,0.862573450607402,fisher_only,upregulated,True,True,False,True,False,clim-gs tmin,4947.0
AT3G54520,115.398693944773,2.3439580081804397e-11,16,-0.705036418397416,-0.962249284904338,1.30980878816909,0,2,2,0.75,1.0639650566955801e-10,-0.983892113414688,0.304961532601013,-3.2262826889119,0.0012540942515119,-1.58160573398281,-0.386178492846565,63.1435634193378,0.792193166474654,16.0,9.5974609200887e-05,0.0299160579979072,consensus_significant,downregulated,True,True,True,True,True,Straight75,4.0
AT4G36650,122.40619494453,2.4081434699759798e-11,18,-0.0246808818494317,0.0254338710450259,0.206396967774304,0,2,2,0.5,1.09243120562209e-10,-0.0549769240863993,0.0524350466866983,-1.04847668802297,0.294419037324374,-0.157747727120004,0.0477938789472056,73.2422286478923,0.0305697883823991,18.0,3.69239637838393e-08,0.669077546042714,fisher_only,downregulated,True,True,False,True,False,8W;0W GH FT,6.0
AT5G18740,122.142222862827,2.6509710183541098e-11,18,0.436650485411575,0.301384477307446,1.06706177923658,2,0,2,0.666666666666667,1.19996552261989e-10,0.523891907476274,0.280137908408302,1.87012143573479,0.0614669564031242,-0.0251683037083781,1.07295211866093,81.7140962315802,0.905935219677477,18.0,4.3448958227004095e-11,0.322006418216851,fisher_only,upregulated,True,True,False,True,False,LRL75,1.0
AT3G13760,122.067900045714,2.7236186987423598e-11,18,0.0909002014448887,0.0116017569168951,0.783415997800258,0,4,4,0.5,1.23252710858337e-10,-0.157719554053479,0.107691390981606,-1.46455118292992,0.143043409087699,-0.368790801822449,0.0533516937154899,77.4555220712983,0.112897186336383,18.0,2.52815037894538e-07,0.488331638183061,fisher_only,upregulated,True,True,False,True,False,Storage 7 days,4.0
AT1G62430,121.869008807468,2.92788370383168e-11,18,-0.173045002390863,-0.10080545639717,0.21979655544646,0,4,4,0.777777777777778,1.32300271733039e-10,-0.171896893481465,0.054769533685057,-3.13854951677933,0.0016978624586535,-0.27924320695423,-0.0645505800086998,76.6076514971118,0.0363044242537134,18.0,3.86276009380462e-08,0.0364166580424885,consensus_significant,downregulated,True,True,True,True,True,aLRL0,2.0
AT3G53620,121.846413904179,2.95202934395583e-11,18,-0.002455773692727,-0.0340062296305562,0.365018710030935,2,3,5,0.611111111111111,1.33368101480372e-10,-0.0241362568848126,0.0853715270119055,-0.282720219839182,0.777391315155134,-0.191461375133336,0.143188861363711,83.6941335222327,0.0984171010518308,18.0,1.56828083202816e-09,0.930748211391899,fisher_only,downregulated,True,True,False,True,False,YEL ,84.0
AT1G71900,121.666398376466,3.15158787631874e-11,18,-0.0240543628620034,-0.0582038988444119,0.187235483945948,2,1,3,0.611111111111111,1.4209935050718401e-10,-0.0170816428344038,0.0475545788732607,-0.359200801250467,0.719444877261653,-0.110286904725964,0.0761236190571566,80.2122430999773,0.0284620907965887,18.0,5.06049011259301e-12,0.908860303045418,fisher_only,downregulated,True,True,False,True,False,8W,4.0
AT2G35480,121.377748494015,3.49985433839862e-11,18,0.047707341916246,-0.0532647887762297,0.343492340667138,3,0,3,0.555555555555556,1.57473723465303e-10,0.0804745228471425,0.0862119465595105,0.933449783454227,0.350587786582808,-0.0884977874465899,0.249446833140875,82.9830776866922,0.0938412946408365,18.0,1.59843054551057e-12,0.714225566163909,fisher_only,upregulated,True,True,False,True,False,4W;2W,7.0
AT1G54730,120.895252354597,4.1691898553774e-11,18,0.0499378012903944,0.0492121733544796,0.287330117421599,3,0,3,0.555555555555556,1.86764304060023e-10,0.0856899845780739,0.0761773600398636,1.12487469417728,0.260642136771125,-0.0636148975373995,0.234994866693547,72.3368874430346,0.0647693451261148,18.0,1.62453282510183e-07,0.63581534741798,fisher_only,upregulated,True,True,False,True,False,CL,59.0
AT1G03590,120.867664144947,4.2110843002249594e-11,18,0.0534580704917459,0.0730933492176269,0.243461242839474,2,0,2,0.611111111111111,1.88594611056269e-10,0.0578304868019707,0.0545429300788795,1.06027466288182,0.289019662587924,-0.0490716917639195,0.164732665367861,78.9427722441937,0.0368659938680309,18.0,5.72395276780589e-10,0.663781867722185,fisher_only,upregulated,True,True,False,True,False,LRDpMR0;rSurvival fruit mhi,638.0
AT1G04920,117.118481744889,4.6127074893708595e-11,17,0.631811429580802,0.0545950061938122,2.12147494916134,3,2,5,0.588235294117647,2.0624063697952901e-10,0.264642355610734,0.27539327747181,0.960961567545247,0.336571492243274,-0.27511854981846,0.804403261039928,80.380042067281,0.705135315772166,17.0,2.03432523499845e-11,0.703487705094068,fisher_only,upregulated,True,True,False,True,False,clim-aet2,242.0
AT1G59650,119.651761232166,6.537419686128119e-11,18,-0.0451539959618372,0.0012765412155628,0.223576696097731,0,3,3,0.5,2.90346242623426e-10,-0.0457795513827566,0.049723207310895,-0.920687820810098,0.357213436647078,-0.143235246907929,0.0516761441424162,73.6235777801819,0.0294417876464117,18.0,1.50676571357791e-08,0.71874212490963,fisher_only,downregulated,True,True,False,True,False,Mean(P2) IAA,2.0
AT2G45695,119.37764759658,7.2172007896358e-11,18,-0.0399214678683836,-0.178116396474105,0.31819217472454,2,2,4,0.611111111111111,3.19935034320881e-10,-0.051450659801962,0.0728756103458039,-0.706006571441695,0.480184050817878,-0.194284231431112,0.0913829118271883,80.9892421543419,0.0674984736061912,18.0,1.8360467947391202e-09,0.797459494710869,fisher_only,downregulated,True,True,False,True,False,clim-aet1,411.0
AT4G01970,112.194331515655,7.6991369989389e-11,16,0.426482579160563,0.257051684660966,1.35923664691723,3,1,4,0.625,3.40920492604665e-10,0.333001123868039,0.291622193395888,1.14189225446219,0.2534988085884,-0.238567872280476,0.904570120016554,79.5803778889375,0.813165667002353,16.0,2.31350976129895e-10,0.62891656791472,fisher_only,upregulated,True,True,False,True,False,8W GH LN,668.0
AT1G12210,119.128911956775,7.894446470728549e-11,18,0.29255239960292,0.16690839885145,0.427348925613159,3,0,3,0.777777777777778,3.4915182469304004e-10,0.181111263726392,0.0746855562776945,2.42498379543413,0.0153090700753274,0.034730263256772,0.327492264196013,66.6126585656427,0.0458123656116123,18.0,8.44079090628714e-05,0.149353770196089,fisher_only,upregulated,True,True,False,True,False,avrPphB;Zn66,24.0
AT2G25670,119.125672133569,7.90367094648269e-11,18,0.119710595935685,0.0970805469418286,0.211410488645051,2,0,2,0.722222222222222,3.49530015161382e-10,0.106402640021552,0.047068378606208,2.26059709665712,0.0237842177059017,0.0141503131426886,0.198654966900415,82.2436070678519,0.028718128622649,18.0,9.95089339001553e-08,0.191432117917602,fisher_only,upregulated,True,True,False,True,False,Mo98,12.0
AT1G24320,119.058545731965,8.097216468091019e-11,18,0.208437918567416,-0.202469407089473,1.48915962043711,1,6,7,0.611111111111111,3.57784464422265e-10,-0.209894986099965,0.183304914370669,-1.14505924088608,0.252184618118364,-0.569166016455674,0.149376044255744,78.0779564241978,0.357980126768812,18.0,3.33280106254088e-07,0.627719533502074,fisher_only,upregulated,True,True,False,True,False,rFitness mli,38.0
AT3G22104,119.000907043003,8.267149958506449e-11,18,-0.186457907124425,-0.24933858082797,0.299419457861957,2,4,6,0.666666666666667,3.65199889349258e-10,-0.169019809505048,0.0791445709984074,-2.13558311546663,0.0327134088772619,-0.3241403182338,-0.0138993007762967,75.4677684878548,0.0747689938078558,18.0,3.23164476868929e-10,0.229171705292514,fisher_only,downregulated,True,True,False,True,False,clim-gs tmax,120.0
AT1G20790,97.0666403360114,9.46203204539249e-11,12,1.26505118339208,1.34031505565589,1.02880129686875,3,0,3,0.916666666666667,4.16777497401269e-10,1.00927847858476,0.313871971391162,3.21557377076832,0.0013018402973932,0.394100718901501,1.62445623826803,74.6543758963894,0.598068082126596,12.0,2.42723658276058e-05,0.0305908885824062,consensus_significant,upregulated,True,True,True,True,True,Basal125,2.0
AT1G61640,118.185929490838,1.10845388137707e-10,18,0.180973900113793,0.135119346814522,0.229191618702668,3,0,3,0.833333333333333,4.86345970896538e-10,0.142652944402932,0.048137770264084,2.96343066204224,0.0030423059436257,0.0483046483892638,0.2370012404166,60.1343246650455,0.0198169928745017,18.0,9.62657757855189e-05,0.053724584359708,fisher_only,upregulated,True,True,False,True,False,rSeeds tlp,226.0
AT4G13590,117.84757115149,1.25169204291226e-10,18,-0.0169400074328209,-0.114262974504032,0.287883897414045,3,1,4,0.611111111111111,5.48034998474685e-10,0.0060324230689667,0.072744044357768,0.0829266934802012,0.933909828810084,-0.136543283962043,0.148608130099976,82.6948117057562,0.0623540196073905,18.0,7.71005661577865e-11,0.980582062719336,fisher_only,downregulated,True,True,False,True,False,rSeeds mli,1286.0
AT5G27610,117.560517196757,1.38748800944588e-10,18,0.0957042709347337,0.115961567235563,0.250643404696209,1,2,3,0.722222222222222,6.063148537362201e-10,0.0764614592850945,0.0638595066349623,1.1973387098364,0.231174562233987,-0.0487008737899281,0.201623792360117,74.6741327131432,0.0463882421170916,18.0,1.48800800943265e-11,0.605954379455805,fisher_only,upregulated,True,True,False,True,False,clim-tmax1,387.0
AT1G01480,117.255966135034,1.54754016945979e-10,18,0.38573787372107,0.121308013346013,1.32672525338483,3,2,5,0.666666666666667,6.745517958774891e-10,0.111507143870464,0.204568739515008,0.545083985631555,0.585695756312175,-0.289440217941707,0.512454505682634,83.5579846585419,0.501383995036669,18.0,8.42858178237911e-12,0.852835614630133,fisher_only,upregulated,True,True,False,True,False,Se82;S34,682.0
AT3G05350,116.898356366175,1.75895425091186e-10,18,-0.011396386606542,-0.0596763134952222,0.349690696651999,3,2,5,0.555555555555556,7.64521267704349e-10,0.0170205873424675,0.0890204754423807,0.191198567047467,0.848370026237257,-0.157456338411231,0.191497513096166,84.1128592075064,0.0985704079170628,18.0,2.3137562637626497e-11,0.954203169478114,fisher_only,downregulated,True,True,False,True,False,Mean(TLRL) CK,4.0
AT4G00480,116.649263703877,1.92288261911914e-10,18,0.197987495251227,0.16494757307196,0.388329876160199,3,0,3,0.666666666666667,8.34514013001943e-10,0.235890928126578,0.0967880053221309,2.43719175058401,0.014801828009195,0.0461899235597306,0.425591932693426,68.4834306790835,0.0967420455256454,18.0,5.13879966977889e-07,0.146560695501732,fisher_only,upregulated,True,True,False,True,False,Mean(LR.no) ABA,333.0
AT5G02170,112.849647238451,2.18154959202374e-10,17,0.0335522547892645,0.157979586004127,0.586689063785129,0,2,2,0.647058823529412,9.44404081871916e-10,0.0458846609083476,0.133585086144486,0.343486404303536,0.731232567181535,-0.215937296806525,0.30770661862322,74.2954424883759,0.186130753040005,17.0,8.69243085752569e-10,0.912485997484596,fisher_only,upregulated,True,True,False,True,False,DTFplantingSummer2009,20.0
AT4G02830,116.072878292669,2.36252061734179e-10,18,0.0290132717342854,-0.213639608512979,0.852128664441164,2,2,4,0.555555555555556,1.02087405345647e-09,-0.0893492752616749,0.175555886549585,-0.508950608366176,0.610786845160925,-0.433432490172862,0.254733939649512,81.0793229238296,0.312216842542264,18.0,6.17846355585769e-11,0.863509334440317,fisher_only,upregulated,True,True,False,True,False,M172T666;M130T666;M216T665,97.0
AT1G02390,115.715046792864,2.68413539220589e-10,18,-0.187943351511501,-0.0250250926409299,0.720141395172675,1,3,4,0.555555555555556,1.1560938671442102e-09,-0.146749386951584,0.161360021137965,-0.909453196130361,0.363110952810284,-0.463009216926617,0.169510443023448,84.4946717847976,0.343826568442432,18.0,8.55351309405172e-12,0.722727716470978,fisher_only,downregulated,True,True,False,True,False,clim-pet1,2445.0
AT1G69550,115.660530691739,2.73680095021923e-10,18,0.0669718429995537,0.0597475135873248,0.341113590952317,3,1,4,0.555555555555556,1.1784842455598501e-09,0.0838195074408013,0.0931489058422889,0.899844251340072,0.368203141344794,-0.0987489932093976,0.266388008091,79.8992503679126,0.101837869753048,18.0,3.53193581240327e-09,0.726630144320259,fisher_only,upregulated,True,True,False,True,False,rFitness mlp,261.0
AT5G24830,115.653149616157,2.74400970227783e-10,18,0.0532781919348762,0.0778963123327953,0.271157163086062,3,1,4,0.611111111111111,1.18149035637898e-09,0.0696412920527584,0.0617942570805824,1.1269864764608,0.259748198781722,-0.0514732262765923,0.190755810382109,79.9710264112813,0.0479471419223509,18.0,4.30244548307147e-07,0.634768760095655,fisher_only,upregulated,True,True,False,True,False,Mean(TLRL) ABA,2024.0
AT1G64010,115.615760808495,2.78081554676915e-10,18,-0.485179998746267,-0.343835344205933,1.08890938246205,0,2,2,0.888888888888889,1.1970399576417501e-09,-0.596877692427503,0.26496188644467,-2.25269264359704,0.0242785351076693,-1.11619344713485,-0.0775619377201586,65.2219342650726,0.694773112311221,18.0,1.76854968837162e-06,0.193319139890471,fisher_only,downregulated,True,True,False,True,False,As,1.0
AT4G21323,115.107561523163,3.3323589930362e-10,18,0.67931126171378,0.290732949152509,0.8961270183726,5,0,5,0.833333333333333,1.4281813715736702e-09,0.628699607405068,0.194015084158359,3.24046766844124,0.0011933380418446,0.248437029997177,1.00896218481296,83.0411711095327,0.468191151954524,18.0,7.79993970687335e-07,0.0289052992357924,consensus_significant,upregulated,True,True,True,True,True,clim-gs8,28.0
AT3G12230,108.035381042607,3.5419335651550903e-10,16,0.571534155727913,0.327347008854074,1.87165385521744,2,1,3,0.5625,1.51637296020056e-09,0.557319323794774,0.425677905877344,1.30925123455987,0.190449262335188,-0.276994040739252,1.3916326883288,77.9433561880069,2.00747370289728,16.0,4.27397235234412e-08,0.557751569064581,fisher_only,upregulated,True,True,False,True,False,DTFplantingSummerLocSweden2009,26.0
AT4G13340,114.613402355383,3.97218826938667e-10,18,-0.111908712430362,-0.0837162114675335,0.668565071467335,1,3,4,0.666666666666667,1.69637573742646e-09,-0.143394043101021,0.133726104228377,-1.07229657162623,0.283586846167837,-0.405492391181489,0.118704304979447,88.3573415808113,0.260947086832727,18.0,6.00778214981656e-10,0.659077165299088,fisher_only,downregulated,True,True,False,True,False,clim-bio14,10.0
AT1G16710,114.558967849183,4.04971418393794e-10,18,0.0412095669193334,0.0594757144558296,0.192917671891285,2,2,4,0.611111111111111,1.7284886172743701e-09,0.0085597034439188,0.0454026927583364,0.188528541456325,0.850462343800315,-0.0804279391635582,0.0975473460513957,77.4822231865569,0.0247363066407884,18.0,1.95414792320596e-10,0.954828843983238,fisher_only,upregulated,True,True,False,True,False,root length day004 minusZn,268.0
AT3G08840,114.540282178042,4.0766703693164403e-10,18,0.125395180457705,0.137948719422144,0.244865774165186,2,2,4,0.777777777777778,1.7395648182018602e-09,0.119003742738259,0.0579552424149596,2.05337322008235,0.0400363945100149,0.0054135548896501,0.232593930586868,73.4703878490751,0.0397585115538819,18.0,2.24632426236446e-10,0.25733997680347,fisher_only,upregulated,True,True,False,True,False,GR21 cold;GR105 cold,194.0
AT3G53680,113.84630295103,5.21412034906322e-10,18,0.0492531999845689,0.0944910601638763,0.658368568568075,4,1,5,0.555555555555556,2.21237786328262e-09,0.198378918519294,0.109987838088746,1.80364412981031,0.0712871133022415,-0.0171932828720715,0.413951119910658,69.5554282655794,0.127911854430974,18.0,9.36105811001729e-05,0.347935911174003,fisher_only,upregulated,True,True,False,True,False,YEL ,84.0
AT5G24610,112.962220161625,7.127824235180051e-10,18,0.240188078431197,0.164995806720256,0.225466883842096,3,0,3,0.888888888888889,3.0056971533155603e-09,0.201934843486514,0.0502913242035548,4.01530177788081,5.93697793236435e-05,0.103365659312719,0.300504027660308,70.8652783195302,0.024721698582818,18.0,0.000251386124977,0.0031083164787365,consensus_significant,upregulated,True,True,True,True,True,Mean(TLRL) ABA,506.0
AT3G26360,112.794878506517,7.56152020412356e-10,18,0.0048242455905467,-0.0274625126422538,0.297873993891971,3,0,3,0.555555555555556,3.1862503865731703e-09,0.0153026086355927,0.0647205299442755,0.236441337065198,0.813090222989599,-0.111547299115533,0.142152516386719,83.88773915429,0.0576865620891144,18.0,1.51297107058299e-09,0.943543713768967,fisher_only,upregulated,True,True,False,True,False,Mean(LRR) CK,334.0
AT5G44820,112.357520690505,8.82226179828505e-10,18,0.0389131170999504,-0.244141065778367,0.822716730372722,1,2,3,0.722222222222222,3.70846529191538e-09,-0.183803820035795,0.103733350739669,-1.7718874279601,0.0764132457496365,-0.387117451481208,0.0195098114096177,71.7613203574157,0.114909625442622,18.0,7.71552460808047e-08,0.360223954431596,fisher_only,upregulated,True,True,False,True,False,clim-tmax5;clim-tmin7;clim-tmin6;clim-tmin5;clim-tmin9,1531.0
AT1G12700,111.746374092482,1.09391896717376e-09,18,0.237657602637867,0.155919630658889,0.340353043344389,2,0,2,0.777777777777778,4.57793003671065e-09,0.244006389090507,0.0937827628003604,2.60182555732479,0.0092729006062123,0.0601955516311375,0.427817226549876,60.7474348095749,0.0844734100153742,18.0,9.33490374273342e-05,0.110474032341471,fisher_only,upregulated,True,True,False,True,False,Stomatasize 261,335.0
AT3G25890,111.517237832778,1.1856371506909501e-09,18,0.13753168251163,0.123142026272902,0.318450587587219,4,0,4,0.666666666666667,4.95417065920707e-09,0.146269508964576,0.0670650885954141,2.18100821199211,0.0291828090929365,0.0148243506975769,0.277714667231576,69.9828494523523,0.0454060966556337,18.0,4.13969292109817e-06,0.214362024711142,fisher_only,upregulated,True,True,False,True,False,LRDpBZ125,44.0
AT1G10910,111.1444491427,1.3513789771638702e-09,18,0.155251014280871,0.213364579227939,0.254084698140704,3,0,3,0.833333333333333,5.63537845844303e-09,0.190205062237452,0.0516034858617059,3.68589561463328,0.0002278997551333,0.0890640884717869,0.291346036003118,50.489573079228,0.0170227330499327,18.0,0.0352522270296595,0.0087329031723316,consensus_significant,upregulated,True,True,True,True,True,clim-aet2,242.0
AT1G09450,111.104901729586,1.37025345449266e-09,18,0.0559495956103275,0.014848290568892,0.435453504780009,3,0,3,0.555555555555556,5.71270981939301e-09,0.0857869800914087,0.104895254716215,0.817834708762543,0.41345157615242,-0.119803941301528,0.291377901484346,79.4570253055365,0.128987833829148,18.0,3.70541233616231e-11,0.755882978833734,fisher_only,upregulated,True,True,False,True,False,aLRLpMRL125,759.0
AT2G45660,111.023755571702,1.4098018888790201e-09,18,-0.229931592720415,-0.111400196497149,0.39406975064329,0,4,4,0.777777777777778,5.8742877195496e-09,-0.307777716294685,0.0887921148254806,-3.46627306827432,0.0005277270113724,-0.481807063463772,-0.133748369125598,56.1944170931187,0.0610475734467648,18.0,0.0010495534097662,0.0160873021492634,consensus_significant,downregulated,True,True,True,True,True,DTF sweden 2009 (1st experiment);DTFlocSweden2009,20.0
AT3G15470,110.454552373952,1.72081095344369e-09,18,-0.118292146784406,-0.112130344530061,0.214885500003171,1,4,5,0.833333333333333,7.1403749036361405e-09,-0.126673158689656,0.0411237266347215,-3.08029376361781,0.0020679651704091,-0.207274181803781,-0.0460721355755315,74.3658560169504,0.0187081499162379,18.0,1.94791868567974e-05,0.041666605985539,consensus_significant,downregulated,True,True,True,True,True,DTF sweden 2009 (1st experiment);DTFlocSweden2009,8.0
AT1G03160,110.28886400606,1.8234735932156201e-09,18,0.0710346500529904,0.0193375244698386,0.319984961655184,2,1,3,0.555555555555556,7.554889675220241e-09,0.0966556443878992,0.0861359930802692,1.12212840337055,0.261807848781926,-0.0721677998220198,0.265479088597818,82.4625980958549,0.0881066122221153,18.0,3.2502526893518504e-09,0.636952003479389,fisher_only,upregulated,True,True,False,True,False,Mean(LRD R) ABA,897.0
AT1G07460,85.67247715908,1.84729915272884e-09,11,-0.509054128046968,-1.58802904666898,2.06373736825811,2,2,4,0.727272727272727,7.64993802966407e-09,-0.469847421580089,0.634785862907443,-0.740166801176221,0.459198789197432,-1.71400485077386,0.774310007613679,82.0694432919452,3.22500302637866,11.0,2.28147082119833e-07,0.78325219693483,fisher_only,downregulated,True,True,False,True,False,clim-aet2,242.0
AT1G59730,106.477333651245,2.12982081032127e-09,17,0.135607951039888,-0.353616214299531,1.48038272197334,0,3,3,0.647058823529412,8.79254135193161e-09,-0.543306356598626,0.0753158566796165,-7.21370479671736,5.44497310439734e-13,-0.690922723155455,-0.395689990041798,0.0,0.0,17.0,0.0317652535207061,4.70844974247586e-10,consensus_significant,upregulated,True,True,True,True,True,Mean(P2) IAA,2.0
AT5G57280,109.824420334596,2.14466599487981e-09,18,0.171013652191592,0.169215262261679,0.330357487210772,4,0,4,0.722222222222222,8.8524184666977e-09,0.110468848020026,0.0490968279788641,2.25002006377238,0.0244476717045372,0.0142408334262935,0.206696862613758,73.7440042648969,0.0266235545118671,18.0,1.70994888487414e-07,0.194112383863517,fisher_only,upregulated,True,True,False,True,False,clim-gs5,3076.0
AT5G37830,109.333093695526,2.5454391383093803e-09,18,-0.0385699579819513,-0.0185760286385075,0.162421048085769,1,3,4,0.555555555555556,1.04716896573712e-08,-0.0297492141992572,0.0372077412467012,-0.799543675656334,0.423975232037267,-0.102675046988877,0.0431766185903625,72.7738607904313,0.0145961291970107,18.0,2.1604461546162201e-10,0.762744969090166,fisher_only,downregulated,True,True,False,True,False,clim-gs prec;clim-prec11;clim-bio13;clim-bio16;clim-prec9,7314.0
AT1G63420,108.904889066285,2.9545576557478703e-09,18,-0.0499700347196052,-0.0856822757596964,0.276825327386872,2,0,2,0.666666666666667,1.21144333141863e-08,-0.0190434751018232,0.0720762850851037,-0.264212772333337,0.79161596976976,-0.160310398008068,0.122223447804421,76.6850386266775,0.064869837480096,18.0,2.2687935383945202e-09,0.935240491042918,fisher_only,downregulated,True,True,False,True,False,clim-bio2,2.0
AT1G35220,108.231585685031,3.73297359579458e-09,18,0.0525298249274962,0.0342379803394309,0.139943632974451,2,0,2,0.611111111111111,1.52483128124771e-08,0.0621460427382023,0.0395022623500632,1.5732274315702,0.115666165662724,-0.0152769687757742,0.139569054252179,58.6903409943159,0.0127257463260742,18.0,0.0001163666661848,0.441786170439102,fisher_only,upregulated,True,True,False,True,False,Width 10,524.0
AT2G22970,108.057571660529,3.9651528038309705e-09,18,-0.0707790506771154,-0.113443110140397,0.303777568729167,3,1,4,0.611111111111111,1.61776114827161e-08,-0.0476660018904431,0.0721845943016712,-0.660334831158558,0.509038982688576,-0.189145206960354,0.0938132031794677,76.2893770363824,0.0601505426321462,18.0,9.21688379670141e-09,0.813437031547397,fisher_only,downregulated,True,True,False,True,False,LN16,11.0
AT1G05030,107.758436091112,4.398099092079081e-09,18,-0.0588541209806445,0.0511856571988494,0.26826353242742,0,3,3,0.611111111111111,1.79102189861119e-08,-0.0697382251751036,0.0624227688974922,-1.11719211446106,0.263912191505745,-0.192084604029455,0.0526081536792482,62.4231247805864,0.0333864666656997,18.0,0.0002178652540273,0.639015313798959,fisher_only,downregulated,True,True,False,True,False,clim-aet2,242.0
AT1G05500,107.462018794913,4.8731335289906e-09,18,-0.0078111956660812,0.0074818310670656,0.160217948474482,2,0,2,0.555555555555556,1.98073853307339e-08,0.0116159698476742,0.0438315293100136,0.265014021425451,0.790998660359986,-0.0742922489872641,0.0975241886826125,70.5459980954881,0.0212775771268579,18.0,1.05355791376852e-08,0.935111522377814,fisher_only,downregulated,True,True,False,True,False,S34,337.0
AT5G36290,107.192911095548,5.348130226557271e-09,18,-0.0278706617549086,-0.0755642779712328,0.158607859198119,2,1,3,0.611111111111111,2.1698976460956e-08,-0.0089436370965537,0.0412928689851927,-0.216590353645828,0.828527603976799,-0.0898761731258623,0.0719888989327549,72.2809758480707,0.0198582225715566,18.0,1.00295041252035e-08,0.948102495323598,fisher_only,downregulated,True,True,False,True,False,clim-tmin3;clim-tmin11,585.0
AT1G07050,102.938544486795,7.37779658076817e-09,17,-0.331156305887902,-0.257470315864082,1.24959283600687,1,2,3,0.647058823529412,2.97132785239737e-08,-0.155280258817979,0.269554577555837,-0.576062407197717,0.564573000027544,-0.683597522695328,0.37303700505937,75.8489176650262,0.729540084433519,17.0,1.5343752624588e-07,0.842653056021779,fisher_only,downregulated,True,True,False,True,False,clim-aet2,242.0
AT1G53110,106.113347652321,7.75898151019612e-09,18,0.142754608302101,0.213730169849639,0.29745141044139,2,1,3,0.722222222222222,3.12169689426891e-08,0.15980552753151,0.0537816360165714,2.97137720916988,0.0029646740055373,0.054395457909388,0.265215597153632,59.8417620141043,0.0245266559460071,18.0,0.0040824648527834,0.0528043755933056,fisher_only,upregulated,True,True,False,True,False,clim-prec7,8.0
AT5G45960,105.678915168174,9.00812120005771e-09,18,0.492235097238953,0.189986496433577,1.06612038321791,2,1,3,0.611111111111111,3.61362264959186e-08,0.209940119706307,0.183933632257967,1.14139060447556,0.253707412795893,-0.150563175064944,0.570443414477557,70.4962821456724,0.347906796118259,18.0,2.29281750740974e-08,0.629043075862665,fisher_only,upregulated,True,True,False,True,False,clim-tmax5;clim-tmax6;clim-tmin7;clim-bio10;clim-tmin6;clim-tmin5;clim-tmin8,1983.0
AT5G47830,105.424462954094,9.82994880564016e-09,18,0.222320836171644,0.156417960654954,0.273461981666724,4,0,4,0.777777777777778,3.93539164580014e-08,0.172976018436406,0.0504666200137087,3.42753325642611,0.0006090916934766,0.0740632607880687,0.271888776084743,73.6426851525845,0.0300253963006431,18.0,3.40338123609336e-05,0.0179761737339829,consensus_significant,upregulated,True,True,True,True,True,DTFplantingSummer2008,112.0
AT1G67000,98.1727673854954,1.21112362364191e-08,16,-0.24399513430617,-0.175899965991617,0.852768646322816,0,3,3,0.625,4.82821470087093e-08,-0.322719087678235,0.181012358045647,-1.78285665775844,0.0746096400200767,-0.677496790204372,0.0320586148479016,64.0802218753163,0.268008475322663,16.0,0.0001692821877145,0.355755486542865,fisher_only,downregulated,True,True,False,True,False,LRDpBZ0,550.0
AT4G12680,104.543255159896,1.32907820674198e-08,18,0.361625387495414,0.0389023238705639,0.933049475801149,4,0,4,0.555555555555556,5.28910351235359e-08,0.242457461179357,0.15070327124169,1.60884006817952,0.107651317006108,-0.052915522806726,0.537830445165441,89.3786223309021,0.316182277494298,18.0,2.31608543001926e-07,0.4270183370887,fisher_only,upregulated,True,True,False,True,False,clim-pet11,2114.0
AT1G02370,104.526265094334,1.33681542446871e-08,18,0.110164036619877,0.0587714667576535,0.38916515055179,3,2,5,0.611111111111111,5.31948611096761e-08,0.0650804611687224,0.0805067748178617,0.808384900723701,0.418869041387302,-0.0927099179857626,0.222870840323208,84.2066731557603,0.0871070093332973,18.0,8.321994389831361e-09,0.75902672908482,fisher_only,upregulated,True,True,False,True,False,clim-pet6,99.0
AT3G26130,100.967925579171,1.46247405513297e-08,17,-0.408119738363208,-0.247729905326947,0.734010355495142,0,3,3,0.764705882352941,5.81015507772936e-08,-0.48436119179181,0.147318043735538,-3.28786060084619,0.0010095181221157,-0.77309925178636,-0.19562313179726,54.2937266007403,0.141749154595618,17.0,0.0137857560193492,0.0257132244712105,consensus_significant,downregulated,True,True,True,True,True,GR105 cold,1.0
AT3G21060,102.90561625108,2.32106066760123e-08,18,0.109209735739661,0.151147583926327,0.190967668751447,2,0,2,0.666666666666667,9.11856556726752e-08,0.117805811481456,0.0468950212549479,2.51211766897379,0.0120009065879339,0.0258932587675178,0.209718364195394,61.6061333215021,0.0225615336502676,18.0,0.0002405420710661,0.129487942312622,fisher_only,upregulated,True,True,False,True,False,clim-tmax3;clim-cyclevsgs;clim-tmin3;clim-tmin11,1081.0
AT5G45800,102.53933425517,2.62788220550765e-08,18,-0.114280764236478,-0.0524352769585601,0.268475192579843,0,3,3,0.555555555555556,1.02920098361042e-07,-0.128429416786377,0.0587596934018205,-2.18567200322387,0.0288396105871033,-0.243596299596561,-0.0132625339761931,80.5765656953343,0.0416375809573058,18.0,6.7225990140725e-07,0.213182627873559,fisher_only,downregulated,True,True,False,True,False,0W;LDV;DTF sweden 2008 (2nd experiment),28.0
AT1G65486,98.900780312702,2.97945439153314e-08,17,-0.571894947606008,-0.420914475747687,0.904528448337721,0,3,3,0.882352941176471,1.16381923967007e-07,-0.56444159766136,0.148877889751099,-3.79130573791057,0.0001498573393027,-0.856236899667839,-0.272646295654881,45.979069518727,0.136910343703789,17.0,0.0138308542712931,0.0063471005652117,consensus_significant,downregulated,True,True,True,True,True,deltaRGR P Fe norm on Fe norm;RGR P norm;RGR P Fe norm,2080.0
AT5G27520,101.822705541411,3.34844515624855e-08,18,0.0206826756761254,0.0320303725938671,0.196188595409775,1,2,3,0.555555555555556,1.30461415850504e-07,-0.0152231730384245,0.0514310643104999,-0.2959917948911,0.767236347525692,-0.116026206773568,0.0855798606967187,70.5466770556339,0.0286959384793802,18.0,1.33699621048227e-07,0.926469130531282,fisher_only,upregulated,True,True,False,True,False,clim-bio9,380.0
AT1G03445,98.3860411187865,3.55349364837739e-08,17,0.372193576126753,0.0389059775394555,0.871401090078587,2,0,2,0.529411764705882,1.38263643334909e-07,0.305588119995866,0.226980927840644,1.34631628702483,0.178200535443112,-0.139286323749281,0.750462563741014,70.7972029153083,0.534806523100545,17.0,2.65126454526764e-07,0.541415739352955,fisher_only,upregulated,True,True,False,True,False,LRDpMR0,224.0
AT5G45095,77.651967145596,3.92746375330558e-08,11,-0.0514032183631963,0.0148230396949181,0.664119790801334,0,2,2,0.5,1.5246020662701e-07,-0.243345201896952,0.191121623868894,-1.27324787729871,0.202930096100429,-0.617936701346794,0.13124629755289,70.6541930996141,0.242138136501408,12.0,1.76441767414573e-05,0.572927669717847,fisher_only,downregulated,True,True,False,True,False,clim-tmin7,283.0
AT2G13790,101.156592493166,4.19136446582022e-08,18,-0.0010092239022987,0.0530593233706289,0.318460980717128,1,1,2,0.666666666666667,1.6240090118741e-07,0.0085329963485691,0.0746128838604069,0.11436357780425,0.908949585220983,-0.137705568800498,0.154771561497636,78.8879943652132,0.0720111505036654,18.0,6.633809529095761e-09,0.973534129053414,fisher_only,downregulated,True,True,False,True,False,Mean(TLRL) ABA,506.0
AT1G54217,100.946424740515,4.49841907694314e-08,18,0.0333649859018974,-0.0985176606616248,0.393125246499077,2,0,2,0.611111111111111,1.74116226797245e-07,0.0189539106384327,0.0951037524624153,0.199297190149497,0.842030277023393,-0.167446018982514,0.205353840259379,78.5390424751064,0.10602788751489,18.0,7.199202008057111e-09,0.952527402811925,fisher_only,upregulated,True,True,False,True,False,Mean(TLRL) C,3.0
AT2G25710,100.006658686068,6.16577190529341e-08,18,-0.166092560622471,-0.139356622675278,0.177765002053469,0,6,6,0.888888888888889,2.36938936514611e-07,-0.172527704947472,0.03839061362134,-4.49400748446412,6.98951699795167e-06,-0.247771924989691,-0.0972834849052529,44.5129432790501,0.0112421521332204,18.0,0.0189281207242686,0.0005944985244618,consensus_significant,downregulated,True,True,True,True,True,Mo98,290.0
AT2G41420,99.8421076165748,6.5147962656024e-08,18,-0.13869899389866,-0.0608401058208127,0.336695176290316,0,2,2,0.611111111111111,2.49870263805077e-07,-0.134961414023227,0.0714320086332489,-1.88936887825954,0.0588424180349937,-0.274965578287749,0.0050427502412949,84.4083578055342,0.0688865528576104,18.0,1.95138034011919e-07,0.315684005514178,fisher_only,downregulated,True,True,False,True,False,clim-aet1,411.0
AT1G49400,99.5305926055925,7.22970246323978e-08,18,0.0892081483908128,0.0849457975668507,0.159026794540053,3,0,3,0.666666666666667,2.76615398116187e-07,0.101258454547173,0.0409603642270541,2.47210825533363,0.0134318835349515,0.0209776158685041,0.181539293225842,68.3223683373381,0.0173576655267231,18.0,6.54271343519138e-05,0.137999969371767,fisher_only,upregulated,True,True,False,True,False,FT Field,56.0
AT1G74230,99.5154533247694,7.26635026299023e-08,18,0.0678104550910735,-0.0052154807044289,0.231060213656063,3,2,5,0.5,2.77935621637155e-07,0.0448272873354088,0.055573314951437,0.806633316270252,0.419877773192037,-0.0640944084709089,0.153748983141727,78.6394236270936,0.0374987284123104,18.0,5.00857981079443e-08,0.760017045883536,fisher_only,upregulated,True,True,False,True,False,clim-tmax11;clim-tmin1;clim-tmax8;clim-bio1;clim-tmax12;clim-aet4;clim-tmax7;clim-aet3;clim-tmax2;clim-pet4;clim-tmax10;clim-tmin4,3114.0
AT5G46620,99.4309646230187,7.47426021248333e-08,18,0.0505896864408773,0.0453856656802397,0.210847198075743,2,0,2,0.611111111111111,2.85719657721218e-07,0.0718764666953234,0.0532916133723686,1.34873880047683,0.177420878112869,-0.0325731761925523,0.176326109583199,77.769431609536,0.0297933671158995,18.0,4.964077353159011e-09,0.540334252774844,fisher_only,upregulated,True,True,False,True,False,LY ,2.0
AT2G30395,99.3815689158311,7.598517794904e-08,18,-0.300288730440862,-0.404124086021433,0.515741210082432,0,3,3,0.722222222222222,2.90405502263117e-07,-0.316184847135875,0.104957632134029,-3.01249981261119,0.0025910559606853,-0.521898026021175,-0.110471668250575,60.2979664874241,0.0933276803636546,18.0,0.0004501691050642,0.0483750800518885,consensus_significant,downregulated,True,True,True,True,True,clim-pet2,1963.0
AT5G15845,99.3671562392846,7.63515581524856e-08,18,-0.185125753502516,-0.257602401960191,0.610927649332651,1,2,3,0.666666666666667,2.91719833603663e-07,-0.0286394547831399,0.13829595080286,-0.20708816575523,0.835941004132113,-0.299694537564469,0.24241562799819,72.4446650090982,0.18830919897949,18.0,7.75142463656239e-08,0.950431021041502,fisher_only,downregulated,True,True,False,True,False,clim-aet10,286.0
AT2G41310,99.3565587859504,7.66220629724014e-08,18,-0.154266781617584,-0.106745069874859,0.293636296063736,0,3,3,0.777777777777778,2.92731813789518e-07,-0.17335294821452,0.0700919091601695,-2.47322337615865,0.0133900420280292,-0.310730565776105,-0.0359753306529346,63.4398339238687,0.0480450471911539,18.0,8.08098404601974e-06,0.137792656787572,fisher_only,downregulated,True,True,False,True,False,rSurvival fruit mlp,8.0
AT2G29730,99.309726649075,7.78288284463918e-08,18,-0.124380599065378,-0.127660974706912,0.216178336092117,2,3,5,0.777777777777778,2.97057951551418e-07,-0.114527981661282,0.0639070563897278,-1.79210228308514,0.0731165832544586,-0.239783510543119,0.0107275472205546,69.909294638829,0.0428714314979894,18.0,4.64525361806505e-08,0.352137826564033,fisher_only,downregulated,True,True,False,True,False,clim-aet1,411.0
AT1G17580,99.0997260349683,8.34744855554665e-08,18,0.0515440375956643,0.0636753548493353,0.244035410069952,0,2,2,0.666666666666667,3.18021674727613e-07,0.0363749471532256,0.0543024791062574,0.669857946670322,0.502948349843413,-0.0700559561662776,0.142805850472729,73.5499707387884,0.0331537936302068,18.0,1.41800078308535e-07,0.809648531904301,fisher_only,upregulated,True,True,False,True,False,root length day004 minusZn,268.0
AT4G35440,98.4006588032864,1.05334904957433e-07,18,0.105300160570882,0.153244210818843,0.544149953704853,2,1,3,0.666666666666667,3.98759073829011e-07,0.185823300291741,0.129247980828985,1.43772691147581,0.150511554226052,-0.0674980872075932,0.439144687791075,76.6213919685918,0.180504336478448,18.0,8.72476017052138e-06,0.500697771432894,fisher_only,upregulated,True,True,False,True,False,FT22,8.0
AT1G02330,98.032646583956,1.19017970565398e-07,18,0.0818640558398762,0.0395520172501294,0.228920992664456,3,0,3,0.611111111111111,4.49247395659252e-07,0.0868400488427102,0.0551665973853024,1.57414183507077,0.115454662706257,-0.021284495182104,0.194964592867524,72.7674060266365,0.0326031639791369,18.0,2.23003639336153e-07,0.441563446841472,fisher_only,upregulated,True,True,False,True,False,Se82,345.0
AT4G15180,97.9879403251331,1.20795094012906e-07,18,0.0405432460610473,0.003622539454499,0.182053556128138,1,2,3,0.5,4.5578961645684e-07,0.0105547700838156,0.0409347970957905,0.257843468946888,0.796527715072391,-0.0696759579383885,0.0907854981060198,73.2654098383792,0.0191267571904029,18.0,2.71982720975661e-08,0.937238393632262,fisher_only,upregulated,True,True,False,True,False,Zn66,6.0
AT1G34260,97.4235656124641,1.45607499665329e-07,18,-0.0650528905438396,-0.0757906072434008,0.276422215855835,1,2,3,0.777777777777778,5.46828859633159e-07,-0.0481949256628033,0.0612327131494675,-0.787078069612246,0.431236166341557,-0.168208838111432,0.0718189867858252,74.5435239519845,0.044681795856464,18.0,1.89414935426059e-08,0.766874077633196,fisher_only,downregulated,True,True,False,True,False,rFitness mli,38.0
AT2G29720,97.382891282198,1.47578196214431e-07,18,0.0102035045944481,0.0759490806054139,0.263387260527631,2,2,4,0.666666666666667,5.5398929276184e-07,0.041318044837795,0.0670468063272361,0.616256718271316,0.537725099795849,-0.0900912808420199,0.17272737051761,67.6334084899347,0.0413486148667198,18.0,2.49240722385818e-08,0.828874262137764,fisher_only,upregulated,True,True,False,True,False,clim-pet10,373.0
AT2G47630,97.2269833989359,1.55378286512336e-07,18,-0.0739153976924488,-0.0412541296301621,0.229819314080042,1,3,4,0.722222222222222,5.82721905359978e-07,-0.0930505115073881,0.0653097516051537,-1.42475678165105,0.154227519189879,-0.221055272492746,0.0349542494779701,74.9458592764125,0.0457465616896712,18.0,1.52840145692557e-06,0.506295307236392,fisher_only,downregulated,True,True,False,True,False,Storage 7 days,4.0
AT2G39410,96.8154609962146,1.77969866095988e-07,18,-0.0829809107034431,-0.262720214859332,0.624014410977761,0,3,3,0.666666666666667,6.65141068643183e-07,-0.415991772550743,0.0788697318431299,-5.27441596198325,1.33179528347818e-07,-0.570573606433609,-0.261409938667876,19.7904754392587,0.0192949068674189,18.0,0.299502941280999,2.45031441446744e-05,consensus_significant,downregulated,True,True,True,True,True,As2,72.0
AT1G73590,96.76516267826,1.80943878024213e-07,18,-0.0556816302021035,0.0049032399973995,0.356434002063961,2,2,4,0.555555555555556,6.75866729998898e-07,-0.0651019040377226,0.0900776108213122,-0.722731247466875,0.469845014079209,-0.24165077706091,0.111446968985465,76.6359295251753,0.0984278173643138,18.0,7.63459321072946e-09,0.790294975396988,fisher_only,downregulated,True,True,False,True,False,clim-gs6;clim-gs7,11.0
AT3G46000,96.5374685483363,1.95030465826139e-07,18,-0.114434791371367,-0.145670558545126,0.216525628027374,1,1,2,0.666666666666667,7.26687658404947e-07,-0.0962603609563855,0.0516416004145944,-1.86400809005876,0.0623205682513133,-0.197476037872999,0.0049553159602281,74.8381743483355,0.0310203373806377,18.0,1.06021272074901e-06,0.324253401264084,fisher_only,downregulated,True,True,False,True,False,Mean(P2) IAA,2.0
AT1G02670,96.3649340136281,2.06418289295079e-07,18,0.255603325626449,0.214352372684429,0.61125347320233,2,1,3,0.722222222222222,7.67924566891543e-07,0.233113129928194,0.143232352323485,1.62751729023983,0.103627279463663,-0.0476171220467877,0.513843381903176,78.9921999708656,0.250351504541265,18.0,2.32206327097977e-06,0.41904208363046,fisher_only,upregulated,True,True,False,True,False,clim-pet6;Mean(LRD R) ABA,996.0
AT1G49940,96.3364868025528,2.08357725481735e-07,18,0.0774919040722328,0.154571519193303,0.652571671076137,0,2,2,0.555555555555556,7.74917542832498e-07,-0.0139310727540166,0.160938796134475,-0.0865613083272744,0.931020221897078,-0.329365316892821,0.301503171384788,76.6492751721984,0.301204312302997,18.0,5.84947596099789e-08,0.97940584334793,fisher_only,upregulated,True,True,False,True,False,rSeeds tlp,226.0
AT5G46530,95.6203944988759,2.63541255866106e-07,18,0.220125552094799,0.0601045634227867,0.709005968186663,1,1,2,0.555555555555556,9.74289815564269e-07,0.101524539935769,0.164528823274942,0.617062335431113,0.537193610644395,-0.220946028101873,0.42399510797341,78.8176399805319,0.309420666403006,18.0,2.62701640444088e-06,0.828505493138545,fisher_only,upregulated,True,True,False,True,False,DTF sweden 2008 (2nd experiment),2.0
AT4G02840,95.1313193264419,3.09256034030667e-07,18,0.0376317295319071,-0.0049147284147075,0.210551243009389,3,0,3,0.555555555555556,1.13818589010252e-06,0.0591242545928653,0.0493787695993794,1.1973618434107,0.231165549217576,-0.0376563554228195,0.15590486460855,67.6610641876669,0.0248165060970508,18.0,2.12527535457476e-05,0.605954379455805,fisher_only,upregulated,True,True,False,True,False,M172T666;M130T666;M216T665,147.0
AT4G00520,94.8635846758604,3.37498073602868e-07,18,-0.0548979595365604,-0.084793728439673,0.292324120282483,1,1,2,0.611111111111111,1.23956999966804e-06,-0.0719453757033852,0.0598269859055549,-1.20255725095295,0.229147698880728,-0.189204113381858,0.0453133619750878,70.945007170205,0.0398564966903049,18.0,4.51428917847016e-05,0.603369777436316,fisher_only,downregulated,True,True,False,True,False,Mean(LR.no) ABA,333.0
AT1G34580,81.968354532884,3.38619923433728e-07,14,0.258359066380557,-0.302651437908969,1.66119502300877,3,0,3,0.571428571428571,1.24325924208644e-06,0.418649213928832,0.460310196964865,0.909493677718347,0.363089593559577,-0.483542193838842,1.32084062169651,76.9929858362554,2.0069061019118,14.0,1.90773560202326e-07,0.722727716470978,fisher_only,upregulated,True,True,False,True,False,LRDpBZ125,220.0
AT1G29520,94.438646854085,3.87611606096002e-07,18,-0.0459078239530909,-0.0163639120285188,0.484768720045114,0,4,4,0.5,1.41801860632893e-06,-0.110425345572201,0.120488011325996,-0.916484091296283,0.359413047728937,-0.346577508340007,0.125726817195604,69.0150171918232,0.151950935372901,18.0,0.0001157709235795,0.720631702607264,fisher_only,downregulated,True,True,False,True,False,RGE Fe norm,243.0
AT1G25500,94.1287937059141,4.28697813807869e-07,18,-0.0289852310854651,-0.0077468644256083,0.273167319015223,0,3,3,0.5,1.56457669885677e-06,-0.0868687518971285,0.0600289810300705,-1.44711355092989,0.147865123341436,-0.204523392744705,0.0307858889504477,61.8191692617353,0.0338007136586063,18.0,4.43338553845782e-05,0.496409961382773,fisher_only,downregulated,True,True,False,True,False,MRVA125,1.0
AT1G03100,94.0787718672295,4.35720436512309e-07,18,0.167958433921643,0.168576503982989,0.300825911298711,2,0,2,0.722222222222222,1.58964757313548e-06,0.187202404103749,0.0816949986222033,2.2914793715765,0.0219357036140644,0.0270831490871817,0.347321659120317,73.2305863834523,0.064343691783395,18.0,3.73390938638823e-06,0.182835299891358,fisher_only,upregulated,True,True,False,True,False,aLRLpMRL125;PC3sc125,1227.0
AT1G24150,93.8050944644576,4.76191593493371e-07,18,-0.0880237878321926,-0.111237486071726,0.337451980985504,0,3,3,0.777777777777778,1.73486030421869e-06,-0.157086792852395,0.0540832348257678,-2.90453766973184,0.0036779594173404,-0.263087985278322,-0.0510856004264679,48.7278686202381,0.0201674684326646,18.0,0.0113336296385472,0.0610647188509733,fisher_only,downregulated,True,True,False,True,False,Mean(LRR) C,553.0
AT1G10130,93.8010817093276,4.76811667879212e-07,18,0.0882437833420455,0.0888863844451583,0.189326703225418,1,2,3,0.777777777777778,1.73699742925521e-06,0.0620453341925738,0.048928521906018,1.26808110638925,0.204768987917097,-0.0338528065600006,0.157943474945148,69.3325372212569,0.0265357650217663,18.0,7.46052641221534e-08,0.575024632005038,fisher_only,upregulated,True,True,False,True,False,LRL125;clim-aet2,640.0
AT2G21080,93.7043140367861,4.92007455742446e-07,18,0.132779818160594,0.213904376565409,0.720315231918222,3,1,4,0.722222222222222,1.7910976334775e-06,0.127357040170623,0.135398672837467,0.940607743796001,0.346905912048018,-0.138019482145335,0.392733562486581,81.3730318766503,0.203499010896754,18.0,1.61912503244819e-05,0.711333294103442,fisher_only,upregulated,True,True,False,True,False,DTF spain 2009 (2nd experiment),1.0
AT1G60990,93.5979340094577,5.09262248293185e-07,18,0.0191956173599857,-0.0162197914808745,0.281724293451234,3,1,4,0.5,1.85261231854381e-06,0.0449085346675166,0.0757659415663057,0.592727203531358,0.553363732724165,-0.103589982057209,0.193407051392242,67.8812740495648,0.0553699674624277,18.0,4.85535909759736e-05,0.836208938313379,fisher_only,upregulated,True,True,False,True,False,RGR,21.0
AT3G50900,93.5832394465689,5.11691977223408e-07,18,-0.0025158070117963,-0.095960953461948,0.384737410198037,2,1,3,0.555555555555556,1.86132080949482e-06,-0.0070320439802069,0.0935298204766789,-0.0751850473396381,0.94006748117355,-0.190347123594994,0.176283035634581,74.9950693322252,0.0963858793229112,18.0,4.9158321784256e-08,0.982013606956382,fisher_only,downregulated,True,True,False,True,False,LFS GH,1.0
AT4G11521,89.730066757628,6.44600166272884e-07,17,0.296309773254105,0.294555497514272,0.744438338468875,1,1,2,0.647058823529412,2.33203633275679e-06,0.22339887580068,0.204305804214351,1.093453397762,0.274194779584743,-0.177033142291939,0.623830893893299,72.4635780969854,0.403641144703103,17.0,2.46101715837859e-07,0.649752086959344,fisher_only,upregulated,True,True,False,True,False,rSeeds tli,1.0
AT5G63290,92.7983948278519,6.5942963500878e-07,18,0.0949183905132961,-0.0642124321736981,0.522337936861683,1,1,2,0.555555555555556,2.38435679856421e-06,0.0743615183139766,0.122686783262164,0.606108631563651,0.54444261963056,-0.166100158258937,0.31482319488689,72.8236797275724,0.180069785131341,18.0,8.91758296507167e-08,0.832553432098277,fisher_only,upregulated,True,True,False,True,False,DTF sweden 2009 (2nd experiment),4.0
AT2G35690,92.290655257131,7.76558539912895e-07,18,-0.126132485788001,-0.172767383354037,0.225394586330617,0,2,2,0.666666666666667,2.79676391506621e-06,-0.125534661582498,0.0485666702182172,-2.58479037204841,0.0097438219015629,-0.220723586059238,-0.0303457371057583,55.0549778510944,0.0190791814303935,18.0,0.0030719592003123,0.11373418572344,fisher_only,downregulated,True,True,False,True,False,2W,2.0
AT1G12030,92.0903268053022,8.28195240385357e-07,18,0.164420254561064,0.372002351343606,1.7209969822328,0,3,3,0.666666666666667,2.97694862325926e-06,0.18476004696721,0.348896979191804,0.529554733879307,0.596420685992747,-0.499065466563546,0.868585560497966,73.215315709341,1.42054240682125,18.0,4.74791236882114e-07,0.857115396213366,fisher_only,upregulated,True,True,False,True,False,clim-pet7,77.0
AT3G18620,92.0032589259651,8.51675507027577e-07,18,-0.0251994572911386,-0.021174156749554,0.208357742035026,0,2,2,0.555555555555556,3.05901802700611e-06,-0.0612775157399781,0.055386810808826,-1.10635573424664,0.268572577073079,-0.169833670143811,0.0472786386638545,60.9864198539011,0.0288010177334438,18.0,0.0001089291111987,0.644009809653688,fisher_only,downregulated,True,True,False,True,False,Mean(LRR) ABA,898.0
AT1G21980,91.5507500301066,9.84638533090506e-07,18,0.0348364041370038,0.0516631572750905,0.315904237334943,3,1,4,0.722222222222222,3.52512412953924e-06,0.0499833726838916,0.0618523949657708,0.808107312765374,0.419028808244749,-0.0712450938065657,0.171211839174349,73.036907488085,0.0438864961005696,18.0,2.34359602246687e-05,0.759128349427365,fisher_only,upregulated,True,True,False,True,False,Mean(TLRL) CK,24.0
AT1G08510,91.176792794936,1.10972926723704e-06,18,-0.0356577630154775,-0.0167484014535838,0.164749955397293,2,2,4,0.611111111111111,3.96066969459975e-06,-0.0229697112639815,0.0393091332655853,-0.584335225831378,0.558994796926634,-0.100014196728014,0.054074774200051,72.7738806027007,0.017802105024871,18.0,6.25862506338405e-07,0.839301019902231,fisher_only,downregulated,True,True,False,True,False,aLRLpMRL125,759.0
AT2G25660,91.0854644379584,1.14257457342214e-06,18,0.0534891250282832,0.10155930407834,0.213215209797749,0,2,2,0.611111111111111,4.07481364221691e-06,0.0302889794189519,0.0541216847112973,0.559645908669015,0.575720984354943,-0.0757875733978229,0.136365532235727,67.41015724086,0.0276509013075476,18.0,1.31749105538773e-06,0.847725764814938,fisher_only,upregulated,True,True,False,True,False,Mo98,24.0
AT4G35290,90.9480509702874,1.19379922301044e-06,18,0.0192436733069928,-0.0380411112243925,0.5408498396175,2,1,3,0.555555555555556,4.25194712280159e-06,0.0580989473807033,0.135025704142715,0.430280647300279,0.666991503031331,-0.206546569726178,0.322744464487585,79.7311484838085,0.207576144959064,18.0,8.04240340985349e-08,0.887556498423884,fisher_only,upregulated,True,True,False,True,False,FT22,16.0
AT3G24670,90.8317870747702,1.23889458955844e-06,18,-0.0687738879172706,-0.0673271210154342,0.243824271642506,0,2,2,0.666666666666667,4.40802550851256e-06,-0.111238639280177,0.0548424485745183,-2.02833101313902,0.0425264757676779,-0.218727863310223,-0.0037494152501313,51.8066619626616,0.0206965760990478,18.0,0.0043872056221424,0.265771119169143,fisher_only,downregulated,True,True,False,True,False,DTFplantingSummerLocSweden2009,26.0
AT1G62320,87.4935304265023,1.33406658053471e-06,17,-0.388641178599372,-0.300021081976068,0.596519975875632,0,4,4,0.823529411764706,4.73399354548966e-06,-0.388278593386387,0.100709418849082,-3.85543475301193,0.0001155241403495,-0.585665427234548,-0.190891759538226,44.4752654076457,0.0621936990813918,17.0,0.0540543852725237,0.0051537871864971,consensus_significant,downregulated,True,True,True,True,True,aLRL0,1.0
AT1G16800,90.1354453112191,1.54613033342072e-06,18,0.114835242708541,0.122263063896719,0.272967409326354,3,0,3,0.611111111111111,5.46372373084147e-06,0.0854552852946559,0.0578804315585994,1.47641064507508,0.139833686725853,-0.0279882759698344,0.198898846559146,75.3235713801445,0.0383395386751067,18.0,1.20677418202642e-06,0.483224390707615,fisher_only,upregulated,True,True,False,True,False,root length day004 minusZn,1072.0
AT4G22850,90.0313469285831,1.5980645963464e-06,18,0.0171519241613409,0.0119563940380011,0.285957308517602,2,0,2,0.611111111111111,5.64033666201799e-06,0.0745213819567281,0.0624586496879202,1.19313149306109,0.232817879332525,-0.0478953219545994,0.196938085868056,73.5650717996855,0.0425220928790401,18.0,1.0138010914496e-06,0.607835900532819,fisher_only,upregulated,True,True,False,True,False,deltaRGR P Zn norm on Zn norm;RGR P Zn norm,409.0
AT1G73450,89.5226317475721,1.87750440734263e-06,18,0.0550540590757799,0.0282910551904793,0.193641975112623,2,0,2,0.611111111111111,6.59789804627867e-06,0.068422044337641,0.050880576359165,1.34475765083027,0.178703510382031,-0.0313020528389624,0.168146141514244,67.4541560932032,0.0258643143191154,18.0,1.46600307182863e-06,0.542237903103806,fisher_only,upregulated,True,True,False,True,False,clim-gs6;clim-gs7,11.0
AT1G01140,89.0362936690165,2.18919126918435e-06,18,-0.013897635477719,-0.0751231579589014,0.295904980338595,1,3,4,0.555555555555556,7.6605458509936e-06,-0.0876955943014821,0.0705402043572338,-1.24320017358284,0.213794078772458,-0.225951854303756,0.0505606657007916,63.5807634753463,0.0391019055377462,18.0,0.0002461585468996,0.585695759175786,fisher_only,downregulated,True,True,False,True,False,Mean(LRD R) ABA,897.0
AT2G25680,88.7282549411876,2.41227808504542e-06,18,0.0730076107887836,-0.051780670201303,0.674257979414992,3,1,4,0.5,8.416217053774e-06,0.0267891266204756,0.141686238220024,0.18907359639879,0.850035135244522,-0.250910797395733,0.304489050636685,71.5469936728719,0.222744641413521,18.0,1.2139944170712e-06,0.954656542643118,fisher_only,upregulated,True,True,False,True,False,Mo98,72.0
AT3G50460,88.5657672622995,2.53877855095509e-06,18,0.141682861698313,-0.312820945582612,1.16888486856194,1,2,3,0.555555555555556,8.84329836061209e-06,-0.140960791382565,0.187372161111336,-0.752303813685569,0.451868374942737,-0.508203478866219,0.22628189610109,68.1276068919227,0.323395477409112,18.0,1.57570897967624e-06,0.779013112368563,fisher_only,upregulated,True,True,False,True,False,Straight75,4.0
AT1G58300,69.5284153152877,2.57676267169274e-06,12,0.570973330786935,-0.211205747969208,2.79845342715546,2,1,3,0.583333333333333,8.96958815717805e-06,0.535325245184351,0.790030593680148,0.677600651755371,0.49802493275444,-1.01310626511354,2.08375675548224,77.4411460597419,5.63317230558446,12.0,7.90137076724712e-07,0.807111663092227,fisher_only,upregulated,True,True,False,True,False,0W GH LN,24.0
AT2G29430,52.1296558711256,2.67340261664803e-06,7,-5.83240004685642e-05,-0.105769617799364,1.78907316744153,0,2,2,0.571428571428571,9.29725738452487e-06,-0.964298293933625,0.495297645580778,-1.9469066783124,0.0515459238537487,-1.93506384089943,0.0064672530321836,55.0845038798052,0.749857923850762,7.0,0.0714950466311293,0.294570846263674,fisher_only,downregulated,True,True,False,True,False,clim-aet1;clim-pet10,784.0
AT4G17640,88.0398506261527,2.99442305251606e-06,18,0.0030513506388415,0.0017728141583569,0.141745923491606,2,1,3,0.5,1.03775074017519e-05,0.012204856177302,0.0339500644111989,0.359494345267753,0.719225307301508,-0.0543360473414629,0.0787457596960668,70.4490853377835,0.0123725394718295,18.0,3.86806873111501e-06,0.908690543126466,fisher_only,upregulated,True,True,False,True,False,8W GH LN,668.0
AT4G02680,87.9690146454599,3.06161409661471e-06,18,-0.100945707505216,-0.111881451019238,0.191677263974404,0,2,2,0.722222222222222,1.0606116221359e-05,-0.0717914338917526,0.0396353874960266,-1.81129638000763,0.0700949857554847,-0.149475365897254,0.0058924981137486,74.1142458526237,0.0166381361819494,18.0,2.98186978763499e-05,0.344863032886175,fisher_only,downregulated,True,True,False,True,False,RGR,21.0
AT1G65800,81.7612800984108,3.10394167797327e-06,16,-0.0110017583907092,0.133332906904789,1.86306198760453,1,2,3,0.625,1.0748443890345e-05,-0.0272046245805259,0.476034454092362,-0.0571484360988029,0.954426953013177,-0.960215010001741,0.905805760840689,79.0977059114667,2.45194083369536,16.0,1.4239354865475e-06,0.986547523515385,fisher_only,downregulated,True,True,False,True,False,8W,12.0
AT5G11250,87.909654998821,3.11905467385077e-06,18,0.0398779727467176,0.0754319367760191,0.418039942857436,2,1,3,0.666666666666667,1.07993366662794e-05,0.0561639694943886,0.100181839620428,0.560620265181637,0.575056433538301,-0.140188828066618,0.252516767055395,80.6846672323876,0.117967742002749,18.0,7.60581732872962e-07,0.84746607158018,fisher_only,upregulated,True,True,False,True,False,clim-gs prec,13.0
AT1G02030,87.7836780057523,3.24447783670087e-06,18,0.122996900130036,-0.190616277557536,0.80866042185833,2,1,3,0.611111111111111,1.12163887432633e-05,0.0492950047448637,0.211575323248409,0.232990331707951,0.815768913376543,-0.365385008839437,0.463975018329164,70.8547444756599,0.474092531859436,18.0,2.78662843560276e-07,0.944151203498373,fisher_only,upregulated,True,True,False,True,False,clim-pet6,99.0
AT1G17440,87.6487491959936,3.38429179787862e-06,18,-0.0425303347444458,-0.0858749150440141,0.154173834765658,0,2,2,0.555555555555556,1.1682615803239e-05,-0.0680718254656376,0.0391098092479262,-1.74053074598535,0.0817658661573485,-0.144725643033804,0.0085819921025291,57.882312250127,0.0136011056235322,18.0,0.0002926214276899,0.373445695367423,fisher_only,downregulated,True,True,False,True,False,LRDpMR0,224.0
AT1G24160,87.0058627931714,4.13569601634128e-06,18,-0.0019916848213764,0.0295661774045953,0.316468262674749,0,2,2,0.555555555555556,1.42159586028299e-05,0.0256439688565011,0.0619808424048797,0.413740243944833,0.679064350811895,-0.0958362499885159,0.147124187701518,71.737036456672,0.0410012319406026,18.0,2.49454158994777e-06,0.892935975302845,fisher_only,downregulated,True,True,False,True,False,Mean(LRR) C,553.0
AT2G22870,86.8792796807969,4.30181002210069e-06,18,0.0615875256568144,0.0683047978847845,0.295504531028856,2,0,2,0.555555555555556,1.47703256124006e-05,0.132186447351917,0.0736812365242236,1.79403133806608,0.0728081670413432,-0.0122261225719389,0.276599017275772,58.9577977597943,0.0494001289086626,18.0,0.0018950411945775,0.351786406179531,fisher_only,upregulated,True,True,False,True,False,8W GH FT,29.0
AT2G22980,86.4208995005522,4.95977843753208e-06,18,-0.248090828076209,-0.281346526871562,0.576441650574206,0,5,5,0.666666666666667,1.69677319020732e-05,-0.274844164025626,0.0928162000084975,-2.96116587406578,0.003064768308119,-0.456760573224148,-0.0929277548271051,54.5347614719561,0.060827640680932,18.0,0.0057598816981477,0.0540059512259247,fisher_only,downregulated,True,True,False,True,False,Straight75,4.0
AT4G01220,86.3194068667344,5.11826230348127e-06,18,0.0216638792795109,-0.0200967852655481,0.204619554484618,2,0,2,0.555555555555556,1.74972290747583e-05,0.0470165031343866,0.0533717372387738,0.880925103187945,0.378358359314431,-0.0575901796459452,0.151623185914718,65.9662886244874,0.0278175301189142,18.0,2.88278962847615e-06,0.732970301984062,fisher_only,upregulated,True,True,False,True,False,LN16,11.0
AT4G29640,60.9121014567252,5.14072201278115e-06,10,0.669376647066235,0.484105574623829,2.05810775604069,0,2,2,0.7,1.75728520836037e-05,0.105251246964825,0.509837741538703,0.206440673942996,0.836446701810037,-0.894012364410274,1.10451485833992,77.0875386383717,1.66555117330653,10.0,5.48852995056491e-06,0.950620606539412,fisher_only,upregulated,True,True,False,True,False,clim-bio7,363.0
AT1G69460,86.2946272443358,5.15770262337862e-06,18,-0.119532203153656,-0.114887818417228,0.13336831371945,0,4,4,0.777777777777778,1.76297368187549e-05,-0.0931282620803713,0.0290034391358048,-3.21093859401674,0.0013230220261642,-0.149973958214348,-0.0362825659463943,64.1496549811933,0.0072651514902443,18.0,0.0007566187391652,0.0309345087000936,consensus_significant,downregulated,True,True,True,True,True,SDV,110.0
AT3G02030,86.2511656819905,5.22759711697623e-06,18,-0.183034232124356,-0.109951987824911,0.429194999846474,2,1,3,0.777777777777778,1.78615877530075e-05,-0.0970194459627781,0.0923617185718401,-1.05042919797248,0.293520827317922,-0.278045087913809,0.0840061959882527,70.8456697545829,0.0891060429864689,18.0,6.03503512127538e-07,0.668013579212894,fisher_only,downregulated,True,True,False,True,False,YEL ,84.0
AT3G52930,86.0564239738647,5.55232380942236e-06,18,-0.106092904100193,-0.229732584645277,0.262331125494887,0,2,2,0.611111111111111,1.89287413316362e-05,-0.114901233382248,0.0576190659564392,-1.99415300256889,0.0461353364035651,-0.227832527479707,-0.0019699392847896,69.8655612964622,0.0315558413478546,18.0,6.08418038728366e-06,0.278118007523076,fisher_only,downregulated,True,True,False,True,False,SDV,55.0
AT3G12100,86.0484948235161,5.56595519686658e-06,18,-0.047441577742967,0.0119081327448006,0.198635228464796,1,2,3,0.555555555555556,1.89689829058095e-05,-0.0445646480015488,0.0513545764336068,-0.867783381665385,0.385512929221516,-0.145217768252728,0.0560884722496299,66.9524642322765,0.027978877940977,18.0,4.18513807481569e-06,0.738076552288177,fisher_only,downregulated,True,True,False,True,False,clim-cyclelength,5.0
AT2G01970,86.029407815328,5.5989029618485e-06,18,-0.0030825813885876,0.0232973233985133,0.1806632315182,0,3,3,0.611111111111111,1.90775119894235e-05,-0.0318407493657788,0.0436739760172978,-0.729055430015524,0.465967756577295,-0.117440169421349,0.0537586706897911,67.6709202390098,0.0194399088099842,18.0,0.0002402728903791,0.787808624943182,fisher_only,downregulated,True,True,False,True,False,clim-pet11,2114.0
AT1G79010,85.9426558734621,5.75107250852289e-06,18,-0.0035302369271588,-0.0416523202123453,0.170400612943829,1,1,2,0.722222222222222,1.95728796239244e-05,-0.0272011145067953,0.0354714705195172,-0.766844850478601,0.443173766510544,-0.0967239192037233,0.0423216901901327,73.3233903428391,0.0142638104372816,18.0,5.26512530494194e-05,0.773857493408038,fisher_only,downregulated,True,True,False,True,False,clim-tmax3;clim-bio5;clim-tmax4;clim-pet8;clim-tmax9;clim-pet3;clim-tmin4;clim-tmax2;clim-pet4;clim-tmax10,2067.0
AT1G73720,85.3335978869985,6.93931026090381e-06,18,0.0618068581639739,0.0809359797301868,0.157931679157654,3,0,3,0.666666666666667,2.34844250033365e-05,0.0744214066044315,0.032571327516192,2.28487483561838,0.0223201679673636,0.0105827777440368,0.138260035464826,64.0111016292436,0.0104903506081217,18.0,0.0001680877506042,0.184669047172491,fisher_only,upregulated,True,True,False,True,False,clim-tmax3;clim-tmax11;clim-tmax8;clim-aet4;clim-tmax7;clim-tmin4;clim-pet4,1344.0
AT3G06530,84.874144534463,7.99135898633199e-06,18,0.174961205907356,0.109766508676427,0.304243113693384,2,0,2,0.722222222222222,2.69499365009498e-05,0.0918070605119552,0.0431170114775515,2.12925379950681,0.033233267957557,0.0072992708949542,0.176314850128956,58.918461890237,0.0157493393534841,18.0,0.0017307568224512,0.231154794797856,fisher_only,upregulated,True,True,False,True,False,clim-cyclevsgs;clim-gs sum,7.0
AT4G15393,81.8341037179782,8.04134919574377e-06,17,0.24096896985041,-0.11595710488212,1.46825408208318,0,2,2,0.588235294117647,2.71132374851099e-05,-0.198122686273112,0.159816461880282,-1.23968885271359,0.215090501817716,-0.511357195695084,0.115111823148859,71.1104322088682,0.231065115850738,17.0,1.3997592151049e-05,0.587343272551395,fisher_only,upregulated,True,True,False,True,False,rSeeds tli,1.0
AT2G42030,84.5287081010456,8.88345020284011e-06,18,0.0239294440207724,-0.0212392748422864,0.237682170816662,1,2,3,0.611111111111111,2.986913377673e-05,0.0014529676709412,0.0481119858188552,0.0301997027603847,0.975907785587422,-0.0928447917587166,0.0957507271005992,72.4367052510659,0.0253681514020547,18.0,1.13625186539906e-05,0.992850334941708,fisher_only,upregulated,True,True,False,True,False,clim-prec2;clim-prec12;clim-prec3;clim-bio19;clim-bio13;clim-prec1;clim-bio16,3850.0
AT3G26300,84.4542067629375,9.08823377972553e-06,18,-0.141842494195238,-0.032649519571208,0.300862740042019,0,3,3,0.555555555555556,3.05438335428048e-05,-0.141468884653114,0.0700630044471612,-2.01916668817428,0.0434698973789792,-0.27878985001822,-0.0041479192880086,69.6295644123577,0.0478500229308211,18.0,1.4755564070915e-05,0.269083091552511,fisher_only,downregulated,True,True,False,True,False,Mean(LRR) CK;Mean(LRD P) CK,340.0
AT5G38550,83.9860278402242,1.04847617603779e-05,18,0.487965479464319,-0.120989947239771,1.41592064975654,1,2,3,0.611111111111111,3.51031879838326e-05,-0.20220104503381,0.0654879153988966,-3.08760851222968,0.0020177409063716,-0.330555000638253,-0.0738470894293667,21.3958023020586,0.0142469290531431,18.0,0.002054568375164,0.0409900035967833,consensus_significant,upregulated,True,True,True,True,True,Mean(LRR) CK;GrowthRate,342.0
AT4G00895,83.606447797087,1.1768905913381e-05,18,-0.111575038177163,-0.13651688644232,0.245869838856967,0,4,4,0.777777777777778,3.92935339858725e-05,-0.180348438881534,0.0366474831349476,-4.92116848017733,8.60290304989259e-07,-0.252176185950071,-0.108520691812998,17.6221193681904,0.0035922202132598,18.0,0.307057188584703,0.0001121490004624,consensus_significant,downregulated,True,True,True,True,True,clim-tmax3;clim-tmin1;clim-tmax4;clim-bio6;clim-bio1;clim-aet4;clim-tmax7;clim-pet4;clim-bio5,2454.0
AT5G24740,83.3947429400808,1.25505165894864e-05,18,0.142413707196284,0.121230360564232,0.222724070953812,2,0,2,0.833333333333333,4.18224309156299e-05,0.107492190276502,0.0410342927716531,2.61956970660303,0.0088040777456865,0.0270664543129897,0.187917926240014,56.5537169289818,0.0146839355686628,18.0,0.0003391298355119,0.106921258880285,fisher_only,upregulated,True,True,False,True,False,rSeeds mli,1286.0
AT1G44750,83.2995874467193,1.29181175074626e-05,18,-0.0304941207509205,-0.0376370553002656,0.20928870286984,1,2,3,0.722222222222222,4.30004628498471e-05,-0.0513079636370193,0.0393224415839318,-1.30480106448896,0.191960596581785,-0.128378532925706,0.0257626056516672,59.5609659844841,0.0143315443407336,18.0,0.0007660812435942,0.559941732335375,fisher_only,downregulated,True,True,False,True,False,Mean(TLRL) CK,4.0
AT1G64790,83.2770254745601,1.30068069630892e-05,18,0.14364976571914,0.0757142976883852,0.183630416867899,2,0,2,0.666666666666667,4.32873541642382e-05,0.118568984121171,0.0431964820814433,2.74487593451753,0.0060533777651364,0.0339054349827126,0.20323253325963,61.4052849996293,0.0174663346465657,18.0,0.0003950125024103,0.0840667697982705,fisher_only,upregulated,True,True,False,True,False,clim-aet7,3.0
AT1G13610,70.7787446817683,1.44750365126082e-05,14,0.333348991570684,-0.475153158362151,1.79767935114257,2,0,2,0.714285714285714,4.80289521826416e-05,0.261735158783485,0.443071079469094,0.590729503485325,0.554701676391887,-0.606668199567224,1.13013851713419,80.4251431509443,1.85516539726621,14.0,4.16601664402648e-06,0.836977179157411,fisher_only,upregulated,True,True,False,True,False,clim-prec4,5.0
AT1G09830,82.4978447433162,1.64621218276022e-05,18,0.0494376523923432,0.0219355431940029,0.167583657790199,3,0,3,0.555555555555556,5.43857788016794e-05,0.0684119015028588,0.0444586396176918,1.53877631189676,0.123858914761417,-0.0187254309494628,0.15554923395518,52.566339774629,0.0151907530355183,18.0,0.0054593647469899,0.456873624273718,fisher_only,upregulated,True,True,False,True,False,S34,337.0
AT1G02650,82.3786351628355,1.70642320595255e-05,18,0.25456806717645,0.188246262037316,0.841030797360631,1,2,3,0.833333333333333,5.6331936657005e-05,0.149736999550456,0.130094884596819,1.15098299225608,0.249739232577886,-0.105244288832204,0.404718287933117,70.932366415583,0.186877927332637,18.0,3.45935463796466e-05,0.625330357756431,fisher_only,upregulated,True,True,False,True,False,Se82,345.0
AT5G64870,82.3520905870766,1.72011989495368e-05,18,0.473428422602207,0.512147453837943,0.732399373028315,2,0,2,0.611111111111111,5.6751600450061e-05,0.21342160010344,0.139268195630638,1.53245038565352,0.125411331959579,-0.0595390475244881,0.486382247731368,69.2548912654434,0.152406733795471,18.0,6.65749533118977e-06,0.458642235220985,fisher_only,upregulated,True,True,False,True,False,4W,5.0
AT1G16225,76.309355838685,1.74834982409417e-05,16,-0.217573782316628,-0.284956389270117,1.02525113611564,0,4,4,0.6875,5.76353558309906e-05,-0.512400849119225,0.15978225854995,-3.20686948456824,0.0013418786064638,-0.825568321245594,-0.199233376992857,41.5872132102871,0.150509617759438,16.0,0.0404138249912725,0.0312066470720615,consensus_significant,downregulated,True,True,True,True,True,aLRLpMRL125,759.0
AT5G45190,82.2057469857916,1.79757735922402e-05,18,0.0490592367241044,0.0469942415474097,0.172558185553609,0,3,3,0.666666666666667,5.92030919806647e-05,0.0145398756150276,0.0420722623160793,0.345592911210546,0.729648674122522,-0.0679202432726095,0.0969999945026647,68.2787227925002,0.0186681010455682,18.0,1.06168897703051e-05,0.911739448645956,fisher_only,upregulated,True,True,False,True,False,clim-tmin9,197.0
AT1G15780,82.1044463439805,1.85317461521993e-05,18,-0.02898958734511,-0.0870292300663587,0.213535204447785,0,2,2,0.555555555555556,6.09477318956529e-05,-0.0439620689429035,0.0424371135725495,-1.03593447437812,0.300232713026869,-0.127137283152936,0.0392131452671294,66.0772015458664,0.0192318149155268,18.0,0.00019502285625,0.67428248994399,fisher_only,downregulated,True,True,False,True,False,LDV,23.0
AT1G73250,81.8644746742452,1.9916507626643e-05,18,0.008214751818221,-0.0371110102006705,0.216773175375808,0,2,2,0.611111111111111,6.53570221503792e-05,-0.0106460319629845,0.0503472267986895,-0.211452201837294,0.832534426297866,-0.109324783209886,0.0880327192839167,64.1041773578233,0.0251074644974544,18.0,7.15806615791122e-05,0.949074246348042,fisher_only,upregulated,True,True,False,True,False,clim-pet5,103.0
AT3G46370,72.7558290155433,2.0559442127049e-05,15,-0.0180221024632887,0.183051971138639,1.83431775000296,0,1,1,0.533333333333333,6.73816371454895e-05,-0.0038128950049309,0.318007023267519,-0.0119899710570965,0.990433616419222,-0.627095207440059,0.619469417430197,80.3295630191676,1.01838775276799,15.0,1.00528107627656e-05,0.997198978388088,fisher_only,downregulated,True,True,False,True,False,Mean(LR.no) ABA,333.0
AT5G20160,81.1269079267259,2.48338192606768e-05,18,0.0635964001464639,-0.0541414254396711,0.360819566358169,2,0,2,0.555555555555556,8.09407217689266e-05,0.0134760368821382,0.0556150781271791,0.242309052435771,0.80854069992369,-0.0955275132445142,0.12247958700879,78.7274830821184,0.0373554312000526,18.0,1.54535867192235e-05,0.94149059348887,fisher_only,upregulated,True,True,False,True,False,clim-tmax5;clim-tmax6;clim-tmin7;clim-bio10;clim-tmin6;clim-tmin5;clim-tmin8,1983.0
AT5G44065,66.0044804226076,2.48592415351027e-05,13,-0.197130612262462,-0.314103669885045,0.929714007036356,0,2,2,0.615384615384615,8.10134054322093e-05,-0.289472748345795,0.261265346957295,-1.10796457209884,0.267877116559413,-0.801543418790454,0.222597922098864,64.0424719237184,0.4605762804474,13.0,0.0010699458550232,0.643102444189187,fisher_only,downregulated,True,True,False,True,False,rSeeds mlp,87.0
AT1G02530,78.0204607117479,2.59497645425461e-05,17,0.636631244399169,0.234321797894163,1.59177988145756,3,0,3,0.764705882352941,8.44506351594361e-05,0.465430389708606,0.159977503099895,2.9093490065161,0.0036218229136747,0.151880245296167,0.778980534121045,37.9293097374352,0.136370444294179,17.0,0.0198433771326671,0.0603644908619015,fisher_only,upregulated,True,True,False,True,False,Se82;Mean(LRD P) C,634.0
AT1G24190,80.9690856506579,2.60301923307794e-05,18,0.0975142978107002,0.0751170808222465,0.220899748505059,2,0,2,0.611111111111111,8.47070670361642e-05,0.0546052206614509,0.0302267953462999,1.806517033508,0.070837615929302,-0.0046382095853597,0.113848650908262,54.9671597373443,0.0071108994215296,18.0,0.0007162293242992,0.346795514708049,fisher_only,upregulated,True,True,False,True,False,Mean(LRR) C,553.0
AT1G79210,80.7747222983068,2.75808327795554e-05,18,0.0106864716478932,0.0127931247715136,0.14150655152275,3,1,4,0.611111111111111,8.96238919416293e-05,0.0039450997707931,0.0329542321064947,0.11971451065964,0.904709305186456,-0.0606440082961099,0.0685342078376963,64.9510691791609,0.0109932788466655,18.0,1.11129809294882e-05,0.97234253747544,fisher_only,upregulated,True,True,False,True,False,clim-pet10;clim-pet11;clim-pet9,2708.0
AT3G44510,80.6981537136261,2.82160744516134e-05,18,0.166538715174958,-0.0358163024880537,1.17285803900406,2,2,4,0.5,9.16078118424363e-05,-0.113087418164287,0.0945488831911216,-1.19607354785663,0.231667859189711,-0.29839982399737,0.0722249876687958,66.3581063597087,0.0723405503612155,18.0,1.2026737883254e-05,0.606848851729135,fisher_only,upregulated,True,True,False,True,False,clim-gs prec;clim-prec10;clim-prec11;clim-bio13;clim-bio16;clim-prec9,40077.0
AT4G11410,80.6892617975743,2.82907615247324e-05,18,0.0250671552574646,0.0029899194144124,0.24018654281441,3,0,3,0.5,9.1838804972175e-05,0.0440579412760539,0.0489091528419013,0.900811785034819,0.367688400468758,-0.0518022368084375,0.139918119360545,66.5338272962675,0.0248428525209916,18.0,9.49216462593288e-05,0.726360987279967,fisher_only,upregulated,True,True,False,True,False,Seed bank 133-91,87.0
AT1G65620,80.4998242855685,2.99284197921985e-05,18,0.322828882357743,0.228833012205428,0.654349616375982,3,0,3,0.722222222222222,9.69488775205902e-05,0.324468976073287,0.177828416388591,1.82461826215815,0.068058655611608,-0.024068315476143,0.673006267622718,64.0956028329206,0.315882030900069,18.0,7.25484700679601e-05,0.339954716147983,fisher_only,upregulated,True,True,False,True,False,rSeeds mlp,87.0
AT5G50310,80.4891159576009,3.00236959149579e-05,18,0.148078490281234,0.114797223681143,0.181393071039309,3,0,3,0.777777777777778,9.72514411584739e-05,0.104148481667824,0.0372245604139418,2.79784315811065,0.0051445086999952,0.0311896839161624,0.177107279419485,65.6332542036434,0.0123632428999844,18.0,0.000361522316573,0.0754431004495622,fisher_only,upregulated,True,True,False,True,False,Mean(LRD R) IAA;Mean(LRD P) IAA,535.0
AT1G08860,77.5072680065494,3.03027542707354e-05,17,-0.0833316244198628,-0.259893093794909,1.28803758504323,0,2,2,0.529411764705882,9.81369804945362e-05,-0.136490452346377,0.363579017714102,-0.375407946268521,0.707357096072403,-0.849092232600466,0.576111327907713,66.1885544600385,1.16208653504429,17.0,1.2625818152933e-05,0.904634699021326,fisher_only,downregulated,True,True,False,True,False,clim-aet11,112.0
AT1G01355,77.3950500648144,3.13452950133181e-05,17,0.161680859774501,0.19612033110464,1.19098065695995,1,2,3,0.705882352941177,0.0001014183751939,-0.0999909300128634,0.21326795464346,-0.46885116978792,0.639176021507494,-0.517988440170567,0.31800658014484,63.6789119596443,0.379364769888626,17.0,9.86297996729668e-05,0.877029023869448,fisher_only,upregulated,True,True,False,True,False,LRL125,398.0
AT2G04540,80.2897454188275,3.18524261968865e-05,18,0.147781709051625,0.137259558917242,0.236332698749256,0,2,2,0.833333333333333,0.0001030014188189,0.115775773511165,0.055082340586514,2.10186735491611,0.0355648969118671,0.0078163697774283,0.223735177244901,65.6883844289312,0.0285585168583158,18.0,1.65983241027799e-05,0.240862695650087,fisher_only,upregulated,True,True,False,True,False,GrowthRate,8.0
AT2G36970,79.3634831968983,4.18695813358511e-05,18,-0.0759821992904358,-0.178441846471691,1.15717314802343,1,1,2,0.555555555555556,0.0001343642577698,-0.214771688176657,0.223073476610351,-0.96278451136441,0.335655675098265,-0.651987668239083,0.222444291885769,74.1510779455558,0.494510704561388,18.0,0.0001541818282137,0.703028997003908,fisher_only,downregulated,True,True,False,True,False,PC3sc75;aLRL75,232.0
AT1G03550,79.3523201791809,4.20072569266525e-05,18,0.0205952081600869,-0.0443795415533673,0.423510658258047,1,2,3,0.555555555555556,0.0001347727416548,-0.0330255768172716,0.0947702738827204,-0.348480335280462,0.72747947959702,-0.2187719004324,0.152720746797857,66.9785677854743,0.0882498852747836,18.0,0.0001730370343811,0.910801991250496,fisher_only,upregulated,True,True,False,True,False,LRDpMR0,224.0
AT5G40405,79.1203144823153,4.49702596489321e-05,18,0.157700419543035,0.0559886006969969,0.274128650884771,2,0,2,0.777777777777778,0.0001439320082658,0.170014423890209,0.0839016674475163,2.02635333793049,0.0427285890416744,0.0055701774502201,0.334458670330197,59.1237799664084,0.0584649336274765,18.0,0.0003109438291683,0.266439936942886,fisher_only,upregulated,True,True,False,True,False,RP GH,3.0
AT1G65570,70.1637743515391,4.61568506710824e-05,15,-0.0791386205736552,-0.0461989979604985,1.65463032582897,0,1,1,0.533333333333333,0.0001475478385488,-0.114391296341543,0.42013024274003,-0.272275796180487,0.785409965284797,-0.937831440928072,0.709048848244986,79.3377361228896,1.74865303508274,15.0,1.75336972155008e-05,0.933011508353246,fisher_only,downregulated,True,True,False,True,False,LRLpMRL0,1.0
AT5G57290,78.7267227970352,5.04674655730813e-05,18,0.104232560135471,0.0978567397170417,0.26677313287279,2,0,2,0.611111111111111,0.0001607728904191,0.0777231740862088,0.0591374756866328,1.31427953567144,0.18875215137581,-0.0381841483962046,0.193630496568622,63.9884063291957,0.0349784368132699,18.0,0.0001556848864804,0.555327389540815,fisher_only,upregulated,True,True,False,True,False,clim-gs5,769.0
AT2G35490,78.7259169051345,5.04793644059583e-05,18,-0.0409015427777999,-0.0352912970212737,0.391609250820249,1,2,3,0.555555555555556,0.0001608009262894,0.0080994037319337,0.083869440806136,0.0965715718870175,0.923066633295096,-0.156281679651607,0.172480487115474,81.1573403922195,0.0810705726172541,18.0,2.02852542159879e-05,0.977367154326127,fisher_only,downregulated,True,True,False,True,False,4W;2W,16.0
AT1G51700,78.2304405039502,5.8334804728496e-05,18,-0.186586151959815,-0.172475088529087,0.376402498950828,1,4,5,0.666666666666667,0.0001850745583601,-0.127465939584683,0.0788288899879033,-1.61699523619124,0.105879309218347,-0.281967724902243,0.0270358457328778,65.8750773465942,0.0552541875233661,18.0,0.0007240295122707,0.423578378161155,fisher_only,downregulated,True,True,False,True,False,RP GH,3.0
AT1G16690,77.7870515533596,6.63608495447109e-05,18,0.0192173210357304,0.0023391458554907,0.235383208700944,2,0,2,0.555555555555556,0.0002097177404993,0.0605836208250042,0.0526750858422625,1.15013805590036,0.250087014354037,-0.042657650308386,0.163824891958394,62.7149643214889,0.0266305839859046,18.0,0.0002447182586891,0.625807135470664,fisher_only,upregulated,True,True,False,True,False,root length day004 minusZn,268.0
AT5G52580,77.6288610213515,6.94758030137225e-05,18,-0.0576585183592069,-0.0662827730272212,0.126922575645878,0,2,2,0.666666666666667,0.0002192280916959,-0.0610872803710567,0.0318565312259829,-1.91757476473875,0.0551649524806608,-0.123524934246359,0.0013503735042453,52.5618268758114,0.0079408631452414,18.0,0.0081684368478822,0.304749632924882,fisher_only,downregulated,True,True,False,True,False,PC2sc0,207.0
AT3G59880,77.4087979976699,7.4045924711388e-05,18,-0.255130714921164,-0.290579443367974,0.388165737050051,0,2,2,0.722222222222222,0.0002332235428113,-0.251363983717197,0.0671602638524122,-3.74274860309634,0.0001820183083559,-0.382995682060132,-0.119732285374262,37.4677460200192,0.0276023535098641,18.0,0.0614035308906636,0.0073393992158469,consensus_significant,downregulated,True,True,True,True,True,Anthocyanin 10,1.0
AT1G16570,77.2826105972166,7.67965944326237e-05,18,0.0943916216710168,0.101325350996532,0.137846952507201,2,0,2,0.833333333333333,0.0002416380750316,0.131082963426165,0.0227610952353968,5.75907978374926,8.45737235084867e-09,0.0864720365161012,0.175693890336229,0.0,0.0,18.0,0.465775168293161,2.49319492642859e-06,consensus_significant,upregulated,True,True,True,True,True,0W GH LN,24.0
AT4G10000,77.1647725195876,7.945452794449e-05,18,-0.0920308398255737,0.0252256042782311,0.47490023655755,0,1,1,0.666666666666667,0.0002496228483563,-0.0562842508067044,0.107053594358764,-0.52575769308671,0.599056572863313,-0.266105440165443,0.153536938552034,77.2177355936556,0.135850486217782,18.0,6.93197179488236e-06,0.858271696759268,fisher_only,downregulated,True,True,False,True,False,RGE Fe norm,243.0
AT2G22600,77.1197900088216,8.04924783390732e-05,18,0.211723947806035,0.130400596995025,0.896898062149487,2,0,2,0.611111111111111,0.0002527460897983,0.254594931880911,0.195494270401703,1.30231403384747,0.192809056164696,-0.128566797290362,0.637756661052185,57.3565281597052,0.312402118965232,18.0,0.0013496771116533,0.561375144222732,fisher_only,upregulated,True,True,False,True,False,LD,2.0
AT2G29900,77.0632339054277,8.18161426301419e-05,18,-0.125897459635044,-0.109859758429513,0.15321578519377,0,3,3,0.888888888888889,0.0002566849796679,-0.130841331648813,0.0382020801108341,-3.42497924901493,0.0006148463798821,-0.205716032800561,-0.055966630497064,48.7783357283853,0.0110068771472111,18.0,0.0235696184402909,0.0181253918032974,consensus_significant,downregulated,True,True,True,True,True,clim-pet10,373.0
AT2G05590,77.0270302881209,8.26745153716438e-05,18,-0.0141760230539252,0.0329374502157707,0.242409014730311,1,2,3,0.611111111111111,0.0002592526144827,0.0170007376111575,0.0483527785889809,0.351597945501146,0.725139806200448,-0.0777689669756845,0.111770442198,71.1347855253138,0.0254259471943481,18.0,0.0003027275519079,0.910284625378296,fisher_only,downregulated,True,True,False,True,False,Emco5,2.0
AT1G29850,76.9388571172498,8.48017308870256e-05,18,-0.0701386085249372,-0.0885426995257605,0.162666120022525,2,0,2,0.611111111111111,0.0002657144792784,-0.0442298883551789,0.0388023797087863,-1.13987566451146,0.254338104898457,-0.120281155098848,0.03182137838849,64.6007118856465,0.0141673578524225,18.0,5.65504529226196e-05,0.629656888061523,fisher_only,downregulated,True,True,False,True,False,root length day004 minusZn,268.0
AT5G40320,71.0002629913324,8.80321435611118e-05,16,0.459678122565238,0.243319448291941,1.58827339831243,2,1,3,0.529411764705882,0.0002755038762038,0.346842226971597,0.0887005131419738,3.9102617863827,9.21961450277361e-05,0.172992415803107,0.520692038140087,0.0009225123064582,1.50444184052101e-06,17.0,0.0138340312440815,0.0043525976238572,consensus_significant,upregulated,True,True,True,True,True,clim-pet5,103.0
AT2G15820,76.4227973739996,9.83566253996073e-05,18,0.126222387198743,0.118621771706831,0.24327457244963,3,0,3,0.555555555555556,0.0003064109972908,0.147018582560162,0.0645461555431625,2.27772795022392,0.0227427913796081,0.0205104423550428,0.273526722765281,51.5589764427541,0.0315536462176825,18.0,0.0226466264902262,0.186759284502578,fisher_only,upregulated,True,True,False,True,False,Co59,4.0
AT1G11020,76.0968501807498,0.0001079749404477,18,-0.0276082267850029,-0.0221702597251288,0.146994046416663,1,2,3,0.666666666666667,0.0003351879528785,-0.043182675679974,0.0345624029911476,-1.24941184474454,0.211514478358601,-0.110923740761783,0.0245583894018349,60.7974442565163,0.0110707694062513,18.0,0.0001356528994069,0.582774000061475,fisher_only,downregulated,True,True,False,True,False,As75;Mean(LRD P) C,844.0
AT4G19490,76.0071919763056,0.0001107764277806,18,-0.0082581237047737,-0.0308847126035907,0.181472343029359,1,3,4,0.611111111111111,0.0003434532484017,-0.0161687525300292,0.0342896396149808,-0.47153463003925,0.637258995880299,-0.0833752112182494,0.0510377061581911,63.924273950449,0.0112044105895608,18.0,0.000882706082094,0.876308252220175,fisher_only,downregulated,True,True,False,True,False,clim-pet2,1963.0
AT3G12590,75.965003682482,0.0001121188675684,18,0.0228233977718225,0.027219706899604,0.188273684472641,1,2,3,0.555555555555556,0.0003475115763315,0.0101946076663685,0.0392818434994477,0.259524674968775,0.795230446158737,-0.0667963908388879,0.0871856061716249,64.1039188482168,0.014561947160804,18.0,0.0002214206701878,0.936508079726262,fisher_only,upregulated,True,True,False,True,False,DTFplantingSummerLocSweden2009,130.0
AT4G36600,70.1299398516453,0.0001139514800388,16,1.13601588926629,0.0703539594114872,2.71505846878917,2,0,2,0.5,0.0003529598809678,0.877214010995799,0.556087330425666,1.57747526872141,0.114686208313069,-0.212697128897531,1.96712515088913,79.4271894021764,3.41846425203401,16.0,2.68116962818867e-05,0.440034253313606,fisher_only,upregulated,True,True,False,True,False,clim-bio15;clim-aet12;clim-prec2,1305.0
AT4G16560,27.3272605727022,0.0001257270882466,3,2.82336544048518,3.24400813020604,2.27832014863769,1,0,1,1.0,0.0003881140550221,2.75142384361136,1.31447581295056,2.09317190662895,0.0363338116111433,0.175098591679252,5.32774909554346,71.9003015288931,3.72102298813609,3.0,0.0284290518301018,0.243747540940336,fisher_only,upregulated,True,True,False,True,False,LN16,11.0
AT4G14420,75.548730302582,0.0001262370404571,18,0.0309260373973105,-0.0082312809719554,0.14148375240812,2,0,2,0.555555555555556,0.0003895724008068,0.0328387643652199,0.040464845141247,0.811538120326239,0.417056710667365,-0.0464708747516148,0.112148403482055,58.5181261552552,0.0149504984548632,18.0,0.000178270246209,0.757889928425436,fisher_only,upregulated,True,True,False,True,False,LES;LY ,11.0
AT1G03520,75.504834365258,0.0001278223085845,18,-0.152609978486695,-0.0354146196767208,0.276831129179492,0,1,1,0.722222222222222,0.0003942213503097,-0.108916824175061,0.0608408777100972,-1.79019153362716,0.0734231256876305,-0.228162753274658,0.0103291049245348,72.5873108717106,0.0424549011976506,18.0,8.00783349120576e-05,0.353006104855066,fisher_only,downregulated,True,True,False,True,False,Mean(LRD P) C,289.0
AT1G02460,75.4757584126021,0.000128882944342,18,0.21668430349982,0.0124496797097328,0.977827690395145,1,2,3,0.555555555555556,0.0003973597299689,-0.0021640288226887,0.150099507040066,-0.0144172946691363,0.988497061673363,-0.296353656718434,0.292025599073057,64.3761839788232,0.229115324523224,18.0,4.37552195510972e-05,0.996641704717238,fisher_only,upregulated,True,True,False,True,False,clim-pet1,2445.0
AT2G25650,75.3107547673967,0.0001350650389895,18,0.0992914128661631,0.112987177434194,0.234129676734579,1,0,1,0.722222222222222,0.0004156543485678,0.117760793905426,0.0245466587988273,4.79742660174394,1.60717072112142e-06,0.0696502267189315,0.165871361091921,0.0011257463949802,1.38921853703865e-07,18.0,0.102303477334745,0.0001857159146874,consensus_significant,upregulated,True,True,True,True,True,Mo98,1788.0
AT2G26360,75.2170255505019,0.0001387033949113,18,-0.114528499575101,-0.12160403497481,0.483862237538587,2,0,2,0.611111111111111,0.0004263455670295,-0.0234301313582762,0.098053495383123,-0.23895253572275,0.811142387648246,-0.215611450867462,0.168751188150909,65.4302049621434,0.0893363319119087,18.0,0.0001028253360445,0.942824916986282,fisher_only,downregulated,True,True,False,True,False,Mean(R) ABA,3.0
AT5G11430,75.2019032812688,0.0001392992128397,18,0.0304890107185633,-0.0273344140098765,0.182402988448437,0,2,2,0.555555555555556,0.0004281262773491,0.0054740457171397,0.0450420050794563,0.121532016780409,0.903269656920571,-0.0828066620300647,0.0937547534643441,60.30965247001,0.0185236907622702,18.0,0.0002458273329602,0.971825605612969,fisher_only,upregulated,True,True,False,True,False,clim-prec1;clim-prec2,1152.0
AT1G69800,75.0153186221886,0.0001468572765874,18,0.192144828655542,0.0894977065004031,0.470436736280781,3,0,3,0.666666666666667,0.0004502888587561,0.124251892153724,0.0686413394337635,1.81016124071446,0.0702707862863583,-0.0102826609870415,0.258786445294489,71.8305972267365,0.0456978548132272,18.0,0.0001224345364336,0.345422025171143,fisher_only,upregulated,True,True,False,True,False,rFitness mlp,261.0
AT1G74088,74.4452614022672,0.0001724841589836,18,0.0573727655118317,0.0814665165897782,0.28770855557219,2,1,3,0.666666666666667,0.000525327171845,0.118708691478024,0.0631816473977294,1.8788476775661,0.0602652948407343,-0.0051250619054345,0.242542444861482,54.6089546373836,0.0323129899394176,18.0,0.0092226190875203,0.318898985978241,fisher_only,upregulated,True,True,False,True,False,clim-gs tmin,1649.0
AT5G44750,74.2651456795086,0.0001814429735826,18,0.0724892871771297,0.0780931124951077,0.225229414361815,1,1,2,0.611111111111111,0.0005516091712696,0.0678300296213749,0.0523675771700996,1.29526766917344,0.195227908207382,-0.0348085355896423,0.170468594832392,60.6816522390956,0.0264388560631307,18.0,0.0006235613290874,0.563861968407837,fisher_only,upregulated,True,True,False,True,False,clim-tmin5;clim-tmin9;clim-tmin7,907.0
AT1G70640,71.0322766066125,0.0002024705080774,17,-0.350706759214882,0.0336744811594544,1.13305703319969,0,2,2,0.529411764705882,0.0006132007842521,-0.303504887181127,0.211139220754006,-1.43746332915918,0.150586385395478,-0.71733015558283,0.110320381220576,69.378674884017,0.407787271278424,17.0,0.0006143448516973,0.500802770326194,fisher_only,downregulated,True,True,False,True,False,Mean(LRD P) ABA;Mean(LRR) ABA,1553.0
AT3G60070,73.776786959876,0.0002080511191684,18,0.141779745018024,0.0983141624888287,0.458445347839656,3,0,3,0.555555555555556,0.0006295878453713,0.106327541178533,0.0716372351500981,1.48424964972127,0.137742702465638,-0.0340788596676858,0.246733942024752,60.3945861140955,0.04635874587879,18.0,0.0014399651207737,0.480382653652744,fisher_only,upregulated,True,True,False,True,False,rSurvival fruit mhi,414.0
AT3G03300,73.7273052304831,0.0002109480987614,18,0.115564120542155,0.132950268305947,0.132443956549311,1,0,1,0.888888888888889,0.0006382056119975,0.147249581758622,0.0251285866467275,5.85984336599364,4.63303963898153e-09,0.0979984569486423,0.196500706568602,0.0,0.0,18.0,0.763169035102068,1.49304738278831e-06,consensus_significant,upregulated,True,True,True,True,True,8W GH LN,668.0
AT3G44480,73.7018218570574,0.0002124551960192,18,0.0728312664069567,0.0897340308877921,0.254693806796525,3,0,3,0.611111111111111,0.0006426153696949,0.082624440376114,0.0570141035516516,1.44919301066026,0.147283688870075,-0.0291211491959603,0.194370029948188,64.6719896147972,0.0289589449695428,18.0,0.0023919623682635,0.495472146361601,fisher_only,upregulated,True,True,False,True,False,LRLpMRL1225;LRL125,817.0
AT1G70510,73.6854683730951,0.0002134278113972,18,0.0938315188467345,0.113985825915297,0.45369161929503,2,0,2,0.722222222222222,0.0006454820138295,0.140482323112374,0.0950511666893875,1.47796526865839,0.139417074713308,-0.0458145402873392,0.326779186512086,62.7893520547888,0.088525890886382,18.0,0.0012019380781664,0.482588265022701,fisher_only,upregulated,True,True,False,True,False,Mean(LRD P) ABA;Mean(LRR) ABA,1553.0
AT4G37120,73.4559598009227,0.0002275389919522,18,-0.0076837600403465,-0.0169979680777052,0.135012007493134,0,2,2,0.555555555555556,0.0006865190804159,-0.0199665403865008,0.032123229696312,-0.621560801179126,0.534230702959893,-0.0829269136583799,0.0429938328853783,52.8306308034809,0.0075568030698438,18.0,0.0046429290128128,0.82735079619087,fisher_only,downregulated,True,True,False,True,False,clim-pet2,1963.0
AT1G09800,73.2208684366209,0.0002429240265598,18,0.213310265014896,0.182996870468719,0.236139196712986,3,0,3,0.722222222222222,0.0007312800825056,0.156899578194524,0.0531208759384498,2.95363311358646,0.0031405713126489,0.0527845745279417,0.261014581861105,61.0275208188945,0.0235864141953292,18.0,0.0013658749153469,0.0548822505845324,fisher_only,upregulated,True,True,False,True,False,S34,337.0
AT5G27670,73.190773725535,0.0002449644310392,18,0.0336008650778355,-0.0209356142851572,0.173941866439681,1,0,1,0.555555555555556,0.0007373368285895,0.0185501183948898,0.0380075325254199,0.488064264168773,0.625504322373198,-0.055943276496168,0.0930435132859475,61.8189417237511,0.0145884393194435,18.0,0.0002933548249549,0.870514907379389,fisher_only,upregulated,True,True,False,True,False,clim-bio9,380.0
AT1G22600,64.6060450146657,0.0002462861684984,15,1.14961796603852,0.266115019117783,2.2208169113185,2,0,2,0.666666666666667,0.0007411432962971,0.73046007546963,0.425960179201844,1.71485531074372,0.0863717577893622,-0.104406534614211,1.56532668555347,74.0582786554072,1.80660018543269,15.0,5.66208823051719e-05,0.383805436891338,fisher_only,upregulated,True,True,False,True,False,Mean(LRR) C,553.0
AT2G40590,73.1096197578896,0.0002505492558376,18,0.0523680721802043,0.0951721214334534,0.183476818079311,0,1,1,0.666666666666667,0.0007534478780479,0.0176712230189415,0.042250587624636,0.418247982156762,0.675765817499873,-0.0651384070509988,0.100480853088882,61.6297839542471,0.0161277589342869,18.0,0.0002634231826142,0.891698493875698,fisher_only,upregulated,True,True,False,True,False,At2,12.0
AT3G12587,73.0177595624706,0.00025701886328,18,0.0684062106094323,0.0601575960455584,0.226035873299501,2,0,2,0.555555555555556,0.000771874552893,0.0577740842476186,0.0531078821059301,1.08786270430407,0.276655722892351,-0.0463154519752036,0.161863620470441,60.9899423219495,0.0286876254343529,18.0,0.0004211298447454,0.652261507864268,fisher_only,upregulated,True,True,False,True,False,DTFplantingSummerLocSweden2009,78.0
AT5G10340,67.1323376634389,0.0002727411713426,16,0.345004320448754,0.429638445905613,0.904089084035775,3,1,4,0.6875,0.0008172000654576,0.322411122969347,0.180757941610465,1.7836622839186,0.0744785582470658,-0.0318679325067585,0.676690178445452,61.0921536187729,0.272092000382678,16.0,0.0018903982128158,0.355561788377876,fisher_only,upregulated,True,True,False,True,False,8W GH LN,668.0
AT1G09060,72.7974308627732,0.0002731987834094,18,0.0645134193666393,0.0966303113613447,0.185009078370296,3,0,3,0.666666666666667,0.0008184766830832,0.0884069275347857,0.0399102175421713,2.21514521792246,0.0267500986060356,0.0101843385369714,0.1666295165326,45.2658000310783,0.0100505544136573,18.0,0.0493536213595785,0.204310260526927,fisher_only,upregulated,True,True,False,True,False,Stomatasize 261;ScalingExponent,338.0
AT5G44870,72.6185319567132,0.0002870534586362,18,-0.0573168652342582,0.0714094273549368,0.817213811107733,1,1,2,0.722222222222222,0.0008582005505,0.0783519060269556,0.115048497447839,0.681033718519261,0.495850155112223,-0.147139005446258,0.303842817500169,76.6735826926732,0.123574324006352,18.0,0.0003606603393086,0.806150767644615,fisher_only,downregulated,True,True,False,True,False,clim-tmin9;clim-tmin7,480.0
AT2G17040,72.5664632587738,0.0002912113255225,18,0.39245843407664,0.402031556219022,0.482388713936464,2,0,2,0.777777777777778,0.0008701300521557,0.449182221338103,0.124405128834135,3.6106406990421,0.0003054415522356,0.205352649331134,0.693011793345073,22.3644330614134,0.0524291888489505,18.0,0.457581848070424,0.0109350950035764,consensus_significant,upregulated,True,True,True,True,True,deltaRGR P Fe norm on Fe norm;RGR P norm;RGR P Fe norm,5714.0
AT1G56630,66.6694436242276,0.0003113706265928,16,-0.0948363791152686,-0.355591470568212,1.33539091484358,0,3,3,0.875,0.0009272691582966,-0.399017024292412,0.108905850919933,-3.66387132483605,0.0002484316251063,-0.612468569801169,-0.185565478783655,38.0547733034679,0.053092475042299,16.0,0.102579409764533,0.0093200480383357,consensus_significant,downregulated,True,True,True,True,True,FT10,2.0
AT2G19500,54.7312710609279,0.0003402221963357,12,0.734791387243338,0.40347244144901,1.92773209640031,0,0,0,0.583333333333333,0.001010060188309,0.589020359252205,0.541214994850297,1.08832971158741,0.276449578506858,-0.471741538547408,1.64978225705182,70.4306193642403,2.19831540960182,12.0,0.0007349039692163,0.652119618643923,fisher_only,upregulated,True,True,False,True,False,Gravitropic setpoint angle (GSA),1.0
AT1G80245,71.9478598396291,0.0003452616712596,18,0.0098303044937278,-0.0245507872266429,0.251269823619817,0,2,2,0.555555555555556,0.0010244355133803,0.0006301693895215,0.0507913502558355,0.012407021793029,0.990100882835213,-0.0989190478380753,0.100179386617118,61.9384787612191,0.0245841724454025,18.0,0.000350420702332,0.99706924163034,fisher_only,upregulated,True,True,False,True,False,Leaf roll 16,1.0
AT1G04960,71.6558367861213,0.0003740120047699,18,-0.0213025635549159,-0.0182809875401105,0.158374589972325,0,2,2,0.5,0.0011059478725824,-0.0304334610604818,0.035399736300016,-0.859708693944933,0.389949641145914,-0.0998156692707282,0.0389487471497647,58.9063576693938,0.0110027364322292,18.0,0.0004553955847268,0.741401108279874,fisher_only,downregulated,True,True,False,True,False,clim-aet2,484.0
AT5G44030,71.5265335641941,0.000387464560761,18,-0.150151641591298,-0.014783756526102,0.537869672377688,0,1,1,0.555555555555556,0.0011440972957875,-0.0912007850163273,0.0920541748488038,-0.990729482569604,0.321817690770496,-0.271623652346536,0.0892220823138811,70.7241928666204,0.0939158292083849,18.0,0.0002054349704504,0.692140153703217,fisher_only,downregulated,True,True,False,True,False,aLRLpMRL75,295.0
AT4G27270,71.3277170942513,0.0004090599661194,18,-0.0955265777504782,-0.0663555461570216,0.343839799924948,0,3,3,0.666666666666667,0.0012045742582449,-0.0872227324726008,0.0710867043998738,-1.22699080241446,0.219826047882646,-0.226550112875999,0.0521046479307969,73.5782947003353,0.0521643980231495,18.0,0.0001323228280055,0.593014853030896,fisher_only,downregulated,True,True,False,True,False,clim-gs10,4758.0
AT5G44150,71.1332670168996,0.0004312961549382,18,-0.0044442348866305,0.0363546079460606,0.230803378065691,1,1,2,0.611111111111111,0.0012668912636509,0.0385513702585598,0.044031888047629,0.87553298229817,0.381283972334068,-0.0477495444860928,0.124852285003212,60.624918117918,0.0165488572496058,18.0,0.0057538704230515,0.734688464409899,fisher_only,downregulated,True,True,False,True,False,PC3sc75,6.0
AT4G17940,71.1023901069632,0.0004349321271031,18,0.180937006464892,0.195265642327862,0.227969045392674,1,0,1,0.722222222222222,0.0012771378969606,0.12108173388087,0.0400699016976072,3.02176268847947,0.0025130748230148,0.0425461696894991,0.19961729807224,30.8469936201997,0.0069018450449273,18.0,0.127479721751195,0.0473279034908547,consensus_significant,upregulated,True,True,True,True,True,DTF sweden 2008 (1st experiment);DTFlocSweden2008;DTFplantingLoc2008;DTF spain 2008 (1st experiment);DTFmainEffect2008,1466.0
AT3G46870,71.0565598419824,0.0004403832516047,18,0.0656376168321533,0.103090486238455,0.284774269503502,2,0,2,0.611111111111111,0.0012927789107205,0.0681296330551415,0.0757551169301387,0.899340345787739,0.368471403407289,-0.0803476677725508,0.216606933882834,63.2920430553838,0.0541202016441935,18.0,0.0009318437864582,0.726718634384687,fisher_only,upregulated,True,True,False,True,False,LN22,9.0
AT1G07780,70.6740504460052,0.00048850823285,18,0.0958516110926618,0.0510484318202976,0.352269208314889,2,0,2,0.722222222222222,0.0014291226984471,0.0841957391954302,0.0569188877198826,1.47922319933212,0.139080671123737,-0.0273632307756189,0.195754709166479,59.3503898203996,0.0314901022974072,18.0,0.0008374190145519,0.482066151411676,fisher_only,upregulated,True,True,False,True,False,root length day004 minusZn,268.0
AT3G27620,56.4284249583186,0.0004967977346035,13,0.0482831141248598,0.390677694999917,1.22057838095095,2,0,2,0.615384615384615,0.0014522274978123,0.273427318730806,0.181255669144867,1.50851733366901,0.131422173748609,-0.0818272647868408,0.628681902248452,59.2820295801387,0.181648149616413,13.0,0.0014853644662035,0.469672686511423,fisher_only,upregulated,True,True,False,True,False,Straight75,8.0
AT1G27130,70.4693493990218,0.0005162944775974,18,-0.0446036813722488,-0.0506820370579939,0.223428002097815,0,0,0,0.611111111111111,0.0015071826132957,-0.0488827374024071,0.0479274120652578,-1.01993275447146,0.307760353966112,-0.142818738922523,0.0450532641177086,62.3426964290393,0.0189566750973737,18.0,0.0004312313979459,0.680437985476532,fisher_only,downregulated,True,True,False,True,False,FT GH,9.0
AT5G46650,56.0815214828025,0.0005508695921656,13,0.0854870861787839,0.0375020541104747,0.665380582272113,1,0,1,0.615384615384615,0.0016030660332485,0.280548195235212,0.190375224363069,1.47365917058709,0.14057338121836,-0.0925803880651364,0.65367677853556,43.6950902753285,0.150102496112249,13.0,0.12643139819663,0.484521976425523,fisher_only,upregulated,True,True,False,True,False,LY ,1.0
AT1G14900,70.131349907714,0.0005655198000409,18,0.100714091389916,0.0306618361307706,0.257208441146728,2,0,2,0.666666666666667,0.0016444082661171,0.0807994374120022,0.051664824574878,1.56391583784242,0.117837334588457,-0.0204617580223386,0.182060632846343,68.5875196287112,0.0285715778093252,18.0,0.0004461869303052,0.445617512229411,fisher_only,upregulated,True,True,False,True,False,aLRLpMRL125,759.0
AT5G64950,69.9734930164347,0.0005900209768299,18,0.155982771403895,0.191124821147403,0.190503973119512,2,0,2,0.666666666666667,0.0017123904668372,0.136376707651614,0.058334152385316,2.33785359133705,0.0193948444310531,0.0220438699077231,0.250709545395504,57.2640086719384,0.0275277527978637,18.0,0.0011724864474872,0.170643057225836,fisher_only,upregulated,True,True,False,True,False,4W,5.0
AT1G01370,69.5638040757979,0.000658442145972,18,0.112406319798476,0.0597570411801565,0.363712221150519,2,0,2,0.611111111111111,0.0019010795403924,0.102180026002055,0.0765773800954974,1.33433692657844,0.18209346085705,-0.0479088810155547,0.252268933019664,65.8647243237001,0.0578744447213054,18.0,0.0005516641675219,0.546617514644018,fisher_only,upregulated,True,True,False,True,False,FT Field,56.0
AT1G26970,63.8787387013176,0.0006824713993159,16,0.0611743618927461,-0.204719756185273,1.28873912852465,0,2,2,0.647058823529412,0.0019670627898062,-0.404596256702966,0.0709673796511277,-5.70115817565679,1.18996153554581e-08,-0.543689764896357,-0.265502748509575,0.0038467675921597,4.01873002715801e-06,17.0,0.78557891505351,3.3372953681221e-06,consensus_significant,upregulated,True,True,True,True,True,clim-gs tmax,60.0
AT5G43960,69.4087780906134,0.000686261800114,18,0.0352709389495519,0.0459143968166851,0.158676678884716,0,2,2,0.555555555555556,0.0019768925840993,-0.0232304618372616,0.0357017747942825,-0.65068086869961,0.515252515411021,-0.0932046546182151,0.046743730943692,60.6192665848986,0.0104937477881154,18.0,0.003379958131897,0.81673473999711,fisher_only,upregulated,True,True,False,True,False,aLRL75,226.0
AT1G54215,69.3118750836943,0.0007042184330928,18,-0.0371313379849045,-0.325168810206517,1.14463803082939,2,0,2,0.666666666666667,0.002026257949659,-0.115025163928248,0.197632375282323,-0.582015794547485,0.560556042084436,-0.502377501660706,0.27232717380421,62.1451575337373,0.352871787801257,18.0,0.0024514892765168,0.840137780562392,fisher_only,downregulated,True,True,False,True,False,Mean(TLRL) C,3.0
AT1G43680,49.3871626865641,0.0007092083821518,11,-0.0528645213179771,0.496547326533253,1.38475854147283,0,2,2,0.545454545454545,0.0020398240089809,-0.291554637428159,0.451883860759759,-0.645198164276025,0.518798775667535,-1.1772307297122,0.594121454855881,66.4426544640424,1.29108243896146,11.0,0.000838087347639,0.818848923407638,fisher_only,downregulated,True,True,False,True,False,LRDpBZ125,44.0
AT1G01290,68.390030592879,0.0008990473026524,18,0.0635583350331344,0.0625845236814245,0.150109714867395,2,0,2,0.722222222222222,0.0025604397527966,0.0752690016747767,0.0337894296593521,2.22759017934308,0.0259078561498208,0.009042936484297,0.141495066865256,50.540785569288,0.0083303024079981,18.0,0.0132075641188463,0.200747193619669,fisher_only,upregulated,True,True,False,True,False,clim-pet6,99.0
AT1G13050,68.2729231223016,0.0009272021369228,18,0.195513601249463,0.187851335082275,0.25514559206372,3,0,3,0.777777777777778,0.0026372947941269,0.230156266293318,0.0441859299382727,5.20881345294405,1.90052070526497e-07,0.143553434990894,0.316759097595743,0.0,0.0,18.0,0.4720156540209,3.30894685476402e-05,consensus_significant,upregulated,True,True,True,True,True,Mean(LRD P) C,289.0
AT4G07940,39.316568850858,0.0009788163800671,8,0.645393073206853,0.815896550450976,1.0466254480102,2,0,2,0.625,0.0027758892378483,0.527879838298144,0.368108023834976,1.43403513131459,0.151562237686094,-0.193598630838621,1.24935830743491,71.5178812218951,0.679779710734663,8.0,0.0008080532736763,0.502130925501394,fisher_only,upregulated,True,True,False,True,False,RGR Zn norm,108.0
AT1G56230,67.8539231796645,0.0010349832368778,18,0.0229903149060159,0.0241095996579781,0.255031161070931,1,2,3,0.666666666666667,0.0029286154714425,0.0209360824025854,0.0596367874953742,0.351059862240389,0.725543439158524,-0.0959498732420167,0.137822038047187,70.2092120615944,0.0387959115490373,18.0,0.0002117875646897,0.910355149749725,fisher_only,upregulated,True,True,False,True,False,rFitness mli,38.0
AT2G05120,67.8471210756631,0.0010368277659341,18,0.0451905807191062,-0.003212607467668,0.214823418969636,1,2,3,0.5,0.0029335149302085,0.0086184855142078,0.0459421148162839,0.187594444632599,0.851194581471166,-0.0814264048993125,0.0986633759277282,61.2636231616705,0.0190820212580672,18.0,0.0012799781384295,0.955020646128961,fisher_only,upregulated,True,True,False,True,False,Mean(TLRL) CK,4.0
AT3G50860,67.6447517254297,0.0010931593028677,18,-0.0627720871694982,-0.0893727011943102,0.212989984321104,1,2,3,0.777777777777778,0.0030851582913616,-0.0841481001534513,0.0340716389528179,-2.46974031011478,0.0135211168356811,-0.150927285395226,-0.0173689149116763,45.4986736199519,0.0073806590959636,18.0,0.0123872374613145,0.138724466265074,fisher_only,downregulated,True,True,False,True,False,clim-tmax11;clim-tmin1;clim-tmax4;clim-tmin10;clim-pet8;clim-tmax9;clim-aet3;clim-tmin4,1210.0
AT1G51745,67.4293379912078,0.0011563198009404,18,0.0491041146719212,0.0676444036476246,0.20378214867831,1,1,2,0.555555555555556,0.0032536814306647,0.0599176121165292,0.0449906135592676,1.33178028429414,0.182932398436613,-0.0282623701019946,0.148097594335053,56.0552946079596,0.0188171179933322,18.0,0.0018563459991067,0.54756445691712,fisher_only,upregulated,True,True,False,True,False,RP GH,3.0
AT1G65484,64.5898493005152,0.0011910604322532,17,-0.361127359475212,-0.382548591290007,1.35080573282597,0,2,2,0.705882352941177,0.0033465367851003,-0.458211609115329,0.158114966020493,-2.89796482045818,0.0037559271691112,-0.768111247932269,-0.148311970298388,34.1445113719286,0.115982844444287,17.0,0.061254612829108,0.0619823553569237,fisher_only,downregulated,True,True,False,True,False,deltaRGR P Fe norm on Fe norm;RGR P norm;RGR P Fe norm,9471.0
AT1G04570,67.1876479846258,0.0012313170261663,18,0.165844663150169,0.0805740953956618,0.485564907214784,0,2,2,0.611111111111111,0.0034545967336103,-0.0045503852098432,0.103734984675528,-0.0438654830294363,0.965011629355659,-0.207867219110693,0.198766448691007,54.0261497769237,0.0862220349375394,18.0,0.0010379337575574,0.989264668013297,fisher_only,upregulated,True,True,False,True,False,clim-aet11,112.0
AT2G01080,67.0747689110936,0.0012679082874711,18,0.0233565392078827,0.0401469703135373,0.281892143825345,0,2,2,0.555555555555556,0.003552456706329,-0.0254322903120038,0.0576886748508279,-0.440854125662739,0.659318606231876,-0.138500015335468,0.0876354347114605,52.6636450046692,0.0255598108455325,18.0,0.0041231279810496,0.884739670434107,fisher_only,upregulated,True,True,False,True,False,8W GH LN,668.0
AT5G63220,67.0344812263975,0.0012812167312379,18,-0.0461469637701097,-0.073122141968808,0.144897684408356,1,0,1,0.833333333333333,0.0035891633598521,-0.047772007345347,0.0353314993499878,-1.35210812516405,0.176340728451131,-0.117020473591123,0.0214764589004295,54.6964676657431,0.0100021468410906,18.0,0.0063763490781756,0.538908639622827,fisher_only,downregulated,True,True,False,True,False,DTF sweden 2009 (2nd experiment),2.0
AT1G69500,50.1343790218507,0.0013612747370516,12,0.822430361190394,0.994349233129188,2.08506231980797,0,2,2,0.75,0.0038037859442079,0.400903107888791,0.554873807652695,0.7225122223461,0.469979613617973,-0.686629571075096,1.48843578685268,62.471682478492,2.09832148171907,12.0,0.0018760589371721,0.790469289404892,fisher_only,upregulated,True,True,False,True,False,SDV,55.0
AT1G15920,66.2395243631368,0.0015726225957925,18,0.0073652507797281,0.0341990848309667,0.138709739728779,2,0,2,0.555555555555556,0.0043645091355664,0.0387042365675008,0.0348618612958734,1.11021715791412,0.266905460873477,-0.0296237560064419,0.107032229141444,47.2069583242186,0.0087712821895453,18.0,0.0146420603691818,0.64249068193326,fisher_only,upregulated,True,True,False,True,False,As75,555.0
AT1G01170,66.0958660266307,0.0016315873758225,18,0.180732533522248,0.055302800842673,0.337775036390892,2,0,2,0.777777777777778,0.0045182486603652,0.177527094435451,0.0854128599218743,2.07845861381801,0.0376671389515048,0.0101209651720128,0.344933223698889,71.5974704292634,0.0694606792310781,18.0,0.0012739243230793,0.248750363036909,fisher_only,upregulated,True,True,False,True,False,Mean(LRD R) ABA,897.0
AT3G07030,65.4731484078788,0.0019122870915514,18,0.12078974191602,0.151181520131241,0.166297128521773,0,2,2,0.833333333333333,0.0052526918411542,0.0749224449587966,0.0466339851533232,1.60660609880255,0.108140803804547,-0.0164784863972924,0.166323376314886,57.4204460917965,0.01876856916081,18.0,0.00212860187672,0.427813760167373,fisher_only,upregulated,True,True,False,True,False,avrRpm1;avrB,48.0
AT1G64561,65.3888870348241,0.0019536093935533,18,0.204027063501827,0.221422303580906,0.922654194747165,0,2,2,0.666666666666667,0.0053588225323614,-0.0339081216574821,0.120413913815425,-0.281596375228346,0.778253019927715,-0.269915055973224,0.20209881265826,60.0466220738172,0.111761601268167,18.0,0.0009732714685079,0.931027812262697,fisher_only,upregulated,True,True,False,True,False,clim-aet7,3.0
AT1G03410,65.3142821441529,0.0019909002236946,18,-0.350195756179676,-0.123766200345375,0.565552482018891,0,2,2,0.722222222222222,0.0054541943789906,-0.248260476864686,0.105935084564988,-2.34351516198946,0.0191029857878057,-0.455889427311268,-0.0406315264181039,65.2548092245631,0.0965807920916393,18.0,0.0054632434456826,0.169282724369835,fisher_only,downregulated,True,True,False,True,False,clim-bio17;clim-aet12,971.0
AT1G17500,65.2138789190706,0.0020421504453687,18,0.0646555099908158,0.0557856061180626,0.193888317624939,1,1,2,0.555555555555556,0.0055842808358842,0.0349096855672381,0.042666009017611,0.818208367059328,0.413238218311156,-0.0487141554713407,0.118533526605817,62.8468539784025,0.0160670494850835,18.0,0.0014728206739764,0.755752999024941,fisher_only,upregulated,True,True,False,True,False,Mean(LRD P) C,289.0
AT2G04220,37.0791542143159,0.0020439304274871,8,0.0381283858970633,-0.548132010379075,1.59939960840646,0,1,1,0.625,0.0055885593255194,-0.370712529196055,0.421503595859011,-0.879500276719003,0.379130083140395,-1.19684439643384,0.455419338041732,56.2060264409177,0.698815723317143,8.0,0.0337754942724679,0.733300474693615,fisher_only,upregulated,True,True,False,True,False,clim-gs1,1.0
AT4G00630,65.2000581392606,0.0020493021433155,18,0.0713166329709947,0.0448940885615825,0.193245101939469,3,0,3,0.611111111111111,0.0056011812386234,0.0554228246136475,0.0320555417694749,1.72896234330453,0.0838158348871938,-0.0074048827594425,0.118250531986738,47.7501449912131,0.007290960250386,18.0,0.0097954508748178,0.378864813033093,fisher_only,upregulated,True,True,False,True,False,FRI,2.0
AT2G25690,64.5617187577889,0.002406665815232,18,0.0859017658205661,0.0220092149783049,0.279998314233566,1,0,1,0.5,0.0065239926081874,0.0817818494729462,0.0667524766948462,1.22515078873861,0.220518412142067,-0.0490506007278017,0.212614299673694,56.6798148246869,0.0416316995854071,18.0,0.0031284136005096,0.593493998110749,fisher_only,upregulated,True,True,False,True,False,Mo98,12.0
AT1G79200,64.475625534668,0.0024591426931462,18,0.0397603600174265,0.0431088711670279,0.21808935279366,1,0,1,0.5,0.0066575538530585,0.0449370157551953,0.0451067230464341,0.996237649738728,0.31913469025529,-0.0434705368764385,0.133344568386829,52.5157756807672,0.0167039870286426,18.0,0.0058945106393153,0.689944758915184,fisher_only,upregulated,True,True,False,True,False,clim-pet10;clim-pet11;clim-pet9,2708.0
AT1G03365,64.2756226465029,0.0025852501255749,18,0.0864569364270022,0.0862236621914265,0.130075770343566,2,1,3,0.888888888888889,0.0069803905299897,0.079028104504226,0.0343166151546048,2.30291082463072,0.0212838609948172,0.0117687747298791,0.146287434278573,42.7198733650409,0.0079109505234573,18.0,0.053774134228232,0.179662819648008,fisher_only,upregulated,True,True,False,True,False,clim-bio17,259.0
AT5G62110,20.1197326347009,0.0026367038563174,3,1.96668941943486,2.95197425824444,2.77731156841184,0,0,0,0.666666666666667,0.0071111809835134,1.94520829352635,1.62862319953239,1.1943881765192,0.23232615967254,-1.24683452194353,5.13725110899623,75.5672822378399,6.00861000057229,3.0,0.0146096043385877,0.607230141347434,fisher_only,upregulated,True,True,False,True,False,0W GH LN,24.0
AT5G44180,63.6868725423268,0.002992804302475,18,0.0771460572220938,0.076631340214852,0.176335599461784,2,0,2,0.666666666666667,0.0080083283204144,0.0408922281138345,0.031711160379174,1.28952165814437,0.197216791787156,-0.02126050413732,0.103044960364989,50.3154459321067,0.0075541565159783,18.0,0.0045169346065268,0.565842523513596,fisher_only,upregulated,True,True,False,True,False,clim-tmax11;PC3sc75;clim-tmax4;clim-pet8;clim-tmax9;aLRL75;clim-tmax7;clim-tmax2,1168.0
AT3G11720,63.5965345684849,0.0030604530091433,18,0.0041602286593289,0.0146483621293781,0.328078105767631,0,2,2,0.5,0.0081783838753756,-0.0105962261050502,0.0676188479834065,-0.156705214907691,0.87547717696069,-0.143126732828616,0.121934280618515,59.94896711676,0.0421607318214694,18.0,0.0020857403549563,0.963753105739034,fisher_only,upregulated,True,True,False,True,False,clim-cyclelength,5.0
AT2G29130,63.5685783830656,0.0030816775950754,18,-0.324848258196373,-0.320972119527849,0.785273439480562,0,1,1,0.666666666666667,0.0082308639801365,-0.338822619364183,0.137248668772279,-2.46867690881834,0.0135613600390497,-0.607825067083918,-0.0698201716444482,30.2743571238552,0.0863099009240601,18.0,0.0750922220154078,0.138972467759442,fisher_only,downregulated,True,True,False,True,False,LRLpMRL0,1.0
AT4G15520,63.5234588559669,0.0031162251405885,18,0.0544026866348007,0.0120977145703447,0.166613362352849,2,0,2,0.5,0.0083167172839864,0.0404464504584587,0.0389650665363264,1.03801825721897,0.299261555328057,-0.0359236766079479,0.116816577524865,59.8431510276887,0.0139604119878914,18.0,0.0015398854783714,0.673383924739392,fisher_only,upregulated,True,True,False,True,False,LRDpBZ75,812.0
AT3G44530,63.4472867387086,0.0031753774529745,18,-0.0405717353528545,-0.0398485961654005,0.1573423480379,0,2,2,0.611111111111111,0.0084658789329033,-0.0543108812818162,0.0354500688578285,-1.53203880927928,0.125512858120276,-0.123791739492625,0.0151699769289927,46.041419519698,0.0082006075950158,18.0,0.0195694585493006,0.458851204997581,fisher_only,downregulated,True,True,False,True,False,clim-prec10;clim-prec9;clim-prec11,4152.0
AT1G73290,60.6220200610561,0.0033155315877214,17,0.295431211649908,-0.209485774904084,1.56392276126308,0,1,1,0.588235294117647,0.0088168983416678,-0.261565551620768,0.15984105689948,-1.63641029842076,0.101753745278733,-0.574848266394567,0.0517171631530311,45.3609444496668,0.132148662364655,17.0,0.0183853267268801,0.415506403791424,fisher_only,upregulated,True,True,False,True,False,clim-pet5;clim-tmax6,433.0
AT1G77765,60.570534909126,0.0033586214993014,17,-0.556134372278254,-0.38664656328545,0.961022983614585,0,1,1,0.705882352941177,0.0089218862951809,-0.32724056981009,0.124459752590361,-2.62928828797491,0.008556379073948,-0.571177202411962,-0.0833039372082176,31.3822608035322,0.0708285361176174,17.0,0.0649437274858615,0.104921365700618,fisher_only,downregulated,True,True,False,True,False,GR21 cold,193.0
AT5G27970,63.2084414579159,0.0033677754402728,18,0.0342934221253469,0.0580783200589244,0.169501443189635,1,3,4,0.666666666666667,0.0089443717698087,0.01333605716632,0.0352376368697136,0.378460599262893,0.705088458102843,-0.0557284419986193,0.0824005563312593,53.0021978953855,0.0096988163482256,18.0,0.0014613885683743,0.903256945759559,fisher_only,upregulated,True,True,False,True,False,clim-prec5,2.0
AT5G43230,57.416140050016,0.0038015462396176,16,0.192427065150222,0.0131320655510029,0.883069798335922,1,0,1,0.5625,0.0100261218244015,0.144004931124467,0.223793837133192,0.643471388529621,0.519918274217559,-0.294622929618612,0.582632791867546,76.6535032045019,0.470506022703523,16.0,0.0004533615813993,0.819618854554846,fisher_only,upregulated,True,True,False,True,False,LN10,3.0
AT5G44800,62.6583896074292,0.0038533160297892,18,0.0572626769486333,0.0686970556461478,0.149066573877382,0,1,1,0.777777777777778,0.010158528737852,0.0516288022601282,0.0339371422531642,1.52130671094778,0.128182886950843,-0.0148867742942862,0.118144378814543,51.1757838191485,0.0096110787330104,18.0,0.0107064564106572,0.463360026884286,fisher_only,upregulated,True,True,False,True,False,clim-tmin12;clim-bio1;clim-tmin5;clim-tmax3;clim-bio6;clim-bio3;clim-tmax5;clim-tmax12;clim-tmin4;clim-tmin9;clim-tmax4;clim-tmin10;clim-bio11;clim-tmin2;clim-aet3;clim-tmax2;clim-tmax10;clim-tmin8;clim-tmax11;clim-tmin1;clim-gs12;clim-pet3,6349.0
AT1G10000,46.2103390250524,0.0041763568533583,12,-0.258474798258975,-0.293010999160535,0.949644858134941,0,1,1,0.75,0.0109566944962672,-0.201308256983173,0.177602882009344,-1.13347404448415,0.257015235021598,-0.549403509272004,0.146786995305658,48.7703861105051,0.159939754327473,12.0,0.0135500469840843,0.632358119598291,fisher_only,downregulated,True,True,False,True,False,clim-pet7,77.0
AT1G14450,62.0180818809804,0.0045010277654825,18,-0.101546559230432,-0.182214099573981,0.220646045331004,0,0,0,0.666666666666667,0.0117532623292568,-0.0563657865086911,0.0437498674326456,-1.28836473837248,0.197619027305409,-0.142113951005078,0.0293823779876962,52.3977269958838,0.0148112491164654,18.0,0.0115036553751322,0.566377507442852,fisher_only,downregulated,True,True,False,True,False,LRDpMR0,224.0
AT2G25730,61.776806000589,0.0047705107052613,18,0.0927345092193118,0.121678573534048,0.166004354638871,1,0,1,0.722222222222222,0.0124094965975224,0.0767316047331176,0.0289204846587397,2.65319221439567,0.0079734451172717,0.0200484963865446,0.133414713079691,39.3849249164517,0.0049826882762379,18.0,0.0451202258990413,0.100071172342653,fisher_only,upregulated,True,True,False,True,False,Mo98,1740.0
AT1G10320,61.713262260843,0.0048439516893566,18,0.0629796269741505,0.0530623756390672,0.227389697172532,0,0,0,0.555555555555556,0.0125847693161784,0.0393203073949716,0.0414919976581719,0.947660021551829,0.343302559488445,-0.0420025136616656,0.120643128451609,57.877543157687,0.0125739757161238,18.0,0.0051569548358203,0.708367866235771,fisher_only,upregulated,True,True,False,True,False,S34,337.0
AT4G39410,61.6566960661268,0.0049102157935027,18,0.0792990126436773,0.0755721657948816,0.619164448811821,1,0,1,0.666666666666667,0.0127428926395613,0.146082697853534,0.128352055196938,1.13814069926182,0.255061735851168,-0.105482707674161,0.39764810338123,58.4999378495343,0.146573836200628,18.0,0.005722673779904,0.630374988668123,fisher_only,upregulated,True,True,False,True,False,Vern Growth,1.0
AT1G33940,21.9647934508233,0.0049815064806937,4,2.43468282873524,2.60728149066021,1.1852278560442,2,0,2,1.0,0.0129111194933575,2.33907076759081,0.657715983226788,3.5563538476216,0.0003760375207527,1.04997112840995,3.62817040677166,0.0,0.0,4.0,0.645069790507923,0.0126444139512228,consensus_significant,upregulated,True,True,True,True,True,RGR Zn norm,108.0
AT1G64400,61.3468202225658,0.0052884922107828,18,-0.181207514562609,-0.111843118465678,0.41948693061229,0,2,2,0.722222222222222,0.0136569824973549,-0.250880325515945,0.076310940451131,-3.28760625976831,0.0010104304911864,-0.400447020426542,-0.101313630605347,33.431812345932,0.0304760575230422,18.0,0.130229312847201,0.0257238349385267,consensus_significant,downregulated,True,True,True,True,True,DTF3;DTF1,24.0
AT1G36675,58.6449337274762,0.0054046491167648,17,0.707819094948238,0.578660038962448,1.57908150093148,1,0,1,0.764705882352941,0.0139319903550816,0.494867172774279,0.153961861460914,3.21421921038483,0.001307997742148,0.193107469318141,0.796626876230416,18.0364805002595,0.0684820976619317,17.0,0.197388550126396,0.0306938737465447,consensus_significant,upregulated,True,True,True,True,True,Zn66,6.0
AT3G07040,60.9028678103555,0.0058780115716003,18,0.0243742446707227,-0.0427867278204471,0.524918729360086,0,1,1,0.555555555555556,0.0150736043568176,-0.0130885852092944,0.105659652950026,-0.123874959304333,0.901414279795475,-0.220177699610347,0.194000529191758,68.5958494278667,0.0993534690631824,18.0,0.0014279931595327,0.971384680941641,fisher_only,upregulated,True,True,False,True,False,avrRpm1;avrB,6.0
AT1G02440,52.8360303638518,0.0061801388033922,15,-0.35574829582344,-0.311039023132352,0.809709126196004,0,0,0,0.5625,0.0158007578342297,-0.174436553099995,0.158515704886731,-1.10043704013202,0.271141747374789,-0.485121625661967,0.136248519461978,47.9950895513481,0.169841075744529,16.0,0.0207651983182725,0.646800846933037,fisher_only,downregulated,True,True,False,True,False,clim-pet6,99.0
AT4G02780,60.1545654983959,0.0070120014576139,18,0.114680271233817,0.177328217990833,1.03945626421391,0,2,2,0.611111111111111,0.0177821698256435,-0.186979213947988,0.224335789869564,-0.833479196773299,0.404574525653877,-0.62666928253568,0.252710854639704,43.8984364117114,0.308505782895606,18.0,0.0494710767861383,0.750266090822281,fisher_only,upregulated,True,True,False,True,False,clim-bio15;clim-aet12;clim-prec2,1305.0
AT5G49470,60.075238293007,0.007143442166783,18,-0.0549133320197769,-0.065263489799726,0.217755825093825,0,0,0,0.555555555555556,0.0180916308933883,-0.0318269606544684,0.0300094443284005,-1.06056481107009,0.288887721512451,-0.0906443907341932,0.0269904694252564,42.088191085875,0.0052415669662408,18.0,0.0101222546370715,0.663688589851584,fisher_only,downregulated,True,True,False,True,False,DTF1,11.0
AT1G61550,60.0344557483936,0.0072119026446415,18,0.676586099900444,0.526298775417873,0.815266358966031,1,1,2,0.833333333333333,0.0182525459189321,0.399825409074929,0.168665710123333,2.37051982161974,0.0177630914457621,0.0692466918063244,0.730404126343534,48.6775738026644,0.196816920363362,18.0,0.0129361960664319,0.163089760497597,fisher_only,upregulated,True,True,False,True,False,8W GH FT,29.0
AT4G09900,60.0087813010266,0.0072553131908602,18,0.0922361269863666,0.141038374980553,0.680220342798957,2,0,2,0.666666666666667,0.0183534634653623,0.1359438533269,0.147635272919672,0.92080876499525,0.357150278042401,-0.153415964443399,0.425303671097198,55.7168913643996,0.166657809427239,18.0,0.0026652632630409,0.718685158115965,fisher_only,upregulated,True,True,False,True,False,DTFlocSweden2008,196.0
AT1G15490,59.9205876895112,0.007406284085929,18,-0.135017165253432,-0.072611918304402,0.232762715659023,0,2,2,0.722222222222222,0.018717537051126,-0.133851121302247,0.0303728805257597,-4.40692877939997,1.04846643458486e-05,-0.193380873239474,-0.0743213693650202,0.0074094897425586,1.4142538397826e-06,18.0,0.28327419766132,0.0008242217044242,consensus_significant,downregulated,True,True,True,True,True,clim-bio7;clim-bio4,365.0
AT4G26440,30.092798896468,0.0074104498628276,7,1.80229098660244,1.23738881841157,1.59766218386265,1,0,1,1.0,0.0187267386469284,0.765615886423695,0.296488626909039,2.58227741956046,0.00981506515143,0.184508855856246,1.34672291699114,25.6991938296123,0.145714014068973,7.0,0.181042580839265,0.114282953392459,fisher_only,upregulated,True,True,False,True,False,Mean(R) ABA,3.0
AT5G18730,59.9038341360408,0.0074352901166873,18,0.189520894768217,0.206533261984627,0.736307331847277,2,0,2,0.611111111111111,0.0187842430056644,0.218098914375833,0.135808093269952,1.605934588466,0.108288282817073,-0.0480800572423306,0.484277885993996,47.4140814150694,0.120549784913166,18.0,0.0186700529322705,0.428206695240795,fisher_only,upregulated,True,True,False,True,False,LRL75,1.0
AT5G03495,59.8737736898591,0.0074875989471629,18,0.34228881449545,0.255735777653658,0.616757262475038,2,0,2,0.666666666666667,0.0189088104786252,0.328553143372635,0.138636695402032,2.36988585467841,0.0177935776660527,0.0568302134490023,0.600276073296269,40.7971738120417,0.125730298730439,18.0,0.047441959906588,0.163282982600898,fisher_only,upregulated,True,True,False,True,False,SDV,55.0
AT3G44610,59.8580873822341,0.0075150302459474,18,0.0987363112022803,0.0799737780734512,0.285289340846512,1,0,1,0.611111111111111,0.0189679319552068,0.061950552682831,0.0667198845283242,0.928517084835953,0.35313940966698,-0.0688180180453556,0.192719123411018,54.4194652830519,0.0375706298676237,18.0,0.0087309177068687,0.716441899239916,fisher_only,upregulated,True,True,False,True,False,Stomatasize 261,670.0
AT3G12770,59.7718030625444,0.0076675913460114,18,0.268442987537988,0.266184186787962,0.516569587206004,2,0,2,0.777777777777778,0.0193219876893251,0.217401402915665,0.0976816263483531,2.22561203209666,0.0260401795598649,0.0259489333215938,0.408853872509735,54.3288802140831,0.0558813170329596,18.0,0.0110264357411144,0.201291519112639,fisher_only,upregulated,True,True,False,True,False,DTFplantingSummerLocSweden2009,26.0
AT5G02500,59.648715182121,0.0078901950985523,18,0.150447457989726,0.103008235520416,0.150117199606063,0,0,0,0.888888888888889,0.0198482462102543,0.0878828642289052,0.0202580081895007,4.33817892691213,1.43668173478743e-05,0.0481778977789664,0.127587830678844,0.0,0.0,18.0,0.439899332363258,0.0010528360893744,consensus_significant,upregulated,True,True,True,True,True,clim-pet11,2114.0
AT2G18100,59.5996090264803,0.0079806612098573,18,0.257844262759101,0.183288634449788,0.42952916674538,2,0,2,0.777777777777778,0.0200592908834716,0.214083490014314,0.082076014335357,2.60835631149904,0.0090978198639867,0.0532174579224213,0.374949522106207,35.4412364502731,0.0380671385794354,18.0,0.0580846823296309,0.109241214029874,fisher_only,upregulated,True,True,False,True,False,clim-aet10,286.0
AT1G51710,59.5263260718906,0.0081174536311079,18,0.0489700237830672,0.0310896949613547,0.156781397710903,3,0,3,0.555555555555556,0.0203784444668731,0.0549744093450171,0.0256442711639392,2.14373062090849,0.0320544771913117,0.0047125614539172,0.105236257236117,29.4818340711303,0.0031552283002203,18.0,0.0476350494592311,0.22648541046577,fisher_only,upregulated,True,True,False,True,False,RP GH,27.0
AT3G19250,59.5045209549321,0.0081585726089477,18,0.103382946447582,0.11518107274322,0.374106936758418,0,0,0,0.611111111111111,0.0204727591247401,0.0461504645070167,0.0720588279462713,0.640455386554823,0.521876584565336,-0.0950822430358434,0.187383172049877,51.6482024763544,0.0404450956341774,18.0,0.010782476040025,0.820765223206666,fisher_only,upregulated,True,True,False,True,False,clim-gs tmax,60.0
AT1G47980,43.6673682132299,0.0083380211743992,12,1.33655386832164,0.609097821339104,2.64300270788934,1,0,1,0.666666666666667,0.0208917464986239,0.803103815289297,0.671472224749174,1.19603430445585,0.231683172454731,-0.512957561838069,2.11916519241666,64.8582685229294,3.04659105607158,12.0,0.0063064085135889,0.606857218174345,fisher_only,upregulated,True,True,False,True,False,aLRLpMRL0,234.0
AT5G04940,58.7715451298263,0.0096580818804347,18,-0.0113418110939787,0.0193747745158189,0.175766811364472,0,1,1,0.5,0.0239552739630321,-0.0198417582014125,0.0308359821212626,-0.643461204620782,0.519924880315281,-0.0802791725870082,0.0405956561841832,41.3351378230821,0.0058003675162789,18.0,0.0218132373045406,0.819618854554846,fisher_only,downregulated,True,True,False,True,False,aLRL125;LRLpMRL1225;PC3sc125,3181.0
AT1G53550,26.2795381512468,0.0097973328255734,6,0.848788314387971,1.01452290106051,1.16270539191198,0,0,0,0.833333333333333,0.0242647151641576,1.02307321476914,0.299716150260886,3.41347376135259,0.0006414033450984,0.435640354672812,1.61050607486548,0.0004086837612821,2.39030118763087e-06,6.0,0.50460619931916,0.0186434572308618,consensus_significant,upregulated,True,True,True,True,True,Mean(TLRL) C,3.0
AT1G61960,58.3718472766821,0.0105790543067949,18,0.0043672029870417,0.0316446674362119,0.330893209614926,2,0,2,0.5,0.0260491269369467,0.050447092626303,0.0546281435830178,0.923463425947087,0.35576575174319,-0.0566221013386948,0.157516286591301,44.8894904116241,0.0209177980958023,18.0,0.0125474117509974,0.7180638863862,fisher_only,upregulated,True,True,False,True,False,clim-aet9,2.0
AT2G06025,57.8748407697107,0.0118367045982273,18,-0.115003334224725,-0.092496059117185,0.203569537534151,0,3,3,0.666666666666667,0.0288637852543035,-0.0884187125495937,0.0438084450669211,-2.01830291886705,0.0435597229209951,-0.17428168709946,-0.002555737999727,34.4645078565426,0.0095537573448446,18.0,0.121594776447827,0.26927828714797,fisher_only,downregulated,True,True,False,True,False,clim-pet2,1963.0
AT2G19150,44.9606069697302,0.0118887511071739,13,0.0376842335252857,-0.295604448664625,1.34597472401211,0,1,1,0.615384615384615,0.0289838917381481,-0.349063752635729,0.0935685981482285,-3.73056516335484,0.000191050719946,-0.532454835090158,-0.165672670181301,0.0,0.0,13.0,0.268380700011756,0.0076399843258574,consensus_significant,upregulated,True,True,True,True,True,DTF sweden 2008 (2nd experiment),4.0
AT1G17420,52.7214533200421,0.0119783207636287,16,-0.301502017751421,-0.0054600513655092,1.06472598857109,1,1,2,0.5,0.0291858047018024,-0.0007467975885793,0.226256782011465,-0.0033006638826034,0.997366456029478,-0.444201941588981,0.442708346411822,64.5727695160361,0.391604018558731,16.0,0.0065674338206821,0.999024678619421,fisher_only,downregulated,True,True,False,True,False,LRDpMR0;Mean(LRD P) C,513.0
AT5G46020,57.7470306943898,0.012181572264079,18,-0.0518329544789431,-0.0466036849381508,0.158803689982379,1,0,1,0.777777777777778,0.0296448531006688,-0.0286179649313738,0.0320899094898692,-0.891805722930087,0.372497073694289,-0.0915130317986674,0.0342771019359198,48.5211855099481,0.0075244496223733,18.0,0.0179462641581751,0.729359900021863,fisher_only,downregulated,True,True,False,True,False,clim-tmax5;clim-tmax6;clim-tmin7;clim-bio10;clim-tmin6;clim-tmin5;clim-tmin8,1983.0
AT3G20950,34.0906474894214,0.0122747549747024,9,-0.853363304743834,-0.58517881397414,2.14584876851471,0,1,1,0.666666666666667,0.0298548225287983,-0.643645389604765,0.392836603098419,-1.63845574604847,0.101326658414072,-1.41359098348672,0.126300204277191,35.923623171318,0.449691278402688,9.0,0.037466353801906,0.414996404183362,fisher_only,downregulated,True,True,False,True,False,clim-tmin3,189.0
AT4G16570,57.6073237865228,0.0125690534081225,18,0.0477941136950385,0.0439887109399724,0.273974374116569,2,1,3,0.555555555555556,0.0304977298239815,0.0616215044678767,0.0437442537784343,1.40867654938158,0.158930832173208,-0.0241156574684346,0.147358666404188,48.0392850211284,0.0127810253981952,18.0,0.0082861057758611,0.514472628929045,fisher_only,upregulated,True,True,False,True,False,aLRLpMRL0,234.0
AT5G44100,57.4829702600993,0.0129234079510135,18,-0.0351357392675285,-0.0282507621196397,0.123445343083557,1,0,1,0.5,0.0312844121299232,-0.0199101233338731,0.0267366140465196,-0.744676319119206,0.456467418303443,-0.0723129239335993,0.0324926772658531,57.3000696626051,0.0055211640758392,18.0,0.0065869369035267,0.781525723708284,fisher_only,downregulated,True,True,False,True,False,clim-gs5,769.0
AT3G07330,57.1166790556851,0.0140209293207756,18,-0.0160812234833745,-0.0489099510462769,0.167349149898661,0,2,2,0.666666666666667,0.0337023088494616,-0.0501503930297858,0.0330112463433126,-1.51919114195897,0.128714390339504,-0.114851246947458,0.0145504608878863,35.9373881871054,0.0061834545518321,18.0,0.0655179236075576,0.464193542489545,fisher_only,downregulated,True,True,False,True,False,avrB,3.0
AT2G02340,46.7133546795124,0.0146851927517748,14,0.359693349707217,0.846286029047516,1.36600917251712,0,1,1,0.642857142857143,0.0351849408646415,0.177469799700166,0.3462441499108,0.512556817915585,0.608261366019987,-0.501156263982689,0.856095863383021,50.629276292667,0.663473867684516,14.0,0.0169145202286091,0.862551457160298,fisher_only,upregulated,True,True,False,True,False,Zn66,6.0
AT1G36095,15.5759320322586,0.0162204720940477,3,1.92968319389119,3.70340433783718,3.59465468594502,0,0,0,0.666666666666667,0.0385590034421824,1.87261977918956,2.11285597359336,0.886297884282559,0.375457028837559,-2.26850183357373,6.01374139195284,71.8726315360887,9.61664829673374,3.0,0.0258702780479648,0.730993248404927,fisher_only,upregulated,True,True,False,True,False,FT16,14.0
AT5G44170,56.3245277352082,0.0166906562399458,18,-0.015917234860862,-0.0418204612065104,0.199086923227042,0,0,0,0.555555555555556,0.0395770170645753,-0.0191634387806442,0.0314031875170849,-0.610238650780859,0.541703729789914,-0.0807125553138883,0.0423856777525999,36.4414099482067,0.0052825888635713,18.0,0.0387497212686211,0.830630820700476,fisher_only,downregulated,True,True,False,True,False,PC3sc75;aLRL75,232.0
AT5G43900,56.0898251349672,0.0175659821601278,18,0.0066124041476209,0.0343393791911517,0.141799583517901,1,1,2,0.555555555555556,0.0414556220485991,0.0114891324130564,0.0329437720988822,0.348749753931371,0.727277188261601,-0.0530794744156484,0.0760577392417611,48.6162131261762,0.0081488306892514,18.0,0.0159973591138333,0.910765578442467,fisher_only,upregulated,True,True,False,True,False,PC3sc75;aLRL75;aLRLpMRL75,753.0
AT5G06000,56.0511228971565,0.0177142550258266,18,-0.0001395556921061,0.0367576168091756,0.311409559266555,1,0,1,0.5,0.0417770504882731,0.0495325125466557,0.0647618397393455,0.764841035183913,0.444366209198595,-0.0773983609150163,0.176463386008328,43.0828764284405,0.028727302540506,18.0,0.0489077200855569,0.774323976425186,fisher_only,downregulated,True,True,False,True,False,YieldPlantingSummer2009,1.0
AT2G27650,56.0480172498425,0.017726202141322,18,0.497226846695661,0.13687931336039,1.58011662040734,1,0,1,0.611111111111111,0.0418033268509975,0.294390240388621,0.230541642088646,1.27695039265585,0.201619761509179,-0.157463075041848,0.74624355581909,42.679846016547,0.332370045832485,18.0,0.0218437903200094,0.571450334387933,fisher_only,upregulated,True,True,False,True,False,rosetteDM,552.0
AT5G03540,56.0187457135255,0.0178391660074952,18,-0.0045010188238954,-0.0104017738080311,0.124761775083233,1,0,1,0.555555555555556,0.0420448914651927,0.0141406665430949,0.0228429239989769,0.619039250129637,0.535890502160339,-0.0306306417964854,0.0589119748826753,45.4216544211489,0.0032898461717558,18.0,0.01955128289663,0.828071084792775,fisher_only,downregulated,True,True,False,True,False,Co59,621.0
AT5G11050,32.5356944894067,0.0189832349579416,9,0.879013180097739,1.38196246414836,1.39358440648442,0,0,0,0.555555555555556,0.0444988427601339,0.563830592317352,0.479445412685819,1.1760058129638,0.239592553177867,-0.375865149099796,1.5035263337345,61.4643247604927,0.987790914034886,9.0,0.0128030902433289,0.614723499902066,fisher_only,upregulated,True,True,False,True,False,ScalingExponent,3.0
AT3G27520,55.6808847222428,0.0191910321725418,18,-0.0630300981135712,-0.062173975274074,0.163046072269212,0,1,1,0.666666666666667,0.044939260096873,-0.0812767058508579,0.0399504570933498,-2.03443744488188,0.0419075097076792,-0.159578162919736,-0.0029752487819794,36.922274353267,0.0095223446089649,18.0,0.0914535090925241,0.263895299680083,fisher_only,downregulated,True,True,False,True,False,FRI,4.0
AT1G08060,55.6625183678219,0.0192671076612712,18,0.0306696800420179,0.0088330052814115,0.203143198717052,0,1,1,0.5,0.0450951063301714,-0.0101037620679915,0.0400193309999013,-0.252472038276112,0.800676224418501,-0.0885402095131852,0.0683326853772023,48.2969757926376,0.0117682806467058,18.0,0.013921911807525,0.938575387535968,fisher_only,upregulated,True,True,False,True,False,clim-aet12;clim-aet2,695.0
AT4G10320,55.4929085285747,0.0199826308331256,18,0.0472964967528807,0.0138395041197936,0.158019703917847,1,0,1,0.555555555555556,0.0465974085847172,0.0164813837992608,0.0241647493755861,0.682042405782699,0.495212137055611,-0.0308806546723248,0.0638434222708463,47.6475283660174,0.0040662780461059,18.0,0.0101287717364656,0.805694152367303,fisher_only,upregulated,True,True,False,True,False,Na23;Seed bank 133-91,574.0
AT5G46680,55.4759717783782,0.0200553818816247,18,0.125986296575399,0.151879557858159,0.334239444521995,2,0,2,0.611111111111111,0.0467523524541055,0.179780245049347,0.0636459966685228,2.82469054551329,0.0047326299177975,0.055036383818886,0.304524106279808,20.9083990945966,0.0141047163799416,18.0,0.31952541820366,0.0715048837085053,fisher_only,upregulated,True,True,False,True,False,clim-bio15;clim-aet12;clim-prec2,1305.0
AT1G27660,55.2895009784391,0.0208723007418618,18,-0.0934056457392445,-0.120642340253452,0.270727685154673,2,0,2,0.611111111111111,0.0484716667771878,-0.0003578808659389,0.0594508128040959,-0.0060197808752968,0.9951969387889,-0.1168793328136,0.116163571081722,49.9253965013654,0.0250989271926563,18.0,0.0392343500994081,0.998359165025132,fisher_only,downregulated,True,True,False,True,False,FT GH,9.0
AT1G30300,55.2316947694402,0.021131567262374,18,0.0876456641522549,0.0626395329758364,0.183278673086436,2,0,2,0.666666666666667,0.0490342680057439,0.0841633682113598,0.0406646477084307,2.06969377467177,0.0384810300990589,0.0044621232588263,0.163864613163893,41.1655912004971,0.0113040343733304,18.0,0.0388572618089865,0.251254230274664,fisher_only,upregulated,True,True,False,True,False,LN10,3.0
AT2G32790,50.2392713875554,0.0211376415600495,16,-0.237107202992942,-0.211472098031658,0.965834172207342,0,2,2,0.5625,0.0490461701809785,-0.28540853851313,0.275766212233613,-1.03496558262674,0.300684984753076,-0.825900382644039,0.25508330561778,47.7998856606816,0.492225841954845,16.0,0.0310536583141881,0.674684934866954,fisher_only,downregulated,True,True,False,True,False,2W,4.0
