gene_id,fisher_stat,fisher_pval,n_studies,mean_log2fc,median_log2fc,sd_log2fc,n_up,n_down,n_sig,direction_concordance,fisher_fdr,meta_log2fc,meta_se,meta_z,meta_pval,meta_ci_lb,meta_ci_ub,meta_I2,meta_tau2,meta_n,meta_het_pval,meta_fdr,consensus_class,direction
AT1G67030,1799.52633817914,0,18,-0.43033170798911,-0.713128842879024,0.923654962617778,1,9,10,0.777777777777778,0,-0.678791412861955,0.166331166500285,-4.08096346069208,4.4849405924783e-05,-1.00479450870905,-0.35278831701486,95.5658102232057,0.343580384434448,18,4.91136563804647e-27,0.00252382492082586,consensus_significant,downregulated
AT3G52800,1655.97659492798,0,18,-0.440002108257121,-0.400718689412286,0.347125426562747,0,8,8,0.888888888888889,0,-0.45141714217234,0.083845619987422,-5.38390845270223,7.28855838237251e-08,-0.615751537609119,-0.287082746735561,91.522614581997,0.0954876419166438,18,1.90108876779985e-52,1.51871310486352e-05,consensus_significant,downregulated
AT5G56980,1608.39491362972,1.11253712415573e-308,18,-0.464137805154262,-0.307498684531427,0.62678871691114,0,7,7,0.722222222222222,1.11266497501866e-308,-0.515782643099154,0.156691701879001,-3.29170362510612,0.000995824962366527,-0.822892735458283,-0.208672550740026,94.5823992731801,0.376726513473779,18,7.27177664391696e-65,0.0254265303985008,consensus_significant,downregulated
AT4G34770,1470.24096358352,4.25647702101637e-289,16,1.3394593667227,0.715744725708771,1.56453077135222,6,0,6,0.8125,1.97245905239081e-286,1.38930348843183,0.418778767779847,3.31751176354335,0.000908230910275105,0.568512186093267,2.21009479077039,96.644059467392,2.52247304420313,16,5.29030485805103e-169,0.023859570910741,consensus_significant,upregulated
AT2G32880,1192.76263294504,8.56179904512598e-237,12,1.3377729661694,1.0112925556531,1.55744308377054,6,0,6,0.833333333333333,2.0862250339957e-234,1.5349702364344,0.49481845027155,3.10208771639787,0.00192161009754421,0.565143895016243,2.50479657785256,96.2003336287512,2.36876395014641,12,1.42011705644623e-62,0.0397214415541767,consensus_significant,upregulated
AT5G61010,1176.46184687031,1.19815893034354e-223,18,-0.46915336716524,-0.251899512063921,0.666892104582959,0,6,6,0.777777777777778,2.45793069738182e-221,-0.496103947634991,0.165338651428997,-3.00053220071194,0.0026950825615175,-0.820161749688247,-0.172046145581736,93.8186986398643,0.43139554024983,18,2.42097213878588e-88,0.0495154616224411,consensus_significant,downregulated
AT1G23090,1158.67273882351,1.97617720497989e-221,17,0.235658669313626,0.219503975739208,0.937628713551398,4,0,4,0.764705882352941,3.89983167740156e-219,0.494512231256407,0.162917349369458,3.03535647474211,0.00240251540745729,0.17520009403554,0.813824368477274,93.2864513237273,0.343475318413627,17,8.65526493485288e-70,0.0460280127805976,consensus_significant,upregulated
AT3G48550,1118.62486665425,1.84558472697992e-211,18,0.620592165851443,0.315683008112171,0.856467792183758,5,0,5,0.777777777777778,3.22517484562238e-209,0.604982493908826,0.199187970678446,3.0372441259792,0.00238752007903367,0.214581245225452,0.9953837425922,93.4593942542299,0.612217666176549,18,1.06498139086602e-82,0.0458453337455896,consensus_significant,upregulated
AT5G13980,1114.69083825338,1.2428955345043e-210,18,0.192413008937718,0.138499207744437,0.243796887934223,3,0,3,0.777777777777778,2.15744217847183e-208,0.209756762237967,0.0625235407340511,3.3548445877399,0.000794095833779738,0.0872128742133037,0.33230065026263,89.9267292738966,0.055528558623044,18,4.32977330318195e-49,0.0217075175130811,consensus_significant,upregulated
AT3G49110,1098.67553931345,9.02116211188917e-209,17,1.39021919122708,1.25686892338859,1.52038658594477,5,0,5,0.882352941176471,1.52015368431545e-206,1.5121707379615,0.409425312694604,3.69339826111204,0.00022127706223884,0.70971187072103,2.31462960520198,89.8365065184495,2.24607446243191,17,2.00367045879377e-47,0.00853599017671664,consensus_significant,upregulated
AT3G51895,1030.7350557091,5.71195369663643e-196,16,1.0544836117444,0.709409275442373,1.43424094558359,5,0,5,0.75,8.05587252198715e-194,1.11070872918012,0.355223998429006,3.12678404075255,0.00176729694527635,0.41448248581496,1.80693497254529,94.8604825051985,1.6191356062985,16,4.41276847872908e-84,0.0374262998811094,consensus_significant,upregulated
AT1G56550,1038.65213943103,1.21728558978162e-194,18,-0.428775816324157,-0.337778985249146,0.658995876990227,0,6,6,0.833333333333333,1.66258787882252e-192,-0.553621801566623,0.1731928209901,-3.19656322012486,0.00139075345782284,-0.893073493088112,-0.214170110045133,91.5512779678943,0.385739363308272,18,1.69264355990639e-51,0.0319000231678515,consensus_significant,downregulated
AT3G19930,1018.10699735375,2.5090251030546e-190,18,-0.292695421925187,-0.254530951646728,0.422046345976464,0,5,5,0.777777777777778,3.25552279684092e-188,-0.313364059678092,0.101093691738369,-3.09973900734658,0.00193691234798286,-0.511504054549488,-0.115224064806695,91.6129638037698,0.15570627428583,18,7.0434545945255e-52,0.0398788731201361,consensus_significant,downregulated
AT1G01550,1011.16251893306,7.19532072335047e-189,18,-0.26007781630116,-0.261591329602556,0.220237634317791,0,7,7,0.888888888888889,9.22084792253365e-187,-0.264812165456742,0.0583254952360833,-4.54024718324064,5.61883164082831e-06,-0.379128035499928,-0.150496295413557,92.3743688517396,0.0510816874516045,18,1.68923010672896e-78,0.000504732516819008,consensus_significant,downregulated
AT5G42250,1008.20038349957,3.01060739451998e-188,18,-0.666034761230925,-0.695357955382177,0.570238977218252,0,9,9,0.888888888888889,3.79256151415003e-186,-0.666865066798768,0.133895889085146,-4.98047454149023,6.34285466607719e-07,-0.929296187083624,-0.404433946513913,89.6369664715709,0.242122174209609,18,4.02779591897722e-36,8.72924858076257e-05,consensus_significant,downregulated
AT4G20860,1005.22110246343,1.26996594598852e-187,18,-0.599312487454752,-0.515921158926151,0.580985584995959,0,7,7,0.833333333333333,1.5730907532876e-185,-0.608900191488236,0.154057526601223,-3.95242092302553,7.73644990016656e-05,-0.910847395173954,-0.306952987802518,91.4163320373954,0.333482099331428,18,8.42062225818479e-56,0.00379589607518449,consensus_significant,downregulated
AT1G15380,983.679904960768,4.18603406573835e-183,18,-0.389851807860803,-0.318499701782095,0.666679794334967,0,4,4,0.833333333333333,4.86038823368873e-181,-0.489704372461387,0.15866144257938,-3.08647371724471,0.00202545851819298,-0.800675085652141,-0.178733659270632,93.0822349519196,0.326194086967614,18,2.10930589327748e-46,0.0410745871767116,consensus_significant,downregulated
AT5G52640,971.99430346773,1.17829402746582e-180,18,1.08857408634545,1.14261885233002,0.89342742284589,13,2,15,0.888888888888889,1.31233129440995e-178,1.05743560691957,0.214027078928637,4.94066270591931,7.78574915883743e-07,0.637950240503125,1.47692097333601,96.8742716874647,0.75585534137959,18,4.67406091067903e-155,0.000104128157581125,consensus_significant,upregulated
AT3G12580,959.139473845025,5.81515550645947e-178,18,0.991947920211512,0.854924043950225,1.19697909014785,8,4,12,0.777777777777778,6.24870364266569e-176,0.975563567191471,0.290606139252909,3.35699572520888,0.000787943308487065,0.405986000569539,1.5451411338134,97.7082516784479,1.41192969100482,18,8.87761675833778e-179,0.0215844245975389,consensus_significant,upregulated
AT5G48450,947.01808920953,2.00904956435681e-175,18,0.48640640092919,0.360288413627672,0.646280222723529,6,0,6,0.888888888888889,2.08543362879365e-173,0.501578051871982,0.164653612562403,3.04626205320509,0.00231705794429804,0.17886290132526,0.824293202418705,95.6328808845245,0.429247581627006,18,1.89897910590183e-119,0.0449078200903846,consensus_significant,upregulated
AT1G06350,928.135119993451,2.26191033690154e-174,16,1.19955822496972,0.386298279059846,1.50615762452427,4,0,4,0.8125,2.31093323613241e-172,1.05322399311874,0.350019341933876,3.00904512104852,0.00262070191576334,0.367198689035935,1.73924929720155,94.6707702566374,1.68784788521508,16,1.82122105563845e-89,0.0486833147860598,consensus_significant,upregulated
AT5G51750,906.593855928003,2.15139683568883e-168,17,0.635027447562834,0.452818623900369,0.96588639994399,5,0,5,0.764705882352941,2.01188553457813e-166,0.77719858091176,0.243501001977279,3.19176748596821,0.00141405112884169,0.299945386836877,1.25445177498664,92.6831953525204,0.814895841502809,17,2.23209744905741e-63,0.0322416656883213,consensus_significant,upregulated
AT4G17340,894.862329253017,1.62620180541647e-164,18,-0.512188246477888,-0.701815661692085,0.643043671779338,1,9,10,0.777777777777778,1.42329679431568e-162,-0.575663316544745,0.157702012661608,-3.65032320659081,0.000261910532116261,-0.884753581650976,-0.266573051438514,93.0336658918045,0.365734168921445,18,3.84213428163505e-35,0.00967875074666673,consensus_significant,downregulated
AT4G15680,865.006287776827,4.02627055070878e-161,16,1.18125743845597,0.556632147503669,1.44890302695552,6,0,6,0.8125,3.34883762583872e-159,1.19387394759228,0.377877120698398,3.15942374437951,0.00158081462761843,0.453248400441725,1.93449949474284,94.7210102475447,2.09004119921522,16,6.54237804707188e-87,0.0346950025970196,consensus_significant,upregulated
AT3G52740,831.198702513525,1.26671830064902e-152,17,-0.954076159764836,-0.803323729351857,1.60828795923954,0,6,6,0.823529411764706,9.35191273427951e-151,-0.938802308725802,0.160571265589245,-5.8466395296861,5.01602845011405e-09,-1.25351620623274,-0.624088411218867,82.4553614506254,0.179255508374827,17,8.94271647252102e-07,1.60649148213406e-06,consensus_significant,downregulated
AT2G34700,819.075057226571,1.67564074799077e-151,16,1.58548815231346,1.3977387116361,1.80595028181197,4,0,4,0.8125,1.21803123895615e-149,1.54323568086003,0.485089595195344,3.18134154215073,0.00146594692814164,0.592477545002042,2.49399381671802,91.6607402185765,2.74487681456027,16,1.05832376886873e-51,0.0330692132259569,consensus_significant,upregulated
AT2G20560,831.594263831841,2.56803007110145e-151,18,0.915264592084531,0.661052248748792,1.04560742592958,8,2,10,0.833333333333333,1.86149900447257e-149,0.896897775872898,0.251224675616992,3.57010223486277,0.000356841931389279,0.404506459635835,1.38928909210996,97.5738481734962,1.06035596476976,18,1.28193728222262e-145,0.0122034620312797,consensus_significant,upregulated
AT5G20950,826.186159162723,3.43482800614142e-150,18,0.313250729466872,0.240532925247276,0.360996155184199,6,0,6,0.833333333333333,2.46571242526619e-148,0.326483706938493,0.090932551924832,3.59039419908039,0.000330178234185811,0.148259180143504,0.504708233733482,90.8778105733736,0.116027039615382,18,2.07143522846641e-57,0.01152824192631,consensus_significant,upregulated
AT2G41660,817.096279366723,2.68085938147353e-148,18,-0.596045763614245,-0.61097110448741,0.562931484389625,0,8,8,0.888888888888889,1.86513783857718e-146,-0.6983942570453,0.141303371062454,-4.942516599527,7.71205367023404e-07,-0.975343775221809,-0.421444738868792,89.3481613612927,0.254477558071634,18,1.49208960568777e-28,0.000103930439643227,consensus_significant,downregulated
AT3G24300,814.501228262601,9.29729614138179e-148,18,-0.494021865177592,-0.625583800896874,0.934119787308733,0,9,9,0.833333333333333,6.4252858459901e-146,-0.800664855858991,0.179912738483841,-4.45029552996829,8.57522035650742e-06,-1.15328734364729,-0.448042368070689,89.1139041744235,0.388817667068735,18,2.4883318029867e-21,0.000697361650434218,consensus_significant,downregulated
AT4G15700,795.185389973629,1.65737322507478e-146,16,1.1196590981701,0.640494799134093,1.45059169172176,4,0,4,0.8125,1.12738306362524e-144,1.15530289817508,0.378877726948706,3.04927636543673,0.00229393350176636,0.412716198811214,1.89788959753894,94.1216932372933,2.08621298940405,16,1.43184286244578e-69,0.0446765937708881,consensus_significant,upregulated
AT3G20830,807.210777940244,3.05665462483119e-146,18,-0.33228847011853,-0.239980660011493,0.403103618468789,0,6,6,0.777777777777778,2.06566968337713e-144,-0.397540623890666,0.0995001037298273,-3.9953789894542,6.45908428322727e-05,-0.592557243659127,-0.202524004122205,87.3810362521472,0.128497536907414,18,4.92009245853912e-35,0.00332463421578337,consensus_significant,downregulated
AT5G43780,796.896045289342,4.26931560411576e-144,18,-0.337576098688257,-0.371282992925993,0.510205473149551,1,8,9,0.777777777777778,2.79422130099889e-142,-0.399677416328481,0.126804677870051,-3.15191381770685,0.00162204140376102,-0.648210018024985,-0.151144814631977,93.5331825001679,0.229772014113507,18,7.60665051188839e-31,0.0352061400345183,consensus_significant,downregulated
AT1G18390,788.389961589706,2.50269915021287e-142,18,-0.329015864849789,-0.31463200921032,0.376367073029254,0,5,5,0.777777777777778,1.59769481666911e-140,-0.381767226971588,0.0968400487983776,-3.94224529736073,8.0722355127119e-05,-0.571570234877509,-0.191964219065666,87.7811097104116,0.11803834375122,18,2.46789182711849e-28,0.00392970106960584,consensus_significant,downregulated
AT2G47890,787.618989067344,3.61925203144399e-142,18,-0.317792551399857,-0.34622176150148,0.553732130263869,0,5,5,0.722222222222222,2.30481962802423e-140,-0.407152016670115,0.12763609255418,-3.18994422754899,0.00142300252834684,-0.657314161203728,-0.156989872136501,90.93341863887,0.203815545931423,18,2.70449447594398e-30,0.0323678488297884,consensus_significant,downregulated
AT4G39780,783.908308616917,2.13604114022477e-141,18,-0.384931402675911,-0.255504281398615,0.38827412249511,0,4,4,0.888888888888889,1.35198379535129e-139,-0.426765114036039,0.104809196031173,-4.07182890620692,4.66454377989209e-05,-0.632187363505737,-0.221342864566341,86.6595313580387,0.135125993612419,18,7.62477535180431e-24,0.00259533310405266,consensus_significant,downregulated
AT1G74020,782.26850105089,4.68026169560826e-141,18,-0.317000226656674,-0.307626201522842,0.433040981619642,1,8,9,0.888888888888889,2.94436681531836e-139,-0.420925889152685,0.0898676729419536,-4.68384097833006,2.81548470231766e-06,-0.597063291493339,-0.244788486812032,88.0595178059243,0.101646390827649,18,3.28505852724842e-12,0.000292742701994087,consensus_significant,downregulated
AT1G48620,779.804237183426,1.52105865609926e-140,18,-0.178866086079381,-0.0914204420276105,0.241517660450824,0,4,4,0.777777777777778,9.5113813626756e-139,-0.187398274192046,0.062327646625316,-3.00666372530627,0.00264131773024251,-0.309558216818804,-0.0652383315652867,91.7176693956992,0.0577364438162963,18,2.11926165450047e-67,0.0489261439185656,consensus_significant,downregulated
AT5G50200,764.134307199394,2.72497030292459e-137,18,-0.633607458990675,-0.67748341568776,0.71611187122063,0,7,7,0.888888888888889,1.63880282377856e-135,-0.729043523632906,0.170276143694233,-4.28153649604644,1.85607274526814e-05,-1.06277863269997,-0.395308414565843,88.7247549421672,0.408378856901155,18,1.80334342840186e-27,0.00129089113023448,consensus_significant,downregulated
AT1G08320,763.730471830986,3.30492254234784e-137,18,-0.278061165444521,-0.428136104875922,0.637209600903421,0,8,8,0.666666666666667,1.98528686192587e-135,-0.472267814634383,0.143695158768565,-3.28659516911781,0.00101406501604946,-0.753905150573535,-0.19063047869523,90.4192730056783,0.240091331231615,18,3.92155075858717e-30,0.025791053574858,consensus_significant,downregulated
AT2G44010,731.992478846544,1.25453425062257e-130,18,-0.362351844884469,-0.295044328742821,0.726982714525984,0,6,6,0.777777777777778,6.74731421156083e-129,-0.546603068397983,0.181983509460804,-3.00358570959261,0.00266818382176832,-0.903284192721363,-0.189921944074602,89.6732165991735,0.39020900836809,18,1.23548167713569e-34,0.0491954688730019,consensus_significant,downregulated
AT3G52710,723.558012792544,6.99331845297838e-129,18,-0.217341280964131,-0.124732380293866,0.364527929523148,0,7,7,0.666666666666667,3.63323544572603e-127,-0.28163748129611,0.0812819335363635,-3.46494564096598,0.000530338664360466,-0.44094714362116,-0.122327818971059,88.8678211353618,0.0925488259873022,18,9.14530551871563e-31,0.0161479408812667,consensus_significant,downregulated
AT5G47950,722.923203353582,9.46387145998107e-129,18,-0.215428466916891,-0.402069306022361,1.00333645397019,0,4,4,0.666666666666667,4.90693698945532e-127,-0.64911504465195,0.153424309677347,-4.23084872284612,2.32811210542498e-05,-0.94982116597247,-0.348408923331431,84.8599412356655,0.241409633829184,18,6.52480363429205e-24,0.00154267903547726,consensus_significant,downregulated
AT5G43020,710.067828082345,4.32010567558658e-126,18,0.558751349443585,0.304715855822064,0.644450143012334,4,0,4,0.888888888888889,2.12126589090463e-124,0.560676540708398,0.156663323518118,3.57886280028749,0.000345092563985718,0.253622068914539,0.867731012502257,90.9198997309882,0.37093494917518,18,7.55662723766931e-54,0.0119206275564814,consensus_significant,upregulated
AT1G70260,703.235744482133,5.38242981781109e-126,17,-1.11511018558964,-1.02052051442542,1.2654889892985,0,8,8,0.823529411764706,2.64039215476572e-124,-1.18998611944272,0.335546625563096,-3.54641062906162,0.000390517176727373,-1.84764542068034,-0.532326818205108,94.2023480180392,1.52728276936844,17,3.04426268138461e-65,0.0129467049184173,consensus_significant,downregulated
AT2G42800,708.704129592547,8.26926044922192e-126,18,1.28174499479115,1.08111903675386,1.40735605822008,5,0,5,0.888888888888889,4.04127011840929e-124,1.36287052145051,0.399935580406614,3.40772511429185,0.000655068495655426,0.57901118771742,2.14672985518359,90.4207806072522,2.12923755920025,18,6.62296307267152e-53,0.0188819854603256,consensus_significant,upregulated
AT3G14770,705.902081838823,3.13878408505124e-125,18,-0.669541120931338,-0.67664596862747,0.752737880434609,1,4,5,0.888888888888889,1.52391050325766e-123,-0.660548759800417,0.203531925568237,-3.24543070064434,0.00117273104085416,-1.05946400361825,-0.261633515982585,93.2933381772773,0.599291050824682,18,2.76982531832473e-78,0.0285126416699517,consensus_significant,downregulated
AT2G28780,705.566900796407,3.68170490428198e-125,18,-0.889731922455949,-0.63311870706269,0.939515611887732,0,6,6,0.833333333333333,1.78583332931905e-123,-0.958601102015737,0.231678974380162,-4.13762666457064,3.50916736552462e-05,-1.41268354777603,-0.504518656255442,92.5886281303947,0.724460057754073,18,3.33761526077811e-53,0.00206897317719181,consensus_significant,downregulated
AT2G29740,705.336041246309,4.10932554403301e-125,18,-0.389873025681593,-0.251286760648909,0.579981716788573,0,5,5,0.777777777777778,1.99139220411631e-123,-0.445087733411273,0.142432073553593,-3.12491226383641,0.00177858099357435,-0.724249467819676,-0.16592599900287,88.5718921835674,0.254945337167434,18,3.5294932291405e-29,0.0375532222232634,consensus_significant,downregulated
AT4G21215,700.045717590313,5.0948395535759e-124,18,-0.350434207896487,-0.30119621864612,0.443291423913048,0,5,5,0.777777777777778,2.4259382355059e-122,-0.341523002456844,0.109536746097946,-3.11788522685765,0.00182153723626772,-0.556211079792527,-0.126834925121161,91.3991168528082,0.178934814445102,18,8.0461440254162e-56,0.0381853082692987,consensus_significant,downregulated
AT5G23940,691.234714648967,3.36652414419975e-122,18,0.558710599692761,0.191376155910957,0.780664685850714,4,0,4,0.833333333333333,1.56564488896157e-120,0.610269600432629,0.19525584134894,3.1254870339168,0.00177510895312806,0.22757518361764,0.992964017247619,91.078994768599,0.534291629553544,18,3.57921480496718e-55,0.0375220289652734,consensus_significant,upregulated
AT4G03190,683.487934397174,1.33787975501447e-120,18,0.26965399791281,0.162984093605127,0.361502514861789,4,0,4,0.777777777777778,6.06439276550272e-119,0.303192741957123,0.0955891220454369,3.1718331068362,0.00151480032873008,0.115841505434263,0.490543978479983,87.1825981411498,0.127094012234177,18,5.56853876704741e-39,0.0337227474703705,consensus_significant,upregulated
AT3G54990,673.328398217603,1.66842477578524e-118,18,-0.455243958044921,-0.317036427830584,0.478880244502416,0,7,7,0.888888888888889,7.27671548638904e-117,-0.560686685441842,0.114343338158499,-4.90353609114189,9.41266387779588e-07,-0.784795510104585,-0.336577860779099,82.7919862014722,0.161293646617067,18,1.02375246902379e-21,0.000119113817715991,consensus_significant,downregulated
AT2G03730,671.572949867595,3.83958118679892e-118,18,-0.360390203881177,-0.341121538450807,0.379748714722825,0,7,7,0.888888888888889,1.65788771361107e-116,-0.379953353554854,0.0917756514157026,-4.14002349962994,3.47270244981275e-05,-0.559830324987334,-0.200076382122375,89.6497946801254,0.118484995427363,18,1.52846689209538e-45,0.00205213774380507,consensus_significant,downregulated
AT4G32020,670.446616918547,6.55404999360811e-118,18,-0.233067721981922,-0.218049077704027,0.291455020134368,1,3,4,0.888888888888889,2.8135793938648e-116,-0.240919366878163,0.0739335772212991,-3.25859204887434,0.00111966546569743,-0.38582651548012,-0.0960122182762055,89.8803946851204,0.077570915971225,18,6.18684983073932e-41,0.0275190540133801,consensus_significant,downregulated
AT5G12110,661.096478994119,5.53991858929706e-116,18,0.624156660016984,0.589137022341105,0.750311098743459,7,0,7,0.833333333333333,2.31131281915681e-114,0.658491732452466,0.175123102644294,3.76016483553275,0.000169801434990121,0.315256758408739,1.00172670649619,93.3365303263732,0.475834092850483,18,1.64877693815864e-41,0.00702431281263573,consensus_significant,upregulated
AT1G67860,609.492933585862,6.23167672700501e-112,13,1.74685590686375,1.16700067792445,1.54875057664754,5,0,5,0.923076923076923,2.43546877867686e-110,1.75533311242862,0.446266822571243,3.93337130086205,8.37626961308287e-05,0.880666212693861,2.63000001216339,91.953883846607,1.94772253109075,13,7.02839605787499e-39,0.00404782080090788,consensus_significant,upregulated
AT1G74310,631.226193948759,7.75361608734357e-110,18,1.25798387708358,0.804732432304158,1.17267747273707,11,0,11,0.833333333333333,2.93737539087021e-108,1.22143535148235,0.27821008246096,4.39033460138437,1.13176373627255e-05,0.676153609722952,1.76671709324175,97.3658616279283,1.29015268354879,18,9.20070456874188e-64,0.000879048348694089,consensus_significant,upregulated
AT2G41070,630.063100688561,1.34429840024674e-109,18,0.55453510654007,0.407715186045816,0.768881005341155,8,0,8,0.777777777777778,5.05216736214383e-108,0.525861125556426,0.155712904655363,3.3771197494537,0.000732491530460137,0.220669440503796,0.831052810609056,94.3468546454924,0.36439776837748,18,1.03783041319279e-20,0.0205097628528838,consensus_significant,upregulated
AT1G62370,629.811420491745,1.51428431425677e-109,18,-0.314663084427532,-0.468149420631255,0.702235355829007,0,6,6,0.777777777777778,5.68689364647181e-108,-0.461037447545533,0.145950504735239,-3.15886161806619,0.00158386677104575,-0.747095180352044,-0.174979714739023,87.8565472610199,0.282762092919598,18,6.75282129283725e-28,0.0347179313683726,consensus_significant,downregulated
AT3G08770,613.433993343521,1.92695926468039e-107,17,1.19041654686303,0.463838434587901,1.28110737888372,6,0,6,0.882352941176471,7.05794726860809e-106,1.24919916301996,0.329244526810581,3.79413797739041,0.000148157274126092,0.603891748364291,1.89450657767563,93.8040960383174,1.5093275870562,17,4.21939958702667e-59,0.00630003599936161,consensus_significant,upregulated
AT3G61430,607.88203397095,4.80121291182093e-105,18,-0.331005154455325,-0.433300949134987,0.482439096941565,1,8,9,0.777777777777778,1.69055462236376e-103,-0.43311488039407,0.0979654219942402,-4.42109952243695,9.81999288185279e-06,-0.625123579233049,-0.241106181555091,85.8178114406013,0.124669439538103,18,8.70919696510387e-15,0.000782642873551537,consensus_significant,downregulated
AT5G54540,585.512072976724,1.06038038534275e-101,17,-0.166818438415514,-0.146673567895287,0.249499277514302,0,3,3,0.882352941176471,3.56212313137051e-100,-0.206520633608639,0.0673909798693986,-3.06451447966581,0.00218023620215801,-0.338604527035524,-0.0744367401817542,86.2754895643502,0.0555348122268133,17,6.81493324405768e-31,0.0432081898548809,consensus_significant,downregulated
AT4G04990,587.724728215621,6.46190011062095e-101,18,-0.814012655277326,-0.670403411707972,1.10423741572487,0,4,4,0.833333333333333,2.13617246905311e-99,-0.943961913384399,0.311659295724184,-3.02882643429894,0.00245505685454291,-1.55480290845092,-0.333120918317881,90.2832670392513,1.23445063548297,18,7.31069889824035e-41,0.0465733266656163,consensus_significant,downregulated
AT1G79560,583.787033605001,4.13015617661689e-100,18,0.267528733492552,0.0985521791980912,0.469043663603892,6,0,6,0.666666666666667,1.35242420014254e-98,0.33707840300067,0.110401789163892,3.05319692328786,0.00226417304163713,0.120694872410657,0.553461933590683,91.1864564900267,0.168016876691288,18,1.4192484930413e-23,0.0442236649422944,consensus_significant,upregulated
AT5G21150,582.410191222914,7.89903192998046e-100,18,1.15953611577217,1.24809552604312,0.826901058002597,5,0,5,0.833333333333333,2.58166030351333e-98,1.21436499030609,0.213835417165134,5.67897033337702,1.35507977064433e-08,0.795255274043333,1.63347470656885,76.2346227900404,0.409139969811273,18,1.55915384046525e-08,3.71994491111695e-06,consensus_significant,upregulated
AT1G51460,576.741422370302,1.13915050401988e-98,18,0.782054877944788,0.613528750052463,1.2752403784061,3,0,3,0.722222222222222,3.65634201045985e-97,0.951955510394162,0.314533994007239,3.02655842780623,0.00247355011186946,0.335480210226437,1.56843081056189,87.8180414607193,1.38438820716357,18,5.29840049516774e-39,0.0467362250561672,consensus_significant,upregulated
AT1G13710,568.024764544994,4.10065122389085e-98,17,0.810009743069651,0.76960119801276,1.25228194211493,7,0,7,0.705882352941177,1.30409251943112e-96,0.777963405751508,0.227179695346504,3.42444074751015,0.000616066171186187,0.332699384853579,1.22322742664944,92.3887549644114,0.62945635195307,17,1.50284542255141e-26,0.0181317349428982,consensus_significant,upregulated
AT5G43540,571.737977161082,1.19942190405429e-97,18,-0.415521647882526,-0.306225969971818,0.979373588919551,1,6,7,0.666666666666667,3.77279977226192e-96,-0.769923664216336,0.189868191766408,-4.0550429066263,5.01251010647839e-05,-1.14205848188824,-0.397788846544431,89.4225104023052,0.395951213337158,18,3.03472500367162e-14,0.00274045389214462,consensus_significant,downregulated
AT1G21740,569.632609611931,3.22856906056264e-97,18,0.400200386241495,0.266837082257726,0.516020499058839,5,0,5,0.833333333333333,1.01065116292076e-95,0.410031708463093,0.128074463204439,3.20151026367044,0.00136709204811112,0.159010373243092,0.661053043683094,89.0263426428644,0.232756335754459,18,5.53661115315209e-42,0.0315457930329038,consensus_significant,upregulated
AT1G70880,562.184494561326,1.07038138589628e-95,18,-0.489767446259661,-0.457139699823538,0.8814243447553,0,5,5,0.722222222222222,3.26020330454242e-94,-0.720428584258426,0.225996765751529,-3.18778271831774,0.00143368225546665,-1.16337410575396,-0.277483062762894,85.1888075151639,0.578650128183169,18,7.64400585905667e-21,0.0325617799599011,consensus_significant,downregulated
AT2G26330,561.728038422351,1.32642388813344e-95,18,0.548640550040452,0.388674889581444,0.671350780003529,4,0,4,0.777777777777778,4.03532979003598e-94,0.653909931766107,0.185927628559768,3.51701324236437,0.000436432007893041,0.289498476058022,1.01832138747419,86.2673443255901,0.417027924859478,18,9.79910205955383e-27,0.0140383374442173,consensus_significant,upregulated
AT5G48570,560.365225146132,2.51621211714468e-95,18,1.15201163332092,0.932860663194189,0.760688154462234,11,0,11,1,7.6148061278091e-94,1.10416219451325,0.165087345349166,6.68835150373218,2.2569850462979e-11,0.78059694332556,1.42772744570094,89.4439094034316,0.399230451138678,18,1.13035061049191e-15,1.36164432723395e-08,consensus_significant,upregulated
AT4G15248,541.948359339556,2.89027074063363e-95,15,-1.02406521340076,-0.776924780308283,1.74894870234913,0,6,6,0.733333333333333,8.74172154485e-94,-1.26514151542844,0.377855257643224,-3.34821731294528,0.000813332082920226,-2.00572421177826,-0.524558819078618,95.3998436833651,1.56676318701431,15,8.15607772168445e-41,0.0221248800084681,consensus_significant,downregulated
AT4G08150,558.190194689648,6.98948247558486e-95,18,-0.426648895099302,-0.406315126527002,0.571312398939296,0,4,4,0.833333333333333,2.09931209470677e-93,-0.390698487136667,0.0940343080637086,-4.15485044960364,3.25500369503805e-05,-0.57500234425268,-0.206394630020654,77.2433097583569,0.0883159214200257,18,2.62447905493507e-10,0.00195692481707247,consensus_significant,downregulated
AT1G77670,557.746867351966,8.60733009492668e-95,18,0.255708227444017,0.185903990622075,0.3741971247499,5,0,5,0.777777777777778,2.57926697030479e-93,0.289992419009797,0.095668063772764,3.03123537336977,0.0024355530666747,0.102486459544498,0.477498378475096,88.1247705357592,0.131215453150549,18,5.34827730442098e-37,0.0463419332888218,consensus_significant,upregulated
AT5G61520,539.332058587464,9.99427967398572e-95,15,0.44841182516116,0.421906532636666,0.670654175427962,5,0,5,0.733333333333333,2.9879787405503e-93,0.652928995914139,0.145564191972415,4.48550558394108,7.2741241355595e-06,0.367628422209531,0.938229569618747,80.4218670734101,0.157858963222213,15,4.27893485170731e-09,0.000615678069574827,consensus_significant,upregulated
AT5G59680,555.617835836871,2.33912059615842e-94,18,-1.15845698865129,-0.884815956669684,1.23480152341656,0,8,8,0.944444444444444,6.94920996343549e-93,-1.0768347204206,0.230703353358323,-4.66761624720766,3.04714352099307e-06,-1.52900498411553,-0.624664456725668,89.0103656227834,0.726083517925033,18,1.0592749995832e-28,0.000311216524494497,consensus_significant,downregulated
AT2G35000,552.999908715074,7.99451628290642e-94,18,-0.287719221768848,-0.243184804215088,0.902079552376341,0,6,6,0.666666666666667,2.35217341042588e-92,-0.54590748619109,0.168958969624694,-3.23100624609457,0.00123355244205336,-0.877060981520488,-0.214753990861692,88.3056470019156,0.338893337872766,18,2.27819287704383e-23,0.0295569422976963,consensus_significant,downregulated
AT2G32270,550.942552952097,2.09955902659084e-93,18,-0.417392828389958,-0.401845965496849,1.0939842024428,1,6,7,0.722222222222222,6.12875213943144e-92,-0.633317608445588,0.203729197373176,-3.10862466750666,0.00187960329202007,-1.03261949789626,-0.234015718994911,91.3062315840074,0.477622582483727,18,3.86944584662727e-35,0.039080900775694,consensus_significant,downregulated
AT3G13470,548.421429826585,6.85253040741382e-93,18,0.505130444010103,0.463434484117484,0.503092191553549,9,0,9,0.888888888888889,1.97694930892265e-91,0.582999679361972,0.118161111213254,4.93393869925435,8.05877417607527e-07,0.351408157010762,0.814591201713181,88.7418065993632,0.186535184953919,18,1.78412287657888e-17,0.00010639222375356,consensus_significant,upregulated
AT1G30130,547.891938342568,8.78465056667448e-93,18,-0.251247786616876,-0.3703326577332,0.241248497155751,0,8,8,0.722222222222222,2.52734007240007e-91,-0.311182412114681,0.0512064014523561,-6.07702168652124,1.22435210097071e-09,-0.411545114739198,-0.210819709490163,76.4879889374126,0.0281151764019348,18,1.8305457016089e-06,4.81244578839124e-07,consensus_significant,downregulated
AT5G24410,537.402524691677,7.56440188541325e-92,17,-0.150807898334758,-0.596730045683833,1.43538308482748,0,9,9,0.705882352941177,2.14067623912123e-90,-0.845813296943721,0.111871156292458,-7.56060207988342,4.01207875337899e-14,-1.06507673418579,-0.626549859701652,70.1951018299639,0.103224813626854,17,1.91133369597503e-06,4.73097031909808e-11,consensus_significant,downregulated
AT4G02410,543.282720522224,7.62907623193336e-92,18,-0.513629423454694,-0.436767365145416,0.519410735163662,0,5,5,0.888888888888889,2.15780210089141e-90,-0.56222297794609,0.133085005642062,-4.224540362257,2.39428939519797e-05,-0.823064795886842,-0.301381160005339,84.015761338001,0.22248726005143,18,3.0456807639638e-25,0.00157232724085532,consensus_significant,downregulated
AT3G13720,542.664089120158,1.0195935527107e-91,18,-0.269104747678351,-0.289820595417125,0.403416911317683,0,4,4,0.666666666666667,2.87441200321772e-90,-0.296542710280381,0.0989720510049226,-2.99622678594012,0.00273343061555899,-0.49052436572609,-0.102561054834671,90.0183835577041,0.147107172855523,18,2.76134710587231e-39,0.049989888635059,consensus_significant,downregulated
AT3G18780,540.608954827447,2.67171335717013e-91,18,-0.214880135472813,-0.189193789113172,0.301856930146221,1,5,6,0.833333333333333,7.45107979314813e-90,-0.229740936633344,0.0761500961024201,-3.01694874192079,0.00255332983566985,-0.378992382413351,-0.0804894908533365,91.636662194541,0.0883159055413513,18,5.61145229903181e-45,0.0478601752868115,consensus_significant,downregulated
AT2G33770,538.34261685895,7.72724245212849e-91,18,-0.338783878787948,-0.347793115766181,0.422282927807316,0,7,7,0.777777777777778,2.13894192270891e-89,-0.397297426974102,0.0953261429903624,-4.16776987414952,3.07594235835295e-05,-0.584133234020327,-0.210461619927876,86.4337110781148,0.112926514667298,18,1.09580122770056e-12,0.00187976670578073,consensus_significant,downregulated
AT5G63530,534.715635146986,4.22571937439137e-90,18,0.363660444176751,0.279670669930471,0.52054216600414,3,0,3,0.833333333333333,1.15370363624559e-88,0.411958982808393,0.135660434972919,3.03669218582875,0.00239189575309473,0.146069416134434,0.677848549482352,86.7167356184927,0.243685715643542,18,1.26800517339548e-32,0.0458953843393369,consensus_significant,upregulated
AT2G28720,531.348201959625,2.04490190217859e-89,18,-0.594880073164021,-0.595558067326361,0.622737931495427,0,11,11,0.777777777777778,5.51337421428421e-88,-0.622399640857961,0.135159382973446,-4.60493106113276,4.12602521396982e-06,-0.887307163658571,-0.35749211805735,91.5343266270627,0.269041355786358,18,5.41481794238941e-56,0.000397908349817119,consensus_significant,downregulated
AT5G64910,528.166585242756,9.06542445817294e-89,18,1.17674751917882,0.911458830016318,1.27916116225372,3,0,3,0.888888888888889,2.41780367319442e-87,1.26811227971737,0.34356697610692,3.69101912554809,0.000223357340369342,0.594733380270468,1.94149117916426,85.2894368075018,1.67089153596821,18,2.9587823689378e-34,0.00859056504649589,consensus_significant,upregulated
AT5G16070,524.106045048479,6.05861033241151e-88,18,0.212245516523804,0.158410157620245,0.246976422420282,5,0,5,0.777777777777778,1.59294799829022e-86,0.218197078401866,0.0591568498498362,3.68844992516906,0.000225624418138362,0.102251783257343,0.334142373546389,86.1216413815031,0.0481337933093959,18,1.47863424285046e-22,0.00867133134125241,consensus_significant,upregulated
AT1G01180,519.77891736808,4.58180844091182e-87,18,-0.302285702088153,-0.241894408929255,0.37574157128715,0,4,4,0.833333333333333,1.18662894157567e-85,-0.325275696512555,0.0942259630615674,-3.45208142155065,0.000556279836188224,-0.509955190521828,-0.140596202503281,88.1013526169457,0.12104888789686,18,6.67469462586674e-42,0.0167510290312187,consensus_significant,downregulated
AT5G47240,518.645778280307,7.78122493839302e-87,18,-0.896291104599795,-0.703054651161608,1.14716475050894,1,8,9,0.722222222222222,2.00822155906284e-85,-0.830992116418008,0.250221705233935,-3.32102331267028,0.000896880454888405,-1.32141764682672,-0.340566586009299,95.4378841229268,1.02706660655871,18,1.42649675768973e-47,0.0237190910901429,consensus_significant,downregulated
AT5G43350,516.229023275832,2.40712012321973e-86,18,-0.329929618027114,-0.403617825894751,0.632341357629806,1,5,6,0.833333333333333,6.16339129330178e-85,-0.51669758983735,0.153406371041994,-3.36816252367973,0.000756709745705698,-0.817368552078646,-0.216026627596054,83.3977791587137,0.253991987262143,18,7.69793313616895e-14,0.0210177347142368,consensus_significant,downregulated
AT5G04860,515.620142278541,3.19916912160974e-86,18,-0.226623053749036,-0.256201169689008,0.340695658457361,0,5,5,0.611111111111111,8.17931411727423e-85,-0.316652669474653,0.0848830583159354,-3.73045782935941,0.000191132134279603,-0.483020406671499,-0.150284932277806,81.2366258545403,0.0823688923668493,18,1.01632805615308e-15,0.00763998432585742,consensus_significant,downregulated
AT5G59520,515.220765089541,3.8553484562853e-86,18,-0.508231582931889,-0.351459585136737,0.707188347362163,0,7,7,0.777777777777778,9.85211424075153e-85,-0.686547590671966,0.164170704593326,-4.18191292029014,2.89066688658757e-05,-1.00831625899145,-0.364778922352482,90.0392948184036,0.325828768549938,18,1.58957200221127e-20,0.00180641057659509,consensus_significant,downregulated
AT5G56360,511.798033319857,1.9067474359015e-85,18,0.22283968945958,0.198232551805348,0.215593316649112,6,0,6,0.944444444444444,4.8203652542973e-84,0.2294792906529,0.0586048636609324,3.9157038566046,9.01408408611088e-05,0.114615868558592,0.344342712747208,84.5848465997002,0.0467861226189528,18,1.13420966733609e-26,0.00428284559270858,consensus_significant,upregulated
AT2G39710,511.771157330342,1.93082588987848e-85,18,-0.40680042973338,-0.48066499522663,0.479772255634527,0,7,7,0.777777777777778,4.87886049223871e-84,-0.512715895510305,0.0951811119646278,-5.38673992063515,7.1747136265935e-08,-0.69926744696945,-0.32616434405116,77.014831295817,0.0979651355770959,18,1.06090208257539e-08,1.50101952339588e-05,consensus_significant,downregulated
AT3G12145,509.428354736701,5.76423085359845e-85,18,0.733972815245826,0.371799185589788,0.828771653881646,3,0,3,0.944444444444444,1.44806072377838e-83,0.696189920427897,0.198159898751143,3.51327349688546,0.00044262161520053,0.307803655695553,1.08457618516024,88.090638771254,0.531762891132741,18,6.53572485521951e-39,0.0141509074503877,consensus_significant,upregulated
AT2G23770,509.379569787871,5.89699514255126e-85,18,-0.347781265505896,-0.302239043232898,0.603511261735831,0,6,6,0.666666666666667,1.48069639522764e-83,-0.403554627779811,0.125672754807538,-3.21115446540371,0.0013220285234082,-0.649868701040518,-0.157240554519104,88.5629490303444,0.212259377144374,18,9.11111851160451e-30,0.0309252154682196,consensus_significant,downregulated
AT1G13930,504.353251812622,6.15424665383751e-84,18,-0.226667646612921,-0.37465391566586,0.405640862292583,0,7,7,0.666666666666667,1.51739456332931e-82,-0.291286946374115,0.0957303743916856,-3.04278499091939,0.00234399745801415,-0.478915032408354,-0.103658860339875,89.6995734596085,0.120194087454161,18,6.01251909896207e-21,0.0453288040556453,consensus_significant,downregulated
AT5G10580,501.129020071556,2.76795169548393e-83,18,-0.300862549667765,-0.392373925270728,0.814793863760226,1,6,7,0.722222222222222,6.72563019416251e-82,-0.531963120959672,0.16764308993438,-3.17318847539672,0.00150774611113748,-0.860537539488067,-0.203388702431277,90.3191874005191,0.335187973780446,18,3.88454779292084e-18,0.0336174900001104,consensus_significant,downregulated
AT4G01720,500.809915390009,3.21194708419779e-83,18,-0.24599906366448,-0.330912934809015,0.384381700212722,0,5,5,0.666666666666667,7.7825987682983e-82,-0.284953547720934,0.0926795784743649,-3.074609880749,0.00210778062219117,-0.466602183633043,-0.103304911808826,88.355104341405,0.116602036516627,18,4.61070287819926e-40,0.0421913926704347,consensus_significant,downregulated
AT5G60120,496.586918924133,2.29893717494248e-82,18,-0.335151642260218,-0.254556499824778,0.322237197083882,0,5,5,0.888888888888889,5.46824648564115e-81,-0.344556244721146,0.0731468494508126,-4.71047279969101,2.47142783862254e-06,-0.487921435227312,-0.20119105421498,80.898455348573,0.0663311898074741,18,4.38429163320192e-17,0.000263842720121588,consensus_significant,downregulated
AT1G09560,494.564463714163,5.89789148389134e-82,18,-0.358877350001806,-0.361629582643074,0.354257589940888,0,8,8,0.888888888888889,1.39519811260458e-80,-0.480235748577568,0.075909336692107,-6.32643847917463,2.50884257759034e-10,-0.629015314584423,-0.331456182570714,71.9145164412957,0.0554039353182613,18,2.38421862192892e-05,1.17269178644772e-07,consensus_significant,downregulated
AT1G78610,493.2767933848,1.07435045277673e-81,18,0.252150427993239,0.155476170097924,0.332419826582089,3,0,3,0.833333333333333,2.53453922043478e-80,0.275797553303524,0.0878398046916366,3.13977876284809,0.00169075468003305,0.103634699698884,0.447960406908165,87.2319867025172,0.108346577403129,18,5.42773750483969e-35,0.0362792042261517,consensus_significant,upregulated
AT3G11900,492.881329918182,1.29158784397856e-81,18,-0.221133068129465,-0.196465741396206,0.3137218647916,0,3,3,0.833333333333333,3.0442643365273e-80,-0.26193507589497,0.0814542558425204,-3.215732231369,0.00130112173121262,-0.421582483733821,-0.102287668056119,87.5969574546274,0.0881009315841714,18,2.0238059281862e-34,0.0305878567749141,consensus_significant,downregulated
AT5G06280,491.174606846465,2.85913790752367e-81,18,-0.248798137263732,-0.229758404060536,0.398073419030108,1,6,7,0.722222222222222,6.70244428809331e-80,-0.274364782437483,0.0870157147191011,-3.15304865705202,0.00161574872708575,-0.444912449375933,-0.103817115499033,90.4912878160062,0.104912593692223,18,4.64561048083047e-39,0.0351200280503213,consensus_significant,downregulated
AT3G49210,491.074953022703,2.99490512433205e-81,18,-0.23720819120839,-0.133964716032675,0.342465881192553,0,5,5,0.777777777777778,7.01754270239086e-80,-0.318764282930467,0.0785536703771729,-4.05791710813678,4.95123342888558e-05,-0.472726647723157,-0.164801918137777,81.9689066041951,0.0688706860514311,18,5.14576960828734e-14,0.00272652862309425,consensus_significant,downregulated
AT5G23310,490.357532887468,4.18236420791577e-81,18,0.353517623543412,0.181994495523651,0.426899938391306,5,0,5,0.833333333333333,9.78228412595927e-80,0.40872860604261,0.103024199175487,3.96730680086531,7.2689394434947e-05,0.206804886122576,0.610652325962645,88.9871364909848,0.134154476387557,18,1.88666220431218e-21,0.00364036345643126,consensus_significant,upregulated
AT3G46620,484.120409885049,5.32485828030813e-81,17,-0.390751648727286,-0.29176452193603,0.479985698851177,0,6,6,0.705882352941177,1.24209199823044e-79,-0.362745584019565,0.104493112441622,-3.47147841176826,0.000517600948064128,-0.567548321037639,-0.157942847001491,91.2653102186875,0.147143338455428,17,3.62171224847256e-30,0.0158437802887075,consensus_significant,downregulated
AT4G12400,489.6584992086,5.7906648222158e-81,18,0.848657163125476,0.589214185138796,0.772451994591968,9,0,9,0.944444444444444,1.35014058822022e-79,0.83151466852831,0.186430110316464,4.46019512146841,8.18850681722494e-06,0.466118366674211,1.19691097038241,95.5795831141805,0.55775572800915,18,1.31731270080815e-54,0.000674369028103014,consensus_significant,upregulated
AT3G06125,488.580856284199,9.56180688649104e-81,18,-0.650894810754756,-0.710849228320892,0.40178909544493,0,11,11,1,2.21845033176474e-79,-0.617693457045243,0.0890673525480989,-6.9351276239144,4.05854595383167e-12,-0.792262260237849,-0.443124653852638,83.8563337730626,0.108023261417382,18,6.33494620769725e-13,2.84558916579193e-09,consensus_significant,downregulated
AT1G79380,488.563961857845,9.63727742257062e-81,18,-0.201003760227442,-0.145307259247806,0.277843258392301,0,5,5,0.722222222222222,2.23496128466862e-79,-0.219014020298318,0.0643776944657975,-3.4020171445356,0.000668904414202545,-0.345191982859004,-0.0928360577376312,88.2497226684035,0.0581290194344792,18,5.59208016701126e-34,0.0191531107210181,consensus_significant,downregulated
AT2G40095,488.199639442283,1.14177996668277e-80,18,-0.277326820399311,-0.124506699830926,0.428528579710962,0,5,5,0.777777777777778,2.64197601653155e-79,-0.33923763158327,0.107454127315997,-3.15704608149349,0.00159376157688098,-0.549843851112805,-0.128631412053735,87.4206732194451,0.158310729564771,18,3.43461817592855e-31,0.0347802546842904,consensus_significant,downregulated
AT3G11210,487.528997705031,1.55993208288994e-80,18,0.419349334083422,0.445632806652963,0.493590316434493,8,1,9,0.722222222222222,3.60151401397112e-79,0.434674961900003,0.12024573732026,3.61488874023285,0.000300476635589545,0.198997647457831,0.670352276342176,87.225665215253,0.193824782631984,18,8.37599551094696e-27,0.0107963502499501,consensus_significant,upregulated
AT2G22420,484.767695179186,5.63590142171188e-80,18,0.448316385059514,0.25038249281088,0.535235740243164,6,0,6,0.888888888888889,1.28631890803988e-78,0.439549611142781,0.125963445634334,3.48950133055881,0.000483922649160273,0.192665794330918,0.686433427954645,93.0705277422989,0.243949200707927,18,1.11430468518904e-43,0.0150979210637592,consensus_significant,upregulated
AT3G13960,476.363329864701,1.99063470308876e-79,17,0.811455659165832,0.632056467993412,0.682675489506586,4,0,4,0.882352941176471,4.4978638104053e-78,0.926831169154067,0.186315194448552,4.97453346141339,6.54049663776099e-07,0.561660098262327,1.29200224004581,78.9246989713104,0.356969512607345,17,1.09178906276098e-11,8.97743723686748e-05,consensus_significant,upregulated
AT4G16780,479.894814244324,5.43045482185536e-79,18,0.362626703561679,0.233603409723725,0.392395841662259,6,0,6,0.888888888888889,1.2206411247688e-77,0.351349314145914,0.0867190888468254,4.05157986341984,5.08729552842489e-05,0.181383023234007,0.52131560505782,85.3852876268969,0.104261594634073,18,3.75689810441913e-22,0.0027696667491794,consensus_significant,upregulated
AT5G54500,479.526383191885,6.44458327027194e-79,18,-0.254821749275542,-0.171330668579762,0.275242186641716,0,6,6,0.777777777777778,1.44483937931051e-77,-0.273966945629737,0.0661087590976567,-4.14418526938359,3.4102396103213e-05,-0.403537732523779,-0.144396158735695,85.9435712658159,0.0584687063616746,18,5.86467745063296e-27,0.00202676829257629,consensus_significant,downregulated
AT1G67340,477.877227167472,1.38670123449465e-78,18,-0.368674675392371,-0.347006293636734,0.391372257771165,0,8,8,0.833333333333333,3.09420381648784e-77,-0.361778204534335,0.0928357990755885,-3.8969687139739,9.74041964196596e-05,-0.543733027198486,-0.179823381870185,90.3405000933201,0.130974439795719,18,1.57777099619136e-33,0.00454880227456132,consensus_significant,downregulated
AT3G20470,465.267591239883,2.40341645719106e-78,16,0.794205830337922,0.716036818658867,0.820135658693852,6,0,6,0.875,5.32848003181004e-77,0.7585832730064,0.208655235746017,3.63558225746981,0.000277353472975307,0.349626525758492,1.16754002025431,92.2794346499283,0.595403709811931,16,1.39391276047204e-36,0.0101339490083457,consensus_significant,upregulated
AT4G19110,476.033904372724,3.26474538135584e-78,18,-0.130454366197075,-0.147384106561006,0.210685841213675,0,4,4,0.777777777777778,7.21958031690453e-77,-0.169553744732405,0.0450235281658599,-3.76589200446031,0.000165955519024282,-0.257798238394415,-0.0813092510703953,81.2474120206523,0.0244388625994946,18,2.24958412223809e-11,0.00689386401045303,consensus_significant,downregulated
AT4G34920,475.192455977336,4.8257429265635e-78,18,-0.358417739510908,-0.409170864522327,0.271810433524362,0,11,11,0.833333333333333,1.0621750790143e-76,-0.38871758850439,0.0529782562839606,-7.33730431633847,2.17938698574027e-13,-0.492553062784686,-0.284882114224095,73.9460266037806,0.0308521487592631,18,5.63724211006357e-05,2.09398730311385e-10,consensus_significant,downregulated
AT2G14100,473.982262461771,8.46471604881172e-78,18,-0.427107277440066,-0.274826330475185,0.814435012743412,0,5,5,0.777777777777778,1.85605081389682e-76,-0.490637617337693,0.144178592313652,-3.40298521066386,0.0006665388836596,-0.773222465614134,-0.208052769061251,84.270556202843,0.231115267136212,18,3.02290199262862e-16,0.0191064659888368,consensus_significant,downregulated
AT3G46900,473.870628301997,8.91501738770022e-78,18,-0.916674615233273,-0.760723641080236,0.869906464649118,0,9,9,0.888888888888889,1.95313768441971e-76,-0.93472428776925,0.203465512419675,-4.59401830144686,4.3479122174581e-06,-1.3335093642078,-0.5359392113307,92.4771532781251,0.59910830312845,18,2.98702518045173e-37,0.000413921243102011,consensus_significant,downregulated
AT1G70170,471.930280116648,2.19435582343033e-77,18,-0.49488668062139,-0.548562781977206,0.957420295812082,0,7,7,0.777777777777778,4.78526309209485e-76,-0.793532446143379,0.212493978355697,-3.73437615636841,0.000188181061750467,-1.21001299065218,-0.377051901634579,86.8391274591548,0.49888968789893,18,3.01463976857139e-21,0.0075511107562732,consensus_significant,downregulated
AT2G04030,467.170975347209,1.99656472588973e-76,18,0.367592949691766,0.310530597708098,0.342684011030114,6,0,6,0.944444444444444,4.27138111452609e-75,0.421414318584504,0.087755156873923,4.8021601646721,1.56963062093033e-06,0.249417371653952,0.593411265515056,86.7629065618654,0.0964284176661251,18,2.64918276512922e-20,0.000183008348621009,consensus_significant,upregulated
AT1G34750,466.342463076925,2.93188801036796e-76,18,-0.283712278687686,-0.278760237329024,0.318718761722478,0,5,5,0.833333333333333,6.26205430560113e-75,-0.32512445293252,0.0748509426076317,-4.3436253653721,1.40150438699851e-05,-0.471829604652353,-0.178419301212688,83.3002023505817,0.0712365841887561,18,4.57121430987007e-22,0.00103436207133756,consensus_significant,downregulated
AT1G21520,458.097701432591,9.88270210793688e-76,17,0.770153584549204,0.47646983728775,0.978796307700265,6,1,7,0.764705882352941,2.08674581816124e-74,0.787505789218308,0.245865888688204,3.20298921261496,0.00136009075585593,0.305617502362494,1.26939407607412,93.6239678300132,0.87344692700357,17,5.23142974597667e-39,0.0314469468702447,consensus_significant,upregulated
AT2G26150,457.690930971884,1.19415471722792e-75,17,1.44317168743777,1.1561819257194,1.30401582552751,10,1,11,0.823529411764706,2.51839999914044e-74,1.32107069651443,0.306804446986848,4.3059046551925,1.66304680216756e-05,0.71974503012348,1.92239636290538,93.8300131060348,1.35718795677203,17,5.94565251805029e-55,0.00118687098051804,consensus_significant,upregulated
AT3G27210,460.521159854698,4.35425284121686e-75,18,-0.213245918444706,-0.156505326730758,0.373402932568386,0,4,4,0.666666666666667,9.10883017783136e-74,-0.287201829158369,0.0916491790977979,-3.13370869205385,0.00172612125480589,-0.466830919402714,-0.107572738914024,84.79561003615,0.104250351797936,18,7.67119853403557e-15,0.0368305917718085,consensus_significant,downregulated
AT3G55450,459.818321827296,6.02988421880012e-75,18,-0.192481502835801,-0.171685094477399,0.238973131341912,0,5,5,0.833333333333333,1.25989138824454e-73,-0.226927853580279,0.0596742265540412,-3.80277829616731,0.000143082393181686,-0.343887188431483,-0.109968518729074,81.7787305221106,0.0451472705458848,18,3.27245385619764e-18,0.00612515419788664,consensus_significant,downregulated
AT1G20693,457.62965116933,1.66154079915915e-74,18,-0.288379165364886,-0.293950722251073,0.318556307998441,0,7,7,0.833333333333333,3.43842220961559e-73,-0.320568236486506,0.0691235805081437,-4.63761040921106,3.52460342137946e-06,-0.456047964764922,-0.185088508208089,85.6065271997658,0.0639131347414001,18,3.86059355881473e-20,0.0003496568334892,consensus_significant,downregulated
AT3G29250,456.329647804201,3.03318202900552e-74,18,-0.330509507952822,-0.341299208889031,1.09440844853984,1,6,7,0.777777777777778,6.23219241834583e-73,-0.591857724304668,0.143801551097829,-4.1157951342404,3.85846915168634e-05,-0.87370358537741,-0.310011863231926,83.9735469140138,0.213975242594444,18,4.06366179238914e-17,0.00221943252179705,consensus_significant,downregulated
AT1G16780,451.504975921546,2.82786178959846e-73,18,0.333112170340341,0.206965807720381,0.475930878233591,5,0,5,0.777777777777778,5.71307336480924e-72,0.382672928029159,0.119231065505392,3.20950690499242,0.00132962852973615,0.148984333800255,0.616361522258064,85.9029431048792,0.1966926116236,18,9.5169809704429e-30,0.0309972813525035,consensus_significant,upregulated
AT3G53780,450.086339421355,5.44988675380216e-73,18,-0.243025982520498,-0.265505471726529,0.278923344836594,0,7,7,0.777777777777778,1.09379184999646e-71,-0.286461520810156,0.068512605315553,-4.1811505998171,2.90037675118851e-05,-0.420743759715648,-0.152179281904665,81.8093202078942,0.0602115409004538,18,1.66025715051818e-15,0.00180683237540402,consensus_significant,downregulated
AT5G27350,448.290782624883,1.25001724933202e-72,18,-0.257954092792314,-0.24532680807398,0.354942918080511,0,5,5,0.666666666666667,2.49623490794849e-71,-0.28457840317909,0.094933846390017,-2.99764956335969,0.00272070322664449,-0.470645323017381,-0.0985114833407989,89.130402759755,0.122457832669687,18,5.13950537617263e-40,0.0498273795309646,consensus_significant,downregulated
AT1G75120,447.100432278271,2.16701037859663e-72,18,0.546953087126824,0.507666986436608,0.499733439686522,4,0,4,0.888888888888889,4.31415441732044e-71,0.636025853728575,0.138411363711115,4.59518522667007,4.32365025152164e-06,0.364744565803714,0.907307141653435,74.8127198110266,0.209606134833238,18,1.39438506732062e-11,0.000413188233744171,consensus_significant,upregulated
AT4G16380,445.087579915217,5.49278872766387e-72,18,-0.209882935631035,-0.109490090835341,0.315513798771291,0,6,6,0.833333333333333,1.08934362917265e-70,-0.233900292925597,0.0726404711459849,-3.21997213448038,0.00128203057856605,-0.376273000191749,-0.0915275856594461,87.2575285362161,0.0761146270127725,18,5.70191804950979e-28,0.0302900157278328,consensus_significant,downregulated
AT5G28300,443.760713114336,1.01386945105756e-71,18,0.371259080922589,0.30687794908502,0.463062551803111,6,1,7,0.833333333333333,2.00003186542525e-70,0.40834033771205,0.130789705916951,3.12211373860981,0.00179557554218988,0.151997224566241,0.664683450857859,88.0057342231646,0.229726890088098,18,2.94413810684527e-36,0.0377478287807861,consensus_significant,upregulated
AT4G37150,442.856019648413,1.53971205338634e-71,18,-0.476069558972766,-0.311705639443207,0.684860023633733,0,6,6,0.722222222222222,3.02699224556077e-70,-0.474694148089847,0.131137241918673,-3.61982714555059,0.000294799882487724,-0.731718419282363,-0.217669876897332,86.1425515927306,0.211550542272939,18,3.2354424408486e-19,0.0106439784989513,consensus_significant,downregulated
AT2G35910,442.240202558174,2.0461554069477e-71,18,-0.432720103889142,-0.244817882487606,0.560073942232312,0,5,5,0.666666666666667,4.01806703654909e-70,-0.479937915551835,0.138125657855752,-3.47464709310594,0.0005115258287294,-0.75065923029001,-0.209216600813659,86.0833191635327,0.251313698149602,18,4.54633921423791e-25,0.0156969147584958,consensus_significant,downregulated
AT1G13080,441.494381949939,2.88728936971599e-71,18,-0.459517886088018,-0.439522842635508,0.473341090413814,0,7,7,0.777777777777778,5.65057336265572e-70,-0.439495013694158,0.117318554144405,-3.74616800300141,0.000179556364193935,-0.669435154535504,-0.209554872852812,87.5628027607932,0.189729010759515,18,1.96988455654744e-32,0.00727252334101339,consensus_significant,downregulated
AT3G45410,440.733842886098,4.10177532826665e-71,18,-0.380383165114745,-0.175912888302435,0.592443631253907,0,4,4,0.722222222222222,8.00324215460027e-70,-0.518818231589307,0.158140311877139,-3.28074622739066,0.00103532851602665,-0.828767547372431,-0.208868915806182,84.3991285549566,0.304969496755883,18,3.29069269952632e-22,0.0262161955712674,consensus_significant,downregulated
AT5G25450,440.554372408487,4.45605957383164e-71,18,0.576498348722715,0.597899307358571,0.684022286620652,8,2,10,0.833333333333333,8.6879770075671e-70,0.554362900055785,0.168163494003985,3.29657101464987,0.000978728679300777,0.224768508293557,0.883957291818013,92.1619153378299,0.429348339535501,18,1.65600913661283e-70,0.0251617150712133,consensus_significant,upregulated
AT2G19310,440.336374007434,4.92779138597872e-71,18,0.430766052578138,0.440204570417691,0.500398593629815,6,2,8,0.722222222222222,9.60049927641448e-70,0.409867250160488,0.135053090394138,3.03486020915429,0.00240647198205625,0.145168056987144,0.674566443333831,92.8232338360732,0.253123551258144,18,2.35148349101569e-72,0.0460280127805976,consensus_significant,upregulated
AT5G40690,439.491253358121,7.27869542657164e-71,18,-0.323098112548212,-0.348811695654149,0.454267786688566,0,5,5,0.777777777777778,1.41223017321306e-69,-0.422609772784651,0.110352781638945,-3.82962501269208,0.000128338673736822,-0.638897250390795,-0.206322295178506,84.305126206936,0.148293542384042,18,9.72422153541517e-17,0.00561443823622368,consensus_significant,downregulated
AT5G53590,438.920228687957,9.47322792960783e-71,18,-0.336656433380549,-0.376749512294547,0.465768459245516,1,8,9,0.777777777777778,1.83322148685524e-69,-0.380625037725686,0.11359318157898,-3.35077363301988,0.000805861481550644,-0.603263582509806,-0.157986492941566,87.8549356602488,0.176266927761463,18,1.10049838999573e-15,0.0219712649021406,consensus_significant,downregulated
AT2G13610,436.960168839447,2.34011806664348e-70,18,0.374312752004297,0.414113781274197,0.623242555817194,5,0,5,0.777777777777778,4.51168156674827e-69,0.529379954723683,0.161802269829721,3.27177087985722,0.00106876150809725,0.212253333240597,0.846506576206768,81.3890396760075,0.287279771470183,18,6.9034506424121e-19,0.0266513716752285,consensus_significant,upregulated
AT5G02040,431.1710533368,3.37556861262062e-69,18,-0.182650833179362,-0.140167583415381,0.251885506689613,0,4,4,0.777777777777778,6.38932846694467e-68,-0.201889229431568,0.0661155046905386,-3.05358373011799,0.00226125609359944,-0.331473237444713,-0.0723052214184238,85.1224237879742,0.0611026737705761,18,1.20672464430762e-28,0.0442227708859079,consensus_significant,downregulated
AT1G44770,431.080492079076,3.51940248946038e-69,18,-0.251504624622351,-0.224221592939196,0.230287016952241,0,4,4,0.833333333333333,6.65915087879997e-68,-0.249129473572872,0.0632922344593171,-3.93617756903506,8.27897248371185e-05,-0.373179973614199,-0.125078973531546,83.6629004988372,0.0517589717206815,18,6.2954677975047e-30,0.00401445054527949,consensus_significant,downregulated
AT3G52450,430.576910081695,4.43847360258395e-69,18,-0.585081985894544,-0.400538799681027,0.652954548129816,0,8,8,0.888888888888889,8.38286821134314e-68,-0.55952630354283,0.142420736357998,-3.92868565246264,8.54113992836791e-05,-0.838665817456179,-0.28038678962948,91.7667275929874,0.303391616755455,18,6.52666111276011e-21,0.00410702969456386,consensus_significant,downregulated
AT3G47820,425.776090306521,4.04904820607085e-68,18,-0.387090920988475,-0.226953928629088,0.427286390229756,0,3,3,0.833333333333333,7.52415506420635e-67,-0.393983934602572,0.107150186270534,-3.67693186839486,0.000236056055089274,-0.603994440629577,-0.183973428575567,86.0109343190751,0.16149207202163,18,1.37902883174304e-31,0.00895942382022816,consensus_significant,downregulated
AT2G30040,425.738669345751,4.1193924636221e-68,18,-0.403854039166802,-0.516777210769622,0.534036344450335,1,5,6,0.666666666666667,7.64939492860289e-67,-0.408923259969531,0.132481293563977,-3.08664905790685,0.00202426427964835,-0.668581823980204,-0.149264695958858,87.4134184705176,0.243147504237336,18,1.47891971838363e-20,0.0410742776242765,consensus_significant,downregulated
AT4G01335,425.648985778911,4.2929926089543e-68,18,0.759767482084605,0.456933510851656,0.874597001010887,3,0,3,0.888888888888889,7.96605682507463e-67,0.809822911551368,0.247048076787485,3.27799723066855,0.00104546421299415,0.325617578598011,1.29402824450473,84.7504661092044,0.82446901537101,18,3.8248915446891e-31,0.0263187119005282,consensus_significant,upregulated
AT1G75410,425.572727290944,4.44634644949503e-68,18,-0.207629701011858,-0.118125256485698,0.322154193491273,0,3,3,0.833333333333333,8.24767073178133e-67,-0.26717755756056,0.0789240859799599,-3.38524740886326,0.000711141259533188,-0.421865923594024,-0.112489191527096,78.4389751455537,0.0698203364874317,18,2.53775507604107e-15,0.0200237708265827,consensus_significant,downregulated
AT1G02065,390.277016806006,7.41478820147867e-68,12,1.62427858137008,1.16487945615132,1.65950359088912,4,0,4,0.833333333333333,1.36903209692261e-66,1.90278429607065,0.518675477705798,3.66854493389014,0.00024393482608502,0.886199040103182,2.91936955203813,85.1722355875476,2.35729007032902,12,3.77597784093359e-16,0.00917789305046786,consensus_significant,upregulated
AT3G18090,422.592980754442,1.75159799615119e-67,18,0.368738362456467,0.268561078568734,0.504115670301533,4,1,5,0.888888888888889,3.21576539081156e-66,0.39916844408245,0.122778024105896,3.25113917567339,0.00114943574855404,0.158527938741904,0.639808949422997,85.0566650139491,0.207097843599361,18,1.57278840373663e-23,0.0280910618831737,consensus_significant,upregulated
AT1G68440,422.325393280927,1.98101473077179e-67,18,-0.278463451838425,-0.274387327275237,0.337345773959638,1,4,5,0.888888888888889,3.63053126913088e-66,-0.284776253552643,0.0894237382857753,-3.18457111066606,0.00144968688189258,-0.460043559955698,-0.109508947149587,85.899857536539,0.111492275113904,18,1.91840314097536e-28,0.0327879486399802,consensus_significant,downregulated
AT2G47680,420.487987887497,4.6115651446419e-67,18,0.422796516191382,0.234760845791393,0.492872844131974,4,0,4,0.833333333333333,8.39806465165121e-66,0.39291175183605,0.0942211117257807,4.17010311849825,3.04461844545854e-05,0.208241766270196,0.577581737401905,87.5998403895736,0.107367791859295,18,2.28805071240918e-25,0.0018650175138627,consensus_significant,upregulated
AT4G14510,419.933140531244,5.95159401755098e-67,18,0.337851645788836,0.167400701938985,0.508600388616545,7,0,7,0.666666666666667,1.0804256072225e-65,0.378686170963973,0.124954896204494,3.03058289404072,0.00244082176409539,0.133779074711224,0.623593267216722,88.5324205688878,0.221170719450066,18,8.98576704624666e-19,0.0463918803232682,consensus_significant,upregulated
AT1G14710,418.061670297384,1.40672992754615e-66,18,0.178630435581671,0.200416871002178,0.201862931030545,3,0,3,0.777777777777778,2.53950225981123e-65,0.17665360322631,0.0519192170180078,3.40247047957289,0.000667795691417913,0.0748938077654954,0.278413398687124,88.6601798221876,0.0367472481337847,18,7.08773299829643e-35,0.019131922503328,consensus_significant,upregulated
AT5G10360,415.355723868658,4.87646030999247e-66,18,0.201198359304519,0.180593751531484,0.258037245112064,4,0,4,0.777777777777778,8.72735057065239e-65,0.189160283328002,0.0590481225178861,3.20349361270045,0.00135771051723101,0.0734280898382363,0.304892476817767,91.5673044550269,0.0520331247159456,18,8.5199061756349e-45,0.0314469468702447,consensus_significant,upregulated
AT1G70690,415.329838594912,4.93478080742916e-66,18,-0.394385866673503,-0.365823950420892,0.570227468058711,0,8,8,0.722222222222222,8.82868178856879e-65,-0.530694551072231,0.119540405104608,-4.43945752574476,9.01859104880147e-06,-0.764989439774591,-0.29639966236987,81.7762102038936,0.164841531710937,18,8.12513864468946e-13,0.000726584748409962,consensus_significant,downregulated
AT1G62280,414.288943837256,7.95912032063818e-66,18,-1.14597243041468,-1.01919021325658,1.42296492757848,0,6,6,0.666666666666667,1.41613405471869e-64,-1.10590407933351,0.326640120878313,-3.38569578152191,0.000709980442045086,-1.74610695216081,-0.465701206506208,94.4628875437487,1.51712945875033,18,1.65769261652896e-49,0.0200118199117366,consensus_significant,downregulated
AT4G33160,413.960696813997,9.25382898320951e-66,18,-0.289672872624979,-0.323534717276249,0.396974208462469,0,8,8,0.722222222222222,1.64480471937519e-64,-0.344098764423904,0.0878722808351455,-3.91589658483382,9.00688528694924e-05,-0.516325270100179,-0.17187225874763,84.7076865685587,0.100054763722811,18,6.90426547798614e-22,0.00428284559270858,consensus_significant,downregulated
AT3G14280,413.924512643529,9.40885436886242e-66,18,-0.314925346874109,-0.406268048702306,0.74997547828698,1,6,7,0.722222222222222,1.67121475221878e-64,-0.457631414082776,0.145721337924436,-3.14045575343317,0.00168685186543315,-0.743239988193662,-0.17202283997189,87.5333365990193,0.263653088771806,18,4.75779169499043e-13,0.0362404232654796,consensus_significant,downregulated
AT1G64590,406.59738292313,2.256513419926e-65,17,-0.691965903149118,-0.588816421095086,1.21150857575016,0,8,8,0.647058823529412,3.97675052657314e-64,-0.927129698636262,0.26418782881546,-3.50935810628838,0.000449189664825361,-1.4449283282684,-0.409331069004127,89.0509381409907,0.777497825618218,17,2.19406344772048e-22,0.0142717431535818,consensus_significant,downregulated
AT1G15910,411.756415677575,2.5454366253367e-65,18,0.250120828348805,0.227532133516382,0.348081754548768,6,1,7,0.833333333333333,4.48253837884228e-64,0.264579328867208,0.0819650327059068,3.22795367893681,0.00124679161524684,0.103930816771983,0.425227840962433,90.2226071065416,0.101467452195491,18,5.69951646860363e-32,0.02978293561946,consensus_significant,upregulated
AT3G06450,411.10557255208,3.43141365823161e-65,18,0.263496953548229,0.108309725350586,0.290058350025868,5,0,5,0.888888888888889,6.02686295349844e-64,0.278460463636048,0.07035606391191,3.95787439139144,7.5619703460667e-05,0.140565112274706,0.41635581499739,89.5195025130638,0.0678139515556029,18,1.36802333217606e-33,0.00373662161366976,consensus_significant,upregulated
AT2G26670,410.91494906131,3.74507238355535e-65,18,-0.218175574974264,-0.146488355163716,0.245971437841587,0,2,2,0.944444444444444,6.57109539482442e-64,-0.237096165622858,0.069417608655421,-3.41550465674739,0.000636639408915452,-0.373152178480379,-0.101040152765337,78.5450351925335,0.0528711017369976,18,4.93043557123422e-17,0.0185531902879754,consensus_significant,downregulated
AT1G79985,409.657585042031,6.66785647128393e-65,18,-0.14089234217953,-0.124058240461607,0.227717034099311,0,3,3,0.722222222222222,1.16639170446952e-63,-0.170116365816249,0.0555785200544517,-3.06082935726935,0.00220724851431334,-0.279048263437011,-0.0611844681954866,84.781904533541,0.0407518574942692,18,1.21863268063199e-28,0.0435606245403702,consensus_significant,downregulated
AT4G18422,369.780558248691,6.86369368395761e-65,11,-2.06269776965439,-2.04887547094483,1.18571589267065,0,4,4,0.909090909090909,1.2002444942422e-63,-1.77859144026579,0.196430113928763,-9.05457622913567,1.37099093956443e-19,-2.16358738904527,-1.39359549148632,50.7134208625673,0.149387848178616,11,0.0609703163435145,5.2943592709548e-16,consensus_significant,downregulated
AT5G51440,408.04978868669,1.39390952590576e-64,18,0.850057375676937,1.05320116516757,0.760973954087422,6,2,8,0.888888888888889,2.42688018463719e-63,0.786712035092174,0.196106925675139,4.01164840244043,6.02962551704404e-05,0.402349523650029,1.17107454653432,93.0981677993102,0.568670597399482,18,5.35555345599443e-65,0.00315046415232943,consensus_significant,upregulated
AT2G24420,408.040468760545,1.39987946412146e-64,18,-0.180817703408154,-0.0930370833750474,0.286898657550402,0,6,6,0.611111111111111,2.43645687683997e-63,-0.200271519072769,0.0666279933542278,-3.00581645927749,0.00264868821788894,-0.330859986409229,-0.0696830517363083,88.0606656444185,0.062681786478385,18,3.56193125222262e-23,0.0490276630385123,consensus_significant,downregulated
AT1G76900,406.780711979071,2.49422234300582e-64,18,-0.223637616724279,-0.228376802055461,0.250135424489325,0,7,7,0.888888888888889,4.32517988053275e-63,-0.243958429512454,0.0598508238615351,-4.07610812637855,4.57957303096312e-05,-0.361263888726114,-0.126652970298795,83.4580592184228,0.0482917567501728,18,2.14486478204873e-14,0.00256594564944374,consensus_significant,downregulated
AT3G12740,405.55731216651,4.36991727329813e-64,18,-0.135209967885021,-0.166661163920954,0.179302996038128,0,4,4,0.777777777777778,7.53749007648542e-63,-0.155316877001484,0.0453418338598951,-3.42546526638971,0.00061374740329707,-0.244185238359877,-0.0664485156430905,82.2802662158515,0.0247469537026354,18,1.05641364250315e-18,0.0181032804278938,consensus_significant,downregulated
AT3G55110,370.945580041115,6.70679073667134e-64,12,1.73317153589894,1.71702394907932,1.89719490541632,4,0,4,0.75,1.15223153268447e-62,1.97386110654847,0.59214321712602,3.33341841882214,0.000857858252483887,0.813281727291793,3.13444048580515,90.2675710252009,3.25471560980883,12,3.57111070157336e-41,0.0229546764166446,consensus_significant,upregulated
AT2G16530,404.024834084394,8.81951372292565e-64,18,-0.316530366142843,-0.421297102905205,0.467188648813018,0,9,9,0.833333333333333,1.51069828954972e-62,-0.405773012722186,0.0966667342888803,-4.19764891932283,2.69700305178581e-05,-0.595236330431495,-0.216309695012878,83.8144722530103,0.118471754690971,18,9.18645530325309e-12,0.0017232919499859,consensus_significant,downregulated
AT3G04010,403.063051228483,1.37022229834018e-63,18,-0.286925580501211,-0.293283744094456,0.485156187046519,0,6,6,0.611111111111111,2.33780103570526e-62,-0.367510961606954,0.118499632728103,-3.1013679379936,0.00192628774109924,-0.599765973935259,-0.135255949278649,84.7848544999878,0.170862970500435,18,6.77069252696682e-23,0.0397612183810142,consensus_significant,downregulated
AT1G22550,401.302346789834,3.06884365489164e-63,18,-0.409689474017314,-0.409140937146465,0.428023788854902,0,8,8,0.944444444444444,5.2102078682542e-62,-0.420603402658813,0.0994739017076538,-4.22827892983362,2.35485741285536e-05,-0.615568667407492,-0.225638137910135,85.2391784601494,0.130481850261592,18,9.44842599100086e-14,0.00155642575807118,consensus_significant,downregulated
AT5G62170,401.212573137773,3.19761335208131e-63,18,0.41512888010108,0.27053758400536,0.486507643248773,3,0,3,0.888888888888889,5.42528050298699e-62,0.381972687630956,0.11462861749247,3.33226288501688,0.000861428423468221,0.157304725748096,0.606640649513816,86.1211154802685,0.18328277387064,18,1.01015009850055e-30,0.0230264566322644,consensus_significant,upregulated
AT1G72010,400.108462597402,5.3008392180037e-63,18,-0.177698148878361,-0.116557198239533,0.221185472295345,0,4,4,0.777777777777778,8.96152626233258e-62,-0.187943501119748,0.0606848084460154,-3.097043657754,0.00195461085027424,-0.306883540082651,-0.0690034621568461,81.6532407345149,0.0467731862969281,18,1.54953708432273e-21,0.0401635759824272,consensus_significant,downregulated
AT5G01830,398.589713589617,1.06221059943721e-62,18,-0.311676855368409,-0.269248169745335,0.2752681889515,0,3,3,0.944444444444444,1.78471325093527e-61,-0.381123786493502,0.0821354042990217,-4.64018884117237,3.48090939177787e-06,-0.54210622077522,-0.220141352211783,70.7777660394735,0.0652273445220135,18,2.07739154470967e-08,0.000346647798239929,consensus_significant,downregulated
AT1G61560,398.433452881769,1.14094038457789e-62,18,-0.351716637716229,-0.281531740275472,0.745348099605499,0,6,6,0.722222222222222,1.91575370106687e-61,-0.546586030862432,0.166046064265732,-3.29177348032593,0.000995577658603598,-0.87203033659789,-0.221141725126974,84.49297748166,0.330934044322253,18,2.55374244589151e-21,0.0254265303985008,consensus_significant,downregulated
AT3G54090,398.402524354627,1.15720146520422e-62,18,0.358595086618041,0.220547407107267,0.577134036091952,6,0,6,0.611111111111111,1.94242927702343e-61,0.432347730639884,0.142337203825146,3.03748927912763,0.00238557890388595,0.153371937482462,0.711323523797307,88.7530962042456,0.275651500826664,18,5.71809827173132e-23,0.0458250188260713,consensus_significant,upregulated
AT3G26200,386.14334044764,2.26067684482869e-62,16,1.52498165970031,1.1419019537735,1.69573735491727,3,0,3,0.875,3.76907770393362e-61,1.69683619634594,0.464717908170223,3.65132517278504,0.000260890667311823,0.786005833361512,2.60766655933037,85.9418001262887,2.28885055213511,16,2.04168800195843e-30,0.00966860813057617,consensus_significant,upregulated
AT1G67330,338.12853591128,3.07966791387078e-62,8,-0.383488018911381,-0.241927125536141,0.475628155915765,0,2,2,0.875,5.12136636968303e-61,-0.991799895821874,0.0561224245955344,-17.672078549165,6.88140147161168e-70,-1.10179782675419,-0.881801964889561,0,0,8,0.152511563555882,3.570346339531e-65,consensus_significant,downregulated
AT4G15330,395.686812244801,4.00769516233045e-62,18,-0.214771001044538,-0.664762951178481,1.00267612386934,0,8,8,0.666666666666667,6.65185118708388e-61,-0.762667543370597,0.0706725773485351,-10.7915626114689,3.77318676431391e-27,-0.901183249668347,-0.624151837072847,34.7199071245355,0.0209358828836893,18,0.00208198231109397,3.26280036799438e-23,consensus_significant,downregulated
AT1G72510,395.047685652298,5.36796413457369e-62,18,-0.266983691824111,-0.472129679611556,0.461665110173832,2,8,10,0.666666666666667,8.87835266247639e-61,-0.334953972703367,0.102196698911831,-3.27754199763677,0.0010471515159252,-0.535255821909439,-0.134652123497294,89.3398163945588,0.14423829242201,18,4.86404487336752e-15,0.0263356322114703,consensus_significant,downregulated
AT3G45600,394.958344623675,5.59176653097324e-62,18,-0.239516650213298,-0.201281351327908,0.331033874965717,0,6,6,0.777777777777778,9.24556466148589e-61,-0.266966609992682,0.0759743680382136,-3.51390366101371,0.000441572930418476,-0.415873635095771,-0.118059584889592,84.9412779592799,0.0757215332234004,18,4.03709164510641e-19,0.0141468704823347,consensus_significant,downregulated
AT1G29270,393.578357120409,1.05077517492439e-61,18,1.06425762803124,0.345699779673352,1.39688066843525,6,0,6,0.722222222222222,1.7285667940967e-60,0.977415937425119,0.307284644121389,3.18081608086801,0.00146860833282622,0.375149101944989,1.57968277290525,95.3610361146819,1.49091638169368,18,8.07581342726174e-50,0.0331148521253174,consensus_significant,upregulated
AT1G74010,393.212506069416,1.2420098265712e-61,18,-0.33848133455237,-0.324574942732252,0.899506220839982,0,4,4,0.611111111111111,2.04056828138245e-60,-0.636071686309515,0.179222172101395,-3.54906805810644,0.000386597146983445,-0.987340688859288,-0.284802683759742,83.4538468208874,0.363091942400039,18,3.50819521393767e-17,0.0128927838903694,consensus_significant,downregulated
AT3G20935,392.461165842228,1.75078774759807e-61,18,-0.196379769578562,-0.217462853447712,0.624276609202231,0,5,5,0.722222222222222,2.86920223833557e-60,-0.461482102753878,0.119541131795819,-3.86044615624109,0.000113180179567592,-0.695778415744839,-0.227185789762918,81.4695039715871,0.151984494192978,18,1.10838406378285e-13,0.00507101937537561,consensus_significant,downregulated
AT3G47500,390.532151839125,4.22606740007307e-61,18,-0.467670950745707,-0.543412149481565,0.523187249385543,0,7,7,0.777777777777778,6.85428512909976e-60,-0.48789893324959,0.128001481600942,-3.811666295947,0.000138033143944064,-0.738777227155203,-0.237020639343978,85.9465673291343,0.21325123865772,18,2.46532802925698e-14,0.00595816276239085,consensus_significant,downregulated
AT3G23280,388.515002335547,1.06153504020311e-60,18,-0.213720659441934,-0.22748243975015,0.218733892833678,0,5,5,0.833333333333333,1.70730493094459e-59,-0.209631018581077,0.0515249577853058,-4.06853353387629,4.73099530486089e-05,-0.310618080145223,-0.108643957016931,86.647870278493,0.0363446885498694,18,9.54684550942622e-28,0.00262246752561327,consensus_significant,downregulated
AT1G13270,387.220289993134,1.91677197962593e-60,18,0.258693800651378,0.207443656664824,0.418818696408379,4,1,5,0.777777777777778,3.06854973826543e-59,0.323210287812373,0.101622614470247,3.18049569475505,0.00147023323825996,0.124033623435889,0.522386952188856,88.7528157154678,0.137462540205238,18,5.36321836692591e-18,0.0331370900668462,consensus_significant,upregulated
AT5G47230,381.307265829688,2.51955332518403e-60,17,-0.444286527443839,-0.452042524159688,0.550034241460767,1,8,9,0.764705882352941,4.01989969659933e-59,-0.439709333341093,0.131089999799165,-3.35425535139786,0.000795788886782244,-0.696641011680819,-0.182777655001367,90.7692211865789,0.237984607409091,17,2.908120124824e-28,0.0217423436555081,consensus_significant,downregulated
AT1G47480,385.944591334685,3.43050387964145e-60,18,-0.275284063967854,-0.445440303337916,0.741558770038883,0,9,9,0.833333333333333,5.45151812177804e-59,-0.567476955849396,0.0705596167618712,-8.04251754604267,8.80112805091871e-16,-0.705771263465612,-0.429182648233179,59.4898410055578,0.0379360106140233,18,0.00012630235879913,1.38375069028444e-12,consensus_significant,downregulated
AT2G37510,385.513486148272,4.17605334836854e-60,18,0.433073426747122,0.326835137979101,0.517951563303075,5,0,5,0.777777777777778,6.61199953732994e-59,0.438905837791405,0.132994736072331,3.30017450880688,0.000966247250947956,0.178240944956227,0.699570730626583,90.4047386052089,0.258124641227697,18,2.06071617520575e-39,0.0248816187681512,consensus_significant,upregulated
AT4G31550,383.434800056818,1.07759395883251e-59,18,-0.325753065207497,-0.373309146390158,0.409827736572639,0,11,11,0.666666666666667,1.69283319881988e-58,-0.3261128756708,0.0789295706147927,-4.131694536416,3.60098749964741e-05,-0.480811991391004,-0.171413759950595,88.934004789934,0.0881737116623678,18,4.88018491349129e-11,0.00210873177688156,consensus_significant,downregulated
AT3G24000,383.246923855304,1.17396183829125e-59,18,0.322440752926498,0.251310490482741,0.299892151348636,4,0,4,0.944444444444444,1.84133555059396e-58,0.358578397100242,0.0800925437159712,4.47705092713566,7.56812009580458e-06,0.201599895986739,0.515556898213746,80.8879038581322,0.0782651018801326,18,1.23693611109573e-20,0.00063537919587496,consensus_significant,upregulated
AT5G59700,382.265705008449,1.83612969023915e-59,18,-0.224636423531305,-0.284344672052502,0.49868431668884,0,5,5,0.777777777777778,2.87298664615924e-58,-0.344607125888407,0.110336797636836,-3.12322936018727,0.00178878291833917,-0.56086327542609,-0.128350976350725,81.0988467079505,0.13969967509862,18,1.58635133098821e-14,0.0376660766782101,consensus_significant,downregulated
AT1G09090,377.985850118446,1.29005992788456e-58,18,-0.158806407641205,-0.300732816253194,0.893304742089158,0,8,8,0.666666666666667,1.9856287164038e-57,-0.514582022183895,0.154048071444322,-3.3403989894796,0.000836581068517766,-0.81651069410262,-0.21265335026517,88.2975714516378,0.257659563262567,18,3.31517247068124e-08,0.0225664249949882,consensus_significant,downregulated
AT2G44070,356.109222274657,1.47061009918756e-58,14,2.28096309382532,1.01237497663384,2.63529009091549,5,0,5,1,2.26084522387243e-57,2.0970652058275,0.557862378797091,3.75910849258085,0.00017051988691348,1.00367503505536,3.19045537659964,90.2252989984514,3.21882970958087,14,2.280700059966e-17,0.00703838807686474,consensus_significant,upregulated
AT1G80130,366.557815398528,1.86219509695454e-58,16,0.831806503271609,0.653463643437196,1.60185499913468,6,1,7,0.6875,2.85692544271468e-57,1.26716465350064,0.382766701801115,3.31054046116858,0.000931159891495378,0.516955703489272,2.01737360351201,90.2238289461116,1.57553455290505,16,5.26872224712113e-31,0.0242613228082501,consensus_significant,upregulated
AT3G02880,375.653485071557,3.72942373852259e-58,18,-0.225450596772508,-0.222209935654876,0.305318363213717,0,6,6,0.777777777777778,5.68794656047784e-57,-0.243514824467208,0.0727713808142014,-3.34629935206184,0.00081897927757124,-0.386144109968291,-0.100885538966124,84.1198025880111,0.0709953618243181,18,1.08651824187475e-13,0.0222354373822639,consensus_significant,downregulated
AT1G65820,375.483164536975,4.02993019234711e-58,18,-0.193891466129732,-0.245749659320835,0.224554176128549,1,8,9,0.833333333333333,6.1426551222616e-57,-0.217612384725553,0.0539909950361282,-4.03053110208354,5.56509641853116e-05,-0.323432790485845,-0.111791978965261,80.4277122325689,0.0367135587582083,18,1.91963461781248e-11,0.0029675176010182,consensus_significant,downregulated
AT5G03570,374.356875133572,6.72693880078705e-58,18,-0.368161864171792,-0.431226199321995,1.0501772992919,0,6,6,0.722222222222222,1.01937182686029e-56,-0.580187059067002,0.186241025207532,-3.11524841758409,0.00183790054653029,-0.945212760917581,-0.215161357216423,85.0158599395526,0.361348747638708,18,7.92572629556501e-15,0.0384816916691596,consensus_significant,downregulated
AT4G01070,372.895162673794,1.30770008830845e-57,18,-0.240747024613572,-0.356268110357301,0.502879695853615,0,8,8,0.777777777777778,1.97356621934565e-56,-0.321615705338158,0.0965357491429766,-3.33157103138881,0.000863572583653624,-0.510822296878985,-0.13240911379733,88.8706209190884,0.134724659898999,18,1.87578916993879e-19,0.0230600102574805,consensus_significant,downregulated
AT5G13000,372.690295980688,1.43535965985494e-57,18,0.23602745500784,0.0594043826930429,0.332502012476209,5,0,5,0.666666666666667,2.16371192872876e-56,0.243966473376738,0.0798606605105754,3.05490177287517,0.00225134243945757,0.0874424549944306,0.400490491759046,88.3911710120781,0.0907935833066414,18,6.47552362627929e-30,0.0441193621840387,consensus_significant,upregulated
AT3G03860,372.083888963921,1.89098365466561e-57,18,-0.187824693179276,-0.160304151119017,0.201553998708292,0,5,5,0.833333333333333,2.84475196118261e-56,-0.19153386587974,0.051568963311085,-3.71413062396328,0.000203903457900604,-0.292607176689534,-0.0904605550699456,84.3144740228382,0.0359598915998412,18,1.22574350174038e-26,0.00802071797552306,consensus_significant,downregulated
AT3G12550,371.283645748039,2.72054269522602e-57,18,0.204919275291068,0.155373186563286,0.338569710350544,3,0,3,0.777777777777778,4.07735739026641e-56,0.256632996995777,0.0808477768393896,3.17427401257549,0.00150211811007866,0.0981742661604421,0.415091727831113,87.9835283206414,0.0808933478945085,18,2.33229038207258e-27,0.0335208154939016,consensus_significant,upregulated
AT2G25410,360.395037389001,3.1510420186024e-57,16,-0.870832101054392,-0.656043237637696,1.02745176904097,0,4,4,0.8125,4.71439123111799e-56,-1.15957906046737,0.334477795435614,-3.46683420033062,0.000526626617683893,-1.81514349314953,-0.504014627785215,78.796703695848,1.04861227722101,16,4.31456269361828e-13,0.0160710890943078,consensus_significant,downregulated
AT5G17760,369.975715274617,4.92909996736082e-57,18,0.570979021596403,0.334563290530183,0.690053336793354,6,1,7,0.833333333333333,7.33654193880108e-56,0.542745895103876,0.15849003629105,3.42447959382874,0.000615978102810471,0.232111132064972,0.853380658142779,93.854435695165,0.406978738507408,18,2.61171441716365e-37,0.0181317349428982,consensus_significant,upregulated
AT4G10840,367.921363296521,1.25313304138207e-56,18,-0.174808976185798,-0.144865715451996,0.171169843172557,0,4,4,0.833333333333333,1.85243115866621e-55,-0.192907567993565,0.0443235606588076,-4.35225792166208,1.34742613496838e-05,-0.279780150551405,-0.106034985435726,76.6182618636075,0.0229048825875629,18,4.49599160890151e-13,0.00100093546511083,consensus_significant,downregulated
AT1G14160,367.912766410825,1.25803428512264e-56,18,-0.251199463899258,-0.665043183410919,1.69112874927347,1,10,11,0.722222222222222,1.8591468517127e-55,-0.70494552364729,0.184178999171799,-3.82750219524066,0.000129450229973987,-1.06592972873265,-0.343961318561931,89.2240618904124,0.382044654923713,18,1.52120378054703e-09,0.00564877689820888,consensus_significant,downregulated
AT3G23940,367.264307888634,1.68871458935152e-56,18,0.196499022806955,0.191033218912218,0.263947903626486,5,0,5,0.722222222222222,2.49065006825613e-55,0.219844741593858,0.0650838374742039,3.37786999239241,0.000730496079315896,0.0922827641687601,0.347406719018956,80.7940069093489,0.0506366339951103,18,1.41556137304434e-10,0.0204759905884527,consensus_significant,upregulated
AT2G45670,365.75982288465,3.3429094089775e-56,18,-0.0741842677787643,-0.132853229039835,0.299359058301623,0,4,4,0.777777777777778,4.8969895917398e-55,-0.161477567835034,0.0419371516192302,-3.85046579465328,0.00011789339519834,-0.243672874622921,-0.0792822610471474,82.1351441155785,0.0214166129810737,18,2.52030634772638e-17,0.00524145751197143,consensus_significant,downregulated
AT4G10250,348.659208501661,5.81469055513321e-56,15,2.99182257453063,2.638151997078,2.38021604387269,10,0,10,0.933333333333333,8.48434789153693e-55,2.88896695765569,0.540229688642696,5.34766418505079,8.90965777742295e-08,1.83013622453672,3.94779769077466,88.8665919118499,3.45838398182274,15,5.53468308385325e-10,1.75767560503351e-05,consensus_significant,upregulated
AT1G02360,364.444080068376,6.07276502832498e-56,18,-0.635582231127788,-0.504567819842936,0.728644264414928,0,6,6,0.833333333333333,8.85593081582171e-55,-0.702791373370653,0.153832303918082,-4.56855520895598,4.91097717629015e-06,-1.00429714870891,-0.401285598032392,81.9134603690895,0.254813989548445,18,1.26896174362918e-15,0.000456315784805608,consensus_significant,downregulated
AT5G39790,363.587532567301,8.95601301785614e-56,18,0.429490496784562,0.254956425071974,0.573032987274788,3,0,3,0.888888888888889,1.3009404747824e-54,0.454199736172423,0.147457165592771,3.08021474810369,0.00206851391055275,0.165189002348232,0.743210469996614,86.6208447937078,0.308453185825838,18,1.51583721659499e-29,0.041666605985539,consensus_significant,upregulated
AT2G45340,362.970972315616,1.18452351703186e-55,18,0.298208087461047,0.269251529744902,0.39036205337816,6,0,6,0.666666666666667,1.71678176647502e-54,0.348889917641565,0.0966779309522616,3.60878552328393,0.000307633807289373,0.159404654875282,0.538375180407847,84.2493933398509,0.118344448954704,18,2.01941232682612e-19,0.0109774913737289,consensus_significant,upregulated
AT2G28160,362.584158678446,1.41160857078937e-55,18,-0.787819450277359,-0.61669551780938,0.641999744730373,0,7,7,0.944444444444444,2.042483870436e-54,-0.849203956742849,0.14168597779877,-5.99356386521845,2.05291488194389e-09,-1.12690337034278,-0.571504543142919,73.8338167064087,0.203330436103261,18,2.14048929125444e-07,7.50094617850542e-07,consensus_significant,downregulated
AT4G21880,360.0345914377,4.48292808372784e-55,18,0.433515786098247,0.418705200520213,0.575822614532877,6,0,6,0.833333333333333,6.43085822204418e-54,0.491071416994609,0.1306806792302,3.75779663747816,0.000171416101205117,0.234941992228185,0.747200841761034,85.7394478142603,0.241590569661049,18,2.08959612608374e-22,0.00705853412295738,consensus_significant,upregulated
AT4G25570,359.999208260459,4.55537261838191e-55,18,-0.127853111025277,-0.14734808579894,0.264465810757558,1,6,7,0.722222222222222,6.5311711123381e-54,-0.179646000483784,0.0541026873341579,-3.32046353583556,0.000898680980319174,-0.285685319125564,-0.0736066818420028,84.7122577359972,0.0379883840648645,18,1.70437664977755e-11,0.0237288366325089,consensus_significant,downregulated
AT5G24230,359.512400231584,5.67940764765042e-55,18,-0.247240478996657,-0.290612539272906,0.710468946198259,0,6,6,0.722222222222222,8.13150169160564e-54,-0.459420300237154,0.147056362138535,-3.12411033127799,0.00178343569679105,-0.747645473726162,-0.171195126748146,82.8212655830141,0.252635029201239,18,6.17751803208847e-14,0.0375839876898078,consensus_significant,downregulated
AT3G21690,358.863202357435,7.62099121003392e-55,18,-0.283268417064672,-0.278974837144993,0.391174657564069,0,6,6,0.777777777777778,1.08843441054477e-53,-0.321450934920947,0.0973393718782791,-3.3023732197791,0.00095870415558349,-0.512232598080125,-0.130669271761769,82.5031790193647,0.122042668498723,18,6.60099528819344e-12,0.0247864209459178,consensus_significant,downregulated
AT3G52820,353.509863816057,8.21439350947852e-55,17,-0.678778667400841,-0.426235996071699,1.05533053656568,0,6,6,0.647058823529412,1.17253915713819e-53,-0.794760878151407,0.253630163577701,-3.13354242626559,0.001727099486948,-1.2918668641567,-0.297654892146111,88.6753654159722,0.88385597667875,17,7.89703940984778e-22,0.0368305917718085,consensus_significant,downregulated
AT5G18600,337.340308891768,8.69566182894652e-55,14,0.857676152999586,1.23915635440957,0.990821699705365,6,0,6,0.8,1.24055399830718e-53,1.16272259071585,0.213829346125568,5.43761935292574,5.39971786804064e-08,0.743624773471985,1.58182040795971,74.5655480895048,0.348649146245148,15,4.95995410968596e-07,1.23418044874635e-05,consensus_significant,upregulated
AT5G14800,357.563222917323,1.37299210538396e-54,18,0.369125629593643,0.3681399730518,0.188649893248213,10,0,10,1,1.9507162130176e-53,0.354668704915862,0.0431209961524296,8.22496548229391,1.95247077902653e-16,0.27015310547961,0.439184304352114,72.0373337267948,0.0187654605953275,18,9.65939768209816e-06,3.75192569996343e-13,consensus_significant,upregulated
AT5G49890,356.346884216811,2.38115918121169e-54,18,-0.224593508715079,-0.207521539921237,0.229265930426137,0,6,6,0.888888888888889,3.36467581443148e-53,-0.252088682657785,0.0574833829299892,-4.38541835585446,1.15763072616518e-05,-0.364754042910089,-0.139423322405482,77.2136526850969,0.0377196753818031,18,5.90983531566888e-11,0.000888498707046658,consensus_significant,downregulated
AT5G54230,356.270573479868,2.46483331153374e-54,18,-0.366691311363773,-0.565164359901986,0.711178144648499,0,8,8,0.777777777777778,3.48196281170148e-53,-0.654881673066356,0.116768273181718,-5.6083870662985,2.04220890244196e-08,-0.883743283039457,-0.426020063093255,72.9654371424662,0.125493113881519,18,3.60786858949815e-05,5.32452093941199e-06,consensus_significant,downregulated
AT1G28130,355.396089986617,3.66139214815954e-54,18,-0.270234334567327,-0.303033553414738,0.323746248980284,0,6,6,0.611111111111111,5.14846691632697e-53,-0.358128618202895,0.0765043946827329,-4.68115092849333,2.85268813591399e-06,-0.50807447644009,-0.208182759965701,75.6810244159937,0.0656877859191537,18,5.20000567097408e-09,0.000295426888710103,consensus_significant,downregulated
AT3G61100,355.351515673863,3.73598457516925e-54,18,0.313640120468774,0.231392339204084,0.340218036421766,6,0,6,0.833333333333333,5.25051003075709e-53,0.322182507829132,0.0867159353403546,3.71537833922434,0.000202899873075389,0.152222397676333,0.492142617981931,87.2894433679067,0.106786351218215,18,5.35874242817925e-23,0.00799199265547446,consensus_significant,upregulated
AT2G02040,353.651286285929,8.06145369031139e-54,18,-0.128334135686675,-0.0762408784120471,0.193981081770162,0,4,4,0.722222222222222,1.12381817883656e-52,-0.15980759921401,0.0507121988152835,-3.15126543410396,0.0016256468037544,-0.259201682468801,-0.06041351595922,87.7002333647008,0.031989244662083,18,6.92177139349584e-31,0.0352465770020865,consensus_significant,downregulated
AT2G28960,353.525750497429,8.53233856565865e-54,18,-0.325899528316231,-0.448483247781507,0.816848534014635,0,6,6,0.833333333333333,1.18882390307718e-52,-0.638885239874031,0.15988330097642,-3.99594726886614,6.44360766576581e-05,-0.952250751517192,-0.325519728230869,80.1127664664556,0.258869150080374,18,7.87156770034017e-11,0.0033199616696186,consensus_significant,downregulated
AT1G07400,353.12367913258,1.02335677046487e-53,18,1.30470109837835,0.64836283169422,1.35194321384343,9,0,9,0.944444444444444,1.42356579318942e-52,1.23342998513834,0.311442107659911,3.96038286025608,7.48296932519527e-05,0.623014670855669,1.84384529942101,94.4100534781524,1.5634176903506,18,9.9100928192208e-33,0.00371527636811896,consensus_significant,upregulated
AT1G74880,352.133186304193,1.60140146666881e-53,18,0.492403321741068,0.352217018441996,0.646715254042424,6,0,6,0.666666666666667,2.21815685939626e-52,0.669449181542526,0.172587797250963,3.87889058326105,0.000104933937251433,0.331183314759538,1.00771504832551,82.8601288693304,0.333385586215748,18,1.56057879203185e-11,0.00480105149942978,consensus_significant,upregulated
AT2G30740,352.127756418101,1.60533681715154e-53,18,-0.144632297675732,-0.172474062317942,0.219315376387091,0,4,4,0.666666666666667,2.22301457169109e-52,-0.187323573998345,0.0560794424149048,-3.34032518748007,0.000836803437995532,-0.297237261404646,-0.0774098865920434,75.7196561110974,0.0347893517535718,18,1.31549439835725e-10,0.0225664249949882,consensus_significant,downregulated
AT1G58320,345.928272373172,2.57741911475936e-53,17,-0.859956161996548,-0.654893337654793,2.09936101455198,0,4,4,0.705882352941177,3.56057038794585e-52,-1.38088665456601,0.451558721781364,-3.05804447562993,0.0022278650792996,-2.26592548616243,-0.495847822969595,88.6668716893895,2.37274353517137,17,8.21882717561859e-27,0.0438673820775637,consensus_significant,downregulated
AT4G17530,350.004913385412,4.18956968041261e-53,18,-0.15476921016623,-0.175677991658052,0.206166787634678,0,6,6,0.777777777777778,5.77230836164309e-52,-0.187336130372307,0.0431789456356662,-4.33859900037869,1.43393888024809e-05,-0.271965308708626,-0.102706952035988,82.1889658438978,0.0233009271242969,18,8.78286390959141e-12,0.00105231237429692,consensus_significant,downregulated
AT1G65845,349.718359644409,4.76852971792373e-53,18,-0.314741119835445,-0.267741660479245,0.523177326160109,0,4,4,0.777777777777778,6.5595404423525e-52,-0.397470078082005,0.113216909221991,-3.51069536179144,0.00044693626453724,-0.619371142598048,-0.175569013565963,79.0357031496202,0.159195905816791,18,3.85871782495171e-17,0.0142399459097901,consensus_significant,downregulated
AT1G76680,349.464449280964,5.34800274900738e-53,18,-0.299600189164763,-0.1660231999078,0.375343540204565,0,4,4,0.777777777777778,7.3547082850088e-52,-0.295233215597,0.0954769777970001,-3.09219271921986,0.00198683814216322,-0.482364653431851,-0.108101777762149,86.1261885032824,0.127204474554792,18,2.0076913487439e-27,0.0405605617043043,consensus_significant,downregulated
AT1G77460,349.357568581534,5.61249826599351e-53,18,0.243135818774988,0.215590113926167,0.338527598582999,4,0,4,0.777777777777778,7.71436103027884e-52,0.279140060821624,0.0803529158084944,3.47392571897329,0.000512903003017307,0.121651239784196,0.436628881859053,80.4407007246962,0.0783788857092105,18,1.29573959277482e-16,0.0157278128892139,consensus_significant,upregulated
AT3G07570,349.132740775646,6.21232059039754e-53,18,-0.265599804688047,-0.1878949672898,0.266973910509112,0,7,7,0.833333333333333,8.53203627843935e-52,-0.333421868317775,0.0641220759851874,-5.19979840320201,1.99504793185911e-07,-0.459098827862683,-0.207744908772867,70.759425741034,0.0408428680103543,18,7.17624819858992e-07,3.42751877140988e-05,consensus_significant,downregulated
AT5G59260,347.798264350922,1.13484155670436e-52,18,-0.472409274650453,-0.367041771947078,0.600872952229216,0,5,5,0.833333333333333,1.5503925147279e-51,-0.598448851717372,0.173664610189694,-3.44600348374769,0.000568943024655465,-0.93882523307836,-0.258072470356383,77.7617092295703,0.315812165702303,18,1.96254768055806e-09,0.0170384287957698,consensus_significant,downregulated
AT1G54050,347.517372383681,1.28825701944114e-52,18,1.36380612266939,0.961181387531827,1.29592824758873,9,0,9,0.944444444444444,1.75859620110507e-51,1.31865252581148,0.300617323075866,4.38648216383289,1.15198606577528e-05,0.729453399453938,1.90785165216902,93.5780968926384,1.44701812189124,18,1.04371677826855e-30,0.000886789985707487,consensus_significant,upregulated
AT5G09590,346.594463341722,1.95388985784838e-52,18,0.327697382386998,0.288791065117983,0.402818291069954,5,2,7,0.833333333333333,2.66164927853513e-51,0.292590201886025,0.0971935526064139,3.01038694480972,0.00260915060477644,0.102094339247954,0.483086064524095,92.6416284579678,0.141968160502924,18,3.01035079775096e-54,0.0485730785713027,consensus_significant,upregulated
AT5G06330,346.208381549021,2.32573319425977e-52,18,-0.161510866921019,-0.293250890405831,0.779033873868177,0,7,7,0.666666666666667,3.16320436360788e-51,-0.554415849098387,0.106469123009036,-5.20729234382193,1.91616082006163e-07,-0.763091495661662,-0.345740202535112,74.4938847508228,0.102827573249991,18,4.85091388974586e-07,3.31393626626925e-05,consensus_significant,downregulated
AT5G57070,346.066663664135,2.47930433454735e-52,18,-0.24374676722115,-0.282251959172138,0.422553969885922,0,6,6,0.722222222222222,3.37030838835365e-51,-0.306577241315787,0.101279849071907,-3.02703098518761,0.00246968641367102,-0.505082097856377,-0.108072384775197,84.9227372234217,0.123886174330196,18,5.22937022048203e-12,0.0466972339237999,consensus_significant,downregulated
AT3G13580,345.437665244179,3.29282598392165e-52,18,0.247021676084855,0.212523310694265,0.252204086597426,8,0,8,0.777777777777778,4.46916740040579e-51,0.258504157062249,0.0610973154626342,4.23102316533603,2.3263070983889e-05,0.138755619203403,0.378252694921094,87.6395692479644,0.0533702508818379,18,3.76952775477951e-18,0.00154267903547726,consensus_significant,upregulated
AT2G25640,344.791145650662,4.40773473396097e-52,18,0.247176921972434,0.201637584546546,0.288418749248297,4,0,4,0.833333333333333,5.96054821332226e-51,0.261041239089984,0.070244312962154,3.71619036591085,0.000202249223763535,0.123364915565402,0.398717562614566,81.1804805092314,0.0640380152280488,18,7.42611996118232e-17,0.00797378322625172,consensus_significant,upregulated
AT5G50335,344.389274456183,5.28354075816681e-52,18,0.920817154635035,0.758861626176643,0.829442389505227,6,0,6,0.944444444444444,7.13745572331118e-51,0.925208702550931,0.210903129394154,4.38688939898005,1.14983220129204e-05,0.511846164711598,1.33857124039026,84.4949754936632,0.512442782966908,18,9.77425904200776e-23,0.000886447160948536,consensus_significant,upregulated
AT5G52250,343.784382197141,6.94031569090703e-52,18,-0.600637371318387,-0.517894570825617,0.769362400616187,0,6,6,0.833333333333333,9.34637583481489e-51,-0.450183830830707,0.124086311706748,-3.62798945861671,0.00028563692031317,-0.693388532750344,-0.206979128911071,86.3645963411695,0.203777779926937,18,5.36802539130768e-21,0.0103563843281122,consensus_significant,downregulated
AT4G29740,343.738324600311,7.08594240344814e-52,18,-1.01890744678173,-0.93323123646442,0.886339712112996,0,7,7,0.944444444444444,9.54001288408202e-51,-0.955600066951294,0.211107562254332,-4.52660272681296,5.99394687559634e-06,-1.36936328583383,-0.541836848068757,84.4638437983,0.557939679991609,18,4.65464925544298e-21,0.000527996502026215,consensus_significant,downregulated
AT5G36950,343.214899731186,8.9717794776746e-52,18,0.213134345632224,0.16693659174376,0.266624510554472,4,0,4,0.888888888888889,1.20602001209736e-50,0.229654030364127,0.0699694831465787,3.28220275520724,0.00102999514891636,0.0925163633799508,0.366791697348304,85.317655464567,0.0667910060712763,18,1.32613767283401e-26,0.0261193882240353,consensus_significant,upregulated
AT3G57550,343.023260402786,9.78127073510253e-52,18,0.214541794599642,0.197357878759044,0.234061396985942,3,0,3,0.833333333333333,1.31211613445995e-50,0.216054026556965,0.0519211759140648,4.16119286116627,3.16589575541222e-05,0.114290391730429,0.3178176613835,81.8153151609827,0.0337211738344711,18,3.20177042481646e-16,0.0019178351598293,consensus_significant,upregulated
AT2G22880,286.806510845244,1.36714126538586e-51,8,-0.606723921501699,-0.587247105149246,0.768401998238066,0,2,2,0.75,1.82876285605133e-50,-0.763011402054463,0.249567018167246,-3.05734070013665,0.00223310300856765,-1.25215376939132,-0.273869034717607,82.7333789990383,0.341874651353199,8,8.72466708631885e-05,0.0439057687078884,consensus_significant,downregulated
AT1G49630,340.976214989788,2.46035180670306e-51,18,0.253377012906974,0.217591064841054,0.364613296635972,3,0,3,0.888888888888889,3.27422356717168e-50,0.315200252964131,0.0890850875202148,3.53819322333389,0.000402875125768352,0.140596689864911,0.48980381606335,78.7830608169023,0.0901543039995386,18,3.56858398134687e-11,0.0131795542404572,consensus_significant,upregulated
AT2G29995,340.549245025284,2.98209336119931e-51,18,-0.373655609271879,-0.203196919988702,0.498350198399526,0,7,7,0.777777777777778,3.96448841033825e-50,-0.478179562291455,0.117439654563038,-4.0717044346787,4.66703759556151e-05,-0.708357055591833,-0.248002068991076,80.4853994777579,0.171872743766924,18,4.61921717334982e-13,0.00259533310405266,consensus_significant,downregulated
AT1G16150,340.120632576316,3.61705446402552e-51,18,-0.83793213903887,-0.512933266799898,1.07567926856887,0,5,5,0.833333333333333,4.80247489734941e-50,-0.850198097714922,0.257452811219891,-3.30234536452106,0.000958799376271239,-1.3547963354245,-0.345599860005346,86.6500652913464,0.85097104212547,18,7.19892243325313e-22,0.0247864209459178,consensus_significant,downregulated
AT4G08300,339.595771522656,4.58140521333948e-51,18,-0.50569701345343,-0.571379120476829,0.690542362982252,0,8,8,0.833333333333333,6.07665504670413e-50,-0.592364561962413,0.143895477186871,-4.11663085972559,3.84451084529626e-05,-0.874394514786885,-0.310334609137941,86.2811934620292,0.261379683944939,18,2.54921895680397e-14,0.00221631778552613,consensus_significant,downregulated
AT5G19860,339.330353456007,5.16295295834539e-51,18,-0.185775205355838,-0.224690020059634,0.26834839904329,0,5,5,0.722222222222222,6.83926547960909e-50,-0.223282897484357,0.0645193116207169,-3.46071419355724,0.000538744454072583,-0.349738424568279,-0.0968273704004355,80.4330904749268,0.0522052158895202,18,5.98862257806004e-15,0.0163463258801765,consensus_significant,downregulated
AT3G57530,337.707263460644,1.0719576414325e-50,18,-0.224713056125919,-0.176719901373933,0.29494274498604,1,5,6,0.833333333333333,1.40849806450603e-49,-0.231344478130725,0.0767511148731943,-3.01421651676259,0.00257643863573348,-0.381773899055482,-0.0809150572059676,84.3877915819967,0.0750327617203696,18,1.83228418514511e-14,0.0481715106941968,consensus_significant,downregulated
AT4G11330,337.391960280606,1.23535905581892e-50,18,-0.350441414262255,-0.281121003494488,0.434362620546905,1,3,4,0.888888888888889,1.62155716631405e-49,-0.327286040358418,0.104233369354193,-3.13993534303083,0.00168985126595411,-0.531579690279898,-0.122992390436938,84.7685729991617,0.147161752886594,18,3.23962591851443e-24,0.0362748213002743,consensus_significant,downregulated
AT1G08650,337.124176434927,1.39353443690105e-50,18,-0.316061932722184,-0.422042168376155,0.571966531252211,0,9,9,0.722222222222222,1.82687120004045e-49,-0.447371422182791,0.108774891480931,-4.11281883247127,3.90857113163532e-05,-0.660566291907669,-0.234176552457914,82.9758295080852,0.145538444382784,18,1.12954399747154e-09,0.00224327770568326,consensus_significant,downregulated
AT5G27150,336.801312590595,1.61138246837342e-50,18,-0.143800651244038,-0.122435077136388,0.217221146868491,0,4,4,0.777777777777778,2.11086222844646e-49,-0.165030220049997,0.0545148490990338,-3.02725262524704,0.00246787615522716,-0.271877360906739,-0.0581830791932544,84.5971412334941,0.0380217134080423,18,2.57143838382502e-21,0.0466970410057645,consensus_significant,downregulated
AT1G14620,335.086658179688,3.48412920988907e-50,18,0.256229988672494,0.213998180809768,0.248895996881075,6,0,6,0.888888888888889,4.53434779645067e-49,0.275030274430975,0.0589681768805107,4.664045744339,3.10052411345767e-06,0.159454771511187,0.390605777350764,74.3152488521865,0.0387317113314581,18,2.61875922246005e-10,0.000316046351871587,consensus_significant,upregulated
AT3G49845,327.6741853164,1.00172038221751e-49,17,-0.35353499250851,-0.521473870590915,1.7929009512337,1,8,9,0.882352941176471,1.29522395509395e-48,-0.836410880927775,0.191246656329508,-4.37346668946035,1.22288911618467e-05,-1.21124743949732,-0.461574322358229,86.8623960090727,0.39691081342581,17,7.25269849019433e-15,0.000923371476155778,consensus_significant,downregulated
AT3G29160,331.463157459801,1.77494232400892e-49,18,-0.136647518927882,-0.0882697737707439,0.179111482161931,0,5,5,0.888888888888889,2.28418749214944e-48,-0.176226084056861,0.0406277737829278,-4.33757667841779,1.44062282476311e-05,-0.255855057443441,-0.0965971106702822,79.9647995619116,0.0200324042265084,18,2.90312302692319e-16,0.00105423518533158,consensus_significant,downregulated
AT5G18120,330.873444844044,2.31301765776938e-49,18,-0.226015427026467,-0.185277381633322,0.203240161239824,0,5,5,0.833333333333333,2.97148340237348e-48,-0.245271248432827,0.0515932203966046,-4.75394337758705,1.99486928258614e-06,-0.34639210225661,-0.144150394609045,76.2144297269806,0.0314001173104189,18,1.29919815473542e-12,0.000220686136157141,consensus_significant,downregulated
AT5G49780,330.520094763407,2.71063838642808e-49,18,-0.592937705192112,-0.501046431016318,0.721453975337854,0,6,6,0.777777777777778,3.47627484294549e-48,-0.701025575229442,0.188825894087085,-3.7125500113143,0.000205181500418797,-1.0711175269887,-0.33093362347018,81.1188836111449,0.410171525248616,18,4.17110792333892e-15,0.00806381779291953,consensus_significant,downregulated
AT3G23990,330.235313931194,3.08027311389621e-49,18,0.366064512211398,0.386327499039891,0.290870351987255,9,0,9,0.944444444444444,3.94349420040274e-48,0.328037586714964,0.0422949967493703,7.7559430648224,8.7689361849263e-15,0.24514091635996,0.410934257069969,57.7774123041693,0.0143474497385685,18,0.00386778700790585,1.13741871254679e-11,consensus_significant,upregulated
AT3G44450,319.882058140243,3.34083858847571e-49,16,-1.07176953823852,-1.03580350494253,0.844480272017874,0,6,6,0.9375,4.2749719817672e-48,-1.05829709579982,0.12211342541399,-8.66650896256468,4.45571661988586e-18,-1.29763501164006,-0.818959179959579,36.9722181517469,0.0555684266726222,16,0.0950297651726155,1.44487750691349e-14,consensus_significant,downregulated
AT1G76360,329.798097725998,3.74811923174717e-49,18,-0.350971303378809,-0.289854375520131,0.457540112494993,0,6,6,0.722222222222222,4.79140729672192e-48,-0.355370811111992,0.101417772452666,-3.50402895387839,0.000458275528290432,-0.554145992511496,-0.156595629712488,86.9879873428663,0.129465122333949,18,6.47064406977398e-13,0.0145071186759126,consensus_significant,downregulated
AT1G59590,329.794230123582,3.75463073952288e-49,18,-0.386833072390497,-0.339772934793237,0.400718628180102,0,5,5,0.888888888888889,4.79854937237078e-48,-0.410458412326332,0.111465519950612,-3.68238009842145,0.000231066552877498,-0.628926816947561,-0.191990007705102,79.0939480451348,0.150229014642696,18,7.44246350106252e-15,0.00882022741067916,consensus_significant,downregulated
AT5G11670,329.781251379206,3.7765645192755e-49,18,-0.231013669469679,-0.182675229763553,0.324048475141597,0,5,5,0.777777777777778,4.82539328200191e-48,-0.270014822621323,0.0761985254311763,-3.54357018188239,0.000394748229415915,-0.419361188141488,-0.120668457101158,82.9732063440499,0.0770962562043211,18,2.22737266997345e-16,0.013028700467567,consensus_significant,downregulated
AT5G53070,329.590460057119,4.11417346159629e-49,18,0.221515137623157,0.157035610176716,0.269301425813611,5,0,5,0.833333333333333,5.25159165839422e-48,0.221669924084467,0.0727114183005282,3.04862605166452,0.0022989044570437,0.0791581629506051,0.364181685218329,84.230685441911,0.0714870016482165,18,3.10078570640074e-26,0.0447230441879472,consensus_significant,upregulated
AT2G40900,328.921103089756,5.55549267036855e-49,18,-0.465212011393142,-0.347049422350785,0.632673388159761,0,9,9,0.833333333333333,7.07224981812113e-48,-0.501863643856235,0.127798397867584,-3.92699479985837,8.60138400842343e-05,-0.752343900958621,-0.251383386753849,90.0759045012552,0.217161862543332,18,9.72292562645391e-12,0.00412834604896431,consensus_significant,downregulated
AT2G20230,328.611534061877,6.38321117007369e-49,18,-0.190490890235566,-0.259884262473564,0.209966434706832,0,8,8,0.833333333333333,8.11401035851077e-48,-0.205809593702236,0.0490478440024412,-4.19609868462296,2.71551964498614e-05,-0.301941601466359,-0.109677585938112,81.5995031043545,0.0307712061913597,18,2.57804498907434e-09,0.00173086021204497,consensus_significant,downregulated
AT4G36110,328.351294815681,7.17363706072551e-49,18,0.887314088922578,0.617165419643789,1.0353850956896,3,0,3,0.777777777777778,9.10760609316817e-48,0.810204302989285,0.248694656821467,3.25782754380169,0.00112268611558761,0.322771732471661,1.29763687350691,89.6994754586893,0.833987697797019,18,5.40663008604456e-37,0.0275541373799185,consensus_significant,upregulated
AT3G56080,327.588813511735,1.00985905742286e-48,18,-0.542343445225794,-0.559008011484642,0.542957147877716,0,7,7,0.888888888888889,1.27835841315376e-47,-0.505199849211806,0.107854129577127,-4.68410297494018,2.81188626809574e-06,-0.716590058766892,-0.29380963965672,77.2289471999233,0.128684415568477,18,2.54902687694403e-09,0.000292742701994087,consensus_significant,downregulated
AT5G40890,327.517714201572,1.04257659599319e-48,18,-0.200070912083502,-0.231609863673706,0.193587568778891,1,8,9,0.888888888888889,1.31913134833355e-47,-0.206341934397681,0.0486849398462673,-4.2383113761514,2.25207280439863e-05,-0.301762663085864,-0.110921205709499,81.2852627510713,0.0300231006986411,18,3.84286729303371e-11,0.00150769735978605,consensus_significant,downregulated
AT1G64780,326.336510672219,1.77054630389652e-48,18,-1.12231173796885,-0.815346209968547,0.911233312525766,0,8,8,0.944444444444444,2.23312572827542e-47,-1.08166169356264,0.221389932800467,-4.88577633083935,1.0302210139974e-06,-1.5155779883913,-0.647745398733979,88.6454947975726,0.694181080191151,18,7.80330695302172e-17,0.00012849035358231,consensus_significant,downregulated
AT4G19920,321.198710376757,1.8583076854803e-48,17,-0.38197155137734,-0.213485792266722,0.75261890248998,0,4,4,0.647058823529412,2.34210847945879e-47,-0.657738730825586,0.199713945453872,-3.29340412023208,0.000989820943422229,-1.04917087112557,-0.266306590525601,77.7464633855983,0.367664664807617,17,3.2691881464422e-07,0.0253776380500951,consensus_significant,downregulated
AT1G55010,320.817021593055,2.20695949697107e-48,17,1.070554796045,0.680634488483231,1.36361176311556,2,0,2,0.823529411764706,2.77815679971612e-47,1.23039689931895,0.401648706893371,3.06336576765226,0.00218862369101124,0.443179899370857,2.01761389926704,78.2593873631962,1.84532241329512,17,2.37288914639695e-16,0.0433248956827268,consensus_significant,upregulated
AT3G27150,324.37826202996,4.25793823551442e-48,18,-0.326795424702041,-0.373106123000012,0.664148526876506,0,4,4,0.777777777777778,5.32252534589195e-47,-0.590309702069961,0.100343407163998,-5.88289473871638,4.0315234186257e-09,-0.786979166197436,-0.393640237942486,63.6988310978879,0.0832296071211905,18,3.82820458481524e-05,1.30732225657485e-06,consensus_significant,downregulated
AT4G35850,324.096361017666,4.83101025475557e-48,18,0.302470178428228,0.274155459751885,0.216897118975411,8,0,8,0.944444444444444,6.03742507180517e-47,0.333232677144429,0.0431488431865724,7.72286468268815,1.13743908611904e-14,0.24866249852418,0.417802855764677,58.34109995023,0.0158852923424828,18,0.00280890971898096,1.43938754985855e-11,consensus_significant,upregulated
AT5G03380,322.246036117636,1.10623439294321e-47,18,-0.288890315203696,-0.21010652541862,0.401462269500961,0,5,5,0.777777777777778,1.37454324223475e-46,-0.316774288906622,0.0843890686961802,-3.75373604426281,0.000174218320200583,-0.482173824240012,-0.151374753573232,81.4500080106298,0.0857358432543378,18,1.85429129287177e-12,0.00713992363766749,consensus_significant,downregulated
AT2G42350,322.075689550824,1.19387888604715e-47,18,-0.775452698788893,-0.668527652413859,0.667135208192552,0,8,8,0.888888888888889,1.48167164191136e-46,-0.851639284212913,0.140219108861114,-6.0736321256788,1.25049018828411e-09,-1.126463687525,-0.576814880900829,72.6838229544927,0.183126835114895,18,4.59456179854663e-07,4.87822803976938e-07,consensus_significant,downregulated
AT5G19230,321.738875138234,1.38811848070902e-47,18,-0.433330995804703,-0.383416609161125,0.376059272557507,0,7,7,0.888888888888889,1.7198552701666e-46,-0.479306735901001,0.0719902008095917,-6.65794414393604,2.77684258487297e-11,-0.620404936727606,-0.338208535074395,64.4989467018439,0.0461477090668479,18,0.000557761259745651,1.60081889637277e-08,consensus_significant,downregulated
AT1G80360,321.529471066557,1.52448855057808e-47,18,-0.141038490565916,-0.16791094602022,0.178558609338139,0,4,4,0.888888888888889,1.88656366865887e-46,-0.162116718705361,0.045133689656047,-3.59192257359887,0.000328247383702541,-0.250577124920621,-0.0736563124901008,77.5699521657172,0.0238713973560355,18,4.87644485244826e-12,0.0114685436067492,consensus_significant,downregulated
AT5G12030,310.405903311081,2.43798594421479e-47,16,1.88773076548023,1.25955535265328,2.42255748122461,5,1,6,0.8125,3.00555602115658e-46,1.78985349730601,0.586684410308281,3.05079437233642,0.00228236824992048,0.639973182810663,2.93973381180136,94.6334922436638,4.93545589596602,16,2.23708897795743e-44,0.0445181933379226,consensus_significant,upregulated
AT3G16350,320.265536495169,2.68351399627514e-47,18,-0.337329649876126,-0.347342542178609,0.366505919144124,0,5,5,0.777777777777778,3.30353557686613e-46,-0.341641272007015,0.0940481199334972,-3.63262202634773,0.000280555828182843,-0.525972199890373,-0.157310344123657,80.5989448979778,0.106663141923405,18,1.08521654405691e-15,0.0102149884838166,consensus_significant,downregulated
AT1G20696,318.601305876318,5.64790269232304e-47,18,-0.222939505634372,-0.204538333990942,0.229427040734088,0,8,8,0.777777777777778,6.9085976345571e-46,-0.23172092164712,0.0516372169642639,-4.48747890126388,7.20709468829788e-06,-0.332928007158958,-0.130513836135282,83.8757728282777,0.0352617747229984,18,1.44090499123579e-12,0.00061100147190792,consensus_significant,downregulated
AT5G26570,317.925127356742,7.64082603052806e-47,18,0.325322822167322,0.259290404444023,0.413585410205726,7,0,7,0.777777777777778,9.30907304719336e-46,0.359668176078544,0.10061603382824,3.57466064198601,0.000350682448753449,0.162464373507929,0.556871978649159,86.2979593578888,0.1305722284736,18,5.51104208122584e-14,0.012073528978848,consensus_significant,upregulated
AT3G24140,286.757639930682,7.69037094073049e-47,12,-0.574864625528267,-0.804312986412534,0.741515559369024,0,6,6,0.666666666666667,9.36503853108524e-46,-0.797062567743581,0.206644772026679,-3.85716299486482,0.000114710673601415,-1.20207887850936,-0.392046256977801,83.822940383851,0.320055354706902,12,1.04384576513816e-06,0.00512525851603618,consensus_significant,downregulated
AT5G13870,317.141315163029,1.08453859186566e-46,18,0.400873104497947,0.257605434218959,0.496697471442614,7,0,7,0.722222222222222,1.31730955900818e-45,0.435788386453884,0.109713914943771,3.97204298722936,7.12588564522895e-05,0.220753064561202,0.650823708346566,84.1080513138088,0.159261315123609,18,2.88984938902685e-13,0.0035860276509899,consensus_significant,upregulated
AT4G22235,280.185701400534,1.24381223819654e-46,11,1.40606805056322,0.980064076910433,1.62711465123611,3,0,3,0.818181818181818,1.50829670501492e-45,1.3874908697304,0.423405514872819,3.27697873785883,0.00104924270315271,0.557631309724036,2.21735042973676,77.1706252948622,1.06118686045045,11,0.00112795754801115,0.0263508840090039,consensus_significant,upregulated
AT1G64380,316.667107269251,1.3404390949157e-46,18,-0.498105519118556,-0.432340499167671,0.557361747709761,1,5,6,0.777777777777778,1.62471110381177e-45,-0.439461857348036,0.133963625352519,-3.28045658805973,0.00103639212981678,-0.702025738277391,-0.176897976418682,86.3860911346459,0.243266630383425,18,1.79776103933892e-23,0.0262175374273104,consensus_significant,downregulated
AT5G67110,295.125454632262,2.27239269685488e-46,14,0.394751464816761,0.414596042376498,0.762506430629071,3,0,3,0.928571428571429,2.74214027806243e-45,0.536640292788672,0.142894063822146,3.75551144977307,0.000172987851986322,0.256573074092698,0.816707511484646,84.2797531826239,0.181116047211126,14,8.81450910156438e-16,0.00711196649164687,consensus_significant,upregulated
AT3G01190,315.225624252981,2.55159581291548e-46,18,-0.527258355369523,-0.550743320609158,0.93080268854009,0,8,8,0.944444444444444,3.0747707055056e-45,-0.811686294442275,0.143888162036749,-5.64109154605069,1.68975484671767e-08,-1.09370190983597,-0.529670679048584,75.7113807721903,0.193881945195208,18,5.08355372820815e-08,4.51913610655153e-06,consensus_significant,downregulated
AT3G18210,314.435472015082,3.63070958014945e-46,18,0.166862112384369,0.136884742232556,0.282291096852234,3,0,3,0.888888888888889,4.3539153863063e-45,0.200161523203194,0.0654061146227299,3.06028762536576,0.00221124522161095,0.0719678941739453,0.328355152232444,87.2014217117691,0.0566745965901235,18,4.70352205819738e-21,0.0436063272816657,consensus_significant,upregulated
AT2G16780,313.052050705025,6.73088343174088e-46,18,0.270802230528265,0.156040564447548,0.28588395447085,6,0,6,0.833333333333333,8.02157476442672e-45,0.249021838744339,0.0644891697061914,3.86145208379743,0.000112715119862463,0.122625388727312,0.375418288761365,86.1847683241908,0.0571819916418829,18,4.02609566194798e-27,0.00505891979147409,consensus_significant,upregulated
AT4G31370,313.012280785967,6.85135740967684e-46,18,0.795754152017456,0.697623488769888,0.949614969354443,5,0,5,0.944444444444444,8.16140236216749e-45,0.768689198696679,0.155597871092033,4.94022953721528,7.80306587922405e-07,0.463722975285188,1.07365542210817,74.659263735679,0.234831183799963,18,0.000160706879730221,0.000104128157581125,consensus_significant,upregulated
AT5G43520,307.59097723504,8.41965822648422e-46,17,-0.315533064441902,-0.783879897449955,1.40495170349457,0,7,7,0.705882352941177,1.00157845888782e-44,-0.707046590992596,0.224682713698795,-3.14686688331728,0.00165030076034441,-1.14741661779096,-0.266676564194233,84.7269866660941,0.527349390262497,17,1.4670294696054e-09,0.0356883237057365,consensus_significant,downregulated
AT5G56080,307.309374063205,9.55266955354182e-46,17,-0.649420750484769,-0.60331743019456,1.38224561413759,0,7,7,0.823529411764706,1.13401899016097e-44,-0.980967905372385,0.285790154617192,-3.43247620508958,0.000598096362704852,-1.54110631555821,-0.420829495186555,85.3313015362725,0.911664386175824,17,3.51775190423595e-13,0.0177729849270209,consensus_significant,downregulated
AT5G35100,311.911741505602,1.11927142445186e-45,18,-0.20176597702264,-0.140251565161416,0.237127188535813,0,2,2,0.833333333333333,1.32780128458231e-44,-0.241039235231741,0.0763167381022956,-3.15840589136095,0.00158634518402116,-0.390617293329816,-0.0914611771336662,75.8058733025321,0.0594200707504671,18,1.16186060095823e-14,0.0347282419948328,consensus_significant,downregulated
AT2G32120,311.521572729729,1.33193749947889e-45,18,0.792364104520703,0.676842943082565,1.0184333746022,9,2,11,0.777777777777778,1.57648547686326e-44,0.739677566653213,0.230897135453038,3.20349390737095,0.00135770912781949,0.287127497031791,1.19222763627463,94.9024737453307,0.854332096022639,18,1.15687308748405e-44,0.0314469468702447,consensus_significant,upregulated
AT2G28550,310.499497870713,2.10055555743062e-45,18,-0.372707137886127,-0.241977622910675,0.412207813908841,1,7,8,0.888888888888889,2.47662276206739e-44,-0.294476055672139,0.0699543639503966,-4.20954518121194,2.55885270625726e-05,-0.431584089576323,-0.157368021767954,86.8687157649076,0.0652514970213013,18,6.78212628041041e-13,0.00165540540912035,consensus_significant,downregulated
AT4G10810,310.469181518319,2.12912679024264e-45,18,-0.191828526347285,-0.160662227375846,0.234138929890316,0,2,2,0.833333333333333,2.50973903112386e-44,-0.207297727220663,0.0583125106763184,-3.55494429611054,0.000378059175394269,-0.321588147994355,-0.0930073064469718,81.4197392789298,0.039666621325166,18,8.47507518627594e-18,0.0126959367353762,consensus_significant,downregulated
AT4G36910,310.2180942301,2.38118792396966e-45,18,0.289757966737261,0.196892659709821,0.374233826096379,4,0,4,0.777777777777778,2.80367591746709e-44,0.341020787952772,0.100670288829472,3.387501833142,0.000705322458469425,0.143710647533761,0.538330928371783,80.9865605322896,0.118942584049455,18,2.87630315075509e-13,0.0199210399756274,consensus_significant,upregulated
AT3G20810,309.563768100566,3.18713882484288e-45,18,0.543868572578889,0.26934951133433,0.799104579049624,5,0,5,0.833333333333333,3.74074382967369e-44,0.515020700626612,0.170815467721584,3.01507063438808,0.00256919415523478,0.180228535889944,0.84981286536328,95.3260881011828,0.478449990047269,18,3.54067802903213e-27,0.0480707066535165,consensus_significant,upregulated
AT1G65370,307.434406092534,8.22604920919673e-45,18,0.409482560895095,0.210303043274759,0.729199920659662,4,0,4,0.777777777777778,9.579093112105e-44,0.444699613551866,0.133434096477198,3.3327284801442,0.000859988253079038,0.183173590146915,0.706225636956817,82.0014925045064,0.197883382003691,18,6.16700178483291e-24,0.0229998095478107,consensus_significant,upregulated
AT3G16800,306.682403078633,1.14957045594726e-44,18,-0.393160338835967,-0.464163653954779,0.503441957615544,1,7,8,0.722222222222222,1.33386667190071e-43,-0.415851928135844,0.120048316427986,-3.46403798495004,0.000532131364128302,-0.651142304739364,-0.180561551532324,86.5407475273448,0.182669883146155,18,6.45814712332034e-15,0.0161740263380719,consensus_significant,downregulated
AT5G22890,306.555528412563,1.21633483250376e-44,18,-0.212176253816038,-0.212660590846323,0.431266378882166,0,4,4,0.666666666666667,1.41070377970453e-43,-0.366062586489364,0.104960934883832,-3.48760790759452,0.000487362214858787,-0.571782238645328,-0.1603429343334,74.801687739654,0.10875086508539,18,1.47124864398464e-10,0.0151687469440512,consensus_significant,downregulated
AT2G41760,306.462923539882,1.26749873538038e-44,18,0.214039563936806,0.0785000978792707,0.288672360741737,4,0,4,0.833333333333333,1.46938690786189e-43,0.206307471836768,0.0655339005942982,3.14810304233161,0.00164333753554034,0.0778633869055151,0.33475155676802,87.1305893395385,0.0586710527872233,18,2.23444994371617e-24,0.0355855278355488,consensus_significant,upregulated
AT2G28270,301.450703946494,1.31684050393927e-44,17,-0.322936688015469,-0.711267690479354,1.58769330387599,0,6,6,0.823529411764706,1.52624696281716e-43,-0.879031681658429,0.219931370076091,-3.99684538569602,6.41921975146409e-05,-1.31008924607812,-0.44797411723874,82.032032947623,0.475811473558588,17,3.03348574824138e-12,0.00331068387261394,consensus_significant,downregulated
AT1G52200,305.276991640996,2.14808184322654e-44,18,-0.356539452844415,-0.301106084521729,0.47547166315981,0,6,6,0.777777777777778,2.48025796986208e-43,-0.413912922519136,0.106818398597863,-3.8749216235434,0.00010665902288606,-0.62327313665719,-0.204552708381081,82.3943849056233,0.137875419256248,18,8.71465688350928e-09,0.00485855728131725,consensus_significant,downregulated
AT5G49170,304.950639713122,2.48357706608004e-44,18,0.484828035658582,0.346888941451812,0.609770090004472,3,0,3,0.888888888888889,2.86126821990278e-43,0.561302705187903,0.171549955411388,3.27194900075527,0.00106808840889155,0.22507097103213,0.897534439343676,79.8019375535804,0.371503790682495,18,4.23779821177694e-18,0.0266513716752285,consensus_significant,upregulated
AT2G36350,304.881622456146,2.56097626693185e-44,18,0.321279353235256,0.193229365277903,0.471446021181037,5,0,5,0.833333333333333,2.94978316089725e-43,0.309966885962067,0.100153870809248,3.09490670163339,0.00196874815241742,0.113668906263663,0.506264865660471,92.7406404163622,0.154146616865597,18,1.74973178411463e-28,0.0403238600598661,consensus_significant,upregulated
AT3G10260,304.850101285531,2.59712276342078e-44,18,-0.228927996056955,-0.231299664502398,0.185210566559163,0,6,6,0.888888888888889,2.99075368414249e-43,-0.234519753590715,0.0486847917558969,-4.81710499588013,1.45656053152612e-06,-0.329940192027105,-0.139099315154324,79.1876571594735,0.0297565039953114,18,3.18863509175156e-14,0.000172539238853199,consensus_significant,downregulated
AT3G07360,304.833100779465,2.61682900615796e-44,18,-0.176013814514518,-0.250099754816168,0.224058368494907,0,4,4,0.722222222222222,3.01277822201873e-43,-0.183905697022902,0.059715319857867,-3.07970714149451,0.00207204227976238,-0.300945573269611,-0.0668658207761931,83.2961511374285,0.0421065536322743,18,8.15702721056168e-18,0.0416850878802602,consensus_significant,downregulated
AT5G48470,301.467538135384,1.16742897926849e-43,18,0.346018657507634,0.260709069325371,0.539544676707976,4,0,4,0.722222222222222,1.3287441108117e-42,0.417741443763953,0.131932903880932,3.16631735886721,0.00154382260672835,0.159157703781542,0.676325183746365,84.4210969592259,0.227879296683565,18,1.47514013838228e-18,0.0341576512270762,consensus_significant,upregulated
AT5G54110,301.365009457794,1.22180356046948e-43,18,-0.139071755598784,-0.113157674637177,0.171440050988197,0,3,3,0.888888888888889,1.38880478738341e-42,-0.157317711623757,0.0489777683259321,-3.21202286263546,0.0013180388582113,-0.25331237358573,-0.0613230496617833,75.1578882321981,0.0277231001888428,18,1.37813643259367e-12,0.0308875917431957,consensus_significant,downregulated
AT1G59860,300.803634184002,1.56761048198496e-43,18,0.86682545583215,0.733669587402991,1.06124573645322,8,0,8,0.833333333333333,1.77837271312572e-42,0.877430570976951,0.244776222320581,3.58462338644883,0.000337564953024539,0.397677990956844,1.35718315099706,93.2510154059783,0.891179687831909,18,9.50446831020687e-26,0.0117073663253511,consensus_significant,upregulated
AT4G15920,299.778199445274,2.47105929920236e-43,18,-0.32790846277102,-0.346091882509132,0.487526779360726,0,9,9,0.722222222222222,2.7947362974047e-42,-0.404532304887307,0.0938029969279021,-4.31257335198186,1.61365320864732e-05,-0.588382800507916,-0.220681809266697,88.7780063031242,0.116670542470381,18,5.77544064063329e-17,0.00115959533348279,consensus_significant,downregulated
AT4G36750,299.279888675089,3.08246559359062e-43,18,-0.200638766735781,-0.207258557761796,0.163705167880854,0,5,5,0.944444444444444,3.48319283198229e-42,-0.219430949738159,0.042855717565303,-5.1202257762641,3.05170076348269e-07,-0.303426612697773,-0.135435286778544,76.0300958104298,0.0196521209665819,18,1.24537355835712e-16,4.81487125049554e-05,consensus_significant,downregulated
AT2G47360,299.265419547741,3.1023147983304e-43,18,-0.13672387350102,-0.445797899496759,1.27528272590204,0,7,7,0.777777777777778,3.50485938938062e-42,-0.626390335339215,0.130649234871376,-4.79444319712929,1.63127276683665e-06,-0.882458130294826,-0.370322540383604,76.8175228914143,0.160997406986742,18,1.53474589163763e-08,0.000188082124965673,consensus_significant,downregulated
AT3G52748,299.002323546033,3.48635061359199e-43,18,-0.437470276018364,-0.554078320831592,1.08857605647878,0,7,7,0.722222222222222,3.93444407906149e-42,-0.731354016659355,0.224555434108585,-3.25689743186399,0.00112637125643684,-1.17147458004494,-0.291233453273771,88.9210712698759,0.588763665609609,18,2.77011226238203e-18,0.0276051801762051,consensus_significant,downregulated
AT3G21890,278.827367931015,3.77798681189038e-43,14,-1.15694446015188,-0.921188773461297,1.15320026991731,0,4,4,0.928571428571429,4.26263681573745e-42,-1.09180112228736,0.213396010483944,-5.11631459187711,3.11563249124132e-07,-1.51004961728043,-0.673552627294302,73.3579477147881,0.317763808197529,14,7.87223248283727e-08,4.85439868395089e-05,consensus_significant,downregulated
AT2G15880,298.185018151286,5.0094291602977e-43,18,0.875711742811908,0.964361269892182,0.94204543102111,6,2,8,0.833333333333333,5.64468916301804e-42,0.824222421835062,0.238351833853377,3.45800746950446,0.000544186296363247,0.357061411833369,1.29138343183676,90.8142186429617,0.857214251412209,18,1.53919423531104e-43,0.016453707342955,consensus_significant,upregulated
AT3G16690,298.089049925607,5.2271941632825e-43,18,-0.350925221480053,-0.413176444447769,0.480007701596208,0,8,8,0.777777777777778,5.88623571856206e-42,-0.384500465624222,0.0862884183721593,-4.45599157891484,8.35063099594515e-06,-0.553622657916579,-0.215378273331866,81.4741063244527,0.0926989879845903,18,3.63278513884928e-09,0.000683381922071953,consensus_significant,downregulated
AT3G28950,297.921573823498,5.63011592057641e-43,18,-0.187728363202361,-0.236620662851427,0.418663628516099,1,3,4,0.777777777777778,6.33446014294031e-42,-0.234072510924556,0.0752396832628099,-3.11102467174068,0.00186439361652589,-0.381539580327865,-0.0866054415212477,79.0674901403601,0.0591618784208202,18,8.85048924492201e-09,0.0389107797263995,consensus_significant,downregulated
AT1G21080,297.78263509701,5.9878267448947e-43,18,-0.116903849036855,-0.0775671419849313,0.150406306099505,0,4,4,0.777777777777778,6.72525851302272e-42,-0.13297434763025,0.0395757306976328,-3.35999728334022,0.000779432389451888,-0.210541354459467,-0.0554073408010337,82.4819405798043,0.0183891636808269,18,2.06913545870458e-18,0.0214179526101081,consensus_significant,downregulated
AT3G05727,271.300393779251,1.0875944149699e-42,13,2.11172394416251,2.08552186123158,2.21451950969227,6,0,6,0.769230769230769,1.21574925115987e-41,2.23870409167107,0.637225638684071,3.51320467314247,0.000442736288622709,0.989764789824761,3.48764339351738,87.7124398930998,4.24838716210234,13,4.02514307354492e-18,0.0141509074503877,consensus_significant,upregulated
AT3G16050,295.678593714926,1.52123608154614e-42,18,0.699737717418499,0.304036352003522,0.856750659781346,7,0,7,0.722222222222222,1.69683373884217e-41,0.655832900630924,0.196882491374169,3.33108798072112,0.000865072564226733,0.269950308351035,1.04171549291081,96.605570140497,0.642187918887482,18,1.93053020957824e-39,0.0230763110140565,consensus_significant,upregulated
AT2G34720,295.241876426269,1.84585627325835e-42,18,-0.18719156124786,-0.125349077002529,0.238825316033401,0,4,4,0.888888888888889,2.05539125591894e-41,-0.233583482655813,0.0621457245736946,-3.75864123007885,0.000170838598041185,-0.355386864613401,-0.111780100698226,75.2243213741143,0.0420204070884005,18,1.0349486776841e-10,0.00704593785434727,consensus_significant,downregulated
AT1G77770,294.39904646175,2.68082655783984e-42,18,-0.167703633014395,-0.125338650812507,0.210212153556038,0,3,3,0.777777777777778,2.97620490221274e-41,-0.19156799603475,0.0533030515575134,-3.59394050503938,0.000325714241850092,-0.296040057353558,-0.0870959347159421,83.079395391911,0.0369742920834981,18,9.47299645288095e-18,0.0114170756114123,consensus_significant,downregulated
AT1G26780,268.536365746312,3.83465878115814e-42,13,0.612523029041764,0.381141820740827,0.79736572890677,3,0,3,0.846153846153846,4.23813086458451e-41,0.899866536037904,0.262428955480322,3.42899103641549,0.000605829535509569,0.385515234796008,1.4142178372798,74.2245164399629,0.497525967620338,13,4.22973337177818e-07,0.0179142646377923,consensus_significant,upregulated
AT5G41410,292.718125583668,5.64054351940935e-42,18,-0.428734052368759,-0.307630312555683,0.581237238119563,0,5,5,0.833333333333333,6.21549573674871e-41,-0.510185223530569,0.128414890180446,-3.97294443669006,7.09896131983445e-05,-0.76187378336291,-0.258496663698228,84.4556702738167,0.208431779927523,18,1.06761515913172e-08,0.00357594669046884,consensus_significant,downregulated
AT3G17090,291.797906219569,8.47372676546236e-42,18,0.190975263914181,0.14579869404497,0.202027450297858,4,0,4,0.777777777777778,9.29995544204402e-41,0.186590356564015,0.0516107115985278,3.61534167588066,0.000299951747486239,0.0854352206144167,0.287745492513613,89.1791056028888,0.0377809925837005,18,5.83847703876185e-35,0.0107924386037282,consensus_significant,upregulated
AT1G30110,291.677848838297,8.93571828763652e-42,18,-0.278797378694475,-0.269035312621135,0.344628081068843,0,5,5,0.888888888888889,9.80284749200217e-41,-0.345081894824177,0.0728843806204794,-4.73464810822875,2.19435481975734e-06,-0.487932655875825,-0.202231133772528,72.1829177981157,0.055314350205955,18,5.70483748202213e-09,0.000239688222038505,consensus_significant,downregulated
AT5G27920,291.53979250809,9.49815727860812e-42,18,-0.219221151040955,-0.201214979837967,0.446990409076241,0,4,4,0.833333333333333,1.04154629392994e-40,-0.265208164580279,0.0832766232956798,-3.18466520476746,0.00144921564407615,-0.42842734699392,-0.101988982166637,84.1684812303798,0.0811715417760639,18,4.64108257361317e-11,0.0327879486399802,consensus_significant,downregulated
AT4G21550,290.711118378843,1.37002643596268e-41,18,0.443474697324764,0.253827444650747,0.552012936329518,3,0,3,0.722222222222222,1.49790903840107e-40,0.446536943660745,0.137962163179234,3.23666238170407,0.00120936399189679,0.176136072600209,0.716937814721281,87.5028207442548,0.255446908031897,18,2.81976704987406e-22,0.0291112350327151,consensus_significant,upregulated
AT3G58810,289.65932066519,2.18056461591494e-41,18,-0.367665761642648,-0.338224159220557,0.590514487930592,0,7,7,0.666666666666667,2.37161534221713e-40,-0.486605921261178,0.136560138018204,-3.56330865157966,0.000366209664526694,-0.754258873500676,-0.21895296902168,81.749443400397,0.215841104427115,18,1.81409181177131e-12,0.0124023643827043,consensus_significant,downregulated
AT1G79340,288.861995704801,3.10107211927003e-41,18,-0.147201339125481,-0.169708114260857,0.211308769090486,0,7,7,0.722222222222222,3.35799591200154e-40,-0.172398832785225,0.0495776874884299,-3.4773472002997,0.000506401596604052,-0.26956931469933,-0.0752283508711205,81.4552969406811,0.0305897185566969,18,2.94371475249435e-07,0.0155929616843945,consensus_significant,downregulated
AT4G21320,287.734471639222,5.10151365494585e-41,18,0.535256661470509,0.557843980939472,0.714988736550959,8,1,9,0.722222222222222,5.50007603251651e-40,0.514981632977029,0.154964690416786,3.32321919007458,0.000889849638462441,0.211256420884729,0.818706845069328,94.7329680902831,0.37000781516576,18,8.00017448438103e-34,0.0236279215158574,consensus_significant,upregulated
AT3G13432,282.69889086516,5.60453234703615e-41,17,-0.418501677154014,-0.684366484023795,1.40405598772411,0,7,7,0.823529411764706,6.03612436902933e-40,-0.928646682521906,0.191816747154418,-4.84132223227787,1.28978027030128e-06,-1.30460059857619,-0.552692766467621,75.402344074404,0.344597404684782,17,1.30409024208233e-09,0.000155264407295386,consensus_significant,downregulated
AT5G63400,287.440775341766,5.80755050559186e-41,18,0.136318292461455,0.11092601852466,0.191560241431646,4,0,4,0.833333333333333,6.25218167995692e-40,0.140504741500503,0.0436375026539074,3.21981628084581,0.00128272774342443,0.0549768079235737,0.226032675077433,79.1728438913043,0.0242522184715521,18,1.46618592916599e-15,0.0302926928720224,consensus_significant,upregulated
AT5G25190,287.332060275956,6.09296837895001e-41,18,0.636189160392999,0.378127657907146,0.860617161937516,5,0,5,0.888888888888889,6.55265544624709e-40,0.561204597717977,0.149264145715271,3.75980845921635,0.000170043498817949,0.268652247932908,0.853756947503047,84.5850926075533,0.295783649192125,18,4.38287945806638e-16,0.00702431281263573,consensus_significant,upregulated
AT4G25030,287.203460629281,6.44873478704043e-41,18,-0.182820132543073,-0.233006014338696,0.207335349746766,0,8,8,0.777777777777778,6.92951934124607e-40,-0.197321375419925,0.0470652210886986,-4.19250926385866,2.75885812602026e-05,-0.289567513678189,-0.105075237161661,81.3817008671961,0.0277921769452766,18,1.62304735867911e-12,0.00175202686671279,consensus_significant,downregulated
AT1G69310,287.130437523434,6.65991130704075e-41,18,-0.276644317442553,-0.372592742454726,0.530080070992158,1,6,7,0.777777777777778,7.1505183439537e-40,-0.316316835968091,0.101380483549834,-3.12009594837456,0.00180792140061817,-0.515018932461021,-0.11761473947516,83.3511457485006,0.12919966489154,18,1.50009988679988e-07,0.0379446190288491,consensus_significant,downregulated
AT3G09490,286.725601842493,7.96235278183571e-41,18,-0.121118620081057,-0.128385464001482,0.566018417080158,0,5,5,0.555555555555556,8.53654351848905e-40,-0.327403869389074,0.102584813012111,-3.19154326820696,0.00141514913326501,-0.528466408253588,-0.12634133052456,75.2377968180428,0.106742109753969,18,4.43780487014057e-08,0.0322457609267992,consensus_significant,downregulated
AT1G03730,286.058929450648,1.06845172744494e-40,18,-0.268431106088024,-0.29000444046786,0.380943485295108,0,5,5,0.833333333333333,1.14196279048846e-39,-0.285037864663881,0.0803181495832881,-3.5488599543532,0.000386902793102021,-0.442458545152027,-0.127617184175736,86.0237046309337,0.0875410533353375,18,9.43468452225842e-19,0.0128927838903694,consensus_significant,downregulated
AT4G12250,285.59142409914,1.31307862370936e-40,18,-0.156371448805687,-0.195807176264279,0.243346913735579,0,4,4,0.666666666666667,1.40255389275858e-39,-0.206635774827859,0.056945705774509,-3.62864542668215,0.000284912238616661,-0.318247307220112,-0.0950242424356072,76.4091960010512,0.035892019658098,18,5.53503813958394e-11,0.0103445672416983,consensus_significant,downregulated
AT3G25655,270.878712973541,1.35031635065264e-40,15,-0.932462603813845,-1.11532494810939,0.97847922175678,0,4,4,0.866666666666667,1.44173562878467e-39,-1.15329203836304,0.0762837473611098,-15.118450236898,1.22389147541694e-51,-1.30280543579656,-1.00377864092951,0,0,15,0.636739938357679,3.17501926552663e-47,consensus_significant,downregulated
AT1G51860,284.936622690731,1.75252592603624e-40,18,-0.364671580993327,-0.360099358682975,1.02224499296295,0,6,6,0.722222222222222,1.86541936191975e-39,-0.629419178575324,0.187697365866504,-3.35337246566893,0.000798331953936498,-0.99729925566671,-0.261539101483937,80.5881083258872,0.394953299956985,18,4.81735390673653e-10,0.0218003447884428,consensus_significant,downregulated
AT3G51360,280.016636997067,1.84187893999366e-40,17,-0.489218274008594,-0.41150552247173,1.1342752098128,0,6,6,0.882352941176471,1.95932278878071e-39,-0.836987625666926,0.210301971271921,-3.97993238296706,6.89348727158461e-05,-1.24917191523767,-0.424803336096184,78.4225009914536,0.435171225601705,17,1.05699211491983e-11,0.00349311032670574,consensus_significant,downregulated
AT2G46240,284.762074123709,1.89268571768832e-40,18,0.742266344295777,0.266761994906029,0.944686386443909,9,0,9,0.777777777777778,2.01213194251826e-39,0.649374246838677,0.185930469610423,3.49256497979756,0.000478405182462908,0.284957222773629,1.01379127090372,95.0970744768424,0.550784351456408,18,2.28712214425434e-25,0.0149798276927613,consensus_significant,upregulated
AT1G49470,284.398450032802,2.22166595898491e-40,18,-0.562354833996,-0.465688572964069,0.704949502516214,1,8,9,0.833333333333333,2.35800991691771e-39,-0.55362939791675,0.158850632290474,-3.48521998265884,0.000491732596071625,-0.864970916127493,-0.242287879706006,92.3010280030726,0.389104151976422,18,1.37477521385164e-25,0.0152688767023747,consensus_significant,downregulated
AT2G47510,284.213711243712,2.4100971174629e-40,18,0.164502181702546,0.0947972110737481,0.195265195709861,3,0,3,0.833333333333333,2.55487031236606e-39,0.15639189511019,0.0449065456707564,3.48260799788113,0.000496554887090216,0.0683766829254047,0.244407107294976,77.4013185430246,0.0242798781934097,18,2.12158599152839e-14,0.0153828881239186,consensus_significant,upregulated
AT1G72140,278.458684915633,3.67371149527196e-40,17,-0.545831332096552,-0.411716553130278,0.551752513396836,0,3,3,0.882352941176471,3.88328513882098e-39,-0.618650045030252,0.14475889766413,-4.27365816549422,1.92291767180358e-05,-0.902372270893667,-0.334927819166838,80.1180042458695,0.239983754685379,17,3.36222675346148e-13,0.00132847750311394,consensus_significant,downregulated
AT3G10200,282.40550142588,5.34480423117659e-40,18,0.5699800301943,0.28653611455346,0.853123786199992,5,0,5,0.888888888888889,5.62907232959205e-39,0.581488906879551,0.182140133856968,3.19253584899738,0.00141029437571199,0.22450080438059,0.938477009378511,89.2010416824903,0.468579858851061,18,9.84787545864377e-24,0.0321775344720497,consensus_significant,upregulated
AT2G27050,282.258185005956,5.7029464170509e-40,18,0.172916684910556,0.207432912948132,0.236999651882147,4,1,5,0.777777777777778,6.00139136235521e-39,0.197220539283377,0.0634415238990371,3.10869801294875,0.00187913679266977,0.0728774373169274,0.321563641249827,80.4716072286423,0.0474050873323021,18,8.46853157255356e-18,0.039080900775694,consensus_significant,upregulated
AT4G05200,277.266159069405,6.229806854378e-40,17,-0.0809321151902278,-0.272590189737252,0.915728171425388,0,5,5,0.647058823529412,6.54785754453367e-39,-0.524689563347955,0.12608371532057,-4.16143799390685,3.16249871123945e-05,-0.771809104413274,-0.277570022282637,71.9122180768944,0.135421313626956,17,3.0519019571973e-06,0.0019178351598293,consensus_significant,downregulated
AT5G02400,281.722048179178,7.22094582687232e-40,18,-0.337425342280155,-0.32374235376211,0.428143365788397,0,4,4,0.722222222222222,7.56966894284994e-39,-0.463734889530685,0.106858356069945,-4.33971573759887,1.42667144866197e-05,-0.673173418874934,-0.254296360186435,67.2342888931192,0.10132896259698,18,2.81939626194144e-06,0.00104994924031742,consensus_significant,downregulated
AT3G46330,276.897795167378,7.33330797988662e-40,17,-0.410557802296823,-0.379666877473741,0.817919658716195,0,5,5,0.647058823529412,7.68590503764329e-39,-0.666701052730605,0.215977061438427,-3.08690676820174,0.00202251019738251,-1.09000831463672,-0.243393790824493,81.6656938145197,0.471098447962033,17,5.77257747268865e-13,0.0410547414244891,consensus_significant,downregulated
AT5G23660,281.52353042532,7.8802251076426e-40,18,-0.495288002953161,-0.584656628369215,0.581584579050035,0,8,8,0.777777777777778,8.25078804340848e-39,-0.619628731774353,0.114421802451616,-5.41530301479361,6.11849990589736e-08,-0.843891343625677,-0.39536611992303,74.4552858993444,0.120375933167253,18,8.7099614403095e-05,1.33946096674084e-05,consensus_significant,downregulated
AT2G19060,271.763617374701,8.29016737756673e-40,16,-0.65087769741448,-0.927451702231269,1.35271894181136,0,7,7,0.8125,8.67126112581804e-39,-1.06767435377015,0.194396158929877,-5.49226054489732,3.96821385513181e-08,-1.44868382400564,-0.68666488353467,67.6668960970583,0.315484827085756,16,0.000260927227774939,9.44434897521371e-06,consensus_significant,downregulated
AT1G12140,281.173506943412,9.19248770768903e-40,18,-0.179888568170817,-0.239631619881198,0.281841984375095,1,7,8,0.722222222222222,9.60925084625918e-39,-0.219018902703466,0.0696151628906804,-3.14613790457404,0.00165441977823825,-0.355462114747089,-0.0825756906598431,81.857695019293,0.0629385590686619,18,4.55468542601795e-13,0.0357509020300347,consensus_significant,downregulated
AT2G32080,279.982539815918,1.55224148301791e-39,18,-0.14487112574973,-0.18820563261402,0.167458277694061,0,4,4,0.722222222222222,1.61383984795898e-38,-0.149146652563458,0.0417051267360154,-3.57621866269642,0.000348600098876166,-0.230887198936726,-0.067406106190189,75.7157012908703,0.0185010439216082,18,3.26045358011171e-10,0.0120177857342797,consensus_significant,downregulated
AT2G21970,279.730739004325,1.73399303480133e-39,18,-0.248839477878991,-0.220229271724215,0.318438479622881,0,6,6,0.888888888888889,1.80100005001448e-38,-0.276566742944961,0.0729884974148866,-3.78918258000133,0.000151143801032522,-0.419621569163833,-0.133511916726088,81.6748769088204,0.062604145998727,18,1.58013579161591e-09,0.00638275560889495,consensus_significant,downregulated
AT2G18390,279.080042454672,2.308276883236e-39,18,0.183118111586547,0.128174321185402,0.243254548786162,4,0,4,0.722222222222222,2.39173245192317e-38,0.206574026485432,0.0643273878428787,3.21129200815668,0.00132139587084706,0.0804946630938496,0.332653389877014,78.2536472746939,0.0485789306882772,18,5.28911547157349e-14,0.0309252154682196,consensus_significant,upregulated
AT1G16850,273.968760393935,2.67936980050319e-39,17,0.77493406698393,0.278183590986148,1.07927215995079,6,0,6,0.705882352941177,2.77458044724494e-38,0.778616334670583,0.257131465339003,3.02808656126178,0.00246107580592027,0.274647923314129,1.28258474602704,91.0896245035158,0.920464450079368,17,5.06296359085598e-31,0.0466193709800538,consensus_significant,upregulated
AT3G27220,278.662400552359,2.77338050277587e-39,18,0.328496656584179,0.363538994808151,0.411541746423304,5,0,5,0.722222222222222,2.87021378812703e-38,0.345589778544952,0.103860990265179,3.32742618438924,0.000876522075292507,0.142025978226537,0.549153578863367,80.8112695708296,0.136971041786682,18,2.1476480685942e-12,0.0233577151281338,consensus_significant,upregulated
AT2G44080,278.651124493523,2.78715847057603e-39,18,0.524475640183302,0.304840611143885,0.633373654255352,6,1,7,0.722222222222222,2.88389776278642e-38,0.504153255458498,0.152459449861428,3.30680227376348,0.000943674760429453,0.20533822462731,0.802968286289686,93.6430513872545,0.357329987451875,18,2.5632728761245e-36,0.0244563542807801,consensus_significant,upregulated
AT3G02470,277.509467275872,4.60259019360238e-39,18,-0.16101143491258,-0.178134436478268,0.206305884189245,0,6,6,0.777777777777778,4.74531254744055e-38,-0.220995937666534,0.04220507693042,-5.23624060751914,1.63880287098111e-07,-0.3037163684149,-0.138275506918169,71.5400470374073,0.0183967603399529,18,2.1076992226528e-05,2.92239494720057e-05,consensus_significant,downregulated
AT2G34585,277.082204052743,5.55261112676629e-39,18,-0.188588714072695,-0.207853412155398,0.317526053541259,1,5,6,0.777777777777778,5.71231060634881e-38,-0.212583805682782,0.0658603740180433,-3.22779529956119,0.00124748208374049,-0.341667766766484,-0.0834998445990799,82.9185907465707,0.0589425077883055,18,5.53160041148953e-15,0.02978571579972,consensus_significant,downregulated
AT2G36090,276.223448086591,8.09546204534713e-39,18,-0.0920813445771396,-0.321522987325231,0.763988495085326,0,7,7,0.722222222222222,8.29541116713843e-38,-0.479157185684356,0.0833524411295449,-5.74856811859486,9.00023854677493e-09,-0.642524968321759,-0.315789403046953,60.2946307201146,0.0515045918532845,18,0.000720404657302572,2.63823941672808e-06,consensus_significant,downregulated
AT5G44480,276.137007367064,8.40852765222977e-39,18,-0.108648520347209,-0.218021795560707,0.692576731879418,0,7,7,0.722222222222222,8.61110879396956e-38,-0.416605029144874,0.104655659132654,-3.98072146883922,6.87064179465595e-05,-0.621726351823176,-0.211483706466572,75.6188583644368,0.105576211615625,18,6.96247049971462e-08,0.00349144347574857,consensus_significant,downregulated
AT1G69900,275.769623307107,9.87977280328144e-39,18,-0.351019012117427,-0.308120821917043,0.639734696558224,0,5,5,0.833333333333333,1.01018535906838e-37,-0.399009297219198,0.120491851058529,-3.31150441887874,0.000927957744059529,-0.63516898572448,-0.162849608713917,84.8619738240609,0.193289006993204,18,2.77165776531608e-12,0.0242427792511504,consensus_significant,downregulated
AT5G48650,274.189493467182,1.97600458673616e-38,18,0.486552237905531,0.324325540181596,0.551868605854683,3,0,3,0.944444444444444,2.00894444772171e-37,0.513414313923408,0.136011644512392,3.77478204725796,0.000160147621322326,0.246836389201055,0.779992238645761,80.7182617910565,0.246804783028307,18,1.55347105065434e-15,0.00670088643926414,consensus_significant,upregulated
AT1G35190,274.14365039856,2.01612860368538e-38,18,-0.197213641959481,-0.152403950515943,0.219484056583588,0,2,2,0.777777777777778,2.04853348981744e-37,-0.211195197618881,0.0571596967843474,-3.6948271159604,0.000220036451186412,-0.323226144683432,-0.0991642505543304,70.0240005355344,0.0332614812562125,18,4.63203355999089e-08,0.00851968002489238,consensus_significant,downregulated
AT3G44100,273.228617338239,3.01115546937156e-38,18,-0.179479964054873,-0.207026051465791,0.256497255459045,1,6,7,0.722222222222222,3.04940448811421e-37,-0.204996992768252,0.0578609050874569,-3.54292751657442,0.000395711449565487,-0.318402282852558,-0.0915917026839459,85.3509585357263,0.0456866137140379,18,1.33181064025965e-12,0.013051890885704,consensus_significant,downregulated
AT2G02080,272.468789709708,4.20084297193945e-38,18,0.260298969014171,0.312775762460135,0.281308238191193,6,0,6,0.722222222222222,4.24591920324497e-37,0.340750102636894,0.0727813645946731,4.6818317372114,2.84322820421279e-06,0.198101249285656,0.483398955988132,71.4452232114241,0.0498129941492908,18,7.65618254968408e-05,0.000295036104294753,consensus_significant,upregulated
AT1G31040,272.371830094343,4.3831349318688e-38,18,0.620679701958813,0.342419332305367,0.711509201262928,5,0,5,0.888888888888889,4.42585770620472e-37,0.630879248843153,0.166182100284394,3.79631288666773,0.000146864118464792,0.305168317410518,0.956590180275789,82.2810478379017,0.379560023952076,18,3.34989554716609e-16,0.00627152092380844,consensus_significant,upregulated
AT3G08970,272.133447272315,4.86561510425926e-38,18,0.716148603735326,0.82689931764664,0.828534241412259,7,1,8,0.777777777777778,4.90731227217567e-37,0.669208226775808,0.212279337394352,3.15248876781926,0.00161885049564742,0.253148370820853,1.08526808273076,90.022687223236,0.657791987736656,18,6.76270914706989e-30,0.0351727131977265,consensus_significant,upregulated
AT4G18930,271.347054894606,6.86611840786087e-38,18,-0.250724221417357,-0.245499777925619,0.378217994438019,0,9,9,0.833333333333333,6.90349499198735e-37,-0.272502701481294,0.0732430674025269,-3.72052552064324,0.000198808649562971,-0.416056475707487,-0.128948927255102,83.2413328646363,0.0732125517300542,18,6.11780259283819e-11,0.00788280191462713,consensus_significant,downregulated
AT1G17050,271.194983095417,7.33886089849235e-38,18,-0.450092865862316,-0.365803633928894,0.417345361502441,0,6,6,0.833333333333333,7.37309755115469e-37,-0.415187457019426,0.0866556052060769,-4.79123602024431,1.65757000549295e-06,-0.585029322281859,-0.245345591756994,76.9519010599738,0.0873953531645882,18,1.32875620767379e-09,0.000189848481600434,consensus_significant,downregulated
AT3G19030,270.847242457915,8.54564909079924e-38,18,-0.565591892845326,-0.519372276761281,0.499778555225975,0,7,7,0.944444444444444,8.57721395207061e-37,-0.48529323622377,0.0978966662870534,-4.95719879572599,7.15167913323231e-07,-0.677167176352932,-0.293419296094609,85.8274710209141,0.128286053496428,18,3.01223640308067e-14,9.7091272714251e-05,consensus_significant,downregulated
AT1G08990,270.764833491732,8.85955345178326e-38,18,-0.214486283963726,-0.319154586868532,1.0223407210892,0,9,9,0.722222222222222,8.89055846289642e-37,-0.605669090780785,0.133313323715257,-4.54319998858052,5.54066402425172e-06,-0.866958403922018,-0.344379777639553,77.9207955216443,0.168198328243506,18,6.53761778591681e-08,0.000499846572847645,consensus_significant,downregulated
AT2G05940,270.383141064942,1.04704814290659e-37,18,-0.339928266518728,-0.291991991405175,0.447557626775746,0,5,5,0.777777777777778,1.04807802632584e-36,-0.362044880526171,0.111465354351935,-3.24804853159188,0.00116199449227996,-0.580512960579958,-0.143576800472383,86.0157938067885,0.162171798425856,18,7.91906875020666e-12,0.0282913759912967,consensus_significant,downregulated
AT3G16720,270.076880567945,1.19721563607976e-37,18,-0.277195908124125,-0.234234744311236,0.358844565815057,0,3,3,0.722222222222222,1.19677751787704e-36,-0.274105600558489,0.0811721100977836,-3.37684458650009,0.00073322466054739,-0.433200012899265,-0.115011188217714,76.6357519348586,0.0734490739659756,18,7.42647412345447e-11,0.0205192169837329,consensus_significant,downregulated
AT2G41150,269.720984106626,1.39894247448101e-37,18,0.432094208245407,0.36469898103873,0.417056920038405,8,0,8,0.888888888888889,1.39601063964697e-36,0.427373507577311,0.0855823361836693,4.99371163063508,5.92298156773662e-07,0.25963521094452,0.595111804210102,72.2599743763076,0.0790897549539147,18,2.21845975183857e-06,8.28323384529505e-05,consensus_significant,upregulated
AT5G63420,269.056286499029,1.87099191833371e-37,18,0.336036734748566,0.340861728143103,0.372299301854636,6,0,6,0.611111111111111,1.86313030609052e-36,0.403185197471984,0.087784341807734,4.59290562723639,4.37116768226181e-06,0.231131049122272,0.575239345821696,76.9731424870794,0.0853027737747113,18,2.64424317568093e-07,0.000414613645386603,consensus_significant,upregulated
AT1G72660,267.980824723064,2.99421276407714e-37,18,1.22674434545218,1.11632779573996,1.11510396155398,7,0,7,0.833333333333333,2.96174264662412e-36,1.00741301423799,0.213611824665441,4.71609198515017,2.40417774717345e-06,0.588741531221841,1.42608449725414,79.7286025152819,0.490385487841016,18,2.52309703116788e-11,0.000259331306100514,consensus_significant,upregulated
AT5G10450,267.610650332682,3.52001982017949e-37,18,-0.149115181911588,-0.180805227436515,0.19815791149357,0,5,5,0.722222222222222,3.47853291483503e-36,-0.190209441432886,0.0411245730987859,-4.62520160333291,3.74234217742101e-06,-0.270812123586091,-0.109606759279681,72.8675240021654,0.0185497021859818,18,2.07285073603064e-06,0.000367741821085817,consensus_significant,downregulated
AT2G31570,266.710131208995,5.21691528864386e-37,18,-0.256543429076143,-0.23436870795817,0.2942962546558,0,4,4,0.833333333333333,5.14269934275224e-36,-0.264935892542756,0.0565578145271314,-4.68433751830463,2.80866863891626e-06,-0.37578717206023,-0.154084613025282,74.2662176566729,0.0369357835937027,18,1.57626932394406e-09,0.000292742701994087,consensus_significant,downregulated
AT5G23920,265.947691672441,7.27809969481247e-37,18,-0.315035139352617,-0.361169165622985,0.402758779588622,1,8,9,0.777777777777778,7.15282431850903e-36,-0.332171541057444,0.0988166239790726,-3.36149453079668,0.000775218918528718,-0.525848565130264,-0.138494516984625,87.2990052059513,0.137998493448216,18,4.79393206640638e-20,0.0213603071529177,consensus_significant,downregulated
AT1G53610,256.316524277757,7.84937761964484e-37,16,-0.827855268995838,-0.779992812477109,1.52700456090878,0,2,2,0.8125,7.70843042265254e-36,-1.20679529354169,0.376972835048284,-3.20127919399581,0.00136818892159979,-1.94564847338628,-0.467942113697092,78.1432647028198,1.38424115532004,16,6.04633729800734e-12,0.0315494506239026,consensus_significant,downregulated
AT3G24503,265.635400932313,8.3412252779712e-37,18,-0.217532701579682,-0.188641323519658,0.294371954035951,0,4,4,0.833333333333333,8.18679903842631e-36,-0.277805197353727,0.0521928445374847,-5.32266826641741,1.02256121893989e-07,-0.380101292897895,-0.175509101809559,70.403278067626,0.0284773388847075,18,1.79787171606032e-07,1.97228870942295e-05,consensus_significant,downregulated
AT5G23730,264.846152555662,1.17714640796811e-36,18,-0.549458601440511,-0.416453955051021,0.67880915147984,1,6,7,0.888888888888889,1.15034975936647e-35,-0.441756240336845,0.114465235500635,-3.85930486583758,0.000113710011598995,-0.666103979399985,-0.217408501273705,86.9864517489421,0.173719822808265,18,9.45945490996888e-12,0.0050903625899933,consensus_significant,downregulated
ATCG00180,263.973936394517,1.72219610612471e-36,18,0.469218381793302,0.296406479823022,0.616836918971548,7,0,7,0.777777777777778,1.67636346781655e-35,0.517912654868325,0.152281000715976,3.40103264644484,0.000671318100651608,0.219447377935293,0.816377931801356,87.3630615116745,0.323579726513613,18,6.58590240451974e-20,0.0192010299527056,consensus_significant,upregulated
AT3G45330,259.270345323372,1.73695516538129e-36,17,-0.890853840616093,-0.861870407374393,1.33940850135429,0,5,5,0.823529411764706,1.69009580124586e-35,-1.13916919327072,0.212591614829646,-5.3584860070025,8.39222351359135e-08,-1.55584110175204,-0.722497284789405,67.0363416829693,0.40307600884387,17,1.06835431654957e-05,1.66828400298534e-05,consensus_significant,downregulated
AT4G28890,262.569024463402,3.17756088662511e-36,18,-0.161675951593609,-0.307080011865965,1.04405865647861,1,9,10,0.777777777777778,3.07110963830037e-35,-0.535272621138581,0.139461678934362,-3.83813406828772,0.000123972792537048,-0.80861248907342,-0.261932753203742,85.5768533386266,0.204201533752866,18,2.50532331966141e-11,0.00546491450126779,consensus_significant,downregulated
AT1G63690,260.668390759813,7.27170552597929e-36,18,0.103511973266859,0.102644004842749,0.168073072012805,4,0,4,0.722222222222222,6.9619772828602e-35,0.129333795198652,0.0383094505539048,3.37602845586804,0.000735403127889892,0.0542486518454809,0.204418938551824,75.4403263042958,0.0171331156542942,18,1.39123670911795e-09,0.0205580042496978,consensus_significant,upregulated
AT3G61700,260.014248088408,9.66699388871239e-36,18,0.883465745479681,0.508449679716096,1.25160178760047,5,0,5,0.722222222222222,9.23140110060831e-35,0.590478634811715,0.186918177650846,3.15902199685844,0.00158299541930291,0.224125738560198,0.956831531063232,89.2261173183427,0.352180321665858,18,4.49721218808046e-15,0.0347179313683726,consensus_significant,upregulated
AT1G77120,259.844283743227,1.04090950546033e-35,18,0.938010183646545,0.756284612225981,1.24251488786615,7,0,7,0.833333333333333,9.93457966952858e-35,0.796555422802842,0.181756213658786,4.38254850697006,1.17299038284686e-05,0.440319790065255,1.15279105554043,85.6635434552974,0.418971351505495,18,4.89604089916386e-08,0.000896309764707315,consensus_significant,upregulated
AT4G34570,259.408434342138,1.25825855959406e-35,18,0.203966791256417,0.236289652797319,0.33374020295763,5,0,5,0.722222222222222,1.19781506789235e-34,0.249956745732829,0.0799001497439893,3.12836392089031,0.00175782386312631,0.0933553298752532,0.406558161590406,85.7762926341021,0.0829160937619598,18,7.2108776438711e-26,0.0372865630884895,consensus_significant,upregulated
AT1G44780,259.394370026299,1.26598076756006e-35,18,0.257584548532236,0.172457137580883,0.369158222552026,2,0,2,0.888888888888889,1.20472438241905e-34,0.296384687705368,0.0985385458203237,3.00780456254956,0.00263142304092027,0.103252686808584,0.489516688602153,88.6675151428127,0.122845051854801,18,1.62463764476397e-24,0.0488199722524187,consensus_significant,upregulated
AT1G67940,259.112357401025,1.43121251108574e-35,18,-0.193667462248836,-0.238897576549612,0.377111325286739,0,4,4,0.722222222222222,1.3604644787154e-34,-0.2656275474547,0.0823883219997254,-3.22409221364631,0.00126372698748281,-0.427105691320851,-0.104149403588549,77.6043002759906,0.0816723663973594,18,2.63097753585807e-10,0.0300258947795402,consensus_significant,downregulated
AT2G40360,258.030978731535,2.29042119588333e-35,18,0.264230819761331,0.263818854774839,0.246382604163431,6,0,6,0.888888888888889,2.16885879378838e-34,0.253620455786492,0.0305444889853474,8.30331310856623,1.01247586848815e-16,0.193754357449031,0.313486554123953,41.3061494418996,0.00566098621793835,18,0.0314424301335417,2.18880408169329e-13,consensus_significant,upregulated
ATMG00513,257.7545596987,2.58282442568134e-35,18,-0.471616098584845,-0.236365469298348,0.80164164421242,0,7,7,0.666666666666667,2.4421783661375e-34,-0.509756480970651,0.13919279081225,-3.66223335271894,0.000250025946295644,-0.782569337870278,-0.236943624071024,82.9145585546897,0.246587284321831,18,6.52752729181249e-10,0.00935636899608656,consensus_significant,downregulated
AT4G00910,252.914323240549,2.8120277152851e-35,17,-0.627754189413901,-0.880252826745114,0.873673997085998,0,6,6,0.705882352941177,2.65744811454865e-34,-0.758539231868186,0.178351138047047,-4.25306639573049,2.10863022243316e-05,-1.10810103904213,-0.408977424694242,77.4922108303553,0.345069660673666,17,2.02113200101956e-08,0.0014414251707605,consensus_significant,downregulated
AT5G56030,257.325395364507,3.11237256269862e-35,18,0.35524524552507,0.272861642535986,0.388255907545961,8,0,8,0.888888888888889,2.93807290608623e-34,0.309666154198316,0.0814692736475355,3.80101773753427,0.000144102984887164,0.149989312002508,0.469342996394123,87.7151538943791,0.0912709021769664,18,8.90036108177082e-16,0.00616375867096916,consensus_significant,upregulated
AT2G40110,256.68300521292,4.11427155238887e-35,18,-0.150588948049394,-0.231982757861699,0.387724856170356,0,6,6,0.777777777777778,3.87751603124268e-34,-0.268740328268995,0.0659710915875768,-4.07360742109659,4.62904855310366e-05,-0.398041291801439,-0.139439364736551,74.3857649166397,0.0444766211492399,18,1.46446555647559e-05,0.00258251134547559,consensus_significant,downregulated
AT4G37340,252.024377879871,4.14946900029927e-35,17,-0.280588311372027,-0.292791177731869,0.966611825603435,0,3,3,0.647058823529412,3.90997804256594e-34,-0.514886522645645,0.147983127925903,-3.47935963958982,0.000502613581715844,-0.804928123699999,-0.224844921591291,71.4465986967043,0.184807194659221,17,9.72615345518717e-08,0.0155039257275534,consensus_significant,downregulated
AT4G01410,256.603314190101,4.25917319453212e-35,18,0.43832432745525,0.318691904169607,0.478591406564109,6,0,6,0.888888888888889,4.01116581327185e-34,0.442084336581984,0.109794847381662,4.02645795430853,5.66233588544718e-05,0.226890390025855,0.657278283138113,89.0641935625158,0.183003657602663,18,5.66126579048097e-19,0.00300700752385406,consensus_significant,upregulated
AT1G80450,256.366193743675,4.72117262698643e-35,18,-0.345503960705631,-0.30323553512201,0.454043562161821,0,6,6,0.722222222222222,4.44062306113126e-34,-0.404024917942342,0.129477662078074,-3.1204217890397,0.00180592247571668,-0.657796472417815,-0.150253363466869,78.2388645888911,0.194190644184997,18,1.35535604921353e-12,0.0379346079878884,consensus_significant,downregulated
AT3G13810,255.941565816706,5.67708993148862e-35,18,-0.288223167223357,-0.229967974248614,0.359482325830241,0,3,3,0.833333333333333,5.32622278622905e-34,-0.251103592860202,0.070897799290384,-3.54176850866314,0.000397454112284402,-0.390060726052504,-0.1121464596679,76.4650365435962,0.0547066890098818,18,1.05809939887271e-11,0.0130847139351294,consensus_significant,downregulated
AT5G12330,255.932311460214,5.69994584063183e-35,18,0.530810099934266,0.421981232250378,0.547638110735076,6,0,6,0.944444444444444,5.34669960373455e-34,0.512172872601092,0.106446558251512,4.81154939167626,1.49764711971258e-06,0.303541452149884,0.720804293052299,79.3053857597378,0.13109207096827,18,8.03916856589502e-07,0.00017619937224301,consensus_significant,upregulated
AT3G27890,255.831877760055,5.95398033220393e-35,18,-0.237794991888765,-0.243481394779423,0.282863267374254,0,7,7,0.888888888888889,5.58196411166395e-34,-0.296624410401024,0.0509124185758321,-5.82617009166856,5.67138145322797e-09,-0.396410917175483,-0.196837903626565,67.9768836555273,0.0258736021177275,18,3.89969965509755e-05,1.75539506479065e-06,consensus_significant,downregulated
AT1G21650,255.394090847556,7.2001011512729e-35,18,0.24879547710775,0.213027234002882,0.258605128348257,4,0,4,0.777777777777778,6.7331972946345e-34,0.295397373970517,0.0724027022066074,4.07992194997882,4.50508246285931e-05,0.153490685262188,0.437304062678847,69.3225988901126,0.0532497795482639,18,5.86031073634004e-08,0.00253241276817977,consensus_significant,upregulated
AT1G51790,254.636075054201,1.00043456809213e-34,18,-0.262775116206898,-0.147567390912571,0.553005423915147,0,5,5,0.722222222222222,9.31698448206522e-34,-0.417605716231565,0.126688648808301,-3.29631518024527,0.000979620464935662,-0.665910905145879,-0.169300527317251,77.6507256614115,0.184428793795604,18,2.1627818321414e-10,0.0251617150712133,consensus_significant,downregulated
AT1G80340,240.530584934389,1.00977585222538e-34,15,-0.637003267085762,-0.600812653538481,1.07026943279105,0,4,4,0.866666666666667,9.40060565136316e-34,-1.04702206972096,0.223981113610708,-4.67459980371712,2.94527380178986e-06,-1.48601698561512,-0.608027153826796,57.7509762227354,0.27292231182135,15,0.0126795766278569,0.000303199575262034,consensus_significant,downregulated
AT3G50300,249.69663451661,1.14697791409651e-34,17,-0.38325719194079,-0.44146804655919,1.02996351342467,0,7,7,0.647058823529412,1.06587825818304e-33,-0.610213007954877,0.198124017795109,-3.07995474120624,0.00207032052715133,-0.998528947305663,-0.22189706860409,92.0472682014462,0.43063719635875,17,1.15507762466343e-14,0.041666605985539,consensus_significant,downregulated
AT3G59820,254.074101153756,1.27659386089741e-34,18,0.315734028517261,0.263805965199566,0.31819703656622,8,0,8,0.944444444444444,1.18526830007936e-33,0.271808972608475,0.053358042813165,5.09405814527763,3.50479199386206e-07,0.167229130409126,0.376388814807825,73.0805139984725,0.032287620773144,18,2.51588423942858e-07,5.33262838151141e-05,consensus_significant,upregulated
AT1G30900,253.777503903937,1.45181459591189e-34,18,-0.45143121653699,-0.293830152697485,0.505479553801306,0,6,6,0.777777777777778,1.34699015628214e-33,-0.510748612468442,0.118261745927509,-4.31879817486811,1.5688116322412e-05,-0.742537375235187,-0.278959849701698,81.0339928982378,0.169757883098186,18,5.30660318772376e-08,0.00113207542040615,consensus_significant,downregulated
AT5G67450,253.074094197381,1.96945153317282e-34,18,-0.348950037256666,-0.389853317856526,0.70207986026786,0,6,6,0.833333333333333,1.82301594476909e-33,-0.485046482415122,0.132777557502637,-3.65307580240348,0.000259117696071001,-0.745285713075487,-0.224807251754756,79.5255783696536,0.195589812065559,18,2.25971380448981e-09,0.00962352365279014,consensus_significant,downregulated
AT1G53540,252.474011264949,2.55435598148581e-34,18,1.59144953319723,1.46953630508588,1.69653271567916,7,1,8,0.833333333333333,2.35896138425436e-33,1.51708322576871,0.408989218669276,3.70934771998349,0.000207793889699695,0.715479087111749,2.31868736442566,90.8620794896092,2.38737559717439,18,2.15178914089967e-25,0.00814288381660044,consensus_significant,upregulated
AT3G56960,250.462393546995,6.10337497246547e-34,18,0.428473751819268,0.328612229122425,0.301883644183944,7,0,7,1,5.59271300222335e-33,0.401283632286335,0.0704814863665831,5.69346154533699,1.24489264411012e-08,0.263142457430981,0.539424807141688,70.9013686531345,0.0512978649463099,18,1.19226238545882e-06,3.47258117994674e-06,consensus_significant,upregulated
AT4G23000,249.218198298451,1.04546639184285e-33,18,0.574470730617411,0.545831266460143,0.493635620497925,5,0,5,0.888888888888889,9.52444290030471e-33,0.581305502686156,0.130995067708615,4.43761366633445,9.09616902820144e-06,0.324559887824885,0.838051117547426,76.191148623625,0.215850492261175,18,8.07343145405702e-12,0.000731698657146052,consensus_significant,upregulated
AT5G14330,248.90174519306,1.19875834320007e-33,18,-0.495819941612531,-0.543058548677295,0.71571994441543,0,6,6,0.777777777777778,1.09056541227742e-32,-0.622758028084742,0.161635416153639,-3.85285627929953,0.000116747922974108,-0.939557622372018,-0.305958433797465,83.2312873018292,0.277603048714517,18,1.56547064357702e-14,0.00519944140393872,consensus_significant,downregulated
AT4G23430,248.492603592434,1.43067279756762e-33,18,-0.232253042371321,-0.197471419630263,0.199586386122774,0,5,5,0.944444444444444,1.29927119626521e-32,-0.27796211898574,0.0476712774998561,-5.83080910694242,5.51592577513712e-09,-0.371396105982473,-0.184528131989008,57.7974775739053,0.0187528285252361,18,0.00185334498676636,1.72402586094707e-06,consensus_significant,downregulated
AT4G21590,243.842276510953,1.47047422423646e-33,17,1.10973650451247,0.719012048884001,1.41054573112548,5,0,5,0.823529411764706,1.33448299898753e-32,0.741149204643623,0.209507613007657,3.53757648232352,0.000403817213753234,0.330521828661661,1.15177658062559,85.008144653992,0.514614391503987,17,5.0693928511052e-12,0.0132020493499513,consensus_significant,upregulated
AT1G01920,248.398225078955,1.49023697797669e-33,18,0.229704621123959,0.212174728362821,0.196992856149477,4,0,4,0.944444444444444,1.35218163276168e-32,0.247624169429974,0.0432684977370361,5.72296664734947,1.04679821612688e-08,0.16281947220023,0.332428866659717,63.1804898373467,0.0180481679463367,18,1.55025470226359e-05,2.98372120568602e-06,consensus_significant,upregulated
AT3G55080,248.056518745232,1.72737042090435e-33,18,0.235541435722098,0.188352247709843,0.271262812167961,3,0,3,0.833333333333333,1.56515803448597e-32,0.27961207340151,0.0713548201581974,3.9186150673717,8.90592111103366e-05,0.139759195768111,0.41946495103491,71.534281441215,0.0559507626201972,18,6.49878269117764e-10,0.00424701112982418,consensus_significant,upregulated
AT4G23460,247.808892419823,1.92242967546578e-33,18,-0.112362205045529,-0.059262472965538,0.160884929580314,0,4,4,0.722222222222222,1.74068427401168e-32,-0.129661688119212,0.0409584222351334,-3.16569049888818,0.00154715317037528,-0.209938720563659,-0.0493846556747664,75.4205002291495,0.0191298880044284,18,5.9078760436783e-10,0.0341868679721888,consensus_significant,downregulated
AT5G01220,247.717471633819,1.9998755556989e-33,18,-0.371726631529162,-0.252553280980973,0.488445943028385,0,5,5,0.777777777777778,1.80986122434749e-32,-0.387265410280492,0.114044375752493,-3.39574317212241,0.000684425473727245,-0.610788279394732,-0.163742541166252,89.8361992561333,0.189310607169253,18,3.77396330341887e-15,0.0195006761553346,consensus_significant,downregulated
AT2G20830,247.46245237769,2.2327745274182e-33,18,-0.108619117972025,-0.139083355198962,0.192559088520029,0,3,3,0.777777777777778,2.01676350065318e-32,-0.141419741332587,0.0436090250340448,-3.24290078079442,0.0011831940742078,-0.226891859800221,-0.0559476228649539,74.0070312343838,0.0219409216632235,18,3.49759638587395e-09,0.0287132092358268,consensus_significant,downregulated
AT5G19970,246.961226148763,2.7723818734242e-33,18,-0.536727716185929,-0.560408183586756,0.518096598468684,0,7,7,0.888888888888889,2.49764609638239e-32,-0.550007021759242,0.106578871274934,-5.16056339478796,2.46207770267555e-07,-0.758897770971043,-0.341116272547441,79.8571959704369,0.126958135465687,18,2.68897225780579e-09,4.06823055814072e-05,consensus_significant,downregulated
AT5G10410,246.770936433656,3.00978380193061e-33,18,-0.465041343224999,-0.430941485673718,0.496137459615096,0,6,6,0.777777777777778,2.7082314338419e-32,-0.564389259221291,0.121325498806497,-4.65186020064457,3.28954066945779e-06,-0.802182867288381,-0.326595651154201,73.2901551886271,0.1629067365742,18,1.45858231735068e-08,0.000331406850668249,consensus_significant,downregulated
AT2G04090,241.229232481843,4.57829504789874e-33,17,-0.568999520685291,-0.628305673936821,0.741288935452837,0,6,6,0.764705882352941,4.09898380681374e-32,-0.695262358345237,0.172148276944324,-4.03874131467547,5.37387898546577e-05,-1.03266678115674,-0.357857935533734,75.071242511206,0.287892350843225,17,1.83741045038414e-06,0.00288333337416656,consensus_significant,downregulated
AT4G14140,245.744194215556,4.68803491601326e-33,18,0.66344911725306,0.661082979150644,0.850963956543472,6,1,7,0.833333333333333,4.1965108688514e-32,0.659281799544328,0.194776722586382,3.38480795235654,0.0007122807045126,0.27752643824827,1.04103716084038,86.2574571068251,0.480922515190607,18,2.25999551673629e-14,0.0200411996057113,consensus_significant,upregulated
AT1G23935,241.065838928142,4.91496109665513e-33,17,0.368444464261535,0.288040011772181,0.535183217460114,4,0,4,0.705882352941177,4.39661144221817e-32,0.475097470031823,0.156282290400524,3.03999556708718,0.00236581630744913,0.168789809425367,0.781405130638279,84.9142109245174,0.262209755315636,17,2.05483690818609e-15,0.045563479322825,consensus_significant,upregulated
AT5G13810,245.475899287637,5.263323193364e-33,18,-0.18922143761669,-0.27952239616178,0.234612794932676,0,6,6,0.777777777777778,4.70580081065952e-32,-0.198815701823543,0.0528066481219374,-3.76497484491824,0.00016656584999813,-0.30231483028682,-0.0953165733602664,82.631510407831,0.0366752766189645,18,1.63742060142481e-13,0.00691368204904238,consensus_significant,downregulated
AT5G54800,245.07238946729,6.26393950288916e-33,18,-0.179934506500735,-0.277921050164116,0.313015618050735,0,6,6,0.777777777777778,5.58695178105259e-32,-0.279626045525267,0.0508637757439612,-5.49754793928104,3.85108640580739e-08,-0.379317214101153,-0.179934876949381,60.9148229440745,0.0213979518663906,18,0.00425284083403777,9.2504521795792e-06,consensus_significant,downregulated
AT1G09575,244.286502671953,8.79037700402223e-33,18,0.208837456132317,0.108741033225104,0.328343397371603,4,0,4,0.611111111111111,7.81616167356104e-32,0.246916377489875,0.0815509126657342,3.02775737779847,0.00246375808863721,0.087079525758665,0.406753229221085,73.6353639762706,0.0762286512929349,18,2.38137660613713e-09,0.0466531476900924,consensus_significant,upregulated
AT5G17190,244.258176737835,8.89836533999757e-33,18,-0.17093566720467,-0.252556367931676,0.293761226367799,1,5,6,0.833333333333333,7.91082664459085e-32,-0.199941421053156,0.0655797548136045,-3.04882843221119,0.0022973564170925,-0.328475378602788,-0.0714074635035237,81.0090192132285,0.0542954482008914,18,5.08320690197818e-08,0.0447186423222333,consensus_significant,downregulated
AT1G71190,244.047289615179,9.74509563840552e-33,18,-0.185914844596032,-0.170608171747546,0.284911805098362,0,3,3,0.777777777777778,8.65617334808977e-32,-0.214376164572354,0.0714636713438133,-2.99979220968072,0.00270163842781861,-0.354442386609235,-0.0743099425354731,78.8085985043215,0.0670781503107683,18,1.52458876919927e-13,0.0496183391819259,consensus_significant,downregulated
AT1G73810,243.862392250018,1.05534029711788e-32,18,-0.147081561885417,-0.222546297921961,0.979441841971932,0,5,5,0.611111111111111,9.36294303601965e-32,-0.63865070816245,0.179971046102186,-3.54863030467594,0.000387240346245506,-0.991387476782733,-0.285913939542167,72.7260857611819,0.309296631207922,18,3.73869633169626e-05,0.0128957497590512,consensus_significant,downregulated
AT2G32415,243.60215394322,1.18057373424251e-32,18,0.344225500627859,0.383250273638435,0.256380402470251,6,0,6,0.944444444444444,1.04632782412774e-31,0.326866371176922,0.066531180895075,4.91298015125294,8.97023611611455e-07,0.196467652773656,0.457265089580188,83.4463797362784,0.0562036067855563,18,1.32898362195817e-18,0.000115486781798632,consensus_significant,upregulated
AT5G67240,242.841730689174,1.63813680412842e-32,18,0.191175278224283,0.155092248344494,0.292943181719603,5,0,5,0.722222222222222,1.4471649067416e-31,0.207357939115989,0.0649421446045009,3.19296414337412,0.00140820431481299,0.0800736746123747,0.334642203619603,84.6355346577362,0.0573124092579586,18,4.19112900280457e-12,0.0321439826967695,consensus_significant,upregulated
AT1G13830,242.245696666621,2.1174069766511e-32,18,-0.038777506260359,-0.287866565834881,0.878149628043777,0,7,7,0.666666666666667,1.86611546094699e-31,-0.487808797611455,0.0812786514094837,-6.00168419569198,1.95281240680449e-09,-0.647112027086029,-0.328505568136882,55.1252954650699,0.0458282867171507,18,0.00064685600893405,7.18579566770525e-07,consensus_significant,downregulated
AT3G21220,240.912256726899,3.75828157626978e-32,18,-0.15430377415107,-0.190964291376102,0.196164725513574,0,4,4,0.833333333333333,3.29212779898697e-31,-0.195278542489678,0.0398885979711596,-4.895598051124,9.80072092312239e-07,-0.273458757906948,-0.117098327072407,62.8477789433287,0.0143144604276763,18,0.000189012691961772,0.000123722774787173,consensus_significant,downregulated
AT1G14580,239.821327402483,6.00745734714396e-32,18,-0.435693669517421,-0.312533757876603,0.445227184067255,0,7,7,0.944444444444444,5.22967198547666e-31,-0.442713913028178,0.104879622506945,-4.22116234255954,2.43045812734216e-05,-0.648274195853947,-0.237153630202408,85.8525459501804,0.148919284426436,18,4.17537519925401e-11,0.001588185006033,consensus_significant,downregulated
AT3G05500,239.513130445912,6.85821410309726e-32,18,-0.152072955573325,-0.161955589071376,0.234634011921886,1,3,4,0.833333333333333,5.9652785346883e-31,-0.172086540084219,0.0548756045189455,-3.13593884919859,0.00171304918640605,-0.279640748571216,-0.0645323315972222,77.220376928369,0.0364213506072877,18,2.17983124015056e-08,0.0366897888675013,consensus_significant,downregulated
AT5G02750,239.142670490191,8.0414799896212e-32,18,0.451088520750924,0.350552360175718,0.495963362391376,5,0,5,0.833333333333333,6.9757789226363e-31,0.397984086809208,0.107469086806355,3.7032424731246,0.0002128612527718,0.187348547217344,0.608619626401073,86.9254687201873,0.164867379748391,18,6.34323193528098e-15,0.00829759071285655,consensus_significant,upregulated
AT3G29200,238.917864864529,8.8567524981196e-32,18,-0.20895334498842,-0.281468514968798,0.230366763916873,1,8,9,0.722222222222222,7.67402857103348e-31,-0.21407790499481,0.0550426569967931,-3.88930906818837,0.000100530023959481,-0.321959530321916,-0.106196279667704,84.5992615995026,0.0417027197389266,18,1.06279590904811e-19,0.00464875201703541,consensus_significant,downregulated
AT4G31210,238.841076481712,9.15373357266116e-32,18,0.229052726654107,0.128245376401677,0.279706669024348,5,0,5,0.777777777777778,7.92605816073885e-31,0.25324299281424,0.0667786073621875,3.79227723993591,0.000149272131818523,0.122359327446612,0.384126658181869,74.9004805033414,0.047902194209694,18,2.84302670014354e-06,0.00632747980986296,consensus_significant,upregulated
AT5G43180,238.514003855489,1.05341753644489e-31,18,-0.398556678764648,-0.371666892048563,0.426623587626125,0,6,6,0.833333333333333,9.11679565766654e-31,-0.5150838108138,0.0968192249403026,-5.32005715942669,1.03734655322789e-07,-0.704846004707875,-0.325321616919724,68.5275316455458,0.0881452346797708,18,2.23703208353026e-05,1.99339587287688e-05,consensus_significant,downregulated
AT1G79990,238.243309976184,1.18325226100119e-31,18,0.131342643316176,0.109408836360932,0.175985931716725,3,0,3,0.722222222222222,1.02199992674693e-30,0.158113492071475,0.0466022590253941,3.39282891812855,0.000691748272776547,0.0667747427834954,0.249452241359454,72.0615569220148,0.0240261818591752,18,3.22001282336442e-08,0.0196356364875408,consensus_significant,upregulated
AT5G26270,219.431298682136,1.36298916285886e-31,14,-0.40320832096565,-0.405419606516398,1.1552386224279,0,4,4,0.928571428571429,1.17587268187396e-30,-0.629557826563048,0.142489853462663,-4.41826425716701,9.94967249729766e-06,-0.908832807512258,-0.350282845613839,71.4236925917474,0.145643928291461,14,4.39330620670899e-06,0.000791761975229742,consensus_significant,downregulated
AT3G55150,237.822808663473,1.41732841351424e-31,18,-0.360604274904047,-0.418615764181986,0.625635203073463,0,8,8,0.777777777777778,1.22173662165425e-30,-0.809472393932945,0.0762043411673344,-10.6223921305934,2.34474190764483e-26,-0.958830158086523,-0.660114629779366,21.1720012226887,0.0197165535642405,18,0.220899549702979,1.73792270194635e-22,consensus_significant,downregulated
AT1G09530,237.43896551758,1.67112834653709e-31,18,0.32176852642635,0.323871390180865,0.453128772903022,9,1,10,0.833333333333333,1.4371703780219e-30,0.384950376888906,0.109688239269527,3.50949545231556,0.00044895773629558,0.169965378393021,0.599935375384791,84.7725246573191,0.146495952567307,18,1.21664853630578e-11,0.0142717431535818,consensus_significant,upregulated
AT1G53470,236.228331391274,2.80879071870505e-31,18,0.611769964204142,0.362103933157621,0.853502523536971,7,0,7,0.833333333333333,2.4048011727402e-30,0.560619889356945,0.183150425464831,3.0609805460954,0.00220613427866466,0.201651651692688,0.919588127021201,90.2180793650735,0.44959748351178,18,3.51966333370814e-16,0.0435552020221603,consensus_significant,upregulated
AT1G21380,236.090869272159,2.97929166106708e-31,18,-0.133798379056945,-0.146699066850882,0.216770975037983,0,5,5,0.777777777777778,2.54993760720716e-30,-0.168256268788052,0.0515056879864113,-3.2667512145929,0.0010878923817411,-0.269205562240376,-0.0673069753357285,75.6638126754548,0.0318502570773638,18,6.70544377773619e-09,0.0269597137894983,consensus_significant,downregulated
AT5G17000,235.23128904046,4.30625618721491e-31,18,-0.394069750231715,-0.458049257673168,0.323494025774128,0,8,8,0.888888888888889,3.67597043376054e-30,-0.36537626212395,0.0753724705869005,-4.84760893836815,1.24958416684445e-06,-0.513103589900079,-0.21764893434782,81.0238945458391,0.0725701699261409,18,2.52553908208306e-14,0.000151834718764771,consensus_significant,downregulated
AT1G43800,234.793557283723,5.19438750518449e-31,18,1.41889498675106,0.694548073183384,2.25099548055416,6,0,6,0.777777777777778,4.42755634597767e-30,1.34303714578678,0.445689865763835,3.01338946418503,0.00258347135130333,0.469501060615172,2.21657323095839,88.7482560917833,2.82879616867997,18,1.68761357402665e-18,0.048268213032417,consensus_significant,upregulated
AT2G17290,234.013305957975,7.25484118171838e-31,18,-0.149483123511851,-0.141470146956279,0.22211599366131,0,3,3,0.722222222222222,6.16156950044781e-30,-0.199068395814797,0.0559140839102642,-3.56025498216656,0.000370494865982532,-0.308657986507466,-0.0894788051221288,73.0437575402059,0.0312021842457049,18,7.21269662415461e-06,0.0125311314384861,consensus_significant,downregulated
AT1G48745,234.006114791174,7.2772079931778e-31,18,-0.517884436772551,-0.527811935450231,0.477184029257567,1,8,9,0.888888888888889,6.17955451658902e-30,-0.509478674662726,0.109662193765843,-4.64589168944218,3.3861063630885e-06,-0.724412624909431,-0.294544724416022,76.882006865331,0.148419561753411,18,2.4330256243751e-10,0.000339815749598614,consensus_significant,downregulated
AT1G55200,233.700737214164,8.29334798364417e-31,18,0.524773761860506,0.416937539892386,0.591160631096748,3,0,3,0.888888888888889,7.03551902090742e-30,0.60125070851997,0.165420508992217,3.6346805615757,0.000278325274387234,0.27703246859094,0.925468948448999,73.1531954889824,0.322776076312383,18,1.29366411779315e-11,0.0101623001662965,consensus_significant,upregulated
AT5G35530,233.448935404537,9.23691137355553e-31,18,0.169631321138118,0.115368078341467,0.218654517966095,6,0,6,0.722222222222222,7.82701938283927e-30,0.161539265082965,0.0451693882125243,3.57629960190992,0.000348492237412356,0.0730088909827097,0.250069639183221,81.8124031934228,0.0268452504616222,18,5.97259268251361e-11,0.0120177857342797,consensus_significant,upregulated
AT4G16660,233.346303456403,9.651577850242e-31,18,0.218767499988041,0.161752264880268,0.245574196283772,3,0,3,0.888888888888889,8.16905645801386e-30,0.209833411254034,0.0517845373404664,4.05204761943605,5.07713278423231e-05,0.108337583110651,0.311329239397418,77.5781857198277,0.0337065991991874,18,4.03930363526591e-11,0.0027696667491794,consensus_significant,upregulated
AT3G06300,233.244389609268,1.00817293656747e-30,18,-0.221184590026435,-0.165372715038564,0.244710656362592,0,7,7,0.833333333333333,8.53174361336836e-30,-0.291387497067205,0.0498836497082897,-5.84134278007292,5.17817333408293e-09,-0.389157653912865,-0.193617340221545,62.5821055234827,0.0211080246890635,18,0.0034842134354174,1.63819722722902e-06,consensus_significant,downregulated
AT4G00760,233.239129627247,1.01044425797201e-30,18,0.257209778674288,0.206417936266284,0.273636583028024,2,0,2,0.888888888888889,8.54957082376998e-30,0.268204810722252,0.0713332508127961,3.75988487369119,0.000169991567990511,0.128394208229009,0.408015413215495,78.9786740051997,0.0592365492161298,18,1.92141131867975e-14,0.00702431281263573,consensus_significant,upregulated
AT4G38890,233.072506549047,1.08509978325524e-30,18,0.166746614502955,0.170373077376009,0.207741594821236,6,0,6,0.777777777777778,9.1722742427899e-30,0.171155389512242,0.0468804150232136,3.65089322326799,0.000261329875510344,0.0792714644864524,0.263039314538031,82.9545756978292,0.027545510676447,18,4.73495069914317e-18,0.00967106937302332,consensus_significant,upregulated
AT4G00330,232.768067264799,1.23601193652188e-30,18,-0.107571991077241,-0.095592402916761,0.236354509448375,0,2,2,0.722222222222222,1.04343291342586e-29,-0.186872637455877,0.0588237188738941,-3.17682460465468,0.00148897056305474,-0.302165007885418,-0.0715802670263353,63.1817142563835,0.0291297529934751,18,7.50603687565512e-05,0.0333421444512439,consensus_significant,downregulated
AT3G23150,232.489239929704,1.39253814942124e-30,18,0.635180746281581,0.283740256947028,0.768798018977105,7,1,8,0.777777777777778,1.17442512988482e-29,0.564302874091368,0.163794461378841,3.44518898466407,0.000570660259839355,0.243271628921702,0.885334119261034,95.5727482053854,0.433417624137296,18,5.49180204134873e-28,0.0170553784110052,consensus_significant,upregulated
AT4G15240,232.313550439857,1.50117460849977e-30,18,-0.144563372322577,-0.188262347635565,0.227162661057352,0,3,3,0.722222222222222,1.2652235036659e-29,-0.171484238508292,0.0522101386334836,-3.28450073101923,0.00102163233136913,-0.273814229857763,-0.0691542471588211,71.4007595016172,0.0292818606921711,18,3.05152238782796e-07,0.0259453606856368,consensus_significant,downregulated
AT4G21903,230.966068154141,2.66999114007804e-30,18,-0.384730607766665,-0.459505551023216,0.549749437553917,0,5,5,0.777777777777778,2.23869483297561e-29,-0.615723644657752,0.100725959852702,-6.11285954046168,9.78615006938778e-10,-0.813142898277276,-0.418304391038228,49.5301122721796,0.0700752796353777,18,0.0100589705684012,3.90572777077012e-07,consensus_significant,downregulated
AT5G54140,230.795419110954,2.87185830783534e-30,18,-0.409393410577924,-0.382651945656983,0.353587992225458,0,5,5,0.888888888888889,2.40562165969919e-29,-0.411318658530134,0.0817690478667008,-5.03024884428962,4.89843662980655e-07,-0.571583047399,-0.251054269661269,67.0548311795479,0.067383269793961,18,3.28630953580282e-05,7.07887497806876e-05,consensus_significant,downregulated
AT3G19450,230.67472795077,3.02375968302309e-30,18,-0.516488247485411,-0.453904290716194,0.41031877941222,0,8,8,0.944444444444444,2.53041198498196e-29,-0.490892169213094,0.0910110995472029,-5.39376154837568,6.8997770072036e-08,-0.669270646519001,-0.312513691907187,85.0343302131486,0.113412278166478,18,3.1044761380787e-14,1.46716405836783e-05,consensus_significant,downregulated
AT3G45710,230.385143970858,3.42174435483184e-30,18,-0.405778652703802,-0.496023119769191,0.367525471946584,0,6,6,0.833333333333333,2.85931337562594e-29,-0.517158107945589,0.0732485315848443,-7.06032048364766,1.66119025554795e-12,-0.660722591772328,-0.37359362411885,53.0543374733202,0.0391695752841721,18,0.0161332406331176,1.24911877128768e-09,consensus_significant,downregulated
AT2G26370,220.919130477456,4.19041375983908e-30,16,-0.720853577699984,-0.970312325310163,0.809501349730688,0,7,7,0.875,3.49600811042289e-29,-1.07283122792991,0.123774165602998,-8.66765065798128,4.41127739632326e-18,-1.31542413472828,-0.830238321131535,31.9602020349527,0.0644159814016486,16,0.121284624403196,1.44487750691349e-14,consensus_significant,downregulated
AT1G21320,229.21589958034,5.63579481399317e-30,18,0.770605766165752,0.937465138385122,0.686756226857235,6,0,6,0.888888888888889,4.68905717603494e-29,0.890997139954449,0.17315403860755,5.14569077983723,2.66538162593948e-07,0.551621460505993,1.23037281940291,69.1196552864063,0.307267059190673,18,4.61666612488656e-06,4.33996655822257e-05,consensus_significant,upregulated
AT2G37340,228.954229434887,6.3012601445851e-30,18,0.247532386751843,0.232870300623524,0.286590081901823,7,2,9,0.722222222222222,5.23183015140155e-29,0.239736875159824,0.0685120148213027,3.49919464177372,0.000466665785238959,0.105455793601797,0.374017956717852,89.024000609813,0.0672749792483609,18,4.84450027928984e-25,0.0146920434474139,consensus_significant,upregulated
AT2G18220,228.935500898413,6.35179327225818e-30,18,0.289664857232726,0.232617059009243,0.321965123067942,6,0,6,0.833333333333333,5.27294342008112e-29,0.253286236698765,0.0572001605443645,4.42806863281993,9.50806492602291e-06,0.141175982121901,0.365396491275628,70.985316915977,0.0356771135801636,18,1.1677679822765e-06,0.00076246745072917,consensus_significant,upregulated
AT5G12970,228.905530364657,6.43350243821893e-30,18,0.539116477225679,0.287841554354999,0.960732675877986,3,0,3,0.777777777777778,5.33906635826672e-29,0.407048967792792,0.127405587894063,3.19490671108752,0.00139876045969488,0.157338604091277,0.656759331494307,75.6740122055183,0.167657554638734,18,1.31985673628518e-12,0.0319988040964767,consensus_significant,upregulated
AT1G71040,228.709547927426,6.99429755012895e-30,18,-0.191837683391664,-0.145863081899303,0.253999585229235,0,3,3,0.777777777777778,5.80167871422794e-29,-0.226918805574908,0.0490858665080387,-4.6228949740094,3.7842134397089e-06,-0.323125336080605,-0.130712275069212,59.6154157624517,0.0203094323456472,18,6.20677908311572e-05,0.000370453075671427,consensus_significant,downregulated
AT5G41810,228.52593725968,7.56388000342272e-30,18,-0.276649587289389,-0.268907756266665,0.286066175327431,0,6,6,0.777777777777778,6.26913024684833e-29,-0.287002227592866,0.0737667401581513,-3.89067250331994,9.99667796419524e-05,-0.431582381559767,-0.142422073625965,80.2302395119383,0.0694274209644757,18,5.87313052624423e-15,0.00463096106691345,consensus_significant,downregulated
AT2G24120,228.354944905911,8.13587632120272e-30,18,0.371369130446779,0.239798933279129,0.380929816865279,7,0,7,0.888888888888889,6.73568538756967e-29,0.429802858356004,0.0893595087771155,4.80981670823681,1.510687589721e-06,0.254661439476667,0.604944277235341,77.9209512711801,0.0892492135757204,18,4.7520646423648e-07,0.000176931184887324,consensus_significant,upregulated
AT5G52830,228.223816852066,8.60360208833823e-30,18,-0.242046399749169,-0.225865420864031,0.376843515704794,0,3,3,0.777777777777778,7.11950816305552e-29,-0.376538972408936,0.0803457270922919,-4.68648409860566,2.7793840317777e-06,-0.534013703821512,-0.21906424099636,62.2005695589191,0.0566619612787753,18,1.97111857916279e-05,0.000291914091305171,consensus_significant,downregulated
AT5G26800,228.154778713779,8.86054664119615e-30,18,0.230661420979662,0.205948437179972,0.2515943011825,6,0,6,0.777777777777778,7.32979329334908e-29,0.223855879101399,0.0601914146868422,3.71906658559288,0.000199960339620065,0.105882874136673,0.341828884066125,82.9504671164587,0.0475206011396167,18,6.02791483109115e-14,0.007913609657397,consensus_significant,upregulated
AT1G03660,228.077404129552,9.15763132868401e-30,18,-0.650097564582685,-0.476156470268764,0.656619948250918,0,6,6,0.833333333333333,7.57434619266978e-29,-0.673297100393571,0.172611319515371,-3.9006543851466,9.5933025158229e-05,-1.01160906996763,-0.334985130819509,82.3214571562811,0.352050195225521,18,1.77700089479843e-14,0.00449222840912415,consensus_significant,downregulated
AT5G09770,227.665652525645,1.09140916034414e-29,18,0.179685999159199,0.172345742233775,0.215585148117521,5,0,5,0.722222222222222,9.00273789431362e-29,0.194257200031689,0.0538406333255056,3.6080036216748,0.000308562183871613,0.0887314978088709,0.299782902254507,77.5824623801431,0.0361567072529553,18,4.40924026364773e-13,0.0109879480768667,consensus_significant,upregulated
AT4G25200,218.198922990094,1.35851107950758e-29,16,2.03028694942409,1.49527178562664,2.25476248123649,7,0,7,0.75,1.11864324190898e-28,1.95392353997714,0.498069707595339,3.92299212375434,8.74560114470392e-05,0.977724851299882,2.9301222286544,87.0555608553699,3.11393503377268,16,4.23884607674969e-13,0.00418209004416422,consensus_significant,upregulated
AT5G01210,178.42741782809,1.7402768462253e-29,8,0.506530569047609,0.552016574816901,0.211736630966849,3,0,3,1,1.42959969287653e-28,0.500940364442342,0.0843664260248464,5.93767435750819,2.89093529717874e-09,0.33558520792928,0.666295520955403,60.1601133024476,0.0293499247221042,8,0.0156894384284098,1.00666635542833e-06,consensus_significant,upregulated
AT5G46090,222.049893906876,1.80061154616207e-29,17,-0.348656753044197,-0.237814773058755,0.969978509266344,0,6,6,0.705882352941177,1.47869525090756e-28,-0.703877363487188,0.196553645636925,-3.58109543685287,0.000342156633778142,-1.08911542996561,-0.318639297008767,78.4866684934341,0.386632299514078,17,1.82611030671122e-08,0.0118428651013643,consensus_significant,downregulated
AT5G17820,221.94228696332,1.88561484024345e-29,17,-0.428305467079289,-0.392253900635356,0.734822002991631,0,5,5,0.764705882352941,1.54752207184496e-28,-0.666961725439631,0.141913306671658,-4.69978285392762,2.60438268498934e-06,-0.945106695443069,-0.388816755436193,76.1195226997671,0.180106207297118,17,3.12402762399136e-07,0.000275205277450075,consensus_significant,downregulated
AT4G26095,183.314916052659,2.11189910801534e-29,9,0.51521038764953,0.227217354699574,0.552119410630588,2,0,2,1,1.72995068821187e-28,0.380528938500283,0.115235987182451,3.3021710301123,0.000959395521721989,0.154670553899759,0.606387323100808,81.6204415663679,0.0809973840773076,9,1.57946865807014e-08,0.0247872525608787,consensus_significant,upregulated
AT3G20440,226.021546713081,2.19802262259778e-29,18,0.359844990545375,0.277814630664908,0.440974795443127,3,0,3,0.777777777777778,1.79936233652125e-28,0.386294439714184,0.100009337624711,3.86258372356957,0.000112194095651801,0.190279739852043,0.582309139576325,72.1872591305816,0.106245001891991,18,2.82996182757702e-06,0.00504863699809022,consensus_significant,upregulated
AT3G07770,225.93770117265,2.27786259505442e-29,18,0.292045322141946,0.273690596922618,0.197869406296543,8,0,8,0.888888888888889,1.86266498418024e-28,0.275370192370511,0.0445408033099372,6.18242536970757,6.31241560338289e-10,0.188071822040551,0.36266856270047,69.6760454593786,0.0203296581772826,18,0.000158716007769305,2.57884544225132e-07,consensus_significant,upregulated
AT5G13280,225.859567145596,2.35486739704327e-29,18,0.153557937753309,0.105273406641209,0.21399492069098,5,0,5,0.777777777777778,1.92502713457147e-28,0.179698765875789,0.0493156412082912,3.64384932392559,0.000268590694699426,0.0830418852330388,0.276355646518539,75.5188831118207,0.0287795482539957,18,1.33345732463168e-08,0.00987637108701984,consensus_significant,upregulated
AT1G51680,225.388451954101,2.87745668272194e-29,18,-0.241393395203612,-0.215629221020605,0.328698877223118,0,8,8,0.666666666666667,2.34705137969435e-28,-0.30228954824749,0.0743497572968454,-4.06577720274974,4.78726539473382e-05,-0.448012394808601,-0.156566701686379,80.8133942656471,0.0668252222053765,18,2.80432138987107e-13,0.00265082687022806,consensus_significant,downregulated
AT3G15170,215.968129452669,3.55818407302871e-29,16,0.996159612631317,0.932168382653891,1.15376246649922,5,0,5,0.6875,2.89547368413708e-28,0.945698393381264,0.292022324608868,3.23844553544981,0.00120182965421723,0.373345154466218,1.51805163229631,86.9845116607339,1.05203387769456,16,3.19546607003782e-20,0.0290296693572657,consensus_significant,upregulated
AT4G30190,224.810480054976,3.67917683198418e-29,18,-0.110239170303162,-0.203101809894577,0.386981162166985,0,3,3,0.777777777777778,2.99158635056887e-28,-0.29118929171925,0.0484909445670087,-6.0050241198511,1.91303463341024e-09,-0.386229796646915,-0.196148786791585,41.4151116490742,0.0124208490475264,18,0.00926272979345167,7.08970635141834e-07,consensus_significant,downregulated
AT5G24980,223.663521683096,5.99009026605261e-29,18,-0.22202969037493,-0.254779433143326,0.332381925859191,0,4,4,0.833333333333333,4.83652263376473e-28,-0.280818588069658,0.0703557328345507,-3.99141017733458,6.56815654435434e-05,-0.418713290531299,-0.142923885608017,74.0919670827286,0.0584479875306489,18,1.30854095564078e-07,0.0033740815262107,consensus_significant,downregulated
AT2G01430,223.515756629037,6.37809713258778e-29,18,-0.535353239581012,-0.31356781655202,0.627778709911853,0,3,3,0.888888888888889,5.14660477733891e-28,-0.536942802980743,0.142799107359698,-3.76012716681927,0.000169827005630185,-0.81682391043022,-0.257061695531266,74.5116968197583,0.216247163185382,18,1.77135729985998e-11,0.00702431281263573,consensus_significant,downregulated
AT4G28770,223.465067855718,6.51689619383804e-29,18,-0.187955102380712,-0.209870972536817,0.182918352260524,0,6,6,0.833333333333333,5.25533606830932e-28,-0.225067639943095,0.0419613141628776,-5.36369378398088,8.1537087078139e-08,-0.307310304446306,-0.142824975439885,62.0468954348209,0.0164784872380048,18,0.0001357643321928,1.62710393306237e-05,consensus_significant,downregulated
AT1G04590,223.331234810452,6.89802662866841e-29,18,0.176151531172054,0.136738147690999,0.241001010762247,4,0,4,0.722222222222222,5.55405646997392e-28,0.19192750260665,0.061778030254157,3.10672745338518,0.00189170717773804,0.070844788272676,0.313010216940623,84.8552836349927,0.0503208039010595,18,1.7004077514236e-20,0.0392754442616088,consensus_significant,upregulated
AT1G60930,222.79020877696,8.67930265621548e-29,18,0.356482894384659,0.192937913523499,0.458933075685824,4,0,4,0.944444444444444,6.9752940099139e-28,0.312917553713412,0.0824313322384599,3.79609967734349,0.000146990416858346,0.151355111328375,0.474479996098449,76.7221141115828,0.0723986486242885,18,7.13269818176009e-12,0.00627175229299211,consensus_significant,upregulated
AT5G59440,221.466075231713,1.52216675123774e-28,18,0.233870932470242,0.182074105170012,0.289244611568958,7,2,9,0.833333333333333,1.21672534353904e-27,0.206950639206233,0.0575402347362516,3.59662486875205,0.00032237286674943,0.0941738514611994,0.319727426951267,87.8400100390625,0.0482244528704567,18,8.49106154589132e-21,0.011324301840506,consensus_significant,upregulated
AT3G55720,221.304169676738,1.63033328665312e-28,18,0.577094838311425,0.607043680298004,0.53117314716302,6,0,6,0.833333333333333,1.30278564912369e-27,0.651935375503551,0.135850172034964,4.79892933323456,1.5951605988186e-06,0.38567393102145,0.918196819985651,68.594251254361,0.17835101734704,18,0.000173717565916751,0.000184739536850679,consensus_significant,upregulated
AT1G52880,220.988829368467,1.86351876564734e-28,18,-0.287305181432453,-0.277619122554674,0.367885944610993,0,3,3,0.833333333333333,1.48683301238836e-27,-0.331383258229705,0.102304406288812,-3.23918851837317,0.00119870315455553,-0.531896210015531,-0.13087030644388,73.0199870099764,0.114877686333274,18,5.96127413596012e-11,0.0289676359902,consensus_significant,downregulated
AT5G66780,220.859279775451,1.96870624296676e-28,18,2.0263730051432,1.50756219933241,2.91087220128783,7,0,7,0.777777777777778,1.56979294386569e-27,1.84183084411779,0.608076045486497,3.02894820111557,0.00245406755949527,0.650023695102721,3.03363799313287,92.0056192560883,5.82617906979746,18,5.26315413295047e-21,0.0465733266656163,consensus_significant,upregulated
AT1G48110,220.319056762312,2.47512392377526e-28,18,-0.115590321064749,-0.118642013159974,0.156152349670652,0,3,3,0.833333333333333,1.96604540507897e-27,-0.124453087343167,0.0377071142193491,-3.30052007213283,0.000965058101274034,-0.198357673174029,-0.0505485015123046,74.5055284015038,0.0151241070738791,18,5.62668920436321e-10,0.0248816187681512,consensus_significant,downregulated
AT2G30840,219.649641142228,3.28645571518013e-28,18,0.104313640333924,-0.122495095245812,1.15234885020052,1,5,6,0.555555555555556,2.60372978283566e-27,-0.366020559214616,0.113056009634727,-3.23751528465574,0.00120575480451226,-0.587606266334495,-0.144434852094737,73.2392500565678,0.11932498328859,18,1.09107818660564e-07,0.0290892013188047,consensus_significant,upregulated
AT1G62200,219.622427356783,3.32454345013928e-28,18,-0.192682826556175,-0.164473884612693,0.220453080317965,0,3,3,0.777777777777778,2.63310132161879e-27,-0.198274056044106,0.0552862275258814,-3.58631914162143,0.000335378476346676,-0.306633070835921,-0.0899150412522917,76.7545127442882,0.0360381859202768,18,9.82990902323234e-13,0.0116627190796052,consensus_significant,downregulated
AT3G25730,219.497011302532,3.50584582018203e-28,18,0.484816274065942,0.332027359865294,0.638458234416653,5,0,5,0.722222222222222,2.7750023473123e-27,0.407777090562321,0.127524546982291,3.19763606467819,0.00138559026635955,0.157833571332245,0.657720609792396,90.6458958043718,0.229575673114503,18,9.5992897291355e-23,0.031833971334564,consensus_significant,upregulated
AT1G73040,219.259569458247,3.87655393615668e-28,18,0.771282471753838,0.682905366539414,0.934399704832046,6,0,6,0.722222222222222,3.06189356019583e-27,0.678628006602466,0.190293679148063,3.56621412566437,0.000362175485820528,0.305659248986642,1.05159676421829,83.2049853377912,0.448854585845184,18,2.341754547793e-09,0.0123220412500408,consensus_significant,upregulated
AT5G04830,219.199635227108,3.97615434680717e-28,18,-0.269400563201288,-0.232228096938513,0.190247146214118,0,5,5,1,3.13865227001732e-27,-0.274364064680777,0.050723653706996,-5.40899648644466,6.33788731444476e-08,-0.373780599110771,-0.174947530250783,69.7418534745514,0.0276544925318204,18,1.09911204043997e-07,1.38165943454896e-05,consensus_significant,downregulated
AT2G21300,217.940600767887,6.77298270514042e-28,18,0.169775067318674,0.178555519796893,0.265757401385101,4,0,4,0.722222222222222,5.31887691601593e-27,0.18880124886473,0.0625656975128566,3.0176479503954,0.00254744656347834,0.0661747350719042,0.311427762657557,81.1114694843687,0.0505330696172932,18,1.0505468581987e-12,0.0477671548606831,consensus_significant,upregulated
AT1G31885,217.919715729063,6.83305723080697e-28,18,-0.417886424962519,-0.358592962278326,0.560254328528656,0,5,5,0.833333333333333,5.36443054509322e-27,-0.468677572946653,0.128774393994476,-3.63952458566226,0.000273141859339788,-0.721070747306796,-0.216284398586509,71.9656226298561,0.155771737106467,18,1.88149520805924e-05,0.0100082572245661,consensus_significant,downregulated
AT2G44350,217.531647606961,8.0512519405267e-28,18,-0.131056539115659,-0.148252013885634,0.183272571081979,0,4,4,0.777777777777778,6.31315949486744e-27,-0.163476134075883,0.0443591684502364,-3.68528400750515,0.000228447751207823,-0.250418506622492,-0.0765337615292746,70.8339671591519,0.0202569059754174,18,2.33238703852913e-05,0.0087474414196802,consensus_significant,downregulated
AT3G42050,217.231935930563,9.13848154237443e-28,18,-0.107036491084885,-0.097834543998497,0.113375040970001,0,4,4,0.888888888888889,7.15379080740234e-27,-0.118540075886182,0.0288311213085205,-4.11153193168209,3.93042501999043e-05,-0.175048035284788,-0.0620321164875765,70.4227748834391,0.00874280863638145,18,1.42615831948149e-06,0.00225332786449927,consensus_significant,downregulated
AT1G62290,217.178815811072,9.34593050515472e-28,18,0.470110231211596,0.246926048876569,0.808042764463796,4,0,4,0.777777777777778,7.31397978208738e-27,0.546895253749938,0.165092421533935,3.31266116680906,0.000924128640077998,0.223320053422921,0.870470454076956,72.3336169210515,0.259866757039951,18,3.26150404761595e-05,0.024154906983278,consensus_significant,upregulated
AT1G80270,216.988708874992,1.01276128547162e-27,18,0.226448552856636,0.294511395830935,0.298374806432513,5,0,5,0.722222222222222,7.91974137068898e-27,0.231087866580444,0.0649392427849862,3.55852419384647,0.000372944442707554,0.103809289538568,0.358366443622319,72.9510240520726,0.0470420629508764,18,8.96754685088832e-07,0.0125753324590462,consensus_significant,upregulated
AT5G53330,216.836306866377,1.08011201858805e-27,18,-0.187509329980891,-0.200051346051819,0.207813151041933,0,5,5,0.777777777777778,8.43879179237371e-27,-0.196776858616284,0.0476583105465449,-4.12890965625196,3.64487574136471e-05,-0.290185430851537,-0.10336828638103,80.2895121315852,0.0278903091562944,18,1.77115939096583e-13,0.00212483969623558,consensus_significant,downregulated
AT4G31130,216.715752293825,1.13654026397732e-27,18,-0.18696950731141,-0.20733625739498,0.145355921924289,0,7,7,0.888888888888889,8.87298078229348e-27,-0.19235409889713,0.035395366424927,-5.43444293210271,5.49678852526306e-08,-0.261727742309585,-0.122980455484675,67.7829861521438,0.0133944722417387,18,1.5684738869406e-06,1.25085691159977e-05,consensus_significant,downregulated
AT4G13620,216.379071946375,1.31020067569366e-27,18,-0.470797012136479,-0.514366162804702,0.779372048126588,0,8,8,0.777777777777778,1.02149204249927e-26,-0.676716528693656,0.161850875008407,-4.18111133880805,2.90087766693305e-05,-0.993938414576428,-0.359494642810884,77.6114250105696,0.266630155909785,18,7.70712487970113e-08,0.00180683237540402,consensus_significant,downregulated
AT5G10550,215.975094120281,1.55385782697391e-27,18,0.186349111198937,0.117512220442637,0.250945675752418,4,0,4,0.777777777777778,1.20909707762778e-26,0.173398148626894,0.0558633892489793,3.10396757085523,0.00190944258765035,0.0639079176445528,0.282888379609236,80.89638558871,0.0400113974764342,18,7.93040525396665e-14,0.0395014031968305,consensus_significant,upregulated
AT1G02000,215.903495712271,1.60153689924947e-27,18,-0.244573728136982,-0.212076206466039,0.293853383752351,0,4,4,0.833333333333333,1.24563714383256e-26,-0.245908295342166,0.0652508829123157,-3.76865851260002,0.000164127244531021,-0.373797675809745,-0.118018914874587,73.4320923229666,0.050102090513262,18,1.14552942090801e-08,0.00683433222732546,consensus_significant,downregulated
AT1G59760,215.859425014416,1.63160770929228e-27,18,0.211250460145412,0.172347258426618,0.180117770021899,6,0,6,0.944444444444444,1.26883535690708e-26,0.220451352422196,0.0377849129508854,5.83437502446409,5.39925591171789e-09,0.146394283879479,0.294508420964912,70.5542949565383,0.0152994292086204,18,3.26855833937239e-05,1.69778784074892e-06,consensus_significant,upregulated
AT4G00940,215.154978596902,2.19639336704657e-27,18,-0.254030864944475,-0.298550400282868,0.428382027878033,0,4,4,0.666666666666667,1.70370665286331e-26,-0.391875659612865,0.0816160892103995,-4.80145107912047,1.57519993532622e-06,-0.551840255024256,-0.231911064201474,64.9034927224278,0.0599528282041832,18,0.000225520366296088,0.000183245904584004,consensus_significant,downregulated
AT1G53633,215.079093809933,2.26783732636553e-27,18,-0.771523519068706,-0.64135206427219,0.752541234606984,0,3,3,0.944444444444444,1.75807356349063e-26,-0.772148964743209,0.161804203260808,-4.77211932188561,1.82297444854081e-06,-1.08927937568159,-0.455018553804827,67.299833442306,0.256226988577192,18,3.67684381768323e-07,0.000205615665843677,consensus_significant,downregulated
AT5G64370,214.911472912694,2.433975283794e-27,18,-0.12796941511228,-0.167060374949445,0.216803554171347,1,6,7,0.666666666666667,1.88489631757971e-26,-0.158499719807739,0.0519604915213555,-3.05038915466372,0.00228545024776214,-0.260340411808595,-0.0566590278068834,75.6168635928624,0.0315586150939085,18,2.16527852755921e-07,0.0445348502281662,consensus_significant,downregulated
AT1G15390,214.523549954783,2.86653880786112e-27,18,0.163767209595123,0.140216306093675,0.217710562735961,5,0,5,0.777777777777778,2.21525060552114e-26,0.211203148696409,0.0574681679168517,3.6751327970293,0.000237725730732679,0.0985676093218791,0.323838688070938,69.7475100752418,0.0345962964610448,18,1.78831055789449e-06,0.00898991385811539,consensus_significant,upregulated
AT4G32600,214.492856529416,2.90387429523884e-27,18,-0.144620220460416,-0.111668413471567,0.208032802161402,0,4,4,0.722222222222222,2.243435245567e-26,-0.165920247157846,0.0467991670731865,-3.54536752541712,0.000392066007520996,-0.257644929127764,-0.0741955651879273,72.6570757679151,0.0243799689591095,18,5.48101664475701e-08,0.0129897527038438,consensus_significant,downregulated
AT3G52360,214.386298315932,3.03729899216185e-27,18,-0.377319928487317,-0.402096694272943,0.410958262679948,0,6,6,0.944444444444444,2.3444208059517e-26,-0.398921349736649,0.0765956557310599,-5.20814589194625,1.90736934479588e-07,-0.549046076341755,-0.248796623131543,72.4737707948827,0.0638044858793278,18,7.81089709820009e-07,3.30976425034747e-05,consensus_significant,downregulated
AT1G09570,214.322018188992,3.12072663252547e-27,18,0.24721429258092,0.202171845704304,0.395607837478731,6,0,6,0.833333333333333,2.40810040075385e-26,0.253276434049904,0.0833100853813981,3.04016534001125,0.00236448304903881,0.089991667153407,0.416561200946401,88.7302488466594,0.10266736246084,18,4.0169015994507e-19,0.0455547116659226,consensus_significant,upregulated
AT2G21045,214.160044704088,3.341230137297e-27,18,-0.45231574118403,-0.418835972924307,0.833977402574093,1,4,5,0.888888888888889,2.57671895030983e-26,-0.536786087580986,0.161139657262812,-3.33118548654669,0.000864769592319177,-0.852614012297225,-0.220958162864747,77.437793656925,0.274676831236363,18,3.93272614349545e-09,0.0230763110140565,consensus_significant,downregulated
AT3G50570,196.317957265368,3.40290045523118e-27,14,-0.268235362899455,-0.329946083334721,1.01704616121085,0,3,3,0.642857142857143,2.62310911223754e-26,-0.616197282602564,0.191033437818739,-3.22559908693702,0.00125709312695032,-0.990615940570165,-0.241778624634964,61.5119254796305,0.184643478607475,14,0.00901572715744991,0.0299462900820433,consensus_significant,downregulated
AT3G60530,213.777428808237,3.92582724161536e-27,18,0.285140378141905,0.374966113315239,0.313735653238795,5,1,6,0.833333333333333,3.02037295682002e-26,0.298058364963852,0.0825561600287609,3.61037098697437,0.000305759358738432,0.136251264605555,0.459865465322148,76.9252054508522,0.0835607936552116,18,1.34229381694866e-08,0.0109350950035764,consensus_significant,upregulated
AT3G01513,213.183879970288,5.04097245162901e-27,18,0.0513027315803947,-0.350569209814416,1.52273540413425,0,6,6,0.666666666666667,3.86742810365111e-26,-0.540966365905094,0.150073436953789,-3.60467766238785,0.00031254058967293,-0.835104897370662,-0.246827834439525,81.2862543178857,0.228846618439884,18,4.92406609344457e-12,0.011106750653829,consensus_significant,upregulated
AT2G01260,213.174331413898,5.06128356605073e-27,18,-0.316346263757741,-0.270147076179153,0.217493455728231,0,8,8,1,3.88092191770932e-26,-0.287150748440376,0.0421437325819494,-6.8136050332515,9.51828057479431e-12,-0.369750946475084,-0.204550550405668,61.9472234898368,0.0177967894005845,18,0.000386454437778724,6.25122113091934e-09,consensus_significant,downregulated
AT5G62270,213.090659087581,5.24279618055579e-27,18,0.183822546240699,0.179710674025413,0.206096848480331,3,0,3,0.722222222222222,4.01514482170615e-26,0.175009648312412,0.0522468756824433,3.34966724854747,0.000809086934577431,0.0726076536700812,0.277411642954742,79.3009187767552,0.0337507508619709,18,3.19671421083493e-15,0.0220360454139714,consensus_significant,upregulated
AT5G60040,212.526278065114,6.64890277380015e-27,18,0.229392429397298,0.187586472946792,0.267821665564902,7,0,7,0.833333333333333,5.07925673922581e-26,0.265080031472075,0.0509394573055598,5.20382519746913,1.95227653876536e-07,0.165240529761162,0.364919533182988,69.3944024632921,0.0248966002443816,18,5.92175648781641e-06,3.36517993147182e-05,consensus_significant,upregulated
AT2G47230,212.079295830321,8.02484496481765e-27,18,0.316508873603773,0.231505794239892,0.375181499901806,3,0,3,0.888888888888889,6.11507089295259e-26,0.331404495935618,0.0883185124814518,3.75237859678873,0.000175164664696511,0.158303392303822,0.504505599567415,71.5961764624043,0.0872582235064607,18,8.21178081404058e-10,0.00716252204038168,consensus_significant,upregulated
AT3G15350,211.656952483391,9.58497766597268e-27,18,0.243726071885168,0.171405976510918,0.353486004862815,4,0,4,0.666666666666667,7.28786882276074e-26,0.260976218648521,0.0869390436150802,3.00182987754023,0.0026836210306723,0.0905788243126065,0.431373612984435,78.317338721395,0.0992895852658735,18,1.6772312061733e-13,0.0493748204097169,consensus_significant,upregulated
AT3G28715,211.421701492204,1.05816830082821e-26,18,-0.135192878771364,-0.0998916901859125,0.134459960134793,0,4,4,0.888888888888889,8.03628811549383e-26,-0.146085762231286,0.0368865017311414,-3.96041249170434,7.48204080189462e-05,-0.218381977139998,-0.0737895473225747,77.7923832208488,0.0157907001067851,18,1.26676297531994e-14,0.00371527636811896,consensus_significant,downregulated
AT5G38030,206.898809744301,1.14712199623247e-26,17,-0.379530413489685,-0.314014913537811,0.656420441109476,0,3,3,0.823529411764706,8.70420741614932e-26,-0.651517109024645,0.150780050095909,-4.32097687068166,1.55339957797498e-05,-0.947040576799771,-0.355993641249518,67.3783004922284,0.194218355104436,17,3.84823547112241e-05,0.00112489128716001,consensus_significant,downregulated
AT1G71980,211.197282494786,1.16287179359641e-26,18,-0.17981236200738,-0.173700669445215,0.174863102826281,0,5,5,0.888888888888889,8.82113548077274e-26,-0.178666660354637,0.0435974969637899,-4.09809445030822,4.16565310231846e-05,-0.26411618421976,-0.0932171364895143,73.612001116016,0.0211832217884876,18,1.61241684034639e-08,0.00236985466623565,consensus_significant,downregulated
AT5G44910,210.756396915913,1.39962036174844e-26,18,-0.38279535183369,-0.374946444345194,0.485359306870766,0,2,2,0.833333333333333,1.05922566921997e-25,-0.41172193800177,0.104391885579112,-3.94400326919809,8.01325646788298e-05,-0.616326274015056,-0.207117601988485,61.9107575714633,0.0870784141379986,18,2.24603204210244e-05,0.00391119283706153,consensus_significant,downregulated
AT1G21390,210.614819668184,1.48541159449727e-26,18,-0.3659816349502,-0.344394452632281,0.327798555337161,0,6,6,0.888888888888889,1.12366050380415e-25,-0.385744833162147,0.0768249049887621,-5.02109092381661,5.13788296029691e-07,-0.536318880055832,-0.235170786268462,68.6142230219453,0.064592885361502,18,1.0454250362805e-05,7.32345932725398e-05,consensus_significant,downregulated
AT3G25150,210.578248475737,1.50841273294508e-26,18,0.16154998142467,0.202118074027611,0.193752876754199,5,0,5,0.833333333333333,1.14089375185926e-25,0.182314196716935,0.0409486890992188,4.45225966270097,8.49713231712787e-06,0.102056240868338,0.262572152565532,74.4639908664867,0.0187231421614648,18,7.51625331731404e-08,0.000693184297392865,consensus_significant,upregulated
AT1G74640,210.033538477152,1.89623058593378e-26,18,-0.288234587421606,-0.167169953611941,0.424236579909434,0,5,5,0.777777777777778,1.43067689548697e-25,-0.275955065059379,0.0892843974234435,-3.09074231358279,0.0019965682233578,-0.450949268390689,-0.100960861728069,84.4930531938071,0.101870390731654,18,9.40177022181137e-08,0.0406742599878015,consensus_significant,downregulated
AT3G46230,200.880674158213,2.29517530315599e-26,16,1.74337233963501,1.51603557958111,1.83216210952261,4,2,6,0.8125,1.72590399027962e-25,1.50924619881667,0.463024636172735,3.25953757297189,0.00111593998213358,0.601734587963348,2.41675780966999,93.1434582347698,2.61978989097734,16,1.3722540077888e-24,0.0274534993044186,consensus_significant,upregulated
AT1G18940,209.560805003775,2.31255575934664e-26,18,-0.36022661364904,-0.330290835483886,0.530462872357823,0,4,4,0.777777777777778,1.73821805164157e-25,-0.479993548308784,0.115267660759033,-4.16416491102575,3.12494196899347e-05,-0.705914011978669,-0.254073084638899,65.8907271854623,0.130202816071907,18,7.37190091485575e-07,0.00189853031755571,consensus_significant,downregulated
AT5G54160,209.455045968871,2.41753036620326e-26,18,-0.24701374707494,-0.292967482089284,0.307785186159424,1,9,10,0.777777777777778,1.81554396666641e-25,-0.257966384161931,0.0642186266882323,-4.01700250325038,5.89430982352187e-05,-0.383832579607489,-0.132100188716373,83.1016394787296,0.055347225461093,18,1.20203878827633e-15,0.00308909465538999,consensus_significant,downregulated
AT1G03360,209.256081048712,2.62807639240119e-26,18,0.273288559154689,0.217286390389298,0.270020871417879,6,0,6,0.833333333333333,1.97166511769318e-25,0.254917495287281,0.0615219692499758,4.14351976042088,3.42015585614539e-05,0.134336651299347,0.375498339275214,79.7283813304294,0.0493919022588811,18,1.72436679341068e-13,0.0020303360004605,consensus_significant,upregulated
AT2G40940,208.869306124407,3.09113648492568e-26,18,0.251162159372859,0.225825593613176,0.215380167810085,9,0,9,0.833333333333333,2.31438365124247e-25,0.229431170402389,0.0475615049371358,4.82388374181261,1.40789500427343e-06,0.136212333675079,0.322650007129699,77.0843655612781,0.0271654566314986,18,1.06484649002221e-06,0.000168311576962495,consensus_significant,upregulated
AT3G06370,208.593739551959,3.4699109457854e-26,18,-0.383085642790914,-0.368037670793514,0.613062239779528,0,7,7,0.777777777777778,2.59386213448377e-25,-0.345210043758401,0.0947031300546873,-3.64518093075758,0.000267203746304405,-0.530824767888801,-0.159595319628002,79.2934808699154,0.102688813762148,18,6.99771228920837e-08,0.00983931807896222,consensus_significant,downregulated
AT5G02560,208.346754436684,3.84858504890728e-26,18,-0.269778392259428,-0.239684085989473,0.283709407090955,0,3,3,0.888888888888889,2.87320789159e-25,-0.306152007410818,0.0639879238103259,-4.78452791058387,1.71389681686272e-06,-0.43156603352455,-0.180737981297087,65.0220746497293,0.0409897327557517,18,3.08868672873899e-06,0.000195867450321818,consensus_significant,downregulated
AT1G05640,208.226776144722,4.04714506653545e-26,18,0.455124016394616,0.332249426861493,0.481609061767212,3,0,3,0.833333333333333,3.01883984044634e-25,0.431217301613128,0.108912758037907,3.95929099016151,7.51725996804242e-05,0.217752218401904,0.644682384824351,78.8514244722801,0.150141690899889,18,4.35908260760769e-12,0.00372438158459596,consensus_significant,upregulated
AT4G26900,208.197779345896,4.09664793083534e-26,18,0.155229875139391,0.160001520541026,0.180873212681817,4,0,4,0.833333333333333,3.05488684279145e-25,0.165649834052364,0.0450679320076578,3.67555879919712,0.000237329369861121,0.0773183104596547,0.253981357645073,70.9733570384817,0.0221132930510345,18,1.50951201932259e-07,0.00898147120778586,consensus_significant,upregulated
ATCG01110,208.189794247326,4.11038574563306e-26,18,0.466662599812608,0.28908434913578,0.663344338241655,5,0,5,0.666666666666667,3.06469085740701e-25,0.512415633354654,0.159619200808073,3.21023805883345,0.00132625083964811,0.199567748529765,0.825263518179543,82.941975669934,0.350755972218999,18,5.67212927578993e-14,0.0309575109253316,consensus_significant,upregulated
AT4G19060,207.831680463038,4.77614578764849e-26,18,0.242567800224291,0.219929686596717,0.367629655465868,4,0,4,0.666666666666667,3.55342234123773e-25,0.262103909289739,0.0862386244218681,3.03928675865191,0.00237139015133062,0.0930793113466011,0.431128507232877,75.9702229401555,0.0888897826571405,18,9.09320990979912e-09,0.0456538800043183,consensus_significant,upregulated
AT1G08670,207.513271036314,5.45791020435098e-26,18,-0.209182176353231,-0.311880677570545,1.14541012035467,0,7,7,0.666666666666667,4.05658023078935e-25,-0.631923399403844,0.173018539165507,-3.65234501719701,0.00025985642948234,-0.971033504825969,-0.292813293981718,85.2526341072977,0.305468539526977,18,6.52251429462335e-08,0.00964405650018723,consensus_significant,downregulated
AT4G15570,207.186093160025,6.25969740408294e-26,18,0.244341068739814,0.235333523363136,0.200961658670572,3,0,3,0.833333333333333,4.64851273385761e-25,0.232330444711133,0.0500766242475924,4.63949893192537,3.4925494070057e-06,0.134182064718507,0.330478824703759,74.2669132276062,0.028012147889286,18,6.59406305480642e-09,0.000347140677074873,consensus_significant,upregulated
AT3G51270,206.807619006392,7.33484191289998e-26,18,0.164323468935129,0.10566692044292,0.203125327050687,4,0,4,0.833333333333333,5.43836614459174e-25,0.163230600779312,0.0486223729251814,3.35710889780073,0.000787620848893953,0.0679325010030809,0.258528700555543,86.3909961775714,0.031430760607607,18,1.34290427971106e-18,0.0215844245975389,consensus_significant,upregulated
AT1G73300,206.71171740412,7.63536231995797e-26,18,-0.268872613102842,-0.404879589927774,1.10886404504584,1,5,6,0.722222222222222,5.65875967111436e-25,-0.691112046268926,0.132435568124179,-5.21847760430114,1.80399786788284e-07,-0.950680990064418,-0.431543102473435,55.55598187864,0.119762815892508,18,0.00145281275461838,3.16211572220383e-05,consensus_significant,downregulated
AT5G16180,206.707218374736,7.64975846120068e-26,18,0.155579358558826,0.211837278743239,0.254967308932694,4,0,4,0.611111111111111,5.66861955874895e-25,0.209756289555923,0.0689827469507591,3.04070653645687,0.00236023752300979,0.0745525899777953,0.344959989134051,70.0236150218424,0.0453107430013079,18,3.06830385400295e-05,0.0455067126138388,consensus_significant,upregulated
AT4G33565,206.604380166825,7.98631024373819e-26,18,-0.254622375330649,-0.245677816207952,0.286854771800871,0,6,6,0.833333333333333,5.91378924183558e-25,-0.256012887041047,0.0699910471140251,-3.65779478372379,0.000254394598921181,-0.393192818624782,-0.118832955457312,74.8925643939427,0.0587061499549602,18,1.17597371363924e-07,0.00947524003619996,consensus_significant,downregulated
AT3G02850,206.241948774866,9.2945991335015e-26,18,-0.732009200552029,-0.784844842135322,0.722841963974949,0,7,7,0.777777777777778,6.87275950459982e-25,-0.753462338147602,0.16202208758929,-4.65036804153243,3.31343195988869e-06,-1.0710197945226,-0.4359048817726,74.8366008325879,0.323828635538693,18,1.83862501978493e-08,0.000333166867842761,consensus_significant,downregulated
AT1G01490,206.228897385719,9.34550539251929e-26,18,-0.214500113761541,-0.1722870763949,0.306976336663275,0,4,4,0.777777777777778,6.90941702816444e-25,-0.238955826306202,0.0700446741279133,-3.41147745037443,0.000646118452903466,-0.376240864905756,-0.101670787706647,76.702614213235,0.0572530584264083,18,5.94920795715729e-10,0.0186967148970683,consensus_significant,downregulated
AT5G04560,205.969512603385,1.04169542160573e-25,18,0.150155212806183,0.183069694794105,0.229126040521163,4,1,5,0.833333333333333,7.69389982592274e-25,0.156438510603229,0.0476318778566984,3.28432381091247,0.0010222739410934,0.0630817454880892,0.249795275718369,81.0170952040259,0.0295012602099559,18,2.27546149670302e-08,0.025948953600631,consensus_significant,upregulated
AT5G22630,205.910225997753,1.06785749407204e-25,18,-0.228720191431933,-0.285515169715538,0.302349099099912,0,6,6,0.777777777777778,7.88488715319859e-25,-0.338008207883915,0.0599013991435149,-5.64274311980756,1.67361960308581e-08,-0.455412792828763,-0.220603622939068,58.2243955781192,0.0301747783813823,18,0.00314100653503237,4.49917510292769e-06,consensus_significant,downregulated
AT1G73740,205.657902655601,1.1867370046648e-25,18,-0.159547279373821,-0.115092597892016,0.244352605493965,0,3,3,0.555555555555556,8.7527124170965e-25,-0.209959972971241,0.066743247923532,-3.14578597091638,0.00165641172637226,-0.340774335112591,-0.0791456108298904,66.6751983076813,0.0453552895395728,18,1.05822555254949e-06,0.0357790449671516,consensus_significant,downregulated
AT5G23830,205.297552678692,1.37975746115405e-25,18,-0.14868767476891,-0.353962403487884,1.12015297852693,1,5,6,0.666666666666667,1.01546783878838e-24,-0.41387475798824,0.0979439271226521,-4.22562960406884,2.38273639389077e-05,-0.605841327653054,-0.221908188323426,69.9186856150332,0.0757250413136018,18,9.43685391637301e-06,0.00156686812497629,consensus_significant,downregulated
AT1G66725,200.947085314141,1.41738285781059e-25,17,-1.38898007484302,-1.04340793002408,1.69848463808647,0,6,6,0.764705882352941,1.04286344915264e-24,-0.953612650613447,0.276748841310601,-3.44576926175163,0.000569436349006722,-1.49603041234542,-0.411194888881479,84.5824073118341,0.813498243744802,17,8.74691188930348e-10,0.0170384287957698,consensus_significant,downregulated
AT1G70000,205.085803045145,1.50747895695262e-25,18,-0.225971926395594,-0.26990662005737,0.313357332890919,0,6,6,0.722222222222222,1.10852458691978e-24,-0.244849956287117,0.0742211893079367,-3.29892256605129,0.000970566799287967,-0.390320814220402,-0.0993790983538316,79.3675669913648,0.0718300078684666,18,3.12039332794433e-13,0.0249786149872306,consensus_significant,downregulated
AT5G02030,204.925737664937,1.61179604902472e-25,18,0.467394036426396,0.368195313833853,0.594869631744085,5,0,5,0.777777777777778,1.18389225503017e-24,0.472873969310295,0.137035170226655,3.45074894662563,0.000559033326761079,0.204289971050735,0.741457967569855,80.1821340556285,0.216025703448134,18,7.5529911234325e-11,0.0168046843138307,consensus_significant,upregulated
AT4G40000,204.804641014873,1.69547533758364e-25,18,0.339725732845528,0.275227598155364,0.458572900615144,4,0,4,0.666666666666667,1.24447554088429e-24,0.361516475814369,0.118903113386778,3.04042901415372,0.00236241373071539,0.128470655926602,0.594562295702136,80.5046675573619,0.183823334128829,18,2.04317870521672e-13,0.0455317511160614,consensus_significant,upregulated
AT1G11530,204.703756500631,1.76848772676068e-25,18,-0.266599239809686,-0.300429657633159,0.268260838054224,0,2,2,0.944444444444444,1.29733260080008e-24,-0.380907055993084,0.0674854358943755,-5.64428533275326,1.65868793399003e-08,-0.513176079827046,-0.248638032159121,41.3111009050618,0.0247314292014349,18,0.0918292501930193,4.4822585816218e-06,consensus_significant,downregulated
AT4G15380,203.966367554688,2.40649615014411e-25,18,-0.28682788881459,-0.353470736944232,1.10333547267564,0,4,4,0.722222222222222,1.7603883958933e-24,-0.55803921986814,0.108745682619487,-5.13159884995878,2.87291279036139e-07,-0.771176841276557,-0.344901598459723,56.5739145003803,0.0872202982088255,18,0.000288378575764388,4.60056195108365e-05,consensus_significant,downregulated
AT2G37860,203.834826351976,2.54238067091643e-25,18,0.132278393969165,0.157061632292967,0.214392837428059,5,0,5,0.722222222222222,1.85743382884619e-24,0.177149976436679,0.0499346614184324,3.54763547813478,0.000388705784004146,0.0792798384763496,0.275020114397008,69.2685811269769,0.0245970278007498,18,6.23331081897419e-05,0.0129114026230929,consensus_significant,upregulated
AT1G74770,203.414834787894,3.02961377725719e-25,18,-0.317300769819352,-0.352769409764386,0.55988527129803,0,7,7,0.777777777777778,2.20997870208609e-24,-0.526322652198628,0.121712713753989,-4.32430299157122,1.53014874392813e-05,-0.76487518761708,-0.287770116780176,66.9768058125445,0.129827290466548,18,7.31031938026161e-05,0.00111190808725444,consensus_significant,downregulated
AT1G07750,203.367202906098,3.09044659719577e-25,18,-0.241915846844876,-0.256132958842624,0.342173276961365,0,8,8,0.777777777777778,2.25372023101107e-24,-0.27800713339094,0.0768168158758425,-3.61909212483212,0.000295638386075919,-0.428565325914636,-0.127448940867244,77.1346741903831,0.0702251309528334,18,1.26813623328976e-06,0.0106594176672432,consensus_significant,downregulated
AT2G36410,202.744810368574,4.00684593572333e-25,18,-0.206763241715842,-0.25301468817793,0.318003455290527,1,8,9,0.833333333333333,2.91708950638205e-24,-0.214590748820511,0.0689501735235155,-3.11225828528661,0.00185661984194052,-0.349730605654388,-0.0794508919866332,84.4863223447152,0.060756774155685,18,9.55501865480505e-07,0.038764130333699,consensus_significant,downregulated
AT5G22790,202.497459532543,4.44227397000707e-25,18,0.257216282414422,0.241748764136139,0.195229798294565,3,0,3,0.944444444444444,3.22865790949918e-24,0.271862305027738,0.050109780906515,5.4253341385572,5.78462236755112e-08,0.173648939177775,0.3700756708777,53.1748759942167,0.0188115804857323,18,0.00245801601810993,1.29979480304388e-05,consensus_significant,upregulated
AT3G16330,202.452594518615,4.52616723453247e-25,18,0.479174588489009,0.353340222364765,0.605196809256342,3,0,3,0.777777777777778,3.28871070473848e-24,0.395403691585819,0.123791193297461,3.19411810366586,0.00140258723601929,0.15277741111956,0.638029972052078,79.5593426879453,0.195248300758908,18,3.89116171162041e-13,0.0320722063259694,consensus_significant,upregulated
AT5G40980,156.051128662448,4.98188415277795e-25,8,0.680483261813588,0.779813300663428,0.628856704602898,3,0,3,0.75,3.61629048130529e-24,0.888499079205909,0.17125674210811,5.18811153516525,2.12437360724245e-07,0.552842032564348,1.22415612584747,50.5007936157031,0.093440973823904,8,0.0773925522683987,3.59026059407711e-05,consensus_significant,upregulated
AT5G56340,202.101388979252,5.23990340254725e-25,18,-0.133100968399182,-0.111619158187679,0.194126931724581,0,3,3,0.666666666666667,3.80092559742285e-24,-0.156870838230357,0.0491495132910829,-3.19170684969566,0.00141434798987393,-0.253202114138553,-0.0605395623221621,72.9927104012515,0.0269928243636742,18,7.58675630856927e-09,0.0322416656883213,consensus_significant,downregulated
AT2G24290,202.097590063264,5.24820790143586e-25,18,0.126790554561022,0.12775456872895,0.207237982866427,5,0,5,0.722222222222222,3.80641752784269e-24,0.148627797807184,0.0453976218275429,3.27391153597854,0.00106069812364787,0.0596500940414303,0.237605501572937,79.5019245934517,0.0255693903491794,18,5.57754287375525e-13,0.0265737811582976,consensus_significant,upregulated
AT4G17785,193.258874974031,5.84552856485522e-25,16,-0.48112878375769,-0.398546384348584,1.20295099277833,0,4,4,0.875,4.23195394119892e-24,-1.00511307968462,0.259979693878714,-3.86612148313986,0.00011057987171312,-1.51466391639865,-0.495562242970593,71.574665792247,0.508466744966685,16,4.30967555243347e-05,0.00498897918605525,consensus_significant,downregulated
AT5G39110,184.29886092745,6.15608880052979e-25,14,-0.701720168130114,-1.02560595762913,2.32139980203843,0,2,2,0.857142857142857,4.45492421690318e-24,-1.35495848826041,0.334719307609086,-4.04804401018554,5.16474365758681e-05,-2.01099627610441,-0.69892070041642,59.2040332469365,0.688659464649702,14,0.00029456807095599,0.00280300794906102,consensus_significant,downregulated
AT2G15230,201.352429288006,7.15919999744851e-25,18,-0.212148847282191,-0.217542516463797,0.210623376736061,0,4,4,0.833333333333333,5.16930493972697e-24,-0.231935223817981,0.0507925833414224,-4.56632068227238,4.96359253537145e-06,-0.331486857848918,-0.132383589787044,65.7128476933044,0.0274128908367399,18,3.10049187631245e-06,0.000459057103574354,consensus_significant,downregulated
AT1G75240,201.093423428393,7.97469962442695e-25,18,0.267690780183292,0.421248777126065,1.1646760278239,6,0,6,0.555555555555556,5.74933859157359e-24,0.500173509682873,0.155138192888998,3.22405141099425,0.00126390706573348,0.196108238993808,0.804238780371938,83.0786766150284,0.252979554503228,18,1.79646286334842e-08,0.0300258947795402,consensus_significant,upregulated
AT4G21230,200.920121415481,8.5714660999044e-25,18,-0.158469548968389,-0.226528086603949,0.569312906677449,0,5,5,0.722222222222222,6.17442973006438e-24,-0.380873769952932,0.114125022857457,-3.33733795110515,0.000845850302608271,-0.604554704488357,-0.157192835417507,70.049703246327,0.115223593765103,18,3.25911111788215e-05,0.0227593017485356,consensus_significant,downregulated
AT1G31360,200.740771549694,9.23600108109107e-25,18,0.179603272536969,0.179974681215169,0.268732545684954,4,0,4,0.833333333333333,6.64114286657949e-24,0.201064952169801,0.0653908023823858,3.0748200793444,0.00210629575499976,0.0729013345801491,0.329228569759453,84.982544130758,0.0528819636603703,18,2.21007629482461e-13,0.0421788313220994,consensus_significant,upregulated
AT2G45900,200.25623890382,1.12996561902507e-24,18,0.597683374225953,0.440981998369896,0.822141151457139,3,0,3,0.722222222222222,8.10256225380214e-24,0.651329121748504,0.214805139364339,3.0321859322172,0.00242789603585847,0.230318784900292,1.07233945859672,79.1064695566686,0.600794164398437,18,3.70953967487683e-14,0.0462780888774728,consensus_significant,upregulated
AT1G70330,199.474720703783,1.56400802553343e-24,18,-0.235696182993849,-0.186402510228005,0.189317763429992,0,7,7,0.944444444444444,1.11747770557834e-23,-0.258039137663564,0.0426663398563342,-6.04783861311825,1.46801897574151e-09,-0.341663627134125,-0.174414648193003,53.0400583319619,0.0141551204730371,18,0.0126922855353218,5.68408183114719e-07,consensus_significant,downregulated
AT1G04533,117.709884437434,1.64711293420316e-24,2,-4.70964736516511,-4.70964736516511,0.792367424586466,0,2,2,1,1.17604633922243e-23,-4.57358013730032,0.543515204271311,-8.41481544832237,3.9351394843362e-17,-5.63885036272202,-3.50830991187862,31.0073014189861,0.194678143696139,2,0.228619638524317,9.72241795263331e-14,consensus_significant,downregulated
AT4G34670,199.095738438276,1.83087530793301e-24,18,0.148607103000604,0.154725965738173,0.182328640077525,4,0,4,0.777777777777778,1.30617538635094e-23,0.133595017941464,0.0404790590938839,3.30034889476099,0.000965646985927408,0.0542575199893836,0.212932515893545,75.5330246075528,0.0176138660380876,18,2.63251067869196e-08,0.0248816187681512,consensus_significant,upregulated
AT3G55990,198.914614432843,1.97400795223592e-24,18,-0.482630576895923,-0.427462179182656,0.616374593095219,0,8,8,0.722222222222222,1.40674154509126e-23,-0.491923144408313,0.137223156545702,-3.58484061139113,0.00033728412411679,-0.76087558908279,-0.222970699733836,86.0535908298036,0.250055306320975,18,3.29599265475836e-12,0.0117054511676759,consensus_significant,downregulated
AT1G52500,198.463847110718,2.38056273163021e-24,18,0.200100290442124,0.111279918098659,0.246736824754356,3,0,3,0.944444444444444,1.69181961295823e-23,0.202059387868664,0.0598177122041792,3.37791902135881,0.000730365850952338,0.0848188263108909,0.319299949426438,81.6073839177473,0.0449460342169213,18,4.60517590598764e-13,0.0204759905884527,consensus_significant,upregulated
AT1G69070,198.434529202288,2.40972841018111e-24,18,0.210981159715986,0.143643544506246,0.292201847859203,3,0,3,0.722222222222222,1.71231262618852e-23,0.172187385670874,0.0571785881191441,3.01139624700218,0.00260049255618728,0.0601194122705018,0.284255359071246,80.256587320051,0.0412138670830013,18,9.774932838466e-14,0.0484802116531058,consensus_significant,upregulated
AT4G18430,194.196286865912,2.41402510011173e-24,17,-0.0475280909335861,-0.30482954716254,0.997507064958597,1,6,7,0.647058823529412,1.71513096127171e-23,-0.488225806513662,0.0903739197820586,-5.40228649693456,6.57967493804476e-08,-0.665355434428208,-0.311096178599115,58.1042677846276,0.0550468358489293,17,0.0018427581626287,1.42232279615867e-05,consensus_significant,downregulated
AT1G49300,198.206280939401,2.64932324515189e-24,18,-0.160937083989796,-0.207715118587423,0.192030245867216,0,7,7,0.833333333333333,1.88076221784473e-23,-0.185232984044881,0.0437442331037805,-4.23445494187605,2.29106714303821e-05,-0.270970105459616,-0.0994958626301469,70.6032298073351,0.0206148660343042,18,4.51858779183631e-06,0.00152788853019788,consensus_significant,downregulated
AT5G38710,198.123778647971,2.74165444250004e-24,18,-0.471909226468232,-0.429011915070075,0.556758168057411,0,5,5,0.777777777777778,1.94577611404615e-23,-0.489031318622464,0.129133936724992,-3.78700852018415,0.000152471873887483,-0.742129183785322,-0.235933453459607,72.7932658360988,0.180109358672297,18,4.94399420800782e-06,0.00642636125489696,consensus_significant,downregulated
AT5G08290,198.08410505156,2.78719062356337e-24,18,-0.120971743448604,-0.122320910398018,0.140187297361211,0,3,3,0.888888888888889,1.97674201357696e-23,-0.128302023270598,0.0271381155484462,-4.7277425376702,2.27029800632476e-06,-0.181491752353839,-0.0751122941873569,70.1390337788371,0.00741669351089258,18,2.04640591145617e-08,0.000247462482689398,consensus_significant,downregulated
AT1G28470,197.773487716101,3.17078880564525e-24,18,-0.255763017474614,-0.174746608139013,0.554413356169265,0,3,3,0.777777777777778,2.24419896088632e-23,-0.422549620777782,0.134043977996999,-3.15232080614053,0.00161978206609655,-0.685270989996379,-0.159828251559185,77.3422955571034,0.192307271774353,18,2.99325722146867e-10,0.0351782221504201,consensus_significant,downregulated
AT2G32295,197.360595808106,3.7633913545071e-24,18,-0.178952712451099,-0.215688227962804,0.210259628665204,0,4,4,0.833333333333333,2.65746632231664e-23,-0.195572353797878,0.0490867916656861,-3.98421545106995,6.77034273898796e-05,-0.291780697579243,-0.0993640100165122,75.0242533180114,0.0262520913061241,18,2.64029099464184e-07,0.00345061358221661,consensus_significant,downregulated
AT5G47600,197.264009370119,3.91725472362339e-24,18,0.788904522333173,0.670556864595637,1.07490128783138,6,0,6,0.833333333333333,2.76385858361579e-23,0.792299945406123,0.160443429152441,4.93818880331546,7.88514833023448e-07,0.477836602711234,1.10676328810101,68.4253270237299,0.216226871541086,18,2.66896988615939e-05,0.000104365570399461,consensus_significant,upregulated
AT3G21270,197.236144476536,3.96279896278606e-24,18,-0.293033622224074,-0.385057192626757,0.373639542027488,0,6,6,0.722222222222222,2.79561273572869e-23,-0.340910158261272,0.0662394474023824,-5.14663348850659,2.65202764014035e-07,-0.470737089525777,-0.211083226996767,58.6653237318651,0.0368802639214634,18,0.00413851112428496,4.33996655822257e-05,consensus_significant,downregulated
AT5G60750,197.189210773773,4.04070775419328e-24,18,-0.222932277489021,-0.19244030804521,0.167703022051799,0,3,3,0.888888888888889,2.84863859209977e-23,-0.232609424754969,0.0501142530099324,-4.64158220035459,3.45751423167373e-06,-0.330831555766564,-0.134387293743373,62.5178402438515,0.0229549599566488,18,3.33661310172381e-05,0.000344980131531077,consensus_significant,downregulated
AT3G10480,196.954682742513,4.45351608778414e-24,18,-0.135421394517752,-0.143168080810736,0.219268164978558,0,3,3,0.666666666666667,3.13625425335257e-23,-0.147266771077266,0.0482133373064087,-3.0544820023834,0.00225449541164044,-0.241763175772308,-0.0527703663822231,76.1263473132137,0.0274477268154258,18,5.87592492438432e-09,0.0441571309692536,consensus_significant,downregulated
AT5G43600,196.761381844975,4.82519303404183e-24,18,-0.239935680986181,-0.230746079126348,0.186596649102579,0,5,5,0.888888888888889,3.39569279538718e-23,-0.219749201007492,0.0457780854314164,-4.80031436300923,1.58416761030672e-06,-0.309472599734266,-0.130025802280718,70.4351477141327,0.0223134230037717,18,1.26154175713421e-06,0.000183876850767682,consensus_significant,downregulated
AT3G15770,196.56522641201,5.23399541850827e-24,18,0.205639024456857,0.212199344476107,0.253678257405018,4,0,4,0.833333333333333,3.67989157702517e-23,0.232653683516939,0.0691066915114827,3.36658691695986,0.00076104594904813,0.0972070570637127,0.368100309970164,71.7099102416226,0.0521836874939203,18,9.37639880669906e-07,0.0211155657863172,consensus_significant,upregulated
AT4G22760,196.163997673222,6.18093264314136e-24,18,0.382670921571503,0.275749704515147,0.311775686915119,4,0,4,0.944444444444444,4.33450324431401e-23,0.390594689663836,0.0764721729254249,5.10767086538448,3.26154125262479e-07,0.240711984910485,0.540477394417188,68.8445105271743,0.054517017915826,18,2.76776551133156e-06,5.06652114823906e-05,consensus_significant,upregulated
AT4G15430,195.979819267905,6.67107505907605e-24,18,-0.52472388426809,-0.588410482706908,0.542820704341166,3,7,10,0.833333333333333,4.67632991141418e-23,-0.416089093429323,0.11864129105664,-3.50711872505399,0.000452986992180031,-0.648621750979672,-0.183556435878975,86.1243225206161,0.189580129992525,18,2.81463574719526e-22,0.0143660006737584,consensus_significant,downregulated
AT2G31930,191.688842628944,6.88670305302387e-24,17,-0.359788884872715,-0.582796815106578,1.45442910285682,0,6,6,0.647058823529412,4.82552686857017e-23,-0.8251741274958,0.218747188510647,-3.77227306606336,0.000161767075330878,-1.25391073869606,-0.396437516295537,77.7325695002337,0.462382535332799,17,6.08520457875079e-09,0.00675774793596398,consensus_significant,downregulated
AT1G63220,195.406454387904,8.45918919221092e-24,18,-0.202632099447454,-0.312876758776951,0.399575633868706,1,4,5,0.722222222222222,5.9153917847607e-23,-0.266192344082973,0.0867489633354575,-3.06853631268894,0.00215110183842015,-0.436217187916655,-0.0961675002492905,80.4966399134569,0.0797010159036861,18,4.87791467188775e-13,0.0427779868856231,consensus_significant,downregulated
AT3G49950,173.502248587221,9.27220516835636e-24,13,0.65706246313242,0.5369832342052,0.991404993597573,4,0,4,0.615384615384615,6.4751980683916e-23,1.0002134274243,0.304322299018657,3.28669121733658,0.00101371923611868,0.403752681655299,1.59667417319329,71.5448729034968,0.681905380274017,13,4.06878565009171e-05,0.025791053574858,consensus_significant,upregulated
AT5G47530,194.997679122529,1.00188673956214e-23,18,-0.279696703736694,-0.298013416842508,0.821225671728435,0,8,8,0.666666666666667,6.99192196719306e-23,-0.62711397237894,0.116098837137135,-5.40155257229837,6.60665704020969e-08,-0.854663511814706,-0.399564432943175,67.6091192419832,0.11261846827064,18,1.4881780623754e-06,1.42232279615867e-05,consensus_significant,downregulated
AT5G26860,194.993069779723,1.00379983368307e-23,18,0.263339816730026,0.260757010318966,0.271441528393739,7,0,7,0.833333333333333,7.00338959107204e-23,0.224954663342178,0.0537946046714503,4.1817328097508,2.89295820731517e-05,0.119519175623565,0.33039015106079,74.9731155490358,0.0317742047328284,18,2.21827573143898e-05,0.00180641057659509,consensus_significant,upregulated
AT3G20490,194.946437270326,1.02336061130135e-23,18,-0.203365420103622,-0.155667749150964,0.226243853789771,0,3,3,0.833333333333333,7.13602567340474e-23,-0.202398094698614,0.0573813390663849,-3.52724593032689,0.000419906542104388,-0.314863452653409,-0.089932736743818,72.4274143834539,0.0376255560589948,18,5.15641902387837e-09,0.0136250350409907,consensus_significant,downregulated
AT3G19010,194.559353440876,1.20111891372424e-23,18,-0.26440578139906,-0.156293968942024,0.359884236615137,0,6,6,0.777777777777778,8.35423113658563e-23,-0.267083589940726,0.0788828844674022,-3.38582433621703,0.000709647944391849,-0.421691202493469,-0.112475977387984,76.5954221257512,0.075406392079169,18,5.44001967563222e-07,0.0200118199117366,consensus_significant,downregulated
AT5G15180,185.953532747807,1.27406228869405e-23,16,-0.456780727710665,-0.426680024166008,0.570075172348867,0,6,6,0.875,8.8520892698139e-23,-0.750334973535499,0.102358909564681,-7.33043148590165,2.29412892148156e-13,-0.950954749779066,-0.549715197291931,36.7178323404366,0.0508927866465282,16,0.124049252409795,2.16415609022089e-10,consensus_significant,downregulated
AT4G17215,194.39745835223,1.28430870879737e-23,18,-0.143512000581703,-0.410466003670292,0.625267297970682,0,8,8,0.722222222222222,8.92208623949836e-23,-0.393950694810558,0.0686291228468453,-5.74028456825405,9.45175897701833e-09,-0.528461303880949,-0.259440085740166,51.646828714236,0.0313588410390551,18,0.00776102881417458,2.75502844249224e-06,consensus_significant,downregulated
AT2G41475,194.224000550904,1.37982650785289e-23,18,-0.228902579679419,-0.116144165023388,0.304656035284623,0,8,8,0.777777777777778,9.57411438289741e-23,-0.251512004257913,0.0716064331812752,-3.51242190238966,0.000444042486080283,-0.391858034354586,-0.11116597416124,81.6105632227527,0.0659683350063279,18,2.01816345635472e-10,0.0141776617524858,consensus_significant,downregulated
AT1G64260,185.556860246533,1.50518245393029e-23,16,0.710009842257612,0.351129196806336,0.719942732863729,2,0,2,1,1.04341491306846e-22,0.659033507201993,0.189290250063137,3.48160302488996,0.000498422004342297,0.288031434453664,1.03003557995032,76.0248568861428,0.370613583019773,16,3.18701048788205e-11,0.0154021008179248,consensus_significant,upregulated
AT3G21300,193.360387579005,1.97175963167072e-23,18,0.312832958530948,0.248605839547815,0.455646595512899,4,0,4,0.722222222222222,1.36357490530769e-22,0.35250031593675,0.098769314936388,3.56892539108706,0.000358448476954059,0.158916015883735,0.546084615989764,80.8135032585074,0.119463497377524,18,7.17168512044646e-07,0.0122434106506152,consensus_significant,upregulated
AT1G19110,193.301535496646,2.02028882897499e-23,18,-0.128410210680531,-0.110426278919193,0.16164717868233,0,4,4,0.722222222222222,1.39620519990188e-22,-0.145494590354038,0.0404810932713366,-3.594136882095,0.000325468705882412,-0.224836075220665,-0.066153105487412,71.003199869537,0.0174680244255649,18,1.09780053838931e-08,0.0114170756114123,consensus_significant,downregulated
AT3G13880,193.107779453975,2.18863473816494e-23,18,0.376557635013167,0.2303002733998,0.455764235476288,4,0,4,0.722222222222222,1.51154133793079e-22,0.354828838419526,0.116060824011429,3.05726623468212,0.00223365788586449,0.127353803341084,0.582303873497969,83.2278317071714,0.179831539410118,18,8.04046264063503e-17,0.0439057687078884,consensus_significant,upregulated
AT2G35820,192.911625191983,2.37331827667255e-23,18,0.569672662039841,0.358023064412965,0.6841874528608,7,0,7,0.777777777777778,1.63691151996786e-22,0.58242991406946,0.147110027007946,3.95914490613206,7.52185905348212e-05,0.294099559369171,0.870760268769749,83.8488015374352,0.251136253283549,18,5.09095250848542e-12,0.00372438158459596,consensus_significant,upregulated
AT3G17465,192.893558918414,2.3910905336435e-23,18,0.229640952391306,0.212823330189794,0.220733962188222,7,0,7,0.888888888888889,1.6487310985337e-22,0.226913712508938,0.0476992659721419,4.75717409658806,1.96321846854981e-06,0.133424869114543,0.320402555903333,78.1118545575625,0.0285373111577912,18,8.4165640261795e-07,0.000218114833024065,consensus_significant,upregulated
AT5G12020,184.415733277845,2.43052112976823e-23,16,1.6253660568787,1.95634349636472,1.83123161152632,7,0,7,0.875,1.67525202066535e-22,1.62982971872861,0.43405731637613,3.75487212687896,0.000173429998410771,0.779093011405288,2.48056642605193,82.1516109465026,2.3263606978684,16,2.25380968208047e-11,0.00711920739459262,consensus_significant,upregulated
AT5G01750,192.473071319823,2.84439004965217e-23,18,-0.13737789643957,-0.156607032222238,0.189997594669891,0,4,4,0.777777777777778,1.95687550327409e-22,-0.176748623000705,0.0477581967655802,-3.70090654528417,0.000214830592165556,-0.270352968627819,-0.0831442773735903,66.5088199049434,0.0182619366483107,18,0.00161580931862367,0.00834926625012563,consensus_significant,downregulated
AT4G13270,192.105636502367,3.31010583320219e-23,18,-0.160142113409747,-0.205929347122239,0.284952827325287,1,3,4,0.777777777777778,2.27215715975435e-22,-0.169830352374178,0.0505604649586234,-3.35895551026202,0.000782376620578644,-0.268927042734679,-0.0707336620136768,74.3197542512382,0.0278032134030813,18,1.35290303784608e-05,0.0214663292343217,consensus_significant,downregulated
AT1G70310,192.022681488041,3.42535574804785e-23,18,0.187714356729401,0.187920137081363,0.132802239301191,5,0,5,0.944444444444444,2.34971436266761e-22,0.202937744800712,0.0296377331390166,6.84727620188856,7.52693102985512e-12,0.14484885526483,0.261026634336594,39.6768502989214,0.00515966614883085,18,0.0755470342062117,5.07178298120783e-09,consensus_significant,upregulated
AT3G25230,191.858385453596,3.66555833886771e-23,18,0.323943444943479,0.26640025257394,0.272909228817967,5,0,5,0.944444444444444,2.51249528982532e-22,0.281909537269038,0.0554622207071677,5.08291110010683,3.71693694026313e-07,0.173205582180377,0.390613492357698,75.2893880746414,0.0336937129253269,18,0.000226989801396206,5.6224360410674e-05,consensus_significant,upregulated
AT4G31290,191.848436845865,3.6806312523019e-23,18,0.334848750364898,0.328994596443931,0.333992578126897,8,0,8,0.888888888888889,2.52249363034096e-22,0.332399597063909,0.0504774980678329,6.58510444826767,4.545657190884e-11,0.233465518821267,0.431333675306552,52.3556905354391,0.0208934065816393,18,0.00206464475488859,2.45673830928985e-08,consensus_significant,upregulated
AT5G05220,191.804293104665,3.74826162910579e-23,18,1.49824343231947,1.57484004564522,1.86263458943525,5,0,5,0.777777777777778,2.56782638347703e-22,1.43014245169771,0.398087787536697,3.59253033243548,0.000327482520637671,0.649904725440555,2.21038017795487,80.9808455345609,1.83324833401499,18,3.90046786916754e-14,0.011449530391351,consensus_significant,upregulated
AT3G61780,191.673415729843,3.9561438741789e-23,18,0.236372684805315,0.121257512384872,0.265771162376262,5,0,5,0.777777777777778,2.70881033263534e-22,0.276070083763521,0.0696987643179389,3.96090356070297,7.46666864890251e-05,0.139463015933415,0.412677151593627,68.5716859875009,0.0525110173405871,18,3.59430509491076e-07,0.00371429181380305,consensus_significant,upregulated
AT1G04350,191.642767113234,4.00646394598049e-23,18,-0.604691855228465,-0.547169665391289,0.341383868446116,0,8,8,1,2.74254135136288e-22,-0.571743423446486,0.0498724676885629,-11.4641093562251,1.99804512745747e-30,-0.669491663936206,-0.473995182956765,2.12289552706597,0.000992731937410267,18,0.599925783072099,2.59166433482508e-26,consensus_significant,downregulated
AT5G25160,191.330902731078,4.55622993549158e-23,18,-0.284081219722442,-0.27555325627943,0.620504937122695,0,8,8,0.777777777777778,3.11230442066266e-22,-0.421664213162316,0.127210430522906,-3.31469842079018,0.000917420433912535,-0.670992075445047,-0.172336350879585,86.6781878000471,0.178764098897727,18,3.12896846560626e-13,0.0240158636695853,consensus_significant,downregulated
AT2G35960,191.22759629478,4.75444826749271e-23,18,-0.804152674452534,-0.537639179314932,0.945353528903137,0,5,5,0.944444444444444,3.24642309605498e-22,-0.837442504810528,0.22503812398795,-3.72133614504968,0.000198171435294996,-1.27850912297537,-0.396375886645688,83.3231494560593,0.685837213899442,18,1.39017618710547e-09,0.00786681465099125,consensus_significant,downregulated
AT2G28890,191.223405892936,4.76266759065891e-23,18,-0.128422426012789,-0.15823182205821,0.191422379000052,0,6,6,0.777777777777778,3.25160761145472e-22,-0.181483130634959,0.0431994943457114,-4.20104756742309,2.65682756538287e-05,-0.266152583702895,-0.0968136775670226,58.8711368708515,0.0144902395003448,18,0.00801595248043085,0.00169971444392509,consensus_significant,downregulated
AT5G20885,191.211378948918,4.78633680069754e-23,18,-0.223348833867983,-0.264538028701688,0.33085581439437,0,6,6,0.833333333333333,3.26690776292744e-22,-0.249933310152955,0.0806110635953717,-3.10048396591687,0.00193204673922366,-0.407928091555351,-0.0919385287505584,81.8849617984317,0.0764226737119438,18,1.47364101862422e-06,0.0398282422550982,consensus_significant,downregulated
AT1G61400,191.124794954098,4.96023340571784e-23,18,0.272868759348445,0.224967648807733,0.359204775140888,4,0,4,0.722222222222222,3.38382063604313e-22,0.315875740291416,0.097509461990233,3.23943680791774,0.00119766001915025,0.124760706638682,0.50699077394415,78.8177708230654,0.104167848450714,18,1.31345235004357e-11,0.0289676359902,consensus_significant,upregulated
AT2G48140,186.790624546628,5.29662413169953e-23,17,-0.269884951961148,-0.38082495606851,0.972237267120051,0,7,7,0.764705882352941,3.60903359668291e-22,-0.53161320312878,0.176267249773464,-3.01594994993115,0.00256175541463795,-0.877090664338696,-0.186135741918864,88.9056665011885,0.327820751405383,17,4.37044483353132e-16,0.0479661197881902,consensus_significant,downregulated
AT3G55960,190.794654782139,5.68309468688447e-23,18,-0.193200180333039,-0.136348204159756,0.263014590038734,0,4,4,0.777777777777778,3.86881292423912e-22,-0.194223742029994,0.0553418828932816,-3.50952536986364,0.000448907231036825,-0.30269183933746,-0.0857556447225292,76.05448533949,0.0377275246104921,18,1.84806977831038e-07,0.0142717431535818,consensus_significant,downregulated
AT4G40030,190.617473730551,6.11342836275526e-23,18,-0.181435431535995,-0.187295217285796,0.152067513451951,0,4,4,0.944444444444444,4.15794843998638e-22,-0.20223764016883,0.0373079469120353,-5.42076573245012,5.93442867342404e-08,-0.275359872453551,-0.129115407884108,59.8502210818065,0.0126222745385108,18,7.13267396384778e-05,1.31582007389715e-05,consensus_significant,downregulated
AT5G14880,190.604348595886,6.14657002421412e-23,18,-0.361991142834429,-0.36737630599356,0.24658001501448,0,6,6,0.944444444444444,4.17994144165012e-22,-0.331341439257338,0.0533812241851967,-6.20707831854525,5.39787016227574e-10,-0.435966716110982,-0.226716162403694,57.8319762580048,0.0263899683567408,18,0.000398825640317774,2.25857335080254e-07,consensus_significant,downregulated
ATCG00670,190.574909753584,6.2215577713059e-23,18,0.43002445931545,0.335195157911556,0.485593635242767,6,0,6,0.833333333333333,4.2303821549659e-22,0.459507467816804,0.120678587580077,3.80769676734819,0.000140267121064786,0.222981782454691,0.696033153178917,80.8579636032498,0.183418203079908,18,7.47960151373947e-12,0.00603376559756391,consensus_significant,upregulated
AT4G15800,190.42561661653,6.61612187803168e-23,18,-0.224700941592593,-0.217324541563768,0.278806329204742,0,5,5,0.777777777777778,4.49395814149617e-22,-0.262130915906406,0.0678625363091791,-3.86267490375173,0.000112152213955195,-0.395139042971939,-0.129122788840874,67.8578467200401,0.047681284971689,18,7.65487273393974e-05,0.00504863699809022,consensus_significant,downregulated
AT1G26200,190.344896655916,6.83974951484354e-23,18,-0.227363480058764,-0.274650372728111,0.556844754171015,0,3,3,0.666666666666667,4.64464005717512e-22,-0.463003521885868,0.114411058855823,-4.04684238146356,5.19131716429058e-05,-0.687245076676374,-0.238761967095362,61.5981622804251,0.111141082357627,18,0.000179059848881821,0.00280861626435925,consensus_significant,downregulated
AT2G29750,190.286885035738,7.00510632291096e-23,18,0.0275204690306028,-0.288077922785069,0.940299036689594,1,7,8,0.666666666666667,4.75319680043668e-22,-0.442461585693494,0.0465731490569787,-9.50035792409432,2.09170099480702e-21,-0.533743280491788,-0.3511798908952,11.3042999804794,0.00413617220742348,18,0.0233853854325661,1.17805603444248e-17,consensus_significant,upregulated
AT1G15870,189.861442966514,8.34600087464906e-23,18,0.454370178974632,0.322691966348295,0.529728778539124,5,0,5,0.888888888888889,5.65342980155522e-22,0.433169357594856,0.129679069879597,3.34031820244423,0.000836824487132011,0.179003051082193,0.687335664107519,86.4667865128165,0.240456384676567,18,3.92561194041197e-15,0.0225664249949882,consensus_significant,upregulated
AT4G27730,189.838757186459,8.42429073809385e-23,18,0.166216071216081,0.0998516023150973,0.280388240606913,4,0,4,0.777777777777778,5.70497277658936e-22,0.2141132391503,0.0687441387878759,3.1146399231357,0.00184169582572917,0.0793772029778402,0.34884927532276,61.7602157713854,0.0373124119463029,18,0.00396383011969081,0.0385456015418041,consensus_significant,upregulated
AT4G35870,189.757813118263,8.70964961051393e-23,18,-0.189794365093137,-0.191684299759245,0.237041142643354,0,3,3,0.833333333333333,5.89437377018234e-22,-0.178461970076812,0.0534594802138433,-3.33826609168189,0.000843029755011891,-0.283240625928176,-0.0736833142254474,76.030571383497,0.0320032519398812,18,1.35432653816346e-12,0.0226983683492667,consensus_significant,downregulated
AT3G13435,185.417458968718,9.36596787124524e-23,17,-0.236027734983698,-0.364454935370705,0.833076379480841,0,7,7,0.764705882352941,6.33276574368811e-22,-0.58643385748964,0.117584008925645,-4.98736063558162,6.1209743403697e-07,-0.81689428014174,-0.355973434837539,62.8268769540368,0.108942344743311,17,8.42991703997804e-05,8.51422607709763e-05,consensus_significant,downregulated
AT1G15215,189.484979655295,9.74440355176938e-23,18,0.209510077290194,0.117575295340719,0.259660051349202,2,0,2,0.888888888888889,6.5809276348781e-22,0.221711174769554,0.0687519810841934,3.22479688982413,0.00126062070743789,0.0869597679787563,0.356462581560352,78.9508571527779,0.0603126494146822,18,7.44650893073547e-13,0.0299882280492944,consensus_significant,upregulated
AT5G58600,189.399374633444,1.00936809395028e-22,18,0.303317157349641,0.185037332971378,0.38671162953742,4,0,4,0.777777777777778,6.81504012542128e-22,0.2624648428571,0.0839176916888258,3.12764612056231,0.00176212204694943,0.0979891894812654,0.426940496232935,83.0400108043393,0.0873232585232171,18,5.83303712668683e-15,0.037352100942464,consensus_significant,upregulated
AT3G09740,189.154186782306,1.11646997449724e-22,18,-0.121077398243291,-0.0985243544959531,0.0987733561757753,0,3,3,0.888888888888889,7.52642007356558e-22,-0.121364027238683,0.0299026818345012,-4.05863353362022,4.93607049157809e-05,-0.179972206675465,-0.0627558478019004,68.8833855171886,0.00954180751103209,18,2.69564111740332e-09,0.00272450086579827,consensus_significant,downregulated
AT5G57920,188.973782860608,1.20244322469148e-22,18,0.500902337677441,0.472571316723318,0.672176568633945,4,0,4,0.833333333333333,8.10177928141144e-22,0.554574971196702,0.174273055003976,3.182218680817,0.00146151421565954,0.21300605991314,0.896143882480263,78.6284975041699,0.338620671964898,18,1.67374945214806e-07,0.0329835596195215,consensus_significant,upregulated
AT3G27906,188.894996755899,1.24203143007128e-22,18,0.225632288569865,0.163420456723423,0.292904514500883,6,0,6,0.833333333333333,8.36308682565251e-22,0.234657634700017,0.0618273824776708,3.79536744556127,0.00014742494673238,0.1134781917854,0.355837077614635,76.7619922723,0.0474011819821137,18,5.73771776144761e-08,0.00628512402322333,consensus_significant,upregulated
AT2G35612,184.680437945344,1.27136388463415e-22,17,-0.10302530437063,-0.612757700662024,1.99704659627484,1,8,9,0.705882352941177,8.55726325721657e-22,-0.739219383893473,0.184821825798114,-3.99963251472769,6.34409172660159e-05,-1.10146350601471,-0.376975261772234,70.1396570447434,0.297805943114066,17,5.39751858156676e-05,0.00329156855142997,consensus_significant,downregulated
AT5G53080,188.7213506694,1.33393395996763e-22,18,0.291783473240378,0.384747284311098,0.30352634699512,6,0,6,0.833333333333333,8.96794125081348e-22,0.391294701642108,0.0412244534081305,9.49181054672116,2.27055746365445e-21,0.310496257679823,0.472093145604393,8.77064043130165,0.00259436815979056,18,0.0683815463693443,1.17805603444248e-17,consensus_significant,upregulated
AT1G35560,188.294942372526,1.58941358514004e-22,18,-0.482276294931011,-0.429403355907032,0.710729608592603,1,6,7,0.777777777777778,1.06579010959113e-21,-0.399354616358154,0.122246776411701,-3.26679056970152,0.00108774116809864,-0.638953895351209,-0.1597553373651,80.1841636057637,0.170876358526775,18,7.09699543277128e-07,0.0269597137894983,consensus_significant,downregulated
AT1G32690,188.175259089104,1.6695160808706e-22,18,-0.262290973290906,-0.18620011421931,0.26536205971626,0,6,6,0.944444444444444,1.11834736852433e-21,-0.270236206381033,0.0698660665757095,-3.86791785520364,0.000109768627096969,-0.407171180610902,-0.133301232151165,68.6426903165979,0.0497448092096686,18,5.39842599184501e-06,0.00496100648806548,consensus_significant,downregulated
AT2G03450,188.080185082811,1.7360070214112e-22,18,-0.264600528760068,-0.295075875531452,0.256154409614847,0,5,5,0.777777777777778,1.16213724259335e-21,-0.361595932380313,0.0470186520836101,-7.69047848792669,1.46585775377163e-14,-0.453750797065808,-0.269441067694818,23.9066821879466,0.00780696437543683,18,0.25802035377808,1.81082294515922e-11,consensus_significant,downregulated
AT2G41450,188.062918327723,1.74836300925196e-22,18,0.622114146126211,0.367472676821497,0.790349285215961,2,0,2,0.833333333333333,1.1701068799895e-21,0.606860348959909,0.196623095835939,3.08641437253265,0.00202586285917055,0.2214861625927,0.992234535327117,89.5881584932943,0.56317713317526,18,4.77809099549253e-19,0.0410745871767116,consensus_significant,upregulated
AT4G28490,187.999139115804,1.79476811858343e-22,18,-0.216297800853169,-0.222887101117482,0.446261631283485,0,4,4,0.666666666666667,1.20069940864396e-21,-0.235787470019449,0.0693926514371734,-3.39787376813127,0.000679117480793764,-0.37179456762805,-0.099780372410847,61.6061340069052,0.0382302778708806,18,0.00042625102163359,0.0193813703924662,consensus_significant,downregulated
AT2G39380,170.835563420834,1.95001188945546e-22,14,-0.208686553340003,-0.345891280236793,0.775415289059826,0,2,2,0.642857142857143,1.30354929256347e-21,-0.679223777350029,0.150890726752067,-4.50142823200847,6.74983568947429e-06,-0.974964167385154,-0.383483387314904,42.6607663867139,0.0874056903784562,14,0.105773634736794,0.000580776906986209,consensus_significant,downregulated
AT4G09750,187.745594994803,1.99171217391703e-22,18,-0.533105241190466,-0.363807554313775,0.657555777234265,0,7,7,0.944444444444444,1.3310823273045e-21,-0.463356301938363,0.108051337386702,-4.28829770315633,1.8004767403408e-05,-0.675133031697684,-0.251579572179041,84.310524727327,0.149033961517889,18,1.41865366259888e-05,0.00125897486786849,consensus_significant,downregulated
AT1G25390,187.673766491309,2.05132478179004e-22,18,-0.236984208059646,-0.186035211956973,0.235029598773249,0,3,3,0.833333333333333,1.36986370946584e-21,-0.242523323865251,0.05273108806696,-4.5992474791585,4.24019825526738e-06,-0.345874357342102,-0.139172290388399,62.1956139129832,0.0245865788099573,18,0.000534093311043938,0.000407404530141283,consensus_significant,downregulated
AT3G23190,187.342571494991,2.35004776090368e-22,18,-0.208934570488913,-0.252092094470491,0.759828201990531,0,7,7,0.722222222222222,1.56652747031418e-21,-0.475825063042068,0.147738866767619,-3.22071688684671,0.00127870397694334,-0.765387921023364,-0.186262205060773,76.9590300074673,0.220995132040206,18,1.90662397113104e-05,0.0302251832071654,consensus_significant,downregulated
AT3G12050,187.125371224492,2.56912294695862e-22,18,0.276409579866052,0.200000280651771,0.288250367022133,4,0,4,0.888888888888889,1.71058434984092e-21,0.245871064072994,0.0625641948058737,3.92990055791321,8.49809996337848e-05,0.123247495531734,0.368494632614255,90.310563774433,0.0569044089124353,18,1.03770965878389e-15,0.00409209570012133,consensus_significant,upregulated
AT1G15480,187.055106356629,2.64426529189973e-22,18,0.250796038871947,0.276547737685223,0.218130882844054,4,0,4,0.888888888888889,1.76039010922124e-21,0.264411285777035,0.0564254544793247,4.6860284638721,2.78557540313753e-06,0.153819427186254,0.375003144367815,64.1528395376423,0.0323911660520221,18,1.42499116889791e-05,0.000291973321649268,consensus_significant,upregulated
AT1G19700,187.016165974741,2.68684847630195e-22,18,-0.247664255987634,-0.269831098197108,0.194863606541625,0,6,6,0.888888888888889,1.78736378836898e-21,-0.237056661369622,0.0495945973646894,-4.77988881785746,1.75392161480452e-06,-0.334260286032178,-0.139853036707066,68.0746105055144,0.0245728640703818,18,1.18491672075086e-06,0.00019912575287203,consensus_significant,downregulated
AT2G38500,186.721466667405,3.0320805310146e-22,18,-0.226858659055508,-0.416392178291328,0.553331520043247,0,5,5,0.722222222222222,2.0139238756103e-21,-0.407778599924081,0.0926684009446351,-4.40040613377702,1.08048459471985e-05,-0.589405328280483,-0.226151871567678,58.8773063689067,0.0713480501270876,18,0.00119976455414767,0.000844275040850067,consensus_significant,downregulated
AT5G39000,182.172744045213,3.58942915778255e-22,17,-0.61353503300228,-0.586696083414361,0.646504855573202,0,4,4,0.823529411764706,2.37894218769087e-21,-0.915804496359422,0.15670556625186,-5.84410955056648,5.0928505703585e-09,-1.22294176239002,-0.608667230328822,46.6011599372429,0.152496524990765,17,0.0402518293684659,1.62108870547534e-06,consensus_significant,downregulated
AT3G04110,185.354216797813,5.30966327342326e-22,18,-0.335612405603248,-0.354861217915117,0.520010435924397,0,5,5,0.666666666666667,3.50161160805515e-21,-0.362188725361248,0.0974134917603133,-3.7180550539387,0.000200762523724757,-0.553115660819752,-0.171261789902745,78.6220158533336,0.10775795742138,18,1.11792315666501e-09,0.00793325421244121,consensus_significant,downregulated
AT4G21480,185.158190241636,5.75335921755001e-22,18,0.418738197124485,0.322078960599814,0.579396305119638,3,0,3,0.833333333333333,3.79084799733481e-21,0.469990395311791,0.139233982627961,3.3755437174244,0.000736699866501225,0.197096803936912,0.742883986686669,77.5491010406267,0.241147444124172,18,1.56136196396165e-10,0.0205720860460439,consensus_significant,upregulated
AT4G29020,176.75245622197,5.98182261584713e-22,16,0.415955071154202,0.371239952265963,0.564358654250717,4,0,4,0.6875,3.93888068491603e-21,0.493347416342081,0.138892012031855,3.55202152467149,0.000382283586875983,0.221124075019341,0.765570757664821,73.6823780359688,0.191441966669252,16,3.19775029678051e-07,0.0127716687839495,consensus_significant,upregulated
AT4G24450,185.011959708456,6.10824966262774e-22,18,0.495680899141453,0.551688959003758,0.702739296556848,5,0,5,0.833333333333333,4.02110940816898e-21,0.62794197934075,0.135854563301376,4.62216331995961,3.79758839989377e-06,0.361671928134637,0.894212030546864,65.700531919272,0.16615773818313,18,3.03788356634546e-08,0.000371062291035948,consensus_significant,upregulated
AT5G50260,184.777700311156,6.72282096437635e-22,18,-0.606939518970789,-0.569703680416024,1.51048462511734,0,5,5,0.722222222222222,4.42064019855691e-21,-0.735962931005229,0.185377585974442,-3.97007506132212,7.18499928904366e-05,-1.09929632305611,-0.372629538954345,68.2794997903558,0.311527465521698,18,3.10760208028516e-05,0.00361227231698393,consensus_significant,downregulated
AT5G02050,184.753093306598,6.7908519643495e-22,18,0.263926550572821,0.217083581320238,0.410116678122557,5,0,5,0.666666666666667,4.46347268759966e-21,0.222268194011073,0.0506090983514059,4.39186235778687,1.12383841215427e-05,0.123076183952272,0.321460204069874,57.8865007770987,0.020982883857228,18,0.000305980086661439,0.000874201381952205,consensus_significant,upregulated
AT4G35510,184.537348958442,7.41749125532331e-22,18,-0.182150089704842,-0.223194487857053,0.237681508590362,0,5,5,0.833333333333333,4.86817417352725e-21,-0.208927558448126,0.0561810795033082,-3.7188242072818,0.000200152280287667,-0.319040450887192,-0.0988146660090605,71.1515686969364,0.0352877276482017,18,3.32681572275868e-05,0.0079151683768638,consensus_significant,downregulated
AT1G51500,175.862126024156,8.66372864233672e-22,16,0.138142085563739,0.159574301224932,0.260327407264763,3,0,3,0.6875,5.6738950191283e-21,0.218936380065797,0.07275250003399,3.00933136268183,0.00261823384182797,0.0763441002139275,0.361528659917666,70.9683043427223,0.0461388284529484,16,5.94555806940384e-05,0.0486833147860598,consensus_significant,upregulated
AT1G74660,184.122752577427,8.78807340660708e-22,18,-0.197659801287666,-0.221704956167217,0.378608640516611,0,6,6,0.722222222222222,5.7546025470138e-21,-0.317915971214053,0.0748921119721598,-4.24498605850819,2.1860701242704e-05,-0.464701813405627,-0.171130129022479,71.0416047651668,0.0526885712025315,18,0.000798148732760145,0.00148316762789145,consensus_significant,downregulated
AT5G63960,184.009850431232,9.20322366448785e-22,18,0.200545871924592,0.24217416217969,0.215032226299619,3,0,3,0.777777777777778,6.02189247870126e-21,0.211540677102988,0.0551903525888603,3.832928531529,0.000126626750379846,0.103369573734755,0.319711780471221,71.6044932072868,0.0314720993176599,18,8.31365546210907e-10,0.00555829299213868,consensus_significant,upregulated
AT1G28530,183.976994333955,9.32767105943239e-22,18,0.244170342094298,0.218173577174404,0.274933376736192,3,0,3,0.777777777777778,6.10101393390801e-21,0.294716808929465,0.0792983013790714,3.71655891493343,0.000201954565133369,0.139294994191282,0.450138623667648,65.6877222067945,0.0650906175144955,18,8.26859231735207e-07,0.00796822103222793,consensus_significant,upregulated
AT5G43330,183.962557487636,9.38288203389534e-22,18,0.216861865040382,0.243642251190841,0.232428431393739,7,0,7,0.833333333333333,6.13480675788866e-21,0.225176901254282,0.0390951723696764,5.75971117674206,8.42579847487626e-09,0.148551771440331,0.301802031068233,61.2029563798929,0.0136628817937495,18,0.00223278032493749,2.49319492642859e-06,consensus_significant,upregulated
AT1G76250,183.348648465875,1.20582733242046e-21,18,-0.239353744690236,-0.277574455909055,0.550340882379919,0,4,4,0.722222222222222,7.85831797839707e-21,-0.394049062745325,0.0902692880580997,-4.36526166564762,1.26970674557601e-05,-0.570973616249272,-0.217124509241378,56.0307791446467,0.0585982933916173,18,0.0015498965275263,0.000953364179268679,consensus_significant,downregulated
AT2G38940,183.173215336868,1.29540044221291e-21,18,-0.211577434704922,-0.297762296288987,0.505588826736307,0,3,3,0.722222222222222,8.4346478925219e-21,-0.33127767070811,0.109810311158988,-3.01681752115675,0.00255443533582871,-0.546501925710864,-0.116053415705356,67.4213916241133,0.119211625145302,18,4.97792305516635e-05,0.04786360525971,consensus_significant,downregulated
AT5G59190,178.933717828088,1.36564513762882e-21,17,1.02153382886731,1.13350654467873,1.20348885522901,2,0,2,0.823529411764706,8.8875671834575e-21,0.808127440776043,0.22656681841253,3.56683933878003,0.000361312843428004,0.364064636595658,1.25219024495643,61.4755099521436,0.400982382497283,17,2.1613823088758e-05,0.0123088349103208,consensus_significant,upregulated
AT1G63480,182.538269409954,1.67871814256175e-21,18,0.243860913347994,0.234713372892584,0.307965741078883,3,0,3,0.777777777777778,1.08936171939357e-20,0.255340731945944,0.073946975491345,3.45302468761322,0.000554338267705798,0.110407323217242,0.400274140674646,74.2388114996627,0.0660631100110991,18,3.97564025559987e-10,0.0167022570741275,consensus_significant,upregulated
AT4G34680,182.474562635315,1.72293144234337e-21,18,-0.288400138515633,-0.29866415477036,0.358891046600387,0,7,7,0.777777777777778,1.11749393637919e-20,-0.270808826529391,0.067090558990572,-4.03646698736624,5.42621569827533e-05,-0.402303905853572,-0.13931374720521,75.6873086264249,0.0531309176812116,18,2.15315737633537e-07,0.00290540531774321,consensus_significant,downregulated
AT1G73340,178.235091526926,1.82061570376523e-21,17,-0.474367776846135,-0.612911545462591,0.81465828684702,0,9,9,0.823529411764706,1.17967260475804e-20,-0.699217361856207,0.0608094011045327,-11.4985076181598,1.34215966520157e-30,-0.818401597942541,-0.580033125769873,0,0,17,0.804048620647032,2.32122040231061e-26,consensus_significant,downregulated
AT3G57157,181.81367235983,2.25600625255324e-21,18,-0.64477023948003,-0.614598978888927,0.57573522612351,0,8,8,0.888888888888889,1.45959836092952e-20,-0.712602206354342,0.107502259414212,-6.62871841240702,3.38613818685681e-11,-0.923302763062879,-0.501901649645805,49.8072628109918,0.0842480038509059,18,0.0128981154994796,1.90963471398781e-08,consensus_significant,downregulated
AT5G24290,181.71624101184,2.34742439546224e-21,18,-0.347530797628994,-0.377038010481697,0.337432528928437,0,6,6,0.833333333333333,1.51855507352469e-20,-0.398592962709239,0.0588253919253922,-6.77586582363567,1.23663408056288e-11,-0.513888612259461,-0.283297313159017,41.6367594116941,0.0197839716558323,18,0.087399102852131,7.82457593121031e-09,consensus_significant,downregulated
AT1G68795,181.637018254788,2.42447311805658e-21,18,-0.270445898767195,-0.458888842642796,0.634189153291621,0,3,3,0.722222222222222,1.56703087547017e-20,-0.605571513514038,0.0803820365576646,-7.53366721530639,4.93347642007924e-14,-0.763117410171042,-0.448025616857033,22.978462579945,0.0217043703661406,18,0.177316133731252,5.56453240389981e-11,consensus_significant,downregulated
AT3G04090,181.413403973601,2.65582307934757e-21,18,-0.113397181996455,-0.162054382112134,0.170483844990668,0,3,3,0.777777777777778,1.71506623915912e-20,-0.156668287441765,0.0291352731911039,-5.37727195534251,7.56229038368321e-08,-0.213772373576065,-0.0995642013074664,51.494733602558,0.00672904995731367,18,0.00173694410909067,1.55083744769573e-05,consensus_significant,downregulated
AT3G60360,181.384377668559,2.687424443874e-21,18,0.310940410250882,0.293435555777987,0.249969863682445,7,0,7,0.888888888888889,1.73525772656761e-20,0.284886793513606,0.056630488374793,5.03062575812807,4.88881593912404e-07,0.173893075872097,0.395880511155114,77.4201808855641,0.0406250664478976,18,1.86822456640655e-08,7.07887497806876e-05,consensus_significant,upregulated
AT3G06220,177.273542177242,2.70350290807198e-21,17,0.915897678180326,0.656443358349725,1.03207839906934,3,0,3,0.882352941176471,1.74542237133778e-20,1.03074800677934,0.280391709596828,3.6761001538221,0.000236826577405399,0.481190354405945,1.58030565915274,68.1725921737858,0.786905694045297,17,3.23098820249087e-07,0.00896898550518374,consensus_significant,upregulated
AT4G31810,181.27665786596,2.80801279320692e-21,18,0.209505871530299,0.176540863633625,0.265634823687192,6,0,6,0.722222222222222,1.81154346774683e-20,0.223918043984099,0.0512549517695778,4.36871046120084,1.24982336006769e-05,0.123460184486389,0.324375903481809,58.468759926924,0.0217415506448071,18,0.00240311071679742,0.000941158711375211,consensus_significant,upregulated
AT1G54095,177.157760532756,2.83523580726794e-21,17,-0.691494389097499,-0.464192504724597,0.810783724537076,0,5,5,0.823529411764706,1.82887861835712e-20,-0.854807840644596,0.190651050619053,-4.48362512490225,7.33855383696531e-06,-1.22847703347266,-0.481138647816529,69.5470250810944,0.325892481669311,17,5.3187576300257e-05,0.000620119751265649,consensus_significant,downregulated
AT5G52020,172.66939227802,3.26021324712964e-21,16,-0.563701317901654,-0.555846350738653,0.690486041073595,0,4,4,0.8125,2.09857779659277e-20,-0.562537445446171,0.166798232993576,-3.3725623788103,0.000744722150629783,-0.889455974798501,-0.235618916093841,71.2985608360243,0.244913392795048,16,2.78421027030338e-05,0.0207402920361115,consensus_significant,downregulated
AT2G05320,180.785117483741,3.43046650262609e-21,18,-0.16023524131602,-0.191345191955677,0.242306951716853,0,4,4,0.777777777777778,2.20652673135205e-20,-0.185189164537202,0.0557120053745661,-3.32404413181913,0.000887221546759532,-0.294382688577853,-0.0759956404965506,63.6157305536068,0.0282715607047673,18,0.000124527173803088,0.0235822759897907,consensus_significant,downregulated
AT3G47670,180.720348368657,3.52214290843046e-21,18,-0.196331104438696,-0.281932598086856,0.345722989478837,1,6,7,0.777777777777778,2.26493295862284e-20,-0.209912804846981,0.0672743820640167,-3.12024872480037,0.00180698391462858,-0.341768170774641,-0.0780574389193205,78.1958022813639,0.0511950539951785,18,1.5981836952586e-05,0.0379415432725978,consensus_significant,downregulated
AT5G49390,180.715315788275,3.5293676259151e-21,18,0.321654966413462,0.39891026307712,0.464704121947973,5,0,5,0.777777777777778,2.26929768524058e-20,0.410508339495432,0.0983991975413473,4.17186674030483,3.02114316115439e-05,0.217649456206749,0.603367222784115,66.2922746802293,0.0964192725758332,18,9.12502494642026e-06,0.00185941864499803,consensus_significant,upregulated
AT2G18150,176.618785142354,3.53782638625293e-21,17,-0.251663362649711,-0.526569923940959,1.22996462358942,0,2,2,0.823529411764706,2.2744546918483e-20,-0.701437768530198,0.189576112430087,-3.70003245418844,0.000215571896812242,-1.07300012122228,-0.329875415838112,53.6922738880272,0.217942445827072,17,0.00263593007764869,0.00836554397472426,consensus_significant,downregulated
AT2G34350,176.457006166684,3.78080152878706e-21,17,-0.156548937526574,-0.654386552851467,1.3143640769727,0,6,6,0.764705882352941,2.43006043523935e-20,-0.77643144047347,0.0831110438993261,-9.34209707934815,9.4444654711596e-21,-0.939326093233677,-0.613536787713264,16.7490604461907,0.0180369872886541,17,0.434579080505677,4.45469678641495e-17,consensus_significant,downregulated
AT2G26135,131.260516534236,3.83145669908894e-21,7,1.75036218733806,1.90448629090187,0.806496119580563,4,0,4,1,2.4623134489774e-20,2.05364842389992,0.303600623473099,6.76430898068261,1.33946953360836e-11,1.45860213620874,2.6486947115911,38.5140122353372,0.214207563391668,7,0.207706484138323,8.37313702189592e-09,consensus_significant,upregulated
AT1G17200,180.119363094102,4.49822722417722e-21,18,0.231239600048113,0.249094594136811,0.770995335222429,4,0,4,0.666666666666667,2.88510246122123e-20,0.314481401758294,0.0990244125866647,3.17579669036728,0.00149425634966901,0.120397119498196,0.508565684018391,73.1066930708874,0.0979111508330289,18,8.76739950355174e-07,0.033431205179518,consensus_significant,upregulated
AT3G52170,180.01155229024,4.69991889546808e-21,18,0.234776829225885,0.187836410543786,0.218910604697574,4,0,4,0.777777777777778,3.01371992332208e-20,0.275051779346238,0.0565359208335785,4.86508002860504,1.14410504115663e-06,0.164243410679617,0.38586014801286,58.6256143909835,0.028286414427298,18,0.00216847430464663,0.000140999396568576,consensus_significant,upregulated
AT5G43810,179.747436686684,5.23294042573054e-21,18,0.218036170160385,0.222028166340287,0.233129270371882,5,0,5,0.833333333333333,3.35136773242646e-20,0.248594851378176,0.0502934869706551,4.9428835889471,7.69754509225002e-07,0.150021428258757,0.347168274497594,57.4634680262254,0.021793396215979,18,0.000711972261310142,0.000103930439643227,consensus_significant,upregulated
AT1G72090,179.133430421906,6.71658825068975e-21,18,0.19370224200203,0.165904685163781,0.157450848804984,6,0,6,0.888888888888889,4.29201732084522e-20,0.219372183454854,0.0392509421339729,5.58896606114787,2.28425587726712e-08,0.142441750513001,0.296302616396706,56.0683356582812,0.0130387296557094,18,0.00544754951741102,5.83824295251858e-06,consensus_significant,upregulated
AT2G18160,178.821642346598,7.62364690502288e-21,18,-0.259884765482438,-0.152379686794921,0.366475818237867,0,8,8,0.722222222222222,4.86326079175998e-20,-0.260165019734013,0.0852815242657989,-3.05066099572928,0.00228338226290642,-0.427313735841658,-0.0930163036263687,87.619742831902,0.101530162950407,18,9.50324784427052e-13,0.0445212346218101,consensus_significant,downregulated
AT4G04750,178.665356601479,8.12326684296701e-21,18,-0.36551858634042,-0.401549553481263,1.8265352263858,1,6,7,0.722222222222222,5.17688694028525e-20,-0.508864761926533,0.144818175981201,-3.51381833446507,0.000441714790328081,-0.79270317115647,-0.225026352696596,73.9211639454739,0.163573851974081,18,1.63128079424751e-07,0.0141468704823347,consensus_significant,downregulated
AT3G11660,178.650508911562,8.17239756058137e-21,18,-0.359871163982292,-0.173025884318559,0.452684222427834,0,5,5,0.777777777777778,5.20691880421966e-20,-0.332226828561817,0.0984789852009983,-3.37358095114133,0.0007419722628107,-0.525242092789826,-0.139211564333807,89.3847943221073,0.142267310373183,18,1.95087268502716e-13,0.0206970370342314,consensus_significant,downregulated
AT5G04480,178.289472236749,9.46263703319137e-21,18,0.178833664331391,0.22490433750617,0.282374250276482,6,0,6,0.833333333333333,6.01715663635954e-20,0.205462411680364,0.0581953099237657,3.53056650010996,0.000414670761007252,0.0914017001606368,0.319523123200091,78.2962660696665,0.0410832086730464,18,4.97712130131824e-10,0.0134979769158934,consensus_significant,upregulated
AT1G71060,178.039220750962,1.04742407406395e-20,18,0.327116214283635,0.315045687425792,0.310344437604849,4,0,4,0.833333333333333,6.6506431206255e-20,0.331510887034449,0.0805096046363347,4.11765637816628,3.82744810250626e-05,0.173714961537674,0.489306812531224,74.6662094206729,0.0751361258236098,18,1.78209203991193e-11,0.00220893567686802,consensus_significant,upregulated
AT5G51810,177.90288339888,1.10700093134482e-20,18,0.441411584061788,0.342694170704087,0.560656295871233,3,0,3,0.722222222222222,7.02463080299883e-20,0.438201247421612,0.143656358384559,3.05034355840048,0.00228579728158212,0.156639958837697,0.719762536005527,77.2310374591421,0.25596463832495,18,6.91390826073441e-11,0.0445348502281662,consensus_significant,upregulated
AT2G02810,177.187865104993,1.47938019815553e-20,18,0.360233055352876,0.362281339165806,0.298775765121797,5,0,5,0.944444444444444,9.34192866096487e-20,0.322324314753212,0.0610672534322576,5.27818587929075,1.30469084336603e-07,0.202634697391207,0.442013932115216,71.3340425700136,0.0415704737716953,18,3.73813603684394e-06,2.41759213275725e-05,consensus_significant,upregulated
AT1G80790,177.141532664084,1.5074261216104e-20,18,0.153003292384177,0.182576793289325,0.0996099344378084,4,0,4,0.888888888888889,9.51671610968267e-20,0.158646161450096,0.0233994229898462,6.77991767228355,1.20244383549716e-11,0.112784135130979,0.204508187769213,46.9864424986531,0.00365822593643865,18,0.0141804832003959,7.70217234085611e-09,consensus_significant,upregulated
AT2G31902,177.081907305425,1.54429974446387e-20,18,0.484151584366716,0.359468059851553,0.851549626653105,5,0,5,0.833333333333333,9.74713620788269e-20,0.42108131250507,0.0607931034115397,6.92646515599893,4.3148609602897e-12,0.301929019310033,0.540233605700107,30.4333156779717,0.0135471084112292,18,0.18518238556093,2.98496328084894e-09,consensus_significant,upregulated
AT5G52910,176.928701663663,1.64322078606286e-20,18,0.33410946352405,0.257851846495337,0.440328703067688,3,0,3,0.777777777777778,1.03639326792379e-19,0.329810212075911,0.105351257300724,3.13057689605423,0.00174463317626023,0.12332554204048,0.536294882111343,85.5809147728114,0.144624199616956,18,1.63154208354753e-17,0.0370673823575289,consensus_significant,upregulated
AT5G01250,176.75480426325,1.76317531736692e-20,18,-0.053130410520902,-0.339188703511586,0.883579848550767,0,5,5,0.722222222222222,1.11096955380188e-19,-0.499082622843855,0.0795574138939076,-6.27323838742921,3.53614856214105e-10,-0.655012288779061,-0.34315295690865,36.8938511070238,0.0315822174614689,18,0.0486680277765683,1.56144621761677e-07,consensus_significant,downregulated
AT4G38220,176.718992408642,1.78894180328038e-20,18,-0.162864861332345,-0.164915788921958,0.18227133402878,0,5,5,0.777777777777778,1.12665779070568e-19,-0.201057621236129,0.0336050895933245,-5.98295150137222,2.19130030867612e-09,-0.266922386536287,-0.135192855935971,51.125578000648,0.00807347698047044,18,0.00715695884870756,7.95058917589874e-07,consensus_significant,downregulated
AT2G47490,176.504198838567,1.95155447988741e-20,18,-0.169365652241855,-0.157964003764691,0.259156719650317,0,5,5,0.833333333333333,1.22787767075568e-19,-0.182437850750205,0.036769980101393,-4.96159775575438,6.99156676821126e-07,-0.25450568746119,-0.11037001403922,57.1006056576325,0.0116611928262826,18,0.000535384387835244,9.52100919165021e-05,consensus_significant,downregulated
AT5G08780,176.046739082446,2.34864465719713e-20,18,0.329823124591762,0.298293388542333,0.188993340476274,5,0,5,0.944444444444444,1.47521488990909e-19,0.270069746761434,0.0379824554986693,7.11038144363509,1.15722672597383e-12,0.195625501939647,0.344513991583221,44.776325984087,0.00855047520807687,18,0.0261971556976309,9.09720476521606e-10,consensus_significant,upregulated
AT2G02180,175.693447056639,2.70959706138148e-20,18,-0.145097829008379,-0.076748443652144,0.155850938453664,0,2,2,0.888888888888889,1.69884992851848e-19,-0.13458757176011,0.040669477357585,-3.30930172956866,0.000935289834831749,-0.214298282651044,-0.0548768608691759,72.1580980919957,0.0191289118541783,18,2.94881958172834e-10,0.0243362977885709,consensus_significant,downregulated
AT5G03720,175.554549832576,2.86620025433842e-20,18,0.420436136026293,0.410464986871111,0.33045711832108,4,0,4,0.833333333333333,1.79486799469617e-19,0.43912205367436,0.0788354273497112,5.57011065249168,2.54577603412194e-08,0.284607455363102,0.593636651985618,47.9297943291129,0.0421236780966966,18,0.0311757112106016,6.38091998813444e-06,consensus_significant,upregulated
AT2G33120,175.422867771162,3.02298943811751e-20,18,-0.16093127393234,-0.148290247870026,0.156232076291931,0,4,4,0.888888888888889,1.89259559502699e-19,-0.157517467219123,0.037886552798698,-4.15760885019173,3.21596052979742e-05,-0.231773746202946,-0.0832611882352998,76.8433140355379,0.0163739551759619,18,6.95830460752076e-11,0.00194019646660476,consensus_significant,downregulated
AT1G78750,175.404410750779,3.04563814767281e-20,18,0.484384079718723,0.86366985397124,1.8467485076323,7,1,8,0.777777777777778,1.90631530996583e-19,0.75229459939095,0.247115539816732,3.04430308166323,0.0023322005433856,0.267957041329982,1.23663215745192,82.4501704469363,0.780058892602574,18,3.49284637791655e-08,0.0451338653461463,consensus_significant,upregulated
AT2G34830,175.383879052649,3.07103147308875e-20,18,-0.60967626085921,-0.325513048259132,0.914172522830102,0,4,4,0.888888888888889,1.92197762552489e-19,-0.483593028902221,0.135938107878346,-3.55745005171766,0.000374472276067535,-0.750026824470299,-0.217159233334143,76.4213870869403,0.208254704646846,18,1.7442930695072e-09,0.0125999478414319,consensus_significant,downregulated
AT5G27220,171.306405495652,3.11160922444468e-20,17,0.499028704097068,0.423100464932975,0.382906845991019,3,0,3,0.941176470588235,1.94713805591878e-19,0.463508070233676,0.091970877283866,5.03972652998697,4.66197520316532e-07,0.283248463130746,0.643767677336606,57.6902316368432,0.0590887526571735,17,0.00204544350932453,6.82317643996072e-05,consensus_significant,upregulated
AT1G63410,171.187839597982,3.26578087652955e-20,17,-0.375483667034561,-0.38404676375785,0.79556061805135,0,6,6,0.823529411764706,2.04238213366382e-19,-0.593222603786837,0.145252316483063,-4.08408360121409,4.42510986796014e-05,-0.877911912764655,-0.30853329480902,73.344074780968,0.19772872280137,17,1.71154617072113e-07,0.00249556956944831,consensus_significant,downregulated
AT3G47540,175.182292134494,3.33183572931549e-20,18,0.52995184532137,0.369217083907957,0.791024074496474,5,0,5,0.833333333333333,2.08293912535779e-19,0.53906098876294,0.14537905983422,3.70796859862519,0.000208928556301992,0.254123267381575,0.823998710144305,85.2329126031091,0.26011723908258,18,9.39138024666894e-09,0.00816268766202751,consensus_significant,upregulated
AT4G15470,174.81081855345,3.87160184540817e-20,18,-0.119149679511391,-0.146070922551207,0.158567641918531,0,5,5,0.777777777777778,2.41572502258391e-19,-0.149795810403416,0.0334919009091944,-4.47259804122653,7.72749514828794e-06,-0.215438729959221,-0.0841528908476105,63.9472860644684,0.0105552000919125,18,0.000778203852978414,0.000642521407490018,consensus_significant,downregulated
AT3G56730,174.808367286374,3.87543866044154e-20,18,-0.483830575888806,-0.499038420882922,0.796493054368401,1,8,9,0.888888888888889,2.4178283677795e-19,-0.453092876719755,0.141882174719869,-3.19344468474872,0.00140586269046834,-0.731176829218917,-0.175008924220592,79.3068007854542,0.239391495564389,18,1.21124846338386e-05,0.0321171144620157,consensus_significant,downregulated
AT2G01735,174.617185518305,4.18665821287845e-20,18,-0.166568985593881,-0.143947733616413,0.198781511700011,0,4,4,0.833333333333333,2.60979759676441e-19,-0.205743087283361,0.0470237548326769,-4.37530112207011,1.21264959758413e-05,-0.297907953173249,-0.113578221393473,59.9850084740122,0.02064827856039,18,0.000160260296422395,0.000920759667090422,consensus_significant,downregulated
AT3G48500,174.313842162085,4.73235707509344e-20,18,0.260037752402779,0.300146635547325,0.400717970445935,5,0,5,0.666666666666667,2.94501276444154e-19,0.357814097290597,0.0815080356738779,4.38992418762548,1.13390185582768e-05,0.198061282919191,0.517566911662004,65.3986614086783,0.0603084405986228,18,0.00196574821572512,0.000879392584271497,consensus_significant,upregulated
AT5G05660,174.197649330096,4.95967660046681e-20,18,0.175721475082048,0.237373441891303,0.192548655505803,5,0,5,0.833333333333333,3.08462762421603e-19,0.176026110369388,0.0447528593828653,3.93329304086396,8.37899841988871e-05,0.0883121177737863,0.263740102964989,73.0967133746995,0.0213483036932575,18,1.69809741478823e-12,0.00404782080090788,consensus_significant,upregulated
AT3G17740,174.107226668139,5.14408207228819e-20,18,0.180180577942998,0.185958910336577,0.196858360358225,4,0,4,0.722222222222222,3.19625288679312e-19,0.163925743180879,0.0422218099513574,3.88248972201175,0.000103392387772877,0.0811725163141234,0.246678970047634,71.5582092013655,0.0170513416822126,18,4.80024355354861e-06,0.00475568319787939,consensus_significant,upregulated
AT3G09760,173.585558528538,6.34948317207739e-20,18,-0.18035954356494,-0.183153384534715,0.173354063756947,0,5,5,0.833333333333333,3.93345101592252e-19,-0.181341818275263,0.0492391204713009,-3.68288093977955,0.000230612883046956,-0.277848721029442,-0.0848349155210845,69.7337932146614,0.0264303331389582,18,4.60850661903454e-08,0.0088173314841623,consensus_significant,downregulated
AT1G35670,173.405313986675,6.82832270735899e-20,18,-0.247467439752854,-0.266303238106412,0.306298685806846,0,4,4,0.833333333333333,4.22353446352805e-19,-0.243913821008372,0.0685204128845839,-3.55972491612422,0.000371243463478837,-0.378211362467971,-0.109616279548774,72.0000321646262,0.0535302621764172,18,4.99606789656776e-06,0.0125412734212301,consensus_significant,downregulated
AT2G20130,173.041998281811,7.90563959072891e-20,18,-0.185602592650362,-0.15014960119719,0.171747895411138,0,4,4,0.833333333333333,4.88174420462131e-19,-0.201729515792295,0.0412680610160985,-4.88827220919347,1.01724811161457e-06,-0.28261342909565,-0.12084560248894,59.1977808043896,0.0159325607792339,18,0.000710985885595607,0.000127485268171523,consensus_significant,downregulated
AT1G02130,173.015431348003,7.99076047329533e-20,18,-0.147862912161553,-0.0926046568341691,0.129138844124902,0,3,3,0.944444444444444,4.93371947804545e-19,-0.145702865243082,0.032616160663257,-4.46719853839879,7.92505740951506e-06,-0.209629365457037,-0.081776365029126,69.8785774898399,0.0111398423123886,18,4.9580717862979e-07,0.000655795340726124,consensus_significant,downregulated
AT4G35060,172.874551476805,8.45764163413139e-20,18,-0.336936361961744,-0.383913490290927,0.504402234504959,0,6,6,0.833333333333333,5.21826032397829e-19,-0.456812554395341,0.0889550322038455,-5.13531998221898,2.81664376964263e-07,-0.631161213758479,-0.282463895032203,59.9707152837894,0.0696928191209578,18,0.000480499801072373,4.52441936049964e-05,consensus_significant,downregulated
AT4G10380,172.596911959314,9.4588086857317e-20,18,-0.134157787523255,-0.229424614104212,0.469268648318194,0,5,5,0.611111111111111,5.82212558821349e-19,-0.30778919827294,0.0758805916711272,-4.05623086871706,4.98709664409557e-05,-0.45651242507394,-0.159065971471941,66.9267239120367,0.0519151091014935,18,0.0001468867758984,0.00273520636662003,consensus_significant,downregulated
AT1G35330,168.563455980386,9.50643526100838e-20,17,0.0850165374315746,-0.166536695470865,1.45035522004993,0,7,7,0.647058823529412,5.85074702337953e-19,-0.550223279115987,0.142511024710269,-3.86091728857197,0.000112962141125762,-0.829539754948012,-0.270906803283961,71.3013984312179,0.168269935777894,17,4.99088108602094e-07,0.00506562465874595,consensus_significant,upregulated
AT3G03000,172.583567886346,9.50979598706685e-20,18,-0.205849339799404,-0.283423038530132,0.319925784056337,0,3,3,0.722222222222222,5.8521214314057e-19,-0.264182358694706,0.0660797139131414,-3.99793435912814,6.38976640889402e-05,-0.393696218073173,-0.134668499316238,62.8656259175604,0.0403247711782881,18,0.000160104795347138,0.00330205817090695,consensus_significant,downregulated
AT1G66200,172.33367905312,1.05168415788819e-19,18,-0.184665059642694,-0.310772252911355,0.588751438089546,0,5,5,0.888888888888889,6.46264024136336e-19,-0.359400237867631,0.0439361467326366,-8.18005821162879,2.83706784128692e-16,-0.445513503083066,-0.273286972652196,22.2440108949606,0.00701238985256912,18,0.0750512112562367,4.95604082961643e-13,consensus_significant,downregulated
AT1G20860,164.159053966979,1.08789401526964e-19,16,-0.584972823289507,-0.77727630523309,2.04931377588956,0,4,4,0.823529411764706,6.67882508711968e-19,-0.941607780400144,0.183997761195937,-5.1174958558188,3.09618863336464e-07,-1.30223676558018,-0.580978795220107,49.4446023831671,0.226669501989719,17,0.00165092318812858,4.83863406787623e-05,consensus_significant,downregulated
AT4G02560,172.148654029181,1.13303379742909e-19,18,0.130445985681902,0.140255227692463,0.179655788630936,3,0,3,0.722222222222222,6.95101502604813e-19,0.137466425688838,0.044504376506348,3.08882937994268,0.00200946806378093,0.050239450581986,0.224693400795691,74.2824603317713,0.0234273030973784,18,1.62480528137801e-09,0.0408859768710626,consensus_significant,upregulated
AT4G29110,172.050961096505,1.17848554345112e-19,18,-0.508139831525148,-0.483729251217353,0.516902531510186,0,6,6,0.833333333333333,7.22473165493227e-19,-0.494876900089588,0.120769800873445,-4.09768747245158,4.17298168804655e-05,-0.731581360221614,-0.258172439957562,79.2663134303138,0.181332869114269,18,1.61621047693894e-10,0.00237142367910851,consensus_significant,downregulated
AT2G31970,171.96838581724,1.21831773538857e-19,18,0.159210375169558,0.190293374107026,0.238103630279596,4,0,4,0.722222222222222,7.46715975252739e-19,0.165910898855275,0.030840825343517,5.37958686277995,7.46569664947714e-08,0.105463991928491,0.226357805782058,46.1220776091467,0.00600794370096742,18,0.00314275848778149,1.5444031259945e-05,consensus_significant,upregulated
AT2G04805,142.21299952888,1.38954145048051e-19,11,-0.563439636508394,-0.657959366199814,0.42975558055953,0,5,5,0.909090909090909,8.50154318300002e-19,-0.579715578514406,0.138575895210233,-4.18337963925778,2.87207177829056e-05,-0.851319342251859,-0.308111814776954,72.9969195467531,0.135912750280593,11,0.000180721740296647,0.00179969290029985,consensus_significant,downregulated
AT4G19690,163.330745329309,1.52747403363152e-19,16,-0.478008423630381,-0.818063116138243,1.8175657094054,0,4,4,0.8125,9.34104275003056e-19,-0.952227184309992,0.24535035069892,-3.88109159655741,0.00010398866360652,-1.43310503527415,-0.471349333345837,69.2465903565266,0.501749774350756,16,9.5001887996221e-05,0.00477334473724632,consensus_significant,downregulated
AT3G19200,171.293413007006,1.59845851775687e-19,18,0.467402342483234,0.560319088333935,0.61158621474081,6,0,6,0.833333333333333,9.76823213588833e-19,0.429640402227063,0.126609763004423,3.39342237148057,0.000690251192702393,0.181489826647241,0.677790977806884,75.478495176922,0.182342744061523,18,4.8879944756548e-07,0.0196128109979031,consensus_significant,upregulated
AT4G27340,171.171133818162,1.67901996407678e-19,18,0.226368201450307,0.187229513845673,0.278083997444682,4,0,4,0.722222222222222,1.02508899136042e-18,0.25288390214959,0.0749805602775956,3.3726595428649,0.000744459424431621,0.105924704464868,0.399843099834312,70.3808337038383,0.060308556920759,18,2.47604669882727e-09,0.0207402920361115,consensus_significant,upregulated
AT1G09910,171.024468492718,1.7810013928675e-19,18,0.284280781408968,0.234494301371163,0.336371975321567,5,0,5,0.833333333333333,1.08658461609517e-18,0.239030641404009,0.0638023598582842,3.74642320338835,0.000179373882902305,0.113980313953108,0.364080968854911,81.253014022782,0.0472881389899615,18,6.43260545122673e-05,0.00727080823476812,consensus_significant,upregulated
AT3G47460,170.93308690674,1.84763941690006e-19,18,0.270410295719099,0.20600335177285,0.367709499230683,4,0,4,0.666666666666667,1.12697535993102e-18,0.249209828296301,0.0826692650284084,3.01454026730083,0.00257369044326047,0.0871810462122242,0.411238610380378,76.1990583996751,0.085021491485713,18,1.98186481939551e-11,0.0481374747505862,consensus_significant,upregulated
AT2G42365,170.459100824088,2.23527305934402e-19,18,0.284899640435645,0.270340215050425,0.393800101168911,3,0,3,0.777777777777778,1.3602169897176e-18,0.325606039083149,0.0967292049926448,3.36616060380014,0.000762223158505609,0.136020281044373,0.515191797121925,70.8799510103026,0.103688875901618,18,8.4303763155087e-07,0.0211369248294522,consensus_significant,upregulated
AT5G42655,170.337705792293,2.34696086327084e-19,18,-0.0323407693192387,-0.22950003748949,1.02484110342127,1,7,8,0.666666666666667,1.42684333799484e-18,-0.506799920461539,0.0944348164188486,-5.36666390300076,8.02063148013961e-08,-0.691888759529134,-0.321711081393944,49.5412416817452,0.0574161608024231,18,0.000450821196112972,1.61923129850414e-05,consensus_significant,downregulated
AT3G16420,170.239564411112,2.44130622539589e-19,18,-0.243869062831758,-0.250292815464682,0.254243326390588,0,4,4,0.888888888888889,1.48315854388707e-18,-0.285573529605453,0.0506502089418699,-5.6381510673174,1.71885689765317e-08,-0.384846114940946,-0.186300944269959,46.9263059583333,0.0179528318307185,18,0.01045823176392,4.55005975907332e-06,consensus_significant,downregulated
AT5G45870,136.375080007186,2.45759899846746e-19,10,-1.03290794596908,-0.84776074937977,1.15055847081978,0,3,3,0.8,1.49253271260777e-18,-1.22745310738691,0.246224445276199,-4.98509847797619,6.19302617896311e-07,-1.71004415224161,-0.744862062532207,49.1501182024733,0.196928173314879,10,0.104681263684823,8.56850587384859e-05,consensus_significant,downregulated
AT2G21660,170.128623827635,2.55251357311279e-19,18,0.312264381827954,0.228592737386766,0.300871542230641,3,0,3,0.944444444444444,1.54945037377926e-18,0.285561832206268,0.0710326586550883,4.02014844457483,5.81614817546595e-05,0.146340379516167,0.424783284896368,72.5249030503069,0.0543613339013539,18,1.35882214618118e-07,0.00305121366972574,consensus_significant,upregulated
AT4G02670,145.195090997429,2.57287517423297e-19,12,1.0880769321706,0.961031314518386,1.27334101349655,3,0,3,0.833333333333333,1.56162781449965e-18,1.35852795574218,0.390801546539773,3.47626043901522,0.000508458258123039,0.59257099942167,2.12448491206269,66.4247158389666,0.98039946598093,12,0.00235502472689968,0.0156377286689127,consensus_significant,upregulated
AT4G33250,169.92994628494,2.76443138867033e-19,18,0.150885888584662,0.124937952300782,0.1939621623244,4,0,4,0.888888888888889,1.67613029793667e-18,0.146334787209488,0.0440364491098757,3.32303785085775,0.000890428313898967,0.0600249329471009,0.232644641471876,84.9542380033161,0.02653122617158,18,1.18058029422649e-10,0.0236311931653882,consensus_significant,upregulated
AT1G72130,169.770725670022,2.94684661916532e-19,18,-0.256015291993854,-0.244581451826877,0.16340932214498,0,4,4,0.944444444444444,1.78548081229628e-18,-0.237167435575748,0.0339682433533614,-6.98203416375014,2.90936353132562e-12,-0.303743969166429,-0.170590901985068,37.7029141335265,0.00681736556648435,18,0.0734885198317766,2.0965196869347e-09,consensus_significant,downregulated
AT4G02230,169.421662002539,3.38981768912482e-19,18,0.0719631341010556,0.0955955937615318,0.192365744530338,6,0,6,0.611111111111111,2.04980691929707e-18,0.126759922158759,0.0380079558527753,3.33508917579694,0.000852720489782091,0.052265697561331,0.201254146756187,73.5950761468446,0.0158090694088713,18,5.03569904971938e-07,0.0228643668691752,consensus_significant,upregulated
AT4G15500,169.378357369683,3.44920790818358e-19,18,-0.495423652689716,-0.547994383912493,0.408035262762318,0,6,6,0.888888888888889,2.08523400865039e-18,-0.529191551762807,0.103271631978963,-5.12426831669133,2.98695376180632e-07,-0.731600231066249,-0.326782872459365,55.8116852586606,0.0818471076455912,18,0.0040102264794961,4.75383769869814e-05,consensus_significant,downregulated
AT3G07195,169.058806319152,3.92072163734259e-19,18,-0.399335886985436,-0.398672987028165,0.658738890977971,0,4,4,0.833333333333333,2.36698119925227e-18,-0.50251301731915,0.0985249060747858,-5.1003653526725,3.38998471240315e-07,-0.695618284805922,-0.309407749832378,56.9736557107734,0.0799520984676543,18,0.000712796562313066,5.21916815484645e-05,consensus_significant,downregulated
AT3G16220,168.891296328785,4.19301105343268e-19,18,-0.363775521613783,-0.329156347616099,0.321396297115648,0,4,4,0.944444444444444,2.53018796284397e-18,-0.367612473399392,0.090943272383304,-4.04221734896447,5.29481185183839e-05,-0.545858011906884,-0.1893669348919,65.6706466657606,0.0751219781368052,18,1.25867273735304e-05,0.00284975122531933,consensus_significant,downregulated
AT3G25950,160.824784439458,4.25484485745765e-19,16,-0.393978545195444,-0.309926423578087,0.83085126632637,0,2,2,0.75,2.56660510166096e-18,-0.641118678485313,0.211024520779355,-3.03812408206182,0.00238055911096494,-1.05471913906767,-0.227518217902953,70.7595752746234,0.424010131123034,16,1.98984244937244e-07,0.0457624782931845,consensus_significant,downregulated
AT3G57090,168.499034179984,4.90662791503842e-19,18,-0.128040654219805,-0.139152413187622,0.161694136366864,0,3,3,0.722222222222222,2.95393684512712e-18,-0.144042123251127,0.0419965173148859,-3.4298587706955,0.000603895484176397,-0.226353784664416,-0.0617304618378376,73.2104521650894,0.0207437312737995,18,5.88440045250948e-10,0.0178908010787821,consensus_significant,downregulated
AT4G29160,168.435401392677,5.03329228416522e-19,18,-0.127445778516964,-0.127254238377115,0.179240549045393,0,7,7,0.777777777777778,3.02843615627706e-18,-0.148750528182718,0.0386441983075673,-3.84923312417609,0.000118488199582792,-0.224491765076974,-0.0730092912884622,66.5724750486705,0.0149200221682563,18,0.000181011091340627,0.00525888943297996,consensus_significant,downregulated
AT5G09570,160.023270346779,5.9001647509521e-19,16,1.440345141967,0.860266073656449,1.47253187598174,2,0,2,0.9375,3.5393487140449e-18,1.05683278988126,0.286596913727786,3.68752327488444,0.0002264473867291,0.495113160894465,1.61855241886805,75.6938638449552,0.825461110518529,16,8.89289904655858e-08,0.00868366312864199,consensus_significant,upregulated
AT4G29720,167.942812712126,6.13061664158176e-19,18,-0.214680787774681,-0.168666996121623,0.245769444301985,0,5,5,0.888888888888889,3.67674063224792e-18,-0.227170115607597,0.062223072193392,-3.65089841436216,0.000261324593069438,-0.349125096114081,-0.105215135101113,79.1756440314129,0.0479446633251908,18,2.12384355434409e-09,0.00967106937302332,consensus_significant,downregulated
AT3G01790,167.656326759161,6.87528135417122e-19,18,0.196473313607728,0.197907948163243,0.252292740848831,7,0,7,0.722222222222222,4.1176318666379e-18,0.180708381135437,0.0529097631084122,3.41540711050179,0.000636867471723154,0.0770071510124026,0.28440961125847,77.4566012889884,0.0357616826805403,18,3.21387118813441e-08,0.0185531902879754,consensus_significant,upregulated
AT3G16560,167.587786912159,7.06640340410959e-19,18,-0.260553609025787,-0.324868310345068,0.401763205330497,1,5,6,0.833333333333333,4.22965520789634e-18,-0.274469511915674,0.0795339319785262,-3.4509737553247,0.000558567882787618,-0.430353154142444,-0.118585869688904,80.6071741692868,0.0814447479967026,18,8.46582484156315e-12,0.0168004266843784,consensus_significant,downregulated
AT1G45015,163.539634424631,7.27291229008944e-19,17,-0.519147557616256,-0.672155081487183,0.700515407765106,0,5,5,0.705882352941177,4.35075404296833e-18,-0.835513102162133,0.0769047290667815,-10.8642616949681,1.70597452338555e-27,-0.986243601373836,-0.684782602950431,0,0,17,0.655150285697517,1.77025564342672e-23,consensus_significant,downregulated
AT2G16760,167.45176147478,7.46152542668621e-19,18,-0.431523989645977,-0.509845510096224,0.371551894415965,0,5,5,0.833333333333333,4.46152800887605e-18,-0.503458047392326,0.079058037040082,-6.36820829660969,1.91249078535065e-10,-0.658408952679321,-0.348507142105332,47.762246110313,0.036611302803519,18,0.052062946504484,9.19831045782114e-08,consensus_significant,downregulated
AT3G05010,167.067940057855,8.699141603002e-19,18,-0.141407535249543,-0.103877813279609,0.173500835167897,0,2,2,0.833333333333333,5.19376680475563e-18,-0.154736287023308,0.0512138672224437,-3.02137478412286,0.00251629690809333,-0.255113622288314,-0.0543589517583017,69.5678282100251,0.0290187567334543,18,2.11762571071497e-09,0.0473713892523637,consensus_significant,downregulated
AT4G03260,166.900152054917,9.30251020199418e-19,18,-0.0928334046916855,-0.129045355036819,0.157123986971835,0,4,4,0.666666666666667,5.54953542521495e-18,-0.132140309981794,0.0297429530620799,-4.44274345274289,8.88190459365755e-06,-0.190435426777336,-0.0738451931862525,51.3498448155597,0.00626344484627265,18,0.0138574460325928,0.000717801772488051,consensus_significant,downregulated
AT3G20330,166.877815956375,9.38591447210321e-19,18,0.205787591277835,0.171579246786018,0.222640503380732,6,0,6,0.777777777777778,5.59736122045995e-18,0.197460606129756,0.0507451209499617,3.89122347987831,9.97400137362479e-05,0.0980019966767018,0.29691921558281,75.1524382887076,0.03037803652609,18,7.34078107630684e-07,0.00462637099318323,consensus_significant,upregulated
AT5G66950,166.741987100496,9.90939130809135e-19,18,-0.193499908542819,-0.212731063263317,0.179445347104595,0,6,6,0.777777777777778,5.90479125466417e-18,-0.222347827978189,0.0438422250040674,-5.07154525021394,3.94598410232082e-07,-0.308277009988262,-0.136418645968115,56.2552977646081,0.015502428145408,18,0.0143477921357753,5.90009911137791e-05,consensus_significant,downregulated
AT1G16310,166.63534465556,1.03406853299032e-18,18,-0.242409257700846,-0.117133868288987,0.390558919421241,0,5,5,0.777777777777778,6.15825484001501e-18,-0.354783418805156,0.0898674498331069,-3.94785230318681,7.88554261151165e-05,-0.530920383860506,-0.178646453749807,64.3493758069229,0.0738191636039985,18,3.20559289017625e-05,0.00385248110033588,consensus_significant,downregulated
AT5G13490,166.268749918961,1.19710087791584e-18,18,0.26775134375316,0.314679526579471,0.46257117948939,6,2,8,0.777777777777778,7.10796621264272e-18,0.265686418208135,0.085156270775971,3.11998653519131,0.00180859307027877,0.0987831944294913,0.432589641986779,82.6028933629488,0.0915336132960362,18,7.17349294359513e-17,0.0379446190288491,consensus_significant,upregulated
AT5G62230,158.255008939578,1.21208445989734e-18,16,0.835524974130296,0.753257742957141,0.929205296994188,5,0,5,0.8125,7.19611022113156e-18,0.825081167534789,0.191413208505954,4.31047143493822,1.6290687238327e-05,0.449918172697863,1.20024416237172,64.3155812417522,0.26761537124586,16,0.000486650968920864,0.00116861423031229,consensus_significant,upregulated
AT4G12230,166.040689874719,1.31119562138559e-18,18,-0.115386916001094,-0.0596983955128801,0.132202330701198,0,5,5,0.833333333333333,7.77385925811443e-18,-0.134329828660498,0.0337223227711857,-3.9834097304613,6.79334827537471e-05,-0.200424366767057,-0.068235290553939,60.2845602501581,0.0108184068561285,18,0.000117840513537207,0.00345894094131051,consensus_significant,downregulated
AT1G04900,165.913295141825,1.3795800835743e-18,18,0.217897552443545,0.188334981310378,0.211848117194559,5,0,5,1,8.17276405862229e-18,0.230302145804898,0.056341917459003,4.08758090230913,4.35894688935018e-05,0.119874016765324,0.340730274844473,63.8480573009832,0.031158463062998,18,2.53378116167252e-05,0.00246093145165446,consensus_significant,upregulated
AT5G08600,165.772152786783,1.45949997692417e-18,18,0.286798455989791,0.362104824965901,0.549458007641272,6,0,6,0.722222222222222,8.63832914840245e-18,0.369691267188362,0.101402010857932,3.6457981854651,0.000266563118386505,0.170946977946875,0.568435556429849,72.9322829229596,0.101336508939706,18,3.06712279047454e-05,0.00982269945622545,consensus_significant,upregulated
AT5G66960,165.541453975853,1.6001786605778e-18,18,0.362267375899256,0.355760823206239,0.393006318191799,5,0,5,0.833333333333333,9.46017458282818e-18,0.402508362764354,0.0815019161321617,4.93863680593295,7.8670578150951e-07,0.242767542474313,0.562249183054395,65.4181756558291,0.0695859900944982,18,9.3048169837725e-06,0.000104365570399461,consensus_significant,upregulated
AT3G48190,165.404867556851,1.68975233732286e-18,18,0.208608908069576,0.220970881695736,0.280997145768337,6,0,6,0.722222222222222,9.98404326723518e-18,0.221330574802035,0.0526277484673574,4.2055870001605,2.60405389571645e-05,0.118182083218581,0.324479066385489,69.3613394903092,0.0290830623538566,18,0.00042418190174484,0.00167082133907768,consensus_significant,upregulated
AT2G28970,165.391211414428,1.69897822735544e-18,18,-0.343421787500958,-0.358149806161942,0.656344532842975,0,6,6,0.777777777777778,1.00362700862708e-17,-0.645635115523628,0.124420997716876,-5.18911700895366,2.11293601815314e-07,-0.889495789969246,-0.40177444107801,59.4263576460674,0.117210332172851,18,0.000831628856824077,3.58287666520395e-05,consensus_significant,downregulated
AT1G04310,164.68361192179,2.25243370262707e-18,18,0.378490345564955,0.308876451579734,0.453444207217292,4,2,6,0.833333333333333,1.3252869470587e-17,0.347418993931939,0.110596699127302,3.14131431293482,0.00168191423517845,0.130653446833415,0.564184541030464,87.1195663495709,0.170061807618022,18,5.20594779558082e-18,0.0361642926556149,consensus_significant,upregulated
AT1G75450,164.527090349818,2.39730573566471e-18,18,0.498274320587783,0.269053115968901,0.543259221795255,5,0,5,0.944444444444444,1.4092486690082e-17,0.461457074155853,0.11625484982437,3.96935762123466,7.20666529913105e-05,0.233601755471976,0.689312392839731,81.3327721825261,0.177028368817914,18,2.29570632589462e-07,0.00361615688955624,consensus_significant,upregulated
AT3G32047,148.236101071021,2.5584267664051e-18,14,-0.605311875071134,-0.541691949924267,0.590529251203211,0,2,2,0.785714285714286,1.50328209671902e-17,-0.721154524495562,0.202941186429094,-3.55351487386483,0.000380119701381739,-1.11891194087641,-0.323397108114708,64.0508259686413,0.279253858746513,14,0.00043269583989919,0.0127321695200066,consensus_significant,downregulated
AT5G19510,164.317520687263,2.6059118138236e-18,18,0.173916659733062,0.162052839012573,0.238876265973027,4,0,4,0.777777777777778,1.53031714244465e-17,0.156529514139682,0.0509252562558611,3.07371087841442,0.00211414211802415,0.0567178459747214,0.256341182304643,84.6894322829675,0.0329811979131197,18,2.36864658275544e-10,0.0422698071875009,consensus_significant,upregulated
AT1G08300,163.984179502461,2.97559044524454e-18,18,0.288884083336877,0.330348606401182,0.284903002680659,4,0,4,0.777777777777778,1.74464663012468e-17,0.344973773414744,0.0691864317238877,4.98614778677242,6.15950363918281e-07,0.209370859017085,0.480576687812403,51.1608766916664,0.03612098440609,18,0.00365890157153373,8.54491141217542e-05,consensus_significant,upregulated
AT5G04420,163.932492974679,3.03741282000973e-18,18,0.113743449074437,0.11441889791804,0.150861581359035,3,0,3,0.777777777777778,1.78049201232579e-17,0.137668202175359,0.0388002582646939,3.54812592318822,0.000387982683255427,0.0616210933857059,0.213715310965011,62.4128543688314,0.0149621873868821,18,1.38927781206705e-05,0.0129080838355899,consensus_significant,upregulated
AT3G26520,163.69611336832,3.33685750461727e-18,18,-0.204540696716598,-0.201140842950244,0.3098585974499,0,5,5,0.777777777777778,1.9542568421027e-17,-0.239692530460457,0.0680121390918476,-3.52426101665118,0.000424665697521329,-0.372993873592007,-0.106391187328907,79.7730493322761,0.0539642191561361,18,8.19587017415412e-13,0.0137450748909524,consensus_significant,downregulated
AT5G48370,163.592051361104,3.47783785557133e-18,18,-0.268469254642866,-0.104683638404597,0.270366416829126,0,6,6,0.944444444444444,2.03567455218234e-17,-0.261919627979738,0.0638779388472845,-4.10031432926976,4.12589348666225e-05,-0.387118087527068,-0.136721168432408,73.7285746116789,0.0474322625831629,18,3.07248894228085e-08,0.00235239404024158,consensus_significant,downregulated
AT2G43120,163.315983059352,3.88126005273529e-18,18,-0.210009564285644,-0.202544622257485,0.41708123456006,0,3,3,0.888888888888889,2.26746148128111e-17,-0.290700885664773,0.0838831403982277,-3.46554604756924,0.000529155903367521,-0.455108819755417,-0.12629295157413,72.467844434678,0.0787938062238191,18,4.80117911796739e-07,0.0161213886613743,consensus_significant,downregulated
AT2G07727,163.054792336683,4.30574937240981e-18,18,-0.260735201071759,-0.140634271365983,0.532553190486169,0,5,5,0.666666666666667,2.51177585902486e-17,-0.36633907906827,0.113560057724884,-3.22595009555017,0.00125555247048629,-0.588912702291332,-0.143765455845209,73.7310605548681,0.134764192753216,18,2.12720504125092e-05,0.0299242684954313,consensus_significant,downregulated
AT3G55290,158.955285487282,4.59795883261406e-18,17,-0.503207936509492,-0.261000432775562,0.907485738372969,0,5,5,0.764705882352941,2.68073086240735e-17,-0.354284617064667,0.102507571514919,-3.45617998581795,0.000547889346773871,-0.555195765376573,-0.153373468752761,71.7286660000452,0.103241123098431,17,3.00352084821232e-07,0.016536760248991,consensus_significant,downregulated
AT5G55170,162.462668502035,5.4471444030727e-18,18,-0.157990816519085,-0.156884514022953,0.523601951422151,0,5,5,0.666666666666667,3.16799912218597e-17,-0.357560018200083,0.0865823850023893,-4.12970857975576,3.63223345108316e-05,-0.527258374500347,-0.18786166189982,58.3631435973541,0.0589564096562695,18,0.0015511540771798,0.00211985152278963,consensus_significant,downregulated
AT5G19590,162.392837978227,5.6002306430683e-18,18,-0.239519807880512,-0.305117274951358,0.241178153895933,0,8,8,0.722222222222222,3.25557314746738e-17,-0.222372785382129,0.0532417362944979,-4.17666291257126,2.95816899449314e-05,-0.326724670993724,-0.118020899770534,82.7291783440231,0.0364620549641817,18,7.90684405691628e-14,0.00183970449691929,consensus_significant,downregulated
AT1G71790,162.243881659111,5.94124993531691e-18,18,0.260567812745298,0.23606241241446,0.16333055839839,9,0,9,0.944444444444444,3.4499531538698e-17,0.240110793247668,0.0344605752350408,6.96769544936424,3.22174701832118e-12,0.172569306900455,0.307652279594881,45.2038373020245,0.0083500386117123,18,0.0232965134750151,2.28982359313118e-09,consensus_significant,upregulated
AT5G45530,154.037065965638,6.70118921607625e-18,16,1.31330213715586,0.843770223130049,1.24674700923588,3,0,3,0.875,3.88514769329282e-17,1.30717096617561,0.366816017295992,3.56356021694882,0.000365858717831483,0.588224783323042,2.02611714902817,73.2483215350016,1.41626041987974,16,6.41879992914498e-09,0.0123985719895288,consensus_significant,upregulated
AT5G23480,161.923825025986,6.745554966789e-18,18,0.611344768852749,0.530594517316346,1.30584411301739,4,0,4,0.777777777777778,3.90999607249627e-17,0.810974343214638,0.212535091619938,3.81571973377859,0.000135786558773797,0.394413218188639,1.22753546824064,62.408739808911,0.408725546592952,18,4.18371462211089e-05,0.00587585472512068,consensus_significant,upregulated
AT4G13918,161.906929423093,6.79090590319525e-18,18,0.377121207265977,0.388182031255528,0.683749741933157,5,0,5,0.722222222222222,3.9354042796085e-17,0.388874628493616,0.0791101425444228,4.91561026167095,8.85063189767927e-07,0.233821598294718,0.543927658692515,50.7657583937875,0.0352626657332513,18,0.0105511148006792,0.000114230394372933,consensus_significant,upregulated
AT4G37670,161.637468244414,7.55662816579827e-18,18,0.265961821458827,0.280132086043344,0.388110812849667,3,0,3,0.722222222222222,4.37348345450026e-17,0.314076258939613,0.0995735999702343,3.15421215094664,0.00160932049517969,0.118915589186955,0.509236928692271,63.9028029643402,0.0968412877713722,18,2.26751826472904e-05,0.0349949641961035,consensus_significant,upregulated
AT3G58200,161.637356086597,7.55696414711822e-18,18,0.149486634007011,0.238596281519421,0.577389280473317,3,0,3,0.722222222222222,4.37348345450026e-17,0.363575258143935,0.115075258004723,3.15945638052805,0.00158063759151291,0.138031896943023,0.589118619344847,75.5145584856173,0.132087540363221,18,8.36413448987934e-08,0.0346950025970196,consensus_significant,upregulated
AT4G36930,161.518577594324,7.92126120174833e-18,18,0.34993639941699,0.248499290345674,0.455063688804985,6,0,6,0.833333333333333,4.57971903344035e-17,0.30596787312282,0.0932486494969872,3.28120433672025,0.00103364830869327,0.123203878501727,0.488731867743914,87.9150648676574,0.123812440214277,18,4.13882761464072e-13,0.0261864301016806,consensus_significant,upregulated
AT4G10720,153.525057110579,8.24101862300167e-18,16,-0.216375847239495,-0.502480911561452,1.43750398609541,0,3,3,0.6875,4.76193617849487e-17,-0.615144798784532,0.182352543446316,-3.37338206069842,0.00074250847467008,-0.972549216428587,-0.257740381140477,69.1458497064951,0.307064299635843,16,5.38102664070073e-07,0.0207008649649556,consensus_significant,downregulated
AT5G11340,161.404755897246,8.2867531970011e-18,18,0.172635645691419,0.188321322584424,0.158990572934446,4,0,4,0.833333333333333,4.78783009771294e-17,0.183691624672771,0.03766763838704,4.87664298954225,1.07906475606126e-06,0.109864410051495,0.257518839294048,58.6656062764683,0.0135761439608548,18,0.00107775589893221,0.000133938267472446,consensus_significant,upregulated
AT3G25190,161.228308975721,8.88681225672272e-18,18,-0.487411081182962,-0.422093275294458,0.732842892079656,1,6,7,0.888888888888889,5.13052773010196e-17,-0.528505214836829,0.165858056775061,-3.18649105815581,0.00144009939285739,-0.853581032661748,-0.203429397011911,81.8823120963432,0.348259010697788,18,1.91479272549884e-08,0.0326565196236945,consensus_significant,downregulated
AT2G04430,160.990253157715,9.76551685736452e-18,18,-0.176599568321063,-0.223443310897913,0.274527292632206,0,3,3,0.833333333333333,5.6315565601564e-17,-0.229373573401619,0.0702598285498915,-3.2646474968088,0.00109600382425187,-0.367080306919365,-0.0916668398838722,63.5553464381954,0.0482382476692831,18,8.87138581924243e-06,0.0271044148796396,consensus_significant,downregulated
AT5G07870,160.902594972173,1.01104351993848e-17,18,0.177637230433016,0.152390570838776,0.274369945721303,4,0,4,0.833333333333333,5.82593202268537e-17,0.225744170434302,0.0648057680485654,3.48339626597943,0.000495094947193415,0.098727199068657,0.352761141799946,68.4701879732304,0.0477567585011524,18,7.89646237306334e-06,0.015354157943923,consensus_significant,upregulated
AT1G50020,160.738075160848,1.07908753041082e-17,18,-0.347809226619967,-0.294350448316023,0.347432641363413,0,6,6,0.944444444444444,6.21319302372441e-17,-0.33611903309693,0.0739099129817425,-4.54768541237438,5.42391296168368e-06,-0.480979800641635,-0.191258265552225,69.9128698071923,0.0560089626985125,18,0.000564472724910012,0.000493709298428064,consensus_significant,downregulated
AT2G25250,160.596732027302,1.14117600566957e-17,18,-0.283572535586913,-0.168509473179406,0.412555268250427,0,7,7,0.777777777777778,6.56631661532774e-17,-0.236922615159867,0.0740951874793798,-3.19754390561197,0.00138603309777157,-0.382146514047194,-0.0916987162725395,90.0946749881378,0.0748289277552247,18,2.22314017121883e-10,0.031833971334564,consensus_significant,downregulated
AT5G56810,156.522101377948,1.21724123449754e-17,17,1.01142399474498,0.719039804368647,1.01921149478264,3,0,3,0.941176470588235,6.99468969349608e-17,0.698669047932744,0.163808484195722,4.26515788460603,1.9976089064457e-05,0.377610318547031,1.01972777731846,62.2485103321374,0.185715045199722,17,0.0106318715907693,0.00136914056145349,consensus_significant,upregulated
AT4G21105,160.414304812006,1.22659870706543e-17,18,-0.167158333223939,-0.151881072750983,0.235863704731271,0,5,5,0.777777777777778,7.04690054188654e-17,-0.186619379895368,0.0526834856814907,-3.54227472767491,0.000396692090698626,-0.289877114411121,-0.0833616453796142,75.6705130463494,0.0340798531785197,18,6.19716240235633e-08,0.0130679190055921,consensus_significant,downregulated
AT2G01880,152.189709720482,1.41230822975144e-17,16,0.00241591352368904,-0.431379318065655,1.38190836841169,0,6,6,0.625,8.10484403276528e-17,-0.562666623244848,0.107724609278428,-5.2231948392643,1.75862174536561e-07,-0.773802977679216,-0.35153026881048,53.8782864579,0.0737058764944218,16,0.00789133258856379,3.10786061745428e-05,consensus_significant,upregulated
AT1G48210,159.76136027742,1.58794107881818e-17,18,-0.0962028812291108,-0.110060685133886,0.217107960477056,0,5,5,0.666666666666667,9.10067689175601e-17,-0.16553641434617,0.04198749296624,-3.94251722719596,8.06308565851971e-05,-0.24783038836113,-0.0832424403312112,58.4702591419447,0.0150037703848086,18,0.0042651493009152,0.00392970106960584,consensus_significant,downregulated
AT4G22710,159.226983558632,1.96117201824162e-17,18,1.15942484341452,0.68740552136795,1.30796662204768,5,1,6,0.833333333333333,1.12013633673114e-16,0.661367939996452,0.187994424615873,3.51801890586818,0.000434781385761571,0.29290563845501,1.02983024153789,84.3829599916032,0.400009905398316,18,7.16582539579142e-16,0.0140026054741486,consensus_significant,upregulated
AT1G09020,159.140228100129,2.02951599971069e-17,18,-0.074577748629983,-0.0634709905516148,0.151202567676091,0,4,4,0.722222222222222,1.15840657539849e-16,-0.106672259563732,0.0340593964972205,-3.1319480241653,0.00173650614125749,-0.173427450033454,-0.0399170690940103,68.1805775832508,0.0108554446706486,18,0.000151983692854608,0.0369974090656696,consensus_significant,downregulated
AT3G56800,159.070590118134,2.08608710905249e-17,18,-0.147337201535589,-0.180601810690089,0.1689588501913,0,6,6,0.777777777777778,1.19030350755204e-16,-0.180277163713379,0.0257839815841467,-6.99182797369909,2.71327455234324e-12,-0.230812838996351,-0.129741488430407,31.2562445927396,0.00327954130116775,18,0.0390056462581877,1.98275404047573e-09,consensus_significant,downregulated
AT2G32440,158.926387655907,2.20827267195158e-17,18,0.245794858513763,0.20918676599326,0.325317776822136,3,0,3,0.722222222222222,1.2590526194327e-16,0.275160863691751,0.0790932236906879,3.47894359152474,0.000503394536160838,0.120140993836833,0.430180733546669,71.0866306983374,0.0664329655385521,18,2.01891603062027e-06,0.0155187891349786,consensus_significant,upregulated
AT1G36060,158.901034930498,2.23047954161409e-17,18,0.462078679057718,0.353903915337567,0.497269947082752,7,0,7,0.888888888888889,1.27157423867874e-16,0.412923309151278,0.0981426136865826,4.20738039920094,2.58348054638941e-05,0.220567320976948,0.605279297325607,77.3371147799045,0.0993014483395183,18,6.47196437642898e-05,0.00166304348224402,consensus_significant,upregulated
AT1G72440,158.647135638238,2.46551388801388e-17,18,0.180962513387744,0.194435362658666,0.184015032679951,3,0,3,0.777777777777778,1.40433095151238e-16,0.157559982381209,0.0460515394875982,3.42138360919813,0.000623033859415752,0.0673006235528924,0.247819341209526,74.8513417962526,0.0236072509898603,18,1.22795685662247e-10,0.0182939947718884,consensus_significant,upregulated
AT5G20090,158.620735680293,2.49132513403261e-17,18,-0.162697021409826,-0.195313562978673,0.188226762107297,0,3,3,0.888888888888889,1.41887705235846e-16,-0.182483045617395,0.035201246339029,-5.18399388078112,2.1718406163302e-07,-0.251476220652815,-0.113489870581976,54.3582223178292,0.0108670917738792,18,0.000904351369404316,3.64672422452026e-05,consensus_significant,downregulated
AT3G23370,158.560820676176,2.55090671541939e-17,18,0.492095842881583,0.33840846030629,0.502479376489648,3,0,3,0.833333333333333,1.45265097034213e-16,0.478237291749839,0.132873260731606,3.5991988840843,0.000319199004078069,0.217810486207491,0.738664097292186,76.3270351755803,0.207012373300775,18,3.73769130565851e-09,0.011235631701212,consensus_significant,upregulated
AT2G28710,158.346768618463,2.77559420575946e-17,18,-0.520634664710366,-0.484470055666853,0.734498204623768,0,6,6,0.777777777777778,1.57938948441094e-16,-0.603290534941001,0.182229335093575,-3.31061151395417,0.000930923513948055,-0.960453468651088,-0.246127601230914,75.422679093239,0.377497077185022,18,8.24128458418487e-08,0.0242613228082501,consensus_significant,downregulated
AT3G26020,158.141335248496,3.00973989052482e-17,18,-0.149514617221958,-0.124196540542733,0.18825787394786,0,4,4,0.777777777777778,1.70981293846463e-16,-0.158415878610977,0.0478927187415283,-3.30772365348332,0.000940575736855544,-0.252283882466079,-0.0645478747558753,70.3768281899057,0.0255529374580818,18,3.15318680561799e-07,0.0243935654064286,consensus_significant,downregulated
AT5G57140,158.085586837276,3.07660525715814e-17,18,0.190200651543809,0.222482180428159,0.347336144778187,4,0,4,0.722222222222222,1.74684268079821e-16,0.239470729823509,0.0670794971099037,3.56995416097347,0.000357043700629915,0.107997331387039,0.370944128259979,64.6458831109777,0.0371312903488764,18,0.00196360225234972,0.0122034620312797,consensus_significant,upregulated
AT2G01320,157.97959833128,3.20783532181412e-17,18,0.388573625865178,0.396475783139163,0.468539417310504,5,0,5,0.666666666666667,1.82015809596015e-16,0.419784419527414,0.107264309005949,3.91355170622628,9.09484144272329e-05,0.209550237049179,0.630018602005649,74.2210851558316,0.113913453783506,18,0.000257110811551008,0.00431726215383582,consensus_significant,upregulated
AT1G48500,157.553101768847,3.79468647393407e-17,18,-0.275415521354679,-0.251164790230177,0.673581934810646,0,6,6,0.777777777777778,2.14633852096395e-16,-0.487498549510388,0.0623818788097712,-7.81474618609961,5.50738927775139e-15,-0.609764785265482,-0.365232313755294,21.1889029866117,0.0127781795562634,18,0.0979175686538609,7.32680475094496e-12,consensus_significant,downregulated
AT3G52520,157.33889551583,4.12859246036197e-17,18,-0.493682441276131,-0.221628371792514,0.65442053399664,0,5,5,0.888888888888889,2.33316721782716e-16,-0.420855739523581,0.125797937976677,-3.34548996821879,0.000821373304026838,-0.667415167287271,-0.174296311759891,87.0219256640207,0.204251057182623,18,4.43200111003142e-08,0.0222887722312387,consensus_significant,downregulated
AT5G18790,157.171628595241,4.40953721134573e-17,18,0.193219373576844,0.195475406203035,0.28474810692464,4,0,4,0.611111111111111,2.48895476678689e-16,0.220470150308658,0.06645971484704,3.31735022962527,0.000908756228839715,0.0902115027856581,0.350728797831659,66.3195764278196,0.0430403337119536,18,1.99931347965793e-05,0.0238612895633197,consensus_significant,upregulated
AT4G17610,156.987959580468,4.73999982271422e-17,18,0.23189399166668,0.260317511731959,0.301104240728143,4,0,4,0.833333333333333,2.67402968259446e-16,0.245032618185739,0.0612731035944339,3.99902410375044,6.36042029449282e-05,0.124939541919657,0.365125694451821,67.1348524935593,0.0388412004450159,18,2.23903479138509e-05,0.00329638411714482,consensus_significant,upregulated
AT2G16365,156.484238515463,5.77835098369064e-17,18,-0.272197014902576,-0.214041710529003,0.41571503168333,0,5,5,0.777777777777778,3.25308812674399e-16,-0.23126330017139,0.0578601109170673,-3.99693841760633,6.41669851621939e-05,-0.344667033710335,-0.117859566632445,62.9402372422749,0.0311726344548354,18,0.000193010764925317,0.00331068387261394,consensus_significant,downregulated
AT2G28860,148.648207831125,5.86167289455915e-17,16,-1.01727519431508,-0.969206640611322,1.07174732213663,0,5,5,0.875,3.29856537894953e-16,-1.02093636699878,0.189787618626971,-5.37936233345883,7.47501296294776e-08,-1.39291326421926,-0.64895946977829,56.8674194682216,0.249052186616341,16,0.00334269855571067,1.5444031259945e-05,consensus_significant,downregulated
AT1G17690,156.422420459591,5.92046940642274e-17,18,0.230141581985927,0.228089959140479,0.238334611773971,5,0,5,0.944444444444444,3.3307129515727e-16,0.177159467828783,0.036109975393781,4.906108793951,9.29010076747127e-07,0.106385216574345,0.247933719083222,60.2612151215801,0.0115353549214428,18,2.61851361976969e-05,0.000117850266068332,consensus_significant,upregulated
AT4G14230,156.242155780276,6.35507409157369e-17,18,-0.130694222321352,-0.149565496482686,0.243863137591909,0,3,3,0.777777777777778,3.57157228399313e-16,-0.174268301684467,0.0531597742782247,-3.278198676548,0.00104471836516047,-0.278459544696066,-0.0700770586728676,59.485617612932,0.0252127611259461,18,0.000106881376737231,0.0263127027465952,consensus_significant,downregulated
AT2G18330,156.214200342603,6.42526024554369e-17,18,0.216832114155343,0.179979411264611,0.214715336556445,3,0,3,0.833333333333333,3.60867256794679e-16,0.208846490800227,0.0523869183708611,3.98661530960356,6.70225619522805e-05,0.1061700175323,0.311522964068155,55.0292978790167,0.0226467752199598,18,0.000844660869860563,0.00342263642158674,consensus_significant,upregulated
AT5G42540,156.189111191656,6.48890702662589e-17,18,0.122439665168678,0.109495872515587,0.166798896723831,5,0,5,0.777777777777778,3.64323630018293e-16,0.139797200717187,0.0397472742560956,3.51715188861657,0.000436204096986855,0.061893974691604,0.217700426742771,73.9133601163298,0.018627130792719,18,3.0373306344609e-06,0.0140383374442173,consensus_significant,upregulated
AT2G44220,131.892235785979,7.04089430298838e-17,12,-0.651010991918865,-0.86543948728345,0.963646025257972,0,4,4,0.916666666666667,3.94973470838089e-16,-0.814278392953096,0.193261841384185,-4.21334282609049,2.51618702082443e-05,-1.19306464165199,-0.4354921442542,52.2337476388508,0.167119374776508,12,0.0364309336097571,0.00163801565104711,consensus_significant,downregulated
AT1G12110,155.90222447731,7.26287258903447e-17,18,-0.337874576673465,-0.342315256810777,0.578359465077011,0,7,7,0.888888888888889,4.07161752261264e-16,-0.335182827752279,0.0879860228360826,-3.80950083829477,0.000139247634547989,-0.50763226365392,-0.162733391850638,79.4984716704453,0.0964620789241272,18,1.06450918699362e-08,0.00600060155389359,consensus_significant,downregulated
AT5G42580,151.462399167954,9.10632037078936e-17,17,0.611051750646954,-0.335600290927857,2.2572621511677,1,5,6,0.588235294117647,5.08857809608461e-16,-0.479047543728932,0.137170903583164,-3.49234080417423,0.000478806912424601,-0.74789757447875,-0.210197512979114,58.5017156115103,0.130957942622374,17,2.51037229623498e-05,0.0149833642003848,consensus_significant,upregulated
AT1G30070,155.206300002892,9.54373057248102e-17,18,0.406678912824246,0.187106860813969,0.448163207552641,5,0,5,0.833333333333333,5.32783866238934e-16,0.369867624189208,0.100932967052161,3.66448777829018,0.00024783407326155,0.172042643914205,0.567692604464211,87.5091163844509,0.146995439919954,18,4.36090927328353e-12,0.00930435821787427,consensus_significant,upregulated
AT5G45100,155.164214520755,9.70256188012363e-17,18,-0.223425865724776,-0.240847323467718,0.310109380512301,0,2,2,0.666666666666667,5.41475982946555e-16,-0.214292175928608,0.0665861115551209,-3.21827136205745,0.00128965743038113,-0.344798556447211,-0.0837857954100049,71.0888394981881,0.042004231629234,18,8.85129471028674e-08,0.0304308714353058,consensus_significant,downregulated
AT5G42590,151.203926737331,1.00877038046655e-16,17,0.30888019115827,-0.216819343620969,2.10645570173073,1,5,6,0.705882352941177,5.62727767805187e-16,-0.503539344246801,0.165277775635807,-3.0466246433299,0.00231426506458376,-0.827477831937875,-0.179600856555727,78.5148727339767,0.253367002503237,17,1.20641801847378e-07,0.0448704516483048,consensus_significant,upregulated
AT4G31380,155.00421303286,1.03308021808234e-16,18,0.83830014063585,0.951953661846314,1.00939569492372,4,0,4,0.722222222222222,5.76164801189464e-16,0.606059494704841,0.169894499986184,3.56726965707615,0.000360720225267817,0.273072393560478,0.939046595849203,81.5633711680311,0.271324068091415,18,4.93946804378044e-12,0.0122970740340504,consensus_significant,upregulated
AT5G61090,143.23136884087,1.04742343482753e-16,15,1.10452716434106,0.896403177575887,1.54013711065789,3,0,3,0.8,5.8410146869006e-16,1.35560838295168,0.374061324774501,3.62402711311813,0.000290051179282683,0.622461658384316,2.08875510751904,74.5351104207013,1.19958861993986,15,5.92274116475889e-05,0.0105017553286132,consensus_significant,upregulated
AT3G45840,151.071836071798,1.06291942087975e-16,17,-0.312815987048222,-0.260819976984187,0.95699679641943,0,5,5,0.882352941176471,5.92615542626276e-16,-0.541733263962839,0.151476660488865,-3.57634808038736,0.000348427648823346,-0.838622063019415,-0.244844464906263,81.6197238183712,0.223490538955661,17,1.25659149798913e-08,0.0120177857342797,consensus_significant,downregulated
AT4G22980,154.920080760931,1.06772250609108e-16,18,-0.620105563999735,-0.641532112927219,0.520663865528319,0,6,6,0.944444444444444,5.95101651510235e-16,-0.572856972020992,0.110396153400641,-5.18910264873111,2.11309895064453e-07,-0.789229456718008,-0.356484487323977,65.4939372453283,0.120031990202502,18,1.87945993196964e-05,3.58287666520395e-05,consensus_significant,downregulated
AT1G01420,150.911499572528,1.1325497452101e-16,17,-0.402026660711749,-0.376197546091975,0.515327764149597,1,5,6,0.882352941176471,6.30827047930345e-16,-0.354653036851306,0.114561149429088,-3.09575312938731,0.00196313731426476,-0.57918876375983,-0.130117309942782,79.4156793415784,0.150143936834126,17,3.54183027534268e-06,0.0402749768340502,consensus_significant,downregulated
AT3G02200,154.638556808627,1.19227200754631e-16,18,0.133917414544837,0.070475954510299,0.204568014582249,4,0,4,0.833333333333333,6.63593667170629e-16,0.118840060069131,0.036381908565566,3.2664603027893,0.00108901075169949,0.0475328295917928,0.19014729054647,77.4756206464905,0.0161837538822989,18,6.99003133351854e-09,0.026959873040535,consensus_significant,upregulated
AT5G13830,154.555691607634,1.23161501644735e-16,18,0.472678188036882,0.396976719134189,0.61557594956488,4,0,4,0.777777777777778,6.85050380116108e-16,0.386786143177716,0.102287621839997,3.7813582544987,0.000155975022818075,0.186306088307068,0.587266198048363,67.4057915189334,0.10461840340547,18,1.00940199034596e-05,0.00655271909626965,consensus_significant,upregulated
AT2G02960,154.489649100223,1.26389423498857e-16,18,-0.216712381454239,-0.249087425930289,0.224263048003302,0,6,6,0.777777777777778,7.02854116469963e-16,-0.249430409822523,0.0449930356820993,-5.5437559622535,2.9605137464043e-08,-0.337615139314563,-0.161245680330482,54.3452440244658,0.0168878931820142,18,0.00507782986119811,7.31444262944956e-06,consensus_significant,downregulated
AT1G03687,154.439424545183,1.28900476867935e-16,18,0.163828061319975,0.129542878863079,0.229436390959159,3,0,3,0.722222222222222,7.16587794550417e-16,0.181701427906579,0.0573630798666516,3.16756750734042,0.00153720016164382,0.0692718573256472,0.294130998487511,72.9519910047668,0.0383466800181858,18,2.64339516705407e-09,0.0340401592773061,consensus_significant,upregulated
AT1G14000,154.416498012607,1.30063174017965e-16,18,-0.0871356250600855,-0.0909292658022496,0.137685712353071,0,3,3,0.833333333333333,7.228966368287e-16,-0.111225357913118,0.0313515151144685,-3.5476868504447,0.00038862998286134,-0.17267319839824,-0.0497775174279968,64.0386388130411,0.00924490016377502,18,2.29551642526015e-05,0.0129114026230929,consensus_significant,downregulated
AT1G52540,154.366177817747,1.32651849298673e-16,18,-0.167778121793589,-0.224571627868469,0.259577254694273,0,5,5,0.777777777777778,7.36968917838837e-16,-0.207762585582722,0.0608951182470674,-3.41181020028198,0.000645330295075254,-0.327114824181282,-0.088410346984162,69.1808191362429,0.0380845209351011,18,0.000151778261618131,0.0186843286996007,consensus_significant,downregulated
AT4G15417,154.350067913474,1.33491398280363e-16,18,-0.216053561414176,-0.544384484083061,1.34856928545409,0,5,5,0.777777777777778,7.41474428740275e-16,-0.663388501458075,0.0824839906610985,-8.04263343881766,8.79280548986602e-16,-0.825054152454966,-0.501722850461183,13.720563855013,0.0152673769594364,18,0.121093187963109,1.38375069028444e-12,consensus_significant,downregulated
AT2G15570,154.244238623478,1.39139617045993e-16,18,-0.214038585059573,-0.190926791012821,0.22282529328436,0,4,4,0.722222222222222,7.72764608272239e-16,-0.178000564826949,0.0476882215096146,-3.73258970857325,0.000189521166014019,-0.271467761472562,-0.0845333681813361,68.9541246485179,0.0234559874796546,18,1.15133458220906e-05,0.00758728100113532,consensus_significant,downregulated
AT3G52190,153.989771750646,1.53713557344925e-16,18,-0.162163813711123,-0.121345066293426,0.237298831769818,0,4,4,0.888888888888889,8.52520553511323e-16,-0.216854699738703,0.0517579949835858,-4.18978169087646,2.79222959248818e-05,-0.318298505818536,-0.11541089365887,60.5451331495925,0.0249612639538198,18,0.000106807188965471,0.00176458027011762,consensus_significant,downregulated
AT1G48650,153.88424012339,1.60194528935741e-16,18,0.143182224795689,0.177863949942837,0.205718572032936,4,0,4,0.666666666666667,8.88085478134363e-16,0.167169963806263,0.0445779022334373,3.75006349403473,0.000176789800286784,0.0797988809223778,0.254541046690147,59.5809265477657,0.0168519328092031,18,0.0053708831249944,0.00720969936600658,consensus_significant,upregulated
AT3G09570,153.57257871821,1.80965659832006e-16,18,-0.143097581349775,-0.132691966056546,0.119442629588564,0,4,4,0.833333333333333,1.00131116321332e-15,-0.163771659946872,0.0328726354197062,-4.98200578858048,6.29285519989961e-07,-0.228200841446412,-0.099342478447332,50.1942802616232,0.00819109247494298,18,0.00538429639959908,8.68347072318063e-05,consensus_significant,downregulated
AT1G10522,153.436220513546,1.90876735426338e-16,18,0.138408474045835,0.139305031676777,0.292679656249559,4,0,4,0.722222222222222,1.0552506865533e-15,0.331483764083544,0.0582562007428602,5.69010268188783,1.26963001256518e-08,0.217303708751403,0.445663819415686,34.0133157606486,0.0146782228775898,18,0.292982586781654,3.50390870063468e-06,consensus_significant,upregulated
AT5G23840,149.346756255667,2.10179000414074e-16,17,-0.0897135846831748,-0.36064206788861,1.79066388850354,0,4,4,0.647058823529412,1.16035531331676e-15,-0.665393156198836,0.177903719141126,-3.7401868797976,0.000183883487764367,-1.01407803843117,-0.3167082739665,71.8524614321791,0.268644394180964,17,7.06406931226408e-07,0.00739009363219707,consensus_significant,downregulated
AT4G37880,153.015630263359,2.24979863107379e-16,18,-0.145817303462177,-0.130074352747835,0.123323717523751,0,2,2,0.833333333333333,1.24048442315267e-15,-0.136829610680802,0.0363021199497502,-3.76919063873412,0.000163777763806347,-0.207980458344765,-0.0656787630168382,69.9483705689742,0.0121349624310607,18,6.58482717256619e-10,0.00682525742757312,consensus_significant,downregulated
AT5G66540,152.950786683058,2.3075194352708e-16,18,0.222903711693583,0.17059807939856,0.290430287272057,5,0,5,0.777777777777778,1.2716348079209e-15,0.193650013157186,0.0590403593127613,3.27995993607256,0.00103821828941253,0.0779330352698695,0.309366991044502,76.2963105017424,0.0440430974278918,18,1.46048608696863e-07,0.0262497895686151,consensus_significant,upregulated
AT1G44820,152.832008410001,2.41710004001701e-16,18,-0.23506249357603,-0.270485175307698,0.182604520807906,0,7,7,0.833333333333333,1.33145732516369e-15,-0.205699478857276,0.0451040850553304,-4.56055097016023,5.10195760427287e-06,-0.294101861121355,-0.117297096593198,75.1301086163515,0.0244719805402098,18,1.5497405959155e-07,0.00046934391549662,consensus_significant,downregulated
AT3G62550,152.790829115441,2.45628738539809e-16,18,0.542138191742628,0.319865722769023,0.732313260865896,5,0,5,0.722222222222222,1.35290004870578e-15,0.674045794597651,0.1854839144698,3.63398517075937,0.000279076909132175,0.310504002525336,1.03758758666997,67.6591174544208,0.26373042451888,18,0.000395555983963007,0.0101825783076046,consensus_significant,upregulated
AT1G79280,152.76080558785,2.48525661738807e-16,18,0.183517808425786,0.151016541489893,0.240013977264588,6,0,6,0.722222222222222,1.36856555648868e-15,0.161577397937232,0.0527689399553449,3.06197922630178,0.00219878711706178,0.0581521761223994,0.265002619752065,86.4093005808056,0.0379969331577875,18,2.19330017132952e-10,0.0434597602977652,consensus_significant,upregulated
AT2G39200,152.599913766565,2.64639205288728e-16,18,-0.241924519963563,-0.308709835247611,0.608340569431337,1,3,4,0.777777777777778,1.45621706888149e-15,-0.388574407936218,0.104003219850031,-3.73617671161072,0.000186839390897923,-0.59241697311848,-0.184731842753955,61.5281169668453,0.0886850915910207,18,0.000635873001792174,0.00750307659237449,consensus_significant,downregulated
AT3G07720,152.563849367018,2.68391436811878e-16,18,-0.292190854240289,-0.231585069069617,0.249549676234067,0,4,4,0.888888888888889,1.47655119376439e-15,-0.268757782739018,0.042616096985115,-6.30648514886031,2.85443354212674e-10,-0.35228379799151,-0.185231767486527,34.7161538470355,0.00932527470595541,18,0.0742830269738279,1.31061442389118e-07,consensus_significant,downregulated
AT1G27921,152.42806921375,2.82999507831855e-16,18,0.240715296085309,0.279862576471164,0.334284913023606,4,0,4,0.888888888888889,1.5564223223462e-15,0.306031327292323,0.0528978141025393,5.7853303106079,7.23699827117e-09,0.202353516790451,0.409709137794195,46.9992151141702,0.0164135149961616,18,0.0141150519796718,2.195815311704e-06,consensus_significant,upregulated
AT1G48950,152.314682493399,2.95802822954605e-16,18,0.157489776150916,0.130354925126544,0.149498659576617,7,0,7,0.888888888888889,1.62597567402743e-15,0.164049560548108,0.0316852760153092,5.17746982758949,2.24915304207378e-07,0.101947560717892,0.226151560378325,64.3710575966531,0.00856606376075241,18,0.000110683521247901,3.75225261848734e-05,consensus_significant,upregulated
AT4G36010,152.258835931087,3.02319157026069e-16,18,0.411250492157709,0.351653253152757,0.562207165333721,6,0,6,0.722222222222222,1.66073947595364e-15,0.349561762975911,0.113329752952334,3.08446594005136,0.00203917957384433,0.127439528812514,0.571683997139308,81.3306802652056,0.170070413178221,18,5.28638655686502e-09,0.0413104079453035,consensus_significant,upregulated
ATCG00360,152.249205017157,3.03457276697351e-16,18,0.293693386660905,0.196882340609765,0.458164145249466,5,0,5,0.722222222222222,1.66681512518459e-15,0.359555738433948,0.114261767932753,3.1467720562976,0.00165083603603746,0.135606788475878,0.583504688392017,75.8367245391673,0.152002806305349,18,7.5662551393987e-08,0.0356883237057365,consensus_significant,upregulated
AT1G68480,128.374232485407,3.05272333570241e-16,12,0.889562173667047,0.878622237416811,1.32316444420187,4,0,4,0.583333333333333,1.67625257983803e-15,1.21821775634609,0.379473667980878,3.21028271296936,0.00132604480898927,0.474463034022255,1.96197247866992,70.2980205869249,1.06958446028994,12,8.20176782413661e-05,0.0309575109253316,consensus_significant,upregulated
AT5G66110,151.978183487884,3.37293900537934e-16,18,1.22336298618667,0.499169089326132,1.72650995167089,4,0,4,0.888888888888889,1.84914869882955e-15,1.00349875498918,0.322641199860547,3.1102622833752,0.00186921284345514,0.371133623333718,1.63586388664464,91.194439758085,1.39718572940627,18,7.40661991036242e-08,0.0389799996663289,consensus_significant,upregulated
AT3G24440,151.931690277928,3.43464729530345e-16,18,0.151457451247445,0.1080719158199,0.184619227295956,2,0,2,0.833333333333333,1.88238256888642e-15,0.14845408666591,0.0458155967067851,3.24025217036896,0.00119424034423235,0.0586571671903989,0.23825100614142,67.9627256859462,0.0219185984591775,18,2.11223082563893e-08,0.0289136565656328,consensus_significant,upregulated
AT5G59470,151.895597579747,3.48332511126653e-16,18,-0.265964377611261,-0.32780064656681,0.314619355894795,0,4,4,0.666666666666667,1.90805336780838e-15,-0.273671826664388,0.0786867218982198,-3.47799247525369,0.000505184106313848,-0.427894967646418,-0.119448685682358,73.4187691957791,0.0704914355448213,18,2.86569578534014e-07,0.0155647103159072,consensus_significant,downregulated
AT3G13110,151.516613743228,4.03781183539454e-16,18,-0.237408176848065,-0.230176614457717,0.17485046388444,0,5,5,0.944444444444444,2.20758950878344e-15,-0.241379768939997,0.0316132959380156,-7.63538763605264,2.25141990468892e-14,-0.303340690411114,-0.17941884746888,19.5924569697039,0.00308529866945831,18,0.225710217456522,2.71657372871814e-11,consensus_significant,downregulated
AT2G45040,151.132138216588,4.69010167197441e-16,18,-0.417227482067638,-0.508045534157214,0.618017437170746,0,5,5,0.722222222222222,2.55801772674594e-15,-0.597571531043782,0.113690855326261,-5.25610902766911,1.47135083981415e-07,-0.820401512854807,-0.374741549232757,52.6399774091367,0.0961782805266458,18,0.00584563767243495,2.66921562842368e-05,consensus_significant,downregulated
AT1G73270,147.130406649014,5.03134804572969e-16,17,-0.121067173427124,-0.244480202939687,1.04111346095682,1,5,6,0.823529411764706,2.74096772248784e-15,-0.403359074706088,0.12623978136978,-3.19518198090484,0.00139742696076714,-0.650784499607067,-0.155933649805109,71.1422123635102,0.143203362343323,17,5.22551936605702e-06,0.0319988040964767,consensus_significant,downregulated
AT5G26030,150.557553739938,5.86530424066323e-16,18,-0.180154959567875,-0.18127917175635,0.258162198167187,1,5,6,0.888888888888889,3.19060009846622e-15,-0.158454591624166,0.0503782988459771,-3.1452946060885,0.00165919654783816,-0.257194242964677,-0.0597149402836555,73.5347055456992,0.0294932000196242,18,1.85535434942637e-06,0.0358093817337917,consensus_significant,downregulated
AT5G02430,150.515504610978,5.9620147430019e-16,18,0.440347286343993,0.283697071670919,0.359224295324084,6,0,6,0.944444444444444,3.24286865622031e-15,0.393469941747344,0.0825087231568855,4.76882839404973,1.85300418634255e-06,0.231755815949462,0.555184067545225,68.1054150535138,0.0726334793173255,18,2.65477294222674e-05,0.000207648529598697,consensus_significant,upregulated
AT3G24050,150.448069811942,6.12043473139162e-16,18,-0.13216058096613,-0.10747411259091,0.25153533176904,0,6,6,0.888888888888889,3.32764176612148e-15,-0.143007811193757,0.0448833538166395,-3.18621045517191,0.00144149696130959,-0.230977568179739,-0.0550380542077753,69.9088528571526,0.022417058132699,18,2.95390563374506e-05,0.0326641317672307,consensus_significant,downregulated
AT1G79820,150.411596055836,6.20785859694665e-16,18,0.301198345422644,0.182113913922133,0.377024393969886,6,0,6,0.833333333333333,3.37375988523694e-15,0.254353758520526,0.0687256157353831,3.70100370580708,0.000214748339648081,0.119654026863836,0.389053490177216,67.3628349715501,0.0502185246385589,18,6.23916853275809e-06,0.00834926625012563,consensus_significant,upregulated
AT1G76790,150.403765803673,6.22678834359355e-16,18,-0.0264055820374541,-0.252094523002225,0.795431830262832,0,5,5,0.777777777777778,3.38331231674291e-15,-0.275929180306951,0.0826950721231554,-3.33670644722357,0.000847774394910613,-0.438008543367278,-0.113849817246624,72.9771957109106,0.065796500746708,18,7.00194018754419e-06,0.0227906355987266,consensus_significant,downregulated
AT5G61330,150.397655516126,6.24159994638779e-16,18,0.179391579186049,0.169235929624333,0.269089245453453,5,1,6,0.777777777777778,3.39067698155194e-15,0.159622618347478,0.0525235764061546,3.03906605889034,0.00237312811700259,0.056678300252177,0.262566936442778,78.1024002400085,0.0335972618057615,18,2.31823612293495e-07,0.0456703928867071,consensus_significant,upregulated
AT3G13062,150.329239514629,6.40985680252977e-16,18,-0.109821449408247,-0.0553643742923823,0.17488318204347,0,3,3,0.611111111111111,3.48098752650516e-15,-0.189648754299647,0.0442000545517335,-4.29069050305525,1.78118412073283e-05,-0.27627926933575,-0.103018239263544,50.4381132079815,0.0130695587618943,18,0.0296790284890189,0.00125054068904063,consensus_significant,downregulated
AT5G67380,150.254269050305,6.59942031391335e-16,18,0.139662050315626,0.165373943158632,0.150936545829794,5,0,5,0.888888888888889,3.58280872084118e-15,0.138467561206243,0.0297263724296553,4.65807126429281,3.19185727269197e-06,0.0802049418530946,0.196730180559392,62.4005639600471,0.00860054889927127,18,4.39809459641028e-05,0.000322819342565985,consensus_significant,upregulated
AT3G49410,150.199734167876,6.74080781794678e-16,18,0.324483827232765,0.2952337502005,0.381870144191513,3,0,3,0.777777777777778,3.6584196022091e-15,0.306516494972502,0.0897440551967672,3.41545180124136,0.000636762975486824,0.130621378960264,0.482411610984741,68.085731983778,0.0875946198501304,18,3.66035106479896e-07,0.0185531902879754,consensus_significant,upregulated
AT2G20850,150.162451399976,6.83919826534787e-16,18,0.202338885735559,0.142000255692394,0.213304313651595,4,0,4,0.888888888888889,3.70987906741032e-15,0.23166344639842,0.0561377712901143,4.12669475603523,3.68014350085969e-05,0.121635436497449,0.34169145629939,59.0222102985039,0.0294397298397359,18,0.000901253643418512,0.00213341413853189,consensus_significant,upregulated
AT5G65430,150.130615242593,6.92434534280868e-16,18,-0.0863445133164128,-0.184091458558071,0.23662087881734,0,4,4,0.777777777777778,3.75488922408435e-15,-0.147024445637879,0.0363247403446294,-4.04750162679736,5.17672223377427e-05,-0.218219628461122,-0.0758292628146366,59.2018271584094,0.0115287661031254,18,0.00029141767089297,0.00280364359475099,consensus_significant,downregulated
AT3G28710,150.026493935264,7.21025785646692e-16,18,-0.0887583573157197,-0.137583995562676,0.181122474370805,1,2,3,0.777777777777778,3.90544346700573e-15,-0.113568415554844,0.0296023405631343,-3.83646743447975,0.000124816738252086,-0.171587936916676,-0.0555488941930114,60.9601953811801,0.00820157704605173,18,1.71109714264706e-05,0.00549278341600615,consensus_significant,downregulated
AT2G46100,150.014357327297,7.24433980818187e-16,18,-0.324417945465941,-0.197592086262812,0.398405690110881,0,4,4,0.888888888888889,3.92308514591451e-15,-0.293039048846819,0.0641205171082777,-4.57012922013677,4.87423576933435e-06,-0.418712953049128,-0.167365144644511,58.7052799980321,0.0343496247473474,18,0.00100903915250957,0.000454030248933831,consensus_significant,downregulated
AT4G32200,149.800225613907,7.87272806816837e-16,18,0.288180284278196,0.211315758317729,0.291237758093909,4,1,5,0.888888888888889,4.25760612135049e-15,0.270277455920287,0.0754790003242031,3.58082983027559,0.000342504679359037,0.122341333695762,0.418213578144812,80.6307090703358,0.069335533634718,18,8.26923249494824e-11,0.0118470085225762,consensus_significant,upregulated
AT4G32540,126.031756477092,8.07186981674941e-16,12,1.22874133757291,0.926309305394252,1.24844837986709,3,0,3,0.833333333333333,4.36348417205615e-15,1.36098272725091,0.393415825845121,3.4594000491142,0.000541380164913949,0.589901877646394,2.13206357685543,66.2985825668252,1.11909381139209,12,0.000486046219384973,0.0164034361578386,consensus_significant,upregulated
AT1G09900,149.440793086612,9.05175713085208e-16,18,0.248469468911757,0.237722300852055,0.364562363460834,6,0,6,0.611111111111111,4.88200402003901e-15,0.273545691524939,0.0899150434035017,3.0422683587815,0.00234802459438211,0.0973154447857195,0.449775938264158,77.5813767111565,0.091992259126064,18,5.3238375111562e-07,0.0453386334406109,consensus_significant,upregulated
AT2G40460,149.429840695653,9.09031733196783e-16,18,-0.431382629538882,-0.395439885448344,0.587692934092206,0,5,5,0.722222222222222,4.9022917689782e-15,-0.431957913405084,0.14114734724323,-3.06033320385908,0.00221090870417014,-0.708601630515183,-0.155314196294984,83.7115799145863,0.260482005532068,18,5.80441514250938e-12,0.0436063272816657,consensus_significant,downregulated
AT5G26280,149.353727507702,9.36284300953351e-16,18,-0.294957869304715,-0.167296114579798,0.419138143339362,0,6,6,0.722222222222222,5.04716363770045e-15,-0.344859236484801,0.0966733661250276,-3.5672621147669,0.000360730604421878,-0.53433555235411,-0.155382920615493,80.3696135600991,0.110828990188131,18,3.55441917038023e-07,0.0122970740340504,consensus_significant,downregulated
AT1G61930,145.514644229796,9.48631304424282e-16,17,0.0297160384783393,-0.441460248858015,1.75624520113146,0,6,6,0.823529411764706,5.11212888910026e-15,-0.53099289763442,0.131050505085183,-4.05181878001365,5.08210227853435e-05,-0.787847167757162,-0.274138627511678,63.9109747045447,0.131368470569581,17,0.000154736229985874,0.0027696667491794,consensus_significant,upregulated
AT1G62990,149.311684669052,9.5168488265824e-16,18,-0.362778153341583,-0.334165271669393,0.301973431348774,0,6,6,0.944444444444444,5.1280520239665e-15,-0.398163821066718,0.0505880342893222,-7.87071145697314,3.52630092596766e-15,-0.497314546322467,-0.299013095810969,22.8831580627726,0.00910929650052736,18,0.269302356929924,4.94482695251097e-12,consensus_significant,downregulated
AT1G13570,149.251115929847,9.74315825427053e-16,18,0.145217197021431,0.158507006611862,0.153811575677113,3,0,3,0.888888888888889,5.24727255945725e-15,0.157433097563015,0.0380527873029139,4.13722906313777,3.51525143840765e-05,0.0828510049379411,0.23201519018809,61.5164893573637,0.0139479510530621,18,0.000436033255385479,0.00206917524993118,consensus_significant,upregulated
AT4G27852,145.32200774489,1.02300658474505e-15,17,0.637393938513865,0.540110445026985,0.438718971706066,3,0,3,0.941176470588235,5.5072155123797e-15,0.564915210286351,0.0667696072920605,8.46066396370022,2.65859461473504e-17,0.43404918473203,0.695781235840673,9.16174262645383,0.00667400181350881,17,0.413963902895887,7.25992226267962e-14,consensus_significant,upregulated
AT4G15910,149.001283139232,1.07346355675521e-15,18,0.31993760906579,0.275045995836303,0.425679099475736,5,0,5,0.888888888888889,5.77225777653877e-15,0.33665706574432,0.0716500800962186,4.69862790512202,2.61915139562297e-06,0.196225489266322,0.477088642222319,60.4702602451589,0.044618376074802,18,0.00108246355115781,0.000276203355712402,consensus_significant,upregulated
AT4G21600,148.993500098359,1.07670849064437e-15,18,-0.123350100301121,-0.186178601063823,0.383222308851406,0,6,6,0.777777777777778,5.78910674121344e-15,-0.267617170104607,0.0464476036975699,-5.76170025577894,8.32707859418924e-09,-0.358652800520034,-0.176581539689181,50.4034594074828,0.0147019677450351,18,0.0112821885088888,2.48300083782135e-06,consensus_significant,downregulated
AT1G31910,148.848312996942,1.13906165911188e-15,18,0.109901059222392,0.0745057264306304,0.191636792466307,3,0,3,0.722222222222222,6.11928777244234e-15,0.0966211381553954,0.0245868783051339,3.92978469882532,8.5021955992807e-05,0.0484317421850637,0.144810534125727,51.6232551952766,0.00421277813767784,18,0.0012902012135168,0.00409209570012133,consensus_significant,upregulated
AT3G13860,148.598920748595,1.25466674782044e-15,18,0.227067477392088,0.25745453950697,0.204457613920024,3,0,3,0.833333333333333,6.73407020461519e-15,0.183523891339451,0.0458945855177327,3.99881356959943,6.36607988084786e-05,0.0935721566393013,0.273475626039601,61.378243357373,0.0176457997950053,18,0.00613027650624572,0.00329638411714482,consensus_significant,upregulated
AT2G26860,148.446711237396,1.33088510888418e-15,18,0.232452905268713,0.251511537289401,0.257881797679451,4,0,4,0.833333333333333,7.13872137620896e-15,0.248503305042442,0.0506264638941594,4.90856532192269,9.17450717095198e-07,0.149277259145272,0.347729350939612,61.4079999422227,0.0247564669952336,18,0.000227287811779889,0.000116955805910976,consensus_significant,upregulated
AT3G09960,140.754496168481,1.35708192379597e-15,16,-0.333863951086804,-0.565406128038752,0.727017356437527,0,4,4,0.6875,7.27773392508105e-15,-0.651614796757689,0.104742528237323,-6.22111006602092,4.93649696099964e-10,-0.856906379752511,-0.446323213762867,31.8702342918338,0.0447927490550089,16,0.15937951812735,2.11673725888021e-07,consensus_significant,downregulated
AT1G14670,148.344383422728,1.38469775926725e-15,18,0.113817122089256,0.12097381519762,0.150056938830085,3,0,3,0.833333333333333,7.4235304621144e-15,0.138432235583895,0.037838364882572,3.6585152665425,0.000253680631973854,0.0642704031801691,0.212594067987622,59.2848168959113,0.0120979642450029,18,0.00703040789734445,0.00945543527969212,consensus_significant,upregulated
AT5G49140,136.764197212137,1.40715143210858e-15,15,-0.91433151693173,-0.63541097656181,1.17331394074607,0,5,5,0.666666666666667,7.54234911472348e-15,-1.16791359125268,0.304267388816105,-3.83844484877923,0.000123816016566717,-1.76426671500229,-0.571560467503073,70.8242630020138,0.812644509182128,15,3.41266078019098e-05,0.00546264473090777,consensus_significant,downregulated
AT1G31050,148.256600075047,1.43258344776982e-15,18,-0.152190120469983,-0.240370331665517,0.762191395558,1,4,5,0.888888888888889,7.67628675642176e-15,-0.355089984370655,0.0989517467464757,-3.58851658556803,0.00033256484007711,-0.549031844201076,-0.161148124540234,73.5259841269139,0.0899961144148365,18,1.09056935515152e-05,0.0115881760661926,consensus_significant,downregulated
AT3G01720,148.247284809325,1.43776062992157e-15,18,-0.0935195738770726,-0.0413855282632022,0.232954972814967,0,4,4,0.666666666666667,7.70323262656751e-15,-0.155218618368099,0.050017652170166,-3.10327677596756,0.00191390556659109,-0.253251415212876,-0.0571858215233224,66.8714464379372,0.0212864861978664,18,0.00195443800316774,0.0395779499469956,consensus_significant,downregulated
AT5G58340,148.022133416376,1.56871631034005e-15,18,0.202337956775913,0.254540281903575,0.26347411644702,4,0,4,0.666666666666667,8.39100744336382e-15,0.267106817196461,0.060986977910948,4.37973525408138,1.18823580770944e-05,0.147574536965063,0.386639097427859,54.7270094772663,0.033165645364706,18,0.00230898927971781,0.000905292608622564,consensus_significant,upregulated
AT4G31920,147.755774658658,1.73904079005548e-15,18,-0.218700343634321,-0.202960613226043,0.165332213903172,0,5,5,0.944444444444444,9.28675337428433e-15,-0.241982682387898,0.0429175083466057,-5.63832085575946,1.71716333400914e-08,-0.326099453053442,-0.157865911722353,54.1704763862405,0.0141241953628303,18,0.00513909810393366,4.55005975907332e-06,consensus_significant,downregulated
AT5G67560,147.500093751651,1.91981261888503e-15,18,-0.17035278924738,-0.188829698872906,0.150202223463403,0,7,7,0.888888888888889,1.02352536962252e-14,-0.178046652917299,0.0239987966840038,-7.41898251240131,1.1802349309116e-13,-0.225083430090246,-0.131009875744352,23.6016897930129,0.00219381784001774,18,0.115082865232282,1.15538319161165e-10,consensus_significant,downregulated
AT1G08590,147.369657194413,2.0191159108788e-15,18,0.398895502513579,0.407990717919077,0.579314367941921,4,0,4,0.777777777777778,1.07580469038621e-14,0.438623912636191,0.0433614416235395,10.1155288249936,4.71463989617802e-24,0.353637048736318,0.523610776536065,0,0,18,0.478434558606286,3.05767970466625e-20,consensus_significant,upregulated
AT5G38610,147.319300325573,2.05880633467696e-15,18,-0.348163638356039,-0.362069236957901,0.484656747521791,0,5,5,0.722222222222222,1.0966144045163e-14,-0.478975316098286,0.104249728667172,-4.59449940275109,4.33789370347239e-06,-0.683301029684017,-0.274649602512556,65.3873361378084,0.0877562372593787,18,0.000197260699610076,0.000413726611968679,consensus_significant,downregulated
AT5G50760,147.076397084557,2.26143459886451e-15,18,-0.154386051974149,-0.209611566863222,0.574634650685439,0,4,4,0.611111111111111,1.20293857861706e-14,-0.342156772357415,0.108466140416431,-3.15450306467791,0.00160771689776905,-0.554746501115684,-0.129567043599147,71.7181813243603,0.110745650181636,18,3.41428036141205e-05,0.0349747520016141,consensus_significant,downregulated
AT3G03610,146.880043583192,2.43963899999859e-15,18,-0.192265069782434,-0.152163616071695,0.199782495670929,0,3,3,0.888888888888889,1.29600515597673e-14,-0.200975769279033,0.0444535602845746,-4.52102751708669,6.15401871672526e-06,-0.28810314642138,-0.113848392136687,57.7227476343351,0.0182078365900759,18,0.00094999897484795,0.000536835850018314,consensus_significant,downregulated
AT4G25560,143.028343768478,2.50772527878152e-15,17,-0.10194116801687,-0.51914362731578,1.68460987393265,1,6,7,0.823529411764706,1.33149309149913e-14,-0.611985439234467,0.110574612128333,-5.53459268321194,3.11952440491566e-08,-0.828707696610485,-0.39526318185845,42.7847966222658,0.0700015884049097,17,0.0023052612233048,7.63459453889832e-06,consensus_significant,downregulated
AT4G07950,146.790339844035,2.52563522024735e-15,18,0.219003253902976,0.189438083620602,0.274464976612468,4,1,5,0.722222222222222,1.34072817393943e-14,0.184230579736529,0.0585938479093529,3.14419664026062,0.00166543486884075,0.0693887481185798,0.299072411354478,81.1119777109216,0.0461204527897714,18,5.60574749834994e-13,0.0359141407875866,consensus_significant,upregulated
AT5G25970,131.285693496778,2.59857048346276e-15,14,0.605345782670742,0.650488749709877,1.39673617920248,3,0,3,0.642857142857143,1.37916358177933e-14,1.06546920580424,0.299140656407347,3.56176662376966,0.000368367760166954,0.479164292934167,1.65177411867431,51.4254432645917,0.469735405863061,14,0.0281851812863245,0.0124673143303994,consensus_significant,upregulated
AT1G71260,146.447961899065,2.88250215509618e-15,18,0.181289681552843,0.167888827100839,0.173058247027067,4,0,4,0.888888888888889,1.52689063432994e-14,0.173650567119051,0.0378044234422257,4.5933928177593,4.36097051972344e-06,0.0995552587159867,0.247745875522115,51.970243855042,0.0109477838775447,18,0.00731330916819554,0.000414404019130643,consensus_significant,upregulated
AT2G42920,146.35331912433,2.98971287915738e-15,18,0.266214449593444,0.20098257002569,0.269277342329483,4,0,4,0.833333333333333,1.58206655935101e-14,0.308869086667843,0.0665357597206826,4.64215164844404,3.4479963952204e-06,0.178461393931294,0.439276779404392,48.9437872515683,0.0292846424616307,18,0.0481630142201823,0.0003446933429087,consensus_significant,upregulated
AT3G13060,146.221437652866,3.14575341044721e-15,18,-0.0785607593013978,-0.0417621122620828,0.182093892694644,0,3,3,0.777777777777778,1.66328186385107e-14,-0.107254278505288,0.0346548084202664,-3.09493208574672,0.00196857967117569,-0.175176454900146,-0.0393321021104304,58.2317403018475,0.00913420242681965,18,0.000501612484717043,0.0403238600598661,consensus_significant,downregulated
AT4G25480,142.422271470598,3.17606671333654e-15,17,-0.986306217536525,-0.733891769438414,1.24203416504961,0,3,3,0.823529411764706,1.67913862166527e-14,-0.898189902271825,0.296571066779683,-3.02858236315775,0.00245704091056475,-1.47945851201663,-0.316921292527024,71.3951539221676,0.960022584112959,17,1.37562450671785e-07,0.0465769494350535,consensus_significant,downregulated
AT5G51800,138.574981769371,3.20622579712986e-15,16,0.907688435001668,0.890520821388346,0.876808433043647,4,0,4,0.875,1.6949106243312e-14,0.893096165432222,0.241331469898173,3.70070329331294,0.000215002753472729,0.420095176095691,1.36609715476875,77.224463402965,0.573591148440609,16,1.9368714391465e-08,0.0083497027404035,consensus_significant,upregulated
AT1G20260,146.097783538629,3.29940953673844e-15,18,-0.121936992203187,-0.100580557281891,0.162731429248175,2,7,9,0.777777777777778,1.74328264650577e-14,-0.118617362999971,0.0380600924208632,-3.11658105525117,0.00182961375856546,-0.193213773393129,-0.044020952606813,81.5510349230057,0.0185823476961632,18,1.10777336912149e-12,0.0383391277259331,consensus_significant,downregulated
AT1G67370,145.754337854795,3.76647627023613e-15,18,0.741449798852296,0.65306171136895,0.678018759332751,4,0,4,0.888888888888889,1.98541422812843e-14,0.751364385230982,0.16531381778402,4.54507914282537,5.49146165853801e-06,0.427355256227487,1.07537351423448,60.3444482164133,0.261211095722698,18,0.000662013317720676,0.000497240831922489,consensus_significant,upregulated
AT2G29500,145.699513079213,3.84689426066749e-15,18,0.736693716587959,0.413455164454638,0.860215177902718,4,0,4,0.944444444444444,2.02698130987719e-14,0.643994097947603,0.171061425700045,3.76469502292609,0.000166752479725826,0.30871986443144,0.979268331463766,84.4034296306242,0.395507567793202,18,2.29796919084095e-08,0.00691589580982796,consensus_significant,upregulated
AT2G46610,145.667068691782,3.89528640790571e-15,18,0.240296469916998,0.224703800514129,0.243137797284963,3,2,5,0.833333333333333,2.05185486508387e-14,0.21522834063011,0.0603514622962943,3.56624897626259,0.000362127349813113,0.096941648115046,0.333515033145174,77.0840880631488,0.0420549962293445,18,1.47586370719703e-10,0.0123220412500408,consensus_significant,upregulated
AT5G61880,145.656535989035,3.91112620970741e-15,18,0.276138939579323,0.269978972587297,0.268224040197599,5,0,5,0.888888888888889,2.05978043034018e-14,0.260041484714749,0.0512303790326934,5.07592349743888,3.85618434437727e-07,0.159631786896334,0.360451182533164,53.0010512289683,0.0217801764375242,18,0.00448006502367769,5.81611245708344e-05,consensus_significant,upregulated
AT4G37700,141.803711041513,4.04099943775529e-15,17,-0.190676820394288,-0.502090018949967,2.00600091567573,0,3,3,0.705882352941177,2.12645150379131e-14,-0.548314183580474,0.124334245271717,-4.41000130239421,1.03369997445704e-05,-0.792004826358008,-0.304623540802939,52.7837027528783,0.106621195676619,17,1.33007565335827e-05,0.000816324040711246,consensus_significant,downregulated
AT1G09863,145.518809773119,4.12424174128711e-15,18,0.162257969300722,0.165376869350067,0.41127644415374,3,0,3,0.722222222222222,2.1689357646625e-14,0.308852718691139,0.067400688469597,4.58233774318871,4.59806457947434e-06,0.176749796757525,0.440955640624753,48.1808403887379,0.0261815866557999,18,0.0186937964338593,0.000432969115501718,consensus_significant,upregulated
AT3G14900,145.396530508762,4.3231142676497e-15,18,0.35664955153332,0.19055611205255,0.575548226449729,4,0,4,0.722222222222222,2.27214130233202e-14,0.39101517409156,0.130490311384,2.99650732643974,0.00273091675660587,0.135258863447502,0.646771484735617,70.3097625506946,0.171239502276991,18,2.74020096665511e-05,0.0499615250351688,consensus_significant,upregulated
AT1G72545,104.355723412095,5.2548446215685e-15,8,0.668324897416431,0.571625520106971,0.517328238426685,4,0,4,0.875,2.75347491876857e-14,0.647881224958864,0.181353945739566,3.57246831502226,0.000353632280880776,0.292434022855084,1.00332842706264,80.3442816243913,0.191327290736026,8,2.65002029585583e-05,0.0121508988484889,consensus_significant,upregulated
AT4G26670,144.786646471365,5.46678046919237e-15,18,0.15338940995542,0.0930332456299253,0.219080686755907,4,0,4,0.666666666666667,2.86337040197349e-14,0.189896727027094,0.0450770226570081,4.21271671982468,2.52317428636224e-05,0.101547386089062,0.278246067965126,55.1870130037356,0.0153586738030684,18,0.00467010648602247,0.00164050594829096,consensus_significant,upregulated
AT4G13750,144.477718134109,6.15626593958228e-15,18,0.246226681900508,0.223195058103612,0.268373961422402,4,0,4,0.833333333333333,3.21995725617515e-14,0.224407844992026,0.0456816444606827,4.91242921837391,8.99548617876469e-07,0.134873467094525,0.313942222889528,56.8017320306856,0.0184301758331301,18,0.00142808864571998,0.000115525199232432,consensus_significant,upregulated
AT4G31870,140.714208567225,6.17184451252989e-15,17,-0.822861989461868,-0.755887886204591,1.12194303027842,0,2,2,0.764705882352941,3.22778014958498e-14,-0.828057263023765,0.272147743920673,-3.04267546404916,0.00234485068893008,-1.36145703958211,-0.294657486465417,66.4746698647983,0.661341742326702,17,6.22055855820153e-05,0.0453288040556453,consensus_significant,downregulated
AT4G06536,144.223800866184,6.78723545848732e-15,18,-0.334057980268446,-0.401347116103412,0.80387362074864,0,4,4,0.777777777777778,3.54461971755837e-14,-0.595847424001601,0.14950850872191,-3.98537467262076,6.7373730769674e-05,-0.888878716478838,-0.302816131524365,61.9144529807644,0.200821890510627,18,0.000142582093824314,0.00343718647714234,consensus_significant,downregulated
AT1G33290,144.194059092169,6.86522854653238e-15,18,0.180882074771045,0.151261249857991,0.273574909801164,3,0,3,0.888888888888889,3.58463004822512e-14,0.251371753757834,0.0485833391827299,5.17403204445014,2.29095507399257e-07,0.15615015871099,0.346593348804679,37.9037223773695,0.0121548978224243,18,0.0567870561154878,3.80974080317405e-05,consensus_significant,upregulated
AT1G10980,140.357628518797,7.08802091613517e-15,17,1.39400272238165,1.32261193475705,2.12501723590162,4,0,4,0.764705882352941,3.69761155461183e-14,1.30785729457453,0.410077415984813,3.18929363967454,0.00142620925510279,0.504120328371049,2.11159426077801,73.4090438678108,1.77201863314647,17,5.71680037077798e-07,0.0324265736160181,consensus_significant,upregulated
AT1G27410,144.037143611181,7.29171356353754e-15,18,0.438224563283469,0.370154884912599,0.348491236281708,5,0,5,0.888888888888889,3.80272533823515e-14,0.438207976012153,0.0827651191612591,5.29459729476558,1.19278970111347e-07,0.27599132327992,0.600424628744387,61.0999516479551,0.0670409893098382,18,0.000782288578180722,2.25042548554805e-05,consensus_significant,upregulated
AT1G73180,143.930339379615,7.59697116447165e-15,18,0.154840299909437,0.0969141838725233,0.155917338359013,5,0,5,0.888888888888889,3.95913646357308e-14,0.146684113659243,0.0363850288590851,4.0314414543227,5.54358065674259e-05,0.0753707675189862,0.217997459799501,68.9173223985497,0.0136904673221759,18,1.40092397086355e-06,0.00295908579006618,consensus_significant,upregulated
AT2G38760,143.891921137046,7.7098552142866e-15,18,-0.302186674282207,-0.431724540398326,0.441470286403639,0,5,5,0.722222222222222,4.01715887437696e-14,-0.353816315146835,0.0901545324552332,-3.92455382454038,8.68906309408436e-05,-0.53051595180214,-0.177116678491531,60.9124439023824,0.0668901827791242,18,0.00419966415683517,0.00416382504110004,consensus_significant,downregulated
AT5G59510,143.621620897705,8.55265539739017e-15,18,-0.387061655366405,-0.185572771373475,0.638632470701023,0,3,3,0.833333333333333,4.44691813043425e-14,-0.506688812081357,0.16436983606954,-3.08261432996132,0.00205190893006141,-0.828847770922408,-0.184529853240306,79.9116250686448,0.28798721400512,18,4.49617081097176e-09,0.0414407329417307,consensus_significant,downregulated
AT1G63250,143.428793981012,9.20930385134894e-15,18,0.311706541010743,0.385261028605795,0.287061937766231,4,0,4,0.833333333333333,4.78115513843014e-14,0.278691170183389,0.0727665787992462,3.82993366985498,0.00012817780475842,0.13607129645867,0.421311043908107,65.5929111878283,0.0541197663845932,18,9.44714744147258e-05,0.00561213267686569,consensus_significant,upregulated
AT5G05430,135.84964190897,9.34773525271886e-15,16,0.56183894965743,0.430499652844949,0.738549843509802,5,0,5,0.8125,4.85156807351361e-14,0.635642513031467,0.194738241956442,3.26408673841086,0.00109817539897699,0.253962572384194,1.01732245367874,79.5381906747811,0.325830663003521,16,4.2175989226071e-08,0.0271418143008759,consensus_significant,upregulated
ATCG00065,143.318635351916,9.60669429929712e-15,18,0.35443431820377,0.357870874997679,0.50871903531331,7,0,7,0.722222222222222,4.98298061990626e-14,0.380878310988435,0.126496413822799,3.01098109802531,0.00260405062358191,0.132949895722274,0.628806726254595,78.1412497289167,0.199356850734074,18,1.83909759748739e-09,0.0485129488523963,consensus_significant,upregulated
AT3G11850,143.119814317533,1.03675813436739e-14,18,-0.179405531378902,-0.207027237524372,0.250585574479312,0,4,4,0.833333333333333,5.37281916443354e-14,-0.17879925958002,0.0540560806280931,-3.30766229261353,0.000940781828275841,-0.284747230756476,-0.0728512884035643,76.146461493924,0.0323396528629692,18,4.47092886178028e-09,0.0243935654064286,consensus_significant,downregulated
AT2G15020,115.715897821308,1.04012236940394e-14,11,-2.3336527948431,-2.12429801625193,2.09208613012356,0,4,4,0.909090909090909,5.38971556454011e-14,-2.2023350699866,0.567994267318731,-3.87738960884752,0.000105583207947677,-3.31558337735653,-1.08908676261668,72.3901020051654,2.3052403806969,11,0.000695270428373908,0.0048180115753362,consensus_significant,downregulated
AT4G14365,142.939316472403,1.11101081851827e-14,18,0.527831384822934,0.307773548442788,0.753040242553704,4,0,4,0.888888888888889,5.75073027744256e-14,0.467213241996973,0.111352665820505,4.19579754606051,2.71913055240008e-05,0.248966027406258,0.685460456587688,54.4084602899602,0.0864123512051378,18,0.00620733812719716,0.00173103520957946,consensus_significant,upregulated
AT2G37530,142.857170736056,1.14653237805289e-14,18,-0.102553072124836,-0.299050513552784,0.505968482156088,0,4,4,0.666666666666667,5.93045415121817e-14,-0.377251604850814,0.0770853517535552,-4.89394672618089,9.88336031780529e-07,-0.528336118023383,-0.226167091678244,38.4401834616314,0.0323008037557843,18,0.0360228054145615,0.000124463171536167,consensus_significant,downregulated
AT1G02960,142.855009767623,1.14748191762022e-14,18,0.084293597822363,0.0752597296385875,0.162537070229624,4,0,4,0.722222222222222,5.93477419097231e-14,0.135011061226161,0.0412656056678454,3.27175765485886,0.00106881149955118,0.0541319603169516,0.21589016213537,64.136357306364,0.0146616289902056,18,0.00037611091538284,0.0266513716752285,consensus_significant,upregulated
AT5G18820,142.74736155876,1.19578623880368e-14,18,0.258711286421367,0.205679926610703,0.350188734850468,4,0,4,0.666666666666667,6.17721723700108e-14,0.282191050804055,0.0863201609427426,3.26912099933683,0.00107882156673581,0.113006644216578,0.451375457391531,69.7133983573518,0.0803048657071855,18,2.73885529794977e-06,0.0268072692377974,consensus_significant,upregulated
AT3G51870,142.496677573624,1.31625541405632e-14,18,0.114212976469825,0.144427960884978,0.399015468512376,5,0,5,0.611111111111111,6.79210302693745e-14,0.271506510809318,0.082808993710449,3.2787080079571,0.00104283477522307,0.109203865540834,0.433809156077802,68.6953364096061,0.0625039490394687,18,0.000837802708303716,0.0263036692792133,consensus_significant,upregulated
AT3G12340,142.478937172179,1.32522438353844e-14,18,0.250071246759404,0.258446348453536,0.230639412061597,6,0,6,0.888888888888889,6.83770461576983e-14,0.227566221207154,0.0486878677903313,4.67398207264164,2.95415129818949e-06,0.132139753854057,0.322992688560251,58.207893787716,0.0215606255897238,18,0.00084744261658677,0.000303511259317353,consensus_significant,upregulated
AT3G27280,142.447127584434,1.34145873540814e-14,18,0.219668183599901,0.198954475921737,0.323991025960294,4,0,4,0.777777777777778,6.92078030083675e-14,0.201451382525079,0.0469261618243187,4.29294395052528,1.76319528197699e-05,0.109477795416716,0.293424969633442,48.9842384592764,0.0152153822931112,18,0.00997172685820612,0.00124127033934999,consensus_significant,upregulated
AT1G74920,142.363565356544,1.385053938078e-14,18,0.144848374107395,0.122114687834919,0.173105228592075,5,0,5,0.833333333333333,7.14214450473782e-14,0.146144444104179,0.0313649413514761,4.65948405471198,3.1700295017334e-06,0.0846702886780752,0.207618599530284,68.2126136278331,0.0108516228661154,18,5.62515802070282e-05,0.000321237911460812,consensus_significant,upregulated
AT2G37570,142.310161310698,1.41365035655568e-14,18,-0.154817315406676,-0.167191794549576,0.179214992508095,0,4,4,0.722222222222222,7.28815606989138e-14,-0.147232221517797,0.0407570656060496,-3.61243429399252,0.000303335982783272,-0.22711460222119,-0.0673498408144033,65.2834749555833,0.0173571013264862,18,5.5887702082493e-06,0.0108764921428661,consensus_significant,downregulated
AT2G22410,142.129979150775,1.51453548384666e-14,18,0.292783383192513,0.236591571458189,0.40714883037323,4,0,4,0.777777777777778,7.8020750518239e-14,0.323173959690648,0.0981649934383428,3.29215077973425,0.000994242913377597,0.130774108008885,0.515573811372411,79.9185594823296,0.114171288960077,18,4.57231309907163e-10,0.0254240016351322,consensus_significant,upregulated
AT4G04770,142.04085354713,1.56705251328383e-14,18,-0.279875106840929,-0.159349128986203,0.28682727771323,0,4,4,0.833333333333333,8.06620970861294e-14,-0.249662561038735,0.0689152423214687,-3.62274806891246,0.000291489690958188,-0.384733953974664,-0.114591168102806,83.1993624197985,0.0511980205149636,18,1.30834521771558e-12,0.0105391297043029,consensus_significant,downregulated
AT5G47200,141.960472352664,1.61596806745805e-14,18,-0.0917625108989268,-0.171759674958153,0.173080158410919,0,3,3,0.833333333333333,8.31387377767051e-14,-0.127482937427961,0.029251803449435,-4.35812231708481,1.31183065132699e-05,-0.184815418671698,-0.0701504561842239,46.6697772233734,0.00560212926682825,18,0.0199960875563198,0.000977916975767953,consensus_significant,downregulated
AT3G17185,141.835578315515,1.69500082079759e-14,18,-0.198918307844384,-0.258230658336151,0.348281002129671,0,4,4,0.722222222222222,8.71271046847734e-14,-0.256501071591283,0.0657071225765282,-3.9037026966527,9.47321403984895e-05,-0.385284665369036,-0.127717477813529,66.0783863127481,0.0447836845009234,18,0.000128462836349026,0.00444970839164165,consensus_significant,downregulated
AT5G62190,141.663694283544,1.81009004030281e-14,18,0.279716867862529,0.175022881756604,0.296387397548557,5,0,5,0.888888888888889,9.29693054742761e-14,0.239981015875738,0.0612395348451585,3.91872695445058,8.9017886309414e-05,0.119953733149242,0.360008298602234,82.3503547267757,0.0480423759482318,18,9.30701676427225e-07,0.00424701112982418,consensus_significant,upregulated
AT4G24620,141.443054331134,1.96928205375736e-14,18,-0.150710975388494,-0.170831332669243,0.186187844026979,0,5,5,0.833333333333333,1.01065665847978e-13,-0.156008935405268,0.0418835469795707,-3.72482625412227,0.000195449789869709,-0.238099179030018,-0.0739186917805184,77.4264290916003,0.0209138315636679,18,6.20053790467033e-09,0.00777662338773006,consensus_significant,downregulated
AT3G01860,141.224044893602,2.14105626812809e-14,18,-0.34321208561627,-0.298416442255511,0.400279938644496,0,2,2,0.888888888888889,1.09675248097232e-13,-0.31555342393142,0.0853381463378261,-3.69768312850675,0.000217576248589651,-0.482813117260968,-0.148293730601872,82.8486910454661,0.0938846155396585,18,1.27353258109083e-08,0.0084307140267554,consensus_significant,downregulated
AT1G68000,141.190903983731,2.1683162784299e-14,18,-0.17122434427382,-0.166748362448708,0.170478042835031,0,5,5,0.888888888888889,1.11027805018538e-13,-0.198346361543739,0.0393020876245786,-5.04671312726141,4.49475450066072e-07,-0.27537703780515,-0.121315685282328,49.8652980461569,0.0124326228287389,18,0.01438979815714,6.62516598046252e-05,consensus_significant,downregulated
AT5G17890,125.963693198715,2.1933348873587e-14,14,0.360244877867666,0.172928716061861,1.07930385234799,3,0,3,0.857142857142857,1.12264570008682e-13,0.151254762959161,0.0402886010134873,3.7542818354136,0.000173839178913969,0.0722905559852224,0.230218969933101,57.8506405376898,0.00982848486039316,14,0.00475395773308463,0.00713001735871334,consensus_significant,upregulated
AT1G20840,140.963762908026,2.36467052281082e-14,18,-0.267239861613309,-0.268301132834333,0.19208321560055,0,5,5,0.944444444444444,1.20879311340889e-13,-0.279933263714304,0.0392461631562977,-7.1327549294302,9.83796329766138e-13,-0.356854330032031,-0.203012197396578,25.7624649694761,0.00614648135068858,18,0.208774402454238,7.85281365747482e-10,consensus_significant,downregulated
AT2G47420,140.74383797921,2.5716097029468e-14,18,0.15514587949,0.123326285253544,0.210595212404154,5,0,5,0.833333333333333,1.3131554033121e-13,0.142954219521111,0.046011738666811,3.10690757757054,0.0018905549495143,0.0527728688680922,0.233135570174129,81.8011745061233,0.0277185973649271,18,2.94685304809154e-07,0.0392672349882306,consensus_significant,upregulated
AT1G13400,132.974734628151,2.87204865537372e-14,16,1.08564062603877,0.992044113308376,1.3265902417146,4,0,4,0.6875,1.46484077498576e-13,1.08754683291898,0.318370250787162,3.41598133063641,0.000635526039156784,0.463552607627157,1.7115410582108,66.1411415107636,0.959875176222712,16,7.67507799918801e-05,0.0185453504024807,consensus_significant,upregulated
AT5G45840,140.451774046368,2.87450989484959e-14,18,-0.369507234646144,-0.472002215505186,0.524231374369602,0,7,7,0.833333333333333,1.46580799815866e-13,-0.412442706743238,0.0955417647487702,-4.3168839075536,1.58247332986873e-05,-0.599701124670226,-0.22518428881625,59.177786976275,0.0837822415309536,18,0.00120877085974917,0.00114034786454041,consensus_significant,downregulated
AT5G56280,140.426682092944,2.90213094190725e-14,18,0.0844055494536369,0.100083266893556,0.162769343893498,2,0,2,0.722222222222222,1.4796021416103e-13,0.115319552098935,0.0379497957117518,3.0387397332741,0.00237570000172123,0.0409393192832489,0.189699784914621,68.2474781117597,0.0151287094891888,18,2.98286575430934e-05,0.0456859966231668,consensus_significant,upregulated
AT3G45650,140.373731968816,2.96128709437468e-14,18,-0.249300660109041,-0.191232953366763,0.3586026431404,0,7,7,0.722222222222222,1.50931711170716e-13,-0.31784933490352,0.0792806110218962,-4.00916858241335,6.09329057216857e-05,-0.473236477178766,-0.162462192628274,68.3391740202346,0.062296373918934,18,0.000201678404069582,0.00317732952810446,consensus_significant,downregulated
AT1G56540,140.372273787751,2.96293303355035e-14,18,-0.342409824889019,-0.431651511863383,0.42753062451424,1,4,5,0.833333333333333,1.51000773148367e-13,-0.343115221895934,0.110345154749578,-3.10947247910081,0.00187421743834855,-0.559387751073606,-0.126842692718262,72.6626267743318,0.127850849106846,18,3.02491241494875e-09,0.0390216282388749,consensus_significant,downregulated
AT1G70860,136.629825178317,2.99442785598763e-14,17,-0.394963469695092,-0.397421660317715,0.89860972587919,0,4,4,0.705882352941177,1.52545936546539e-13,-0.719991002160122,0.161575069033866,-4.45607732966038,8.34729327846717e-06,-1.03667231826607,-0.403309686054172,55.3777310245335,0.15749739920312,17,0.0124025097584342,0.000683381922071953,consensus_significant,downregulated
AT3G51160,140.318664210291,3.02408110000671e-14,18,-0.142613243860774,-0.194309656625468,0.24445120551161,0,6,6,0.833333333333333,1.54041449770781e-13,-0.187496791216385,0.0483153485060862,-3.88068795970221,0.000104161410397651,-0.282193134188815,-0.0928004482439548,60.5720419103395,0.0193208843669538,18,0.00654157518851163,0.0047741259868125,consensus_significant,downregulated
AT3G07910,140.161698094467,3.21042901418114e-14,18,-0.159522810472495,-0.209380365375822,0.198275074309588,0,3,3,0.833333333333333,1.63261293616515e-13,-0.200556226748728,0.029570909694128,-6.7822136289758,1.18348294453582e-11,-0.258514144739305,-0.14259830875815,24.1083855534668,0.00338618283635845,18,0.074514797989375,7.67547863678708e-09,consensus_significant,downregulated
AT5G45780,140.129769099733,3.24970960732341e-14,18,0.244685551741655,0.218695757771945,0.264940332837492,2,0,2,0.833333333333333,1.65226467799464e-13,0.211724481561241,0.0681024615700057,3.1089108481578,0.00187778369792852,0.0782461096255062,0.345202853496975,70.5204182335931,0.0468574751328473,18,1.1911370707543e-08,0.0390801963029777,consensus_significant,upregulated
AT1G79590,140.091775678834,3.29707400243517e-14,18,-0.200453786019742,-0.216017201621155,0.15321146570255,0,6,6,0.833333333333333,1.6760180000038e-13,-0.184185365282018,0.0402930207049028,-4.57114810604424,4.85059291435581e-06,-0.263158234691954,-0.105212495872082,66.5986615323107,0.0166685335291822,18,0.000107230163704289,0.000452640580518771,consensus_significant,downregulated
AT4G31408,140.04964767011,3.35039560476049e-14,18,0.478993335861651,0.388029231514058,0.626491074471067,3,0,3,0.777777777777778,1.70228959650195e-13,0.52068459505148,0.14879184816187,3.49941614062774,0.000466278247879906,0.229057931461062,0.812311258641897,69.5613001400599,0.232538857873109,18,1.61044246710987e-06,0.0146887556848822,consensus_significant,upregulated
AT5G65140,140.00617126852,3.40632293869628e-14,18,0.414715530322048,0.347609636341306,0.635065261327463,4,0,4,0.888888888888889,1.7301973658375e-13,0.437061970486485,0.131578667348769,3.32167804472426,0.000894778748175368,0.17917252134912,0.69495141962385,71.0912495450703,0.193888361402668,18,1.06258002153677e-05,0.0237102658684018,consensus_significant,upregulated
AT4G31405,139.939885914693,3.49338272795102e-14,18,0.57519264106414,0.623346842275724,0.632376548576745,2,0,2,0.833333333333333,1.77389743629181e-13,0.637152049427817,0.148266151263937,4.29735340127356,1.72849501750658e-05,0.346555732824134,0.927748366031501,53.9303658287362,0.171262800693274,18,0.00064728685876803,0.00122348206668911,consensus_significant,upregulated
AT2G01750,139.845574406837,3.62107842570997e-14,18,0.206354592498774,0.159912089109808,0.214633273353394,2,0,2,0.833333333333333,1.83766100882735e-13,0.197696687129682,0.0509170715954587,3.8827191143356,0.000103294864683367,0.0979010606043354,0.297492313655028,57.8840977851389,0.0229346225425702,18,0.000325171160272317,0.00475568319787939,consensus_significant,upregulated
AT1G62130,139.835736853796,3.63466265585282e-14,18,0.155374921354089,0.123053583187537,0.27206016442244,3,0,3,0.833333333333333,1.84437452582535e-13,0.204401555972955,0.0642161268030904,3.18302529518361,0.00145744881122805,0.0785402602122406,0.330262851733669,66.2862716681104,0.0394868966617036,18,2.28702596931087e-05,0.0329061245090323,consensus_significant,upregulated
AT5G54790,128.333733543362,3.97397159552018e-14,15,-0.529695684531791,-0.455055108128182,1.27502808441259,0,3,3,0.666666666666667,2.0141904275302e-13,-0.774422580235255,0.201485819188169,-3.84355873458278,0.000121262960555757,-1.16932752923962,-0.379517631230894,49.6997752088524,0.174116628283838,15,0.0169504514009371,0.00536368921182854,consensus_significant,downregulated
AT2G36730,139.519055679119,4.10009321570374e-14,18,0.316252804149227,0.339622429708272,0.33178174990416,3,0,3,0.833333333333333,2.07689769654733e-13,0.286297854774823,0.0677826626998012,4.22376229217774,2.40257457735402e-05,0.153446277106986,0.41914943244266,68.0371092590442,0.041282453597579,18,2.21176787379042e-06,0.00157392903246763,consensus_significant,upregulated
AT2G23620,139.166772567089,4.68773952196703e-14,18,-0.0694969669845234,-0.233317122492573,0.622952597555683,0,6,6,0.611111111111111,2.37063596345718e-13,-0.411067561213063,0.0782033749875294,-5.25639157234089,1.46909324011685e-07,-0.564343359658102,-0.257791762768025,43.9851988693354,0.03732391210704,18,0.0489948935480594,2.66921562842368e-05,consensus_significant,downregulated
AT1G64580,139.136627028932,4.74175447725736e-14,18,0.191869084818386,0.1263501306796,0.26436013632432,2,0,2,0.777777777777778,2.39748464806755e-13,0.212806888687466,0.0691842070618577,3.07594605365925,0.00209835806271508,0.0772083345472629,0.348405442827668,76.6260971260763,0.0556921813526884,18,6.95733981484725e-10,0.0421165221376825,consensus_significant,upregulated
AT4G38960,138.929933793982,5.12914883080769e-14,18,-0.309527711127541,-0.293028328939237,0.320799002491361,0,2,2,0.944444444444444,2.59054595192381e-13,-0.308016613210449,0.0663361734805807,-4.64326772331265,3.42941498544014e-06,-0.438033124104588,-0.178000102316309,64.4755541372675,0.0455552282136292,18,0.000955181073532786,0.000343497619893004,consensus_significant,downregulated
AT4G34720,138.799603671607,5.38943062843956e-14,18,-0.161693445601962,-0.190747847284462,0.172701537169601,0,4,4,0.833333333333333,2.71912937733685e-13,-0.175551329144894,0.0368087130527807,-4.76928733947226,1.84878796653355e-06,-0.247695081045614,-0.103407577244175,59.8083898852034,0.0127178637747983,18,0.00170602852221317,0.000207624491029495,consensus_significant,downregulated
AT1G23140,138.700342962525,5.5964351042026e-14,18,-0.185050574888387,-0.241419257075525,0.640371637179052,0,5,5,0.666666666666667,2.8216492941832e-13,-0.389767643933348,0.0986111596449001,-3.9525713452403,7.73158662503122e-05,-0.583041965311082,-0.196493322555614,62.4428762449484,0.0872662808104641,18,0.000947491668421075,0.00379589607518449,consensus_significant,downregulated
AT1G18150,138.693184470272,5.61166585289449e-14,18,-0.194152054852366,-0.174332208434184,0.214043536701645,0,3,3,0.888888888888889,2.82905361273509e-13,-0.203695142330453,0.0426784786877061,-4.77278358071205,1.81697006512639e-06,-0.287343423473317,-0.120046861187589,63.6825012469864,0.0184277578857339,18,0.000217237149643861,0.00020538491254688,consensus_significant,downregulated
AT4G03480,134.755219633509,6.15383899710281e-14,17,-0.605308225707836,-0.373844018616077,0.804674722676761,0,2,2,0.823529411764706,3.09546809254345e-13,-0.604994473040638,0.197283253675489,-3.06662862543717,0.00216487643054485,-0.991662544997476,-0.2183264010838,59.0797667315776,0.292722944242609,17,9.13778599829944e-05,0.0429860117575158,consensus_significant,downregulated
AT1G51730,138.204552457975,6.75484530394256e-14,18,0.120840376285538,0.117187156941112,0.11939015201754,3,0,3,0.888888888888889,3.39285034472005e-13,0.132980856358082,0.0305037209914843,4.35949621999251,1.30362205501776e-05,0.0731946618203143,0.19276705089585,57.4871388694361,0.00855757634825115,18,0.000471208322258344,0.000973196067662465,consensus_significant,upregulated
AT5G37480,137.965447277794,7.39581927607877e-14,18,-0.214355753686134,-0.225281796135485,0.28759195666914,0,6,6,0.777777777777778,3.7083413800383e-13,-0.232699516491716,0.0560367802200701,-4.15262111023953,3.28688699325224e-05,-0.34252958753264,-0.122869445450792,63.6255786460419,0.0309645428639337,18,0.000116473353038757,0.00196924762999883,consensus_significant,downregulated
AT1G22140,137.953457581683,7.42950613365716e-14,18,-0.255303851473298,-0.275716476527834,0.16458198899477,0,3,3,0.944444444444444,3.72451268079726e-13,-0.276071015759939,0.0465925434945601,-5.925218823741,3.11881801623723e-09,-0.367390722957392,-0.184751308562485,38.7475743022208,0.0133058723193813,18,0.0819576684996022,1.05762584283956e-06,consensus_significant,downregulated
AT1G02870,137.856279286659,7.7082314483035e-14,18,0.163307225067858,0.15993633179544,0.233580997051233,5,0,5,0.611111111111111,3.86237613823518e-13,0.162072921392454,0.047423282552363,3.41758125270006,0.000631802320584824,0.0691249955611556,0.255020847223752,65.7111209257067,0.0242758634643367,18,8.72453516185549e-05,0.0184678487894214,consensus_significant,upregulated
AT1G03830,137.725202674175,8.10071545589995e-14,18,0.189901285332488,0.145102236570326,0.291711911663783,3,0,3,0.777777777777778,4.05629747107249e-13,0.236936167928916,0.0714140899824743,3.317778998333,0.000907362463627526,0.0969671235745638,0.376905212283268,67.423898204621,0.053356129213721,18,2.66609626867678e-06,0.023859570910741,consensus_significant,upregulated
AT4G30990,137.708831087014,8.15111215577346e-14,18,0.272757755036269,0.179833414101079,0.300718250314462,5,0,5,0.944444444444444,4.08074536506992e-13,0.20020690445955,0.0472084905717233,4.24090882879167,2.22616554579078e-05,0.107679963174473,0.292733845744626,71.5737554780283,0.0243663015865257,18,4.59983798218261e-05,0.00150003082049102,consensus_significant,upregulated
AT5G57480,137.640265849139,8.36558455906204e-14,18,-0.187585889862825,-0.23001119240372,0.578329250944287,1,3,4,0.833333333333333,4.186099153489e-13,-0.301063174144455,0.090006884099285,-3.34489052873287,0.000823150532172673,-0.477473425339725,-0.124652922949186,69.3032318390387,0.0743192881777555,18,5.06167365214673e-06,0.0223253226404846,consensus_significant,downregulated
AT3G27970,118.56031967379,8.82160403950551e-14,13,1.00088593485026,1.00762603687116,1.62646429741079,3,0,3,0.769230769230769,4.41046210629396e-13,1.37183715907585,0.413458593818454,3.31795536381621,0.000906789741260116,0.561473206093101,2.18220111205859,79.8004097861811,1.23480516684938,13,8.17080773012482e-05,0.023859570910741,consensus_significant,upregulated
AT5G06250,136.986456133964,1.07142988126476e-13,18,1.26590991763107,1.04031347106626,1.12304383737966,5,0,5,0.944444444444444,5.34386721771309e-13,1.09892214894028,0.263122570679524,4.17646477876174,2.96074561507904e-05,0.583211386888817,1.61463291099174,73.6857309940685,0.79837172675976,18,3.76620088685847e-06,0.00183970449691929,consensus_significant,upregulated
AT5G06550,136.909286737005,1.10315762790438e-13,18,0.255175793688601,0.238222224043985,0.274526692441714,2,0,2,0.777777777777778,5.49630258672031e-13,0.22722985401886,0.0581749486835523,3.90597429238651,9.38464893828246e-05,0.113209049796632,0.341250658241088,57.0313344611811,0.0292567769991482,18,0.000741102191491543,0.00441444356766861,consensus_significant,upregulated
AT1G14360,136.757177805187,1.16845611469937e-13,18,0.237573828426778,0.194816413688263,0.256819644861116,4,0,4,0.888888888888889,5.81773223417228e-13,0.198138280769408,0.0473821089138347,4.18171088859144,2.89323720058308e-05,0.105271053786738,0.291005507752078,70.4095784163953,0.0247567955389748,18,9.0777975661077e-05,0.00180641057659509,consensus_significant,upregulated
AT5G65160,136.701384010897,1.19335874707815e-13,18,-0.260995358379833,-0.36127896200208,0.49019073343818,0,4,4,0.833333333333333,5.94001269129212e-13,-0.466305045649618,0.0515249443280963,-9.05008344463837,1.42859127656632e-19,-0.567292080838118,-0.365318010461118,0.00138267802535616,7.06578777429822e-07,18,0.204124477966598,5.2943592709548e-16,consensus_significant,downregulated
AT3G29370,136.631113227896,1.22547476651384e-13,18,0.32108630954559,0.323091943764681,0.399084879311387,4,0,4,0.722222222222222,6.09636402346734e-13,0.321244434438941,0.0971636188331584,3.3062213850902,0.000945633414765444,0.130807240918373,0.511681627959509,68.5905958144779,0.103820647641031,18,3.93058171955414e-06,0.0244948797262558,consensus_significant,upregulated
AT5G03460,136.542866491469,1.26702568627871e-13,18,-0.123439659233465,-0.186116656719015,0.284647320533091,1,5,6,0.833333333333333,6.29763456651514e-13,-0.172268785278922,0.0496825056586027,-3.46739326036977,0.00052553241401766,-0.269644707031491,-0.0748928635263533,65.3486650650687,0.0252735463742818,18,0.000320201587504405,0.0160541946090299,consensus_significant,downregulated
AT2G41040,136.399971991472,1.3372966155212e-13,18,-0.313484446438008,-0.351509626941898,0.272911192610228,0,3,3,0.833333333333333,6.64118568961495e-13,-0.287310689362663,0.0689958737110971,-4.16417205709582,3.12484410809226e-05,-0.422540116918287,-0.152081261807038,68.7716537217699,0.0519479367761318,18,9.66024436599447e-07,0.00189853031755571,consensus_significant,downregulated
AT3G04181,136.325458699087,1.37546272241573e-13,18,-0.284161087740653,-0.297499565578307,0.598489692907536,0,2,2,0.777777777777778,6.82680412700574e-13,-0.409618291816769,0.135703391004042,-3.0184823591075,0.0025404419178634,-0.675592050764649,-0.143644532868889,67.4267663034649,0.182650412956405,18,5.3138167440016e-06,0.0476609831410863,consensus_significant,downregulated
AT4G13650,136.264137708796,1.40768221030613e-13,18,0.220836787149249,0.135336527781171,0.333316915282108,3,0,3,0.833333333333333,6.98471456951226e-13,0.244539477551476,0.0752094682847991,3.25144537155172,0.00114819838495929,0.0971316284168623,0.39194732668609,67.0821716259665,0.0542627714151286,18,2.58417348731113e-06,0.0280740457140564,consensus_significant,upregulated
AT2G39580,136.242614988289,1.41916768094031e-13,18,0.287499304712637,0.291186186218386,0.233071812933992,6,0,6,0.944444444444444,7.03968477573191e-13,0.277633495469619,0.0489168423177263,5.67562177595857,1.3818579771955e-08,0.181758246289451,0.373508744649788,45.8916826312069,0.0173552837630446,18,0.0197983983186044,3.77349048888482e-06,consensus_significant,upregulated
AT5G45140,136.190813273679,1.4471946182213e-13,18,0.211636032116537,0.158814594695178,0.236256300169365,3,0,3,0.833333333333333,7.17528160874129e-13,0.175834731740016,0.0447074294428782,3.93300920968127,8.38890223085411e-05,0.0882097801906087,0.263459683289422,69.0187787339082,0.019394073030065,18,2.12425880718121e-05,0.00404883537995939,consensus_significant,upregulated
AT3G44190,136.179934846856,1.45314983641701e-13,18,-0.161208864143001,-0.216058883074222,0.240102361082198,1,5,6,0.777777777777778,7.20343167716132e-13,-0.168034050646713,0.0494046174529685,-3.40118109014153,0.000670953644695383,-0.26486532152451,-0.0712027797689155,65.5497420967858,0.0216329461874208,18,0.00510961303124111,0.0192010299527056,consensus_significant,downregulated
AT3G63360,124.802681144706,1.58352088942244e-13,15,-0.512423977868415,-0.560881013590957,0.771605192689975,0,5,5,0.733333333333333,7.84145765498656e-13,-0.747236665744022,0.203173223146271,-3.67783044523569,0.000235226233698982,-1.14544886573363,-0.34902446575441,52.6832887069331,0.249848959014099,15,0.0468383999841234,0.00894100945731722,consensus_significant,downregulated
AT1G14080,132.230331796051,1.61604374043319e-13,17,-0.157788674316427,-0.24321800845479,0.605435197414899,0,3,3,0.823529411764706,7.99945504742231e-13,-0.404549049672717,0.0917610777469431,-4.40872164544944,1.03982567483254e-05,-0.584397457239305,-0.224700642106129,55.6737065137681,0.0589015110484245,17,0.00849971420562209,0.000819913606580725,consensus_significant,downregulated
AT4G09420,128.476845747405,1.64048729809886e-13,16,-0.420414963828178,-0.427899721427912,0.515428191128832,1,3,4,0.875,8.1181284571538e-13,-0.375911667303066,0.124018026983197,-3.03110504534955,0.00243660461822346,-0.61898253362385,-0.132840800982283,76.441544936363,0.161326364807649,16,4.41298657347867e-05,0.0463419332888218,consensus_significant,downregulated
AT5G24140,128.434752404797,1.6673235539988e-13,16,-0.367640138777853,-0.482444390602993,0.789117551409238,0,4,4,0.6875,8.24699893034325e-13,-0.711007069975917,0.146756748272215,-4.84479983610083,1.26739386361794e-06,-0.998645011077668,-0.423369128874165,42.0294309064685,0.111482364347151,16,0.0641023899576938,0.000152924333069658,consensus_significant,downregulated
AT5G46630,135.552857926633,1.8409403550135e-13,18,-0.0837955581157062,-0.0962741443722635,0.114785318631612,0,3,3,0.722222222222222,9.09275269942479e-13,-0.0923395685599442,0.0274348375715762,-3.3657778479291,0.000763281530284163,-0.14611086212194,-0.0385682749979485,63.7877865262176,0.0074554816269132,18,5.69996429388493e-05,0.0211549673703331,consensus_significant,downregulated
AT3G16430,135.522042578173,1.86244765865315e-13,18,-0.223626561860558,-0.242139484985209,0.280599855321532,0,3,3,0.833333333333333,9.19285743525985e-13,-0.311034051331488,0.0655068774739326,-4.74811292074269,2.05323396080139e-06,-0.439425171920074,-0.182642930742902,48.3368701009425,0.029069838611168,18,0.0201170166773115,0.000226178324463311,consensus_significant,downregulated
AT3G22260,135.275562574152,2.04370765098828e-13,18,-0.173475018833906,-0.140089493522053,0.218783593322267,0,4,4,0.777777777777778,1.00712562470512e-12,-0.208697441735687,0.0613239586750522,-3.40319585109546,0.000666025201899769,-0.328890192128212,-0.0885046913431622,61.31159631089,0.0365374984306427,18,0.000195686530510989,0.0191022949559799,consensus_significant,downregulated
AT2G48100,135.11336254176,2.17244529672169e-13,18,0.162783334633615,0.170012704540351,0.177413789232024,4,2,6,0.888888888888889,1.06924687856949e-12,0.137968076229584,0.0450704234430907,3.06116662968107,0.00220476358236007,0.0496316695131569,0.226304482946012,74.1234104746565,0.0245633396468168,18,6.28492405141383e-12,0.0435447102044803,consensus_significant,upregulated
AT3G27270,134.900266606653,2.35390090111293e-13,18,-0.222052105204914,-0.433053724348009,0.530364564698681,0,4,4,0.833333333333333,1.15680154027708e-12,-0.414774721965509,0.0487018414688025,-8.51661270819105,1.64287761769414e-17,-0.510228577225141,-0.319320866705877,0.000949144748924083,4.48760155737719e-07,18,0.0566286939306004,4.7355034620246e-14,consensus_significant,downregulated
AT3G20600,134.842558244602,2.40558083933346e-13,18,-0.406900446319953,-0.366188565108983,0.625313111722604,0,4,4,0.777777777777778,1.18152788059285e-12,-0.399485678574762,0.119571809419326,-3.34096874936306,0.000834866194803245,-0.633842118602928,-0.165129238546597,74.3644325454044,0.172469053058822,18,5.07637525304106e-06,0.0225664249949882,consensus_significant,downregulated
AT4G04745,134.760953601459,2.48059066054522e-13,18,-0.0875970034619366,-0.317048439395803,0.870005497737415,0,4,4,0.722222222222222,1.2176783871461e-12,-0.401725883061609,0.13043205430722,-3.079962860321,0.00207026409088638,-0.657368011933332,-0.146083754189886,64.3346793673258,0.143213917322055,18,0.000433242518055512,0.041666605985539,consensus_significant,downregulated
AT5G11610,134.592592441033,2.64276827090444e-13,18,-0.428292242582758,-0.164091505248752,0.591730849916844,0,4,4,0.777777777777778,1.29581781793303e-12,-0.406755816817291,0.116322985360536,-3.49677938162073,0.000470911104796332,-0.634744678698121,-0.178766954936462,63.6679632110091,0.113126214087634,18,0.00142426534781369,0.0148077283401533,consensus_significant,downregulated
AT1G14340,134.58018451143,2.65512910311678e-13,18,-0.143623127161725,-0.163874288974803,0.234665105741082,0,3,3,0.833333333333333,1.30175567335031e-12,-0.192562881534314,0.0450064166411794,-4.27856505594637,1.88102015201344e-05,-0.28077383722423,-0.104351925844398,51.9059483366566,0.0166932318158369,18,0.00429288942558956,0.00130474397816932,consensus_significant,downregulated
AT1G17060,134.56324927402,2.67209282032534e-13,18,-0.155370971157043,-0.267787044495823,0.471815154983131,1,5,6,0.833333333333333,1.30994889456603e-12,-0.243500000894866,0.073131912263958,-3.32959980611462,0.000869708879394786,-0.386835915052767,-0.100164086736965,66.6842813181672,0.0486919689460339,18,0.000966578527823514,0.0231880655182523,consensus_significant,downregulated
AT3G25250,134.507951951139,2.72823659807076e-13,18,-0.169112818402073,-0.355922744884768,0.759250140648706,0,6,6,0.777777777777778,1.33671488413547e-12,-0.524708508177845,0.0844692085657291,-6.21183170870539,5.23704992001886e-10,-0.690265114769277,-0.359151901586414,28.5177564239324,0.031432261206137,18,0.0980169123341029,2.20909835813218e-07,consensus_significant,downregulated
AT3G58220,134.386229931479,2.85598544435241e-13,18,0.111912619192727,0.0948065662603433,0.180384347190884,2,0,2,0.888888888888889,1.39838208063523e-12,0.151201009826212,0.0488985702061253,3.09213560210133,0.00198722048902053,0.0553615733267026,0.24704044632572,57.6175629304713,0.0219537924344873,18,0.000114601460853875,0.0405605617043043,consensus_significant,upregulated
AT1G64530,134.283657457479,2.96823880170461e-13,18,-0.216147191207806,-0.102267794159396,0.266207399686581,0,5,5,0.888888888888889,1.45183830032298e-12,-0.22576124051643,0.064780563045715,-3.48501510178466,0.000492109266463499,-0.352728810984258,-0.0987936700486026,80.196318241962,0.0485737913469201,18,4.85864563568063e-07,0.0152706920940145,consensus_significant,downregulated
AT1G54310,134.030974040926,3.26382309073971e-13,18,0.18644905413103,0.13115187193705,0.263335392220707,4,0,4,0.722222222222222,1.59461246571102e-12,0.228345500375147,0.0631168710896213,3.61782034554459,0.000297094496681281,0.104638706222632,0.352052294527662,59.5123808166611,0.0369178262305563,18,0.000261701811020246,0.0107044797679247,consensus_significant,upregulated
AT1G53250,133.616129087725,3.81380183508584e-13,18,0.267304586494942,0.222029250393935,0.406911156657039,4,0,4,0.611111111111111,1.85876729310536e-12,0.35115241901084,0.0943333962706569,3.72246132221648,0.000197290137757039,0.166262359781008,0.536042478240673,51.0912961157651,0.0666080730574589,18,0.00842459198631833,0.00783782657533402,consensus_significant,upregulated
AT1G77170,133.45153978986,4.05669175542465e-13,18,0.37762389697607,0.239051234410965,0.419651439632717,4,0,4,0.888888888888889,1.97492129066968e-12,0.332093802761951,0.0948986916495401,3.49945607246484,0.000466208414555477,0.146095784948881,0.518091820575022,83.2361211952644,0.11252109842923,18,5.0537860442047e-09,0.0146887556848822,consensus_significant,upregulated
AT2G01630,133.323082257129,4.25688643453295e-13,18,0.187696113565528,0.166511017019387,0.208783294429731,3,0,3,0.777777777777778,2.07160490237876e-12,0.166205439963032,0.0496489220941794,3.34761426739045,0.000815103768633722,0.0688953407872052,0.263515539138859,70.4314212648778,0.0256111218580453,18,1.5879876055989e-07,0.0221436167054091,consensus_significant,upregulated
AT4G26600,133.229050240993,4.40962408235615e-13,18,0.256337558844857,0.262559954028885,0.225071439209759,6,0,6,0.833333333333333,2.14432586431525e-12,0.223214996368168,0.0498190232233892,4.4805173190022,7.44623370570283e-06,0.125571505105361,0.320858487630976,65.9133883942983,0.0236463256305228,18,0.000222938866164419,0.000626159464484093,consensus_significant,upregulated
AT3G54970,133.194993194343,4.46627625780948e-13,18,0.226695445349134,0.191504478810776,0.212433170771028,3,0,3,0.944444444444444,2.17126455654337e-12,0.253937837126077,0.0564775355741871,4.49626270948937,6.91582801795433e-06,0.14324390146509,0.364631772787063,50.7798972430098,0.0257357853214665,18,0.010427590842695,0.000591138090417697,consensus_significant,upregulated
AT2G29700,133.024659775955,4.76065341977682e-13,18,-0.128478569548131,-0.166589536093988,0.224415959603944,1,5,6,0.833333333333333,2.31177650767063e-12,-0.13839016792593,0.0441312844422257,-3.13587446354757,0.00171342530309836,-0.224885896024185,-0.0518944398276745,72.882488936689,0.0224700334847709,18,0.000108599380241956,0.0366897888675013,consensus_significant,downregulated
AT2G31090,133.005815450913,4.79438253037189e-13,18,-0.258742073821983,-0.332562311146801,0.273647332723781,0,4,4,0.833333333333333,2.32793757796643e-12,-0.253646598170559,0.0567570048471692,-4.46899195709074,7.85890853624846e-06,-0.364888283541376,-0.142404912799742,61.7123790813991,0.0314153696269559,18,0.000127409223350775,0.000651360400151302,consensus_significant,downregulated
AT3G45390,132.966740340422,4.86508073310661e-13,18,-0.239995688224202,-0.335932384430919,1.02456182801055,0,2,2,0.777777777777778,2.36182354437346e-12,-0.516947913246296,0.129467601167285,-3.99287473148087,6.5277057768168e-05,-0.770699748698971,-0.263196077793622,56.8065513560362,0.11863413466637,18,0.000346426033756899,0.00335662523810072,consensus_significant,downregulated
AT2G36130,132.596352354272,5.58882364314994e-13,18,0.134211537239269,0.153283221219259,0.171890686995746,7,0,7,0.666666666666667,2.70659266495405e-12,0.13827951382006,0.0360143194720603,3.83957036665199,0.000123249801781453,0.0676927447271028,0.208866282913018,64.5745220797266,0.0135815561744801,18,0.000228808502765026,0.00544229167287565,consensus_significant,upregulated
AT3G15380,132.521901479183,5.746726597831e-13,18,0.17601053445513,0.132883739868865,0.204775641854375,4,0,4,0.944444444444444,2.78176512921122e-12,0.167137249702597,0.0473650440222278,3.52870462073594,0.000417598962414703,0.0743034692928759,0.259971030112317,58.8867828085967,0.0186305517337734,18,0.00306937206616742,0.0135671287200529,consensus_significant,upregulated
AT3G13410,132.160689732818,6.57801419411234e-13,18,-0.122490812375753,-0.107497289328548,0.153358206036789,1,4,5,0.777777777777778,3.17616070972765e-12,-0.116706740615413,0.0367516569352928,-3.17555044717831,0.00149552515653499,-0.188738664580758,-0.0446748166500673,77.8105988002585,0.0167150797468956,18,1.39563929332719e-09,0.033431205179518,consensus_significant,downregulated
AT5G36940,132.149662221069,6.60518913244499e-13,18,-0.257293029742426,-0.160288997465633,0.308300757573673,0,4,4,0.944444444444444,3.18898531314444e-12,-0.216634886352633,0.0566443327784417,-3.82447591359187,0.000131050556513631,-0.32765573852668,-0.105614034178585,78.0923049252985,0.0395986619196393,18,1.0977769102439e-07,0.00569943593809996,consensus_significant,downregulated
AT5G61430,132.004207981408,6.97424065394514e-13,18,-0.460976800795742,-0.40797229889508,0.544241372414806,0,6,6,0.722222222222222,3.36403405372125e-12,-0.476747272427614,0.0880283022736947,-5.41584081611987,6.10013550461172e-08,-0.649279574504261,-0.304214970350967,39.7250287982969,0.0436462393608909,18,0.0660544794358021,1.33946096674084e-05,consensus_significant,downregulated
AT5G09978,128.313787748311,7.1455909040101e-13,17,0.0331251733587016,-0.248578160764639,1.43061716557729,0,3,3,0.647058823529412,3.44476419755738e-12,-0.454478622242604,0.149965303261097,-3.03055848492724,0.00244101906719841,-0.748405215564981,-0.160552028920227,64.2503938498818,0.177673813540174,17,5.33934184496563e-05,0.0463918803232682,consensus_significant,upregulated
AT1G53460,131.916307189064,7.20712015238037e-13,18,0.230757323816007,0.141073495635408,0.288215285677093,6,0,6,0.833333333333333,3.47281350876143e-12,0.221141218349064,0.0534534136196505,4.13708317905759,3.51748625865258e-05,0.116374452803826,0.325907983894301,66.5523376778595,0.02846101919257,18,0.00011049059963573,0.00206917524993118,consensus_significant,upregulated
AT4G40010,131.876131376903,7.31611601452673e-13,18,-0.360010633936545,-0.367814527265099,0.528235467115607,0,5,5,0.833333333333333,3.52500684431815e-12,-0.383538145257515,0.077835290388545,-4.92756105030169,8.32624116952208e-07,-0.53609251114528,-0.230983779369751,44.0557799043517,0.0378339446674701,18,0.0297289272703874,0.00010936675869354,consensus_significant,downregulated
AT4G13330,131.730013692755,7.72651632691821e-13,18,0.287745697506599,0.237011377080768,0.400299164046506,3,0,3,0.777777777777778,3.71860092621831e-12,0.281052538304794,0.0772789775329948,3.6368563259626,0.000275985767224031,0.129588525578044,0.432516551031544,49.0237791051822,0.0402889592521122,18,0.0162483833744663,0.0100910821329469,consensus_significant,upregulated
AT1G19790,124.385262476666,7.88434667124964e-13,16,0.462784480074277,0.439400347929397,0.432195177882271,3,0,3,0.875,3.79245112682602e-12,0.489301335180029,0.112633086331487,4.3442060509643,1.3978027072395e-05,0.268544542502724,0.710058127857334,57.6612809507403,0.105392552661966,16,0.00245304083480316,0.00103309965331074,consensus_significant,upregulated
AT4G32270,131.661363270299,7.92715169688288e-13,18,-0.197428502998773,-0.146100606487043,0.25614646039393,0,5,5,0.722222222222222,3.81268742674375e-12,-0.178320923941318,0.0562482234410898,-3.17024988581334,0.00152307893128286,-0.288565416080215,-0.0680764318024203,78.2559170423423,0.0404628839815373,18,3.95366396341235e-08,0.0338100513045044,consensus_significant,downregulated
AT4G19540,131.588298494777,8.14637513579497e-13,18,0.156004626730046,0.163798041505764,0.223855741227511,2,0,2,0.722222222222222,3.91558636713183e-12,0.183538997034108,0.0549048089743002,3.34285831173765,0.000829202266654751,0.0759275488664276,0.291150445201788,63.6836576689884,0.030899713824408,18,7.27215456319708e-05,0.0224585364758134,consensus_significant,upregulated
AT3G11397,131.557669422324,8.2400561506227e-13,18,-0.168003218028447,-0.187074214953895,0.0933190614005544,0,5,5,0.888888888888889,3.96024774769394e-12,-0.195763793332527,0.0210510976388544,-9.29945776182245,1.41163744843411e-20,-0.237023186539717,-0.154504400125336,0,0,18,0.902995981794311,6.10344978121295e-17,consensus_significant,downregulated
AT3G51520,131.547975893898,8.26992676185942e-13,18,-0.102183050547217,-0.106249352490106,0.134939839393931,0,2,2,0.833333333333333,3.97423582284506e-12,-0.131134475253028,0.0375903172974518,-3.48851738109477,0.000485707242366531,-0.204810143323466,-0.0574588071825895,53.1536171301248,0.0113024941166628,18,0.0011789839495031,0.0151333268247684,consensus_significant,downregulated
AT4G16892,131.435973985052,8.62296001573454e-13,18,0.546785118482331,0.495820641591637,0.597798617737177,3,0,3,0.777777777777778,4.14044081577055e-12,0.526391609495721,0.153008272060544,3.44028203447349,0.000581108290697383,0.226500906920349,0.826282312071093,64.135486945244,0.229413935878802,18,6.24181536086453e-05,0.0173177613753837,consensus_significant,upregulated
AT2G43040,131.200254543156,9.4156012450977e-13,18,0.194573699656407,0.211927332275285,0.268166907723854,2,0,2,0.722222222222222,4.51435676879276e-12,0.248036101992559,0.0695590612254457,3.56583452425641,0.000362700182860541,0.111702847192269,0.384369356792849,60.7534176946426,0.0418657382069141,18,0.00080756261456271,0.0123259994614272,consensus_significant,upregulated
ATMG01275,123.711151414971,1.01967116790398e-12,16,-0.402988090194876,-0.392472981737847,1.61518025515786,0,4,4,0.75,4.88570469769061e-12,-0.684362870645644,0.128097266046431,-5.3425251901753,9.16606288105912e-08,-0.935428898614694,-0.433296842676594,34.2012862744611,0.0719585864800243,16,0.0583566689637982,1.80140911560936e-05,consensus_significant,downregulated
AT1G35160,130.734058009912,1.12024988643798e-12,18,-0.0874924856005548,-0.133897473499255,0.195411737805301,1,4,5,0.833333333333333,5.36019999594521e-12,-0.141976372176289,0.0266113360086873,-5.33518392800499,9.54477560590147e-08,-0.19413363233381,-0.0898191120187679,36.9787380299212,0.0038905654359291,18,0.0142840247659714,1.86173359976162e-05,consensus_significant,downregulated
AT1G11670,130.708461567872,1.13098230734663e-12,18,-0.252278190772858,-0.187674076509549,0.321904556889498,0,6,6,0.722222222222222,5.4100564731426e-12,-0.235541116750646,0.0680980590145341,-3.4588521341023,0.000542482634027284,-0.369010859836216,-0.102071373665076,74.1941630458628,0.0463374442361282,18,3.42613796395718e-06,0.0164189201357198,consensus_significant,downregulated
AT5G55790,130.448804741935,1.24579582488703e-12,18,0.23170104121237,0.302221846816322,0.32554053005411,4,1,5,0.777777777777778,5.94939723108775e-12,0.218700318676851,0.0706845640976689,3.09403221861368,0.00197456042228767,0.0801611187825075,0.357239518571195,73.165441969903,0.0579108541651636,18,2.57683425711365e-06,0.0403955950314528,consensus_significant,upregulated
AT1G04130,129.800620326781,1.5854314250928e-12,18,0.281255695206666,0.205230034691762,0.220632033104222,4,0,4,1,7.53599014504454e-12,0.23076896237029,0.0425892788153922,5.41847546586977,6.01093856959755e-08,0.147295509764586,0.314242414975993,54.1339474349763,0.015121949891442,18,0.00321601876075231,1.32711292231915e-05,consensus_significant,upregulated
AT5G06475,99.4104897046103,1.60572403556214e-12,10,-0.42310423078196,-0.698079559741926,1.44040631999921,0,4,4,0.7,7.62965148491354e-12,-0.812720615927325,0.102155610121896,-7.95571202558091,1.7810422788408e-15,-1.01294193258496,-0.612499299269693,0.00108659590999473,1.33739875398205e-06,10,0.063162184071942,2.6402170741536e-12,consensus_significant,downregulated
AT1G52370,129.546741518178,1.74224179322423e-12,18,0.168123896357163,0.192314189158816,0.167317846850695,5,0,5,0.833333333333333,8.27074831337519e-12,0.168976446137849,0.038404108279274,4.39995754904802,1.08272056764942e-05,0.0937057770520958,0.244247115223603,60.9093431293222,0.0147389998006097,18,0.000227452898436031,0.000844749983938682,consensus_significant,upregulated
AT2G20060,129.410831302166,1.83242051541249e-12,18,0.141843341338541,0.0971200396535247,0.234810848056419,7,0,7,0.666666666666667,8.69168864653845e-12,0.150286997044022,0.0456485531466671,3.29226200359856,0.000993849760933692,0.0608174769301915,0.239756517157852,69.440563430421,0.0232971991813743,18,8.23851166779164e-05,0.0254240016351322,consensus_significant,upregulated
AT1G52560,129.277913356292,1.92509343449286e-12,18,1.06921754873611,0.867451561348153,1.34473482037799,5,0,5,0.666666666666667,9.12292497659003e-12,0.965215962774346,0.313836270670194,3.07553986896778,0.00210121834203607,0.350108175218401,1.58032375033029,76.5884505148312,1.11551967295411,18,1.21816603476956e-10,0.0421349034397981,consensus_significant,upregulated
AT3G11000,125.526616630228,2.04039794847356e-12,17,0.41765955232309,0.666197304773254,1.4553450324623,2,0,2,0.882352941176471,9.66052672174112e-12,0.785309510874913,0.250690109589973,3.13259071991057,0.00173270871125891,0.293965924798166,1.27665309695166,58.560712722999,0.530142376797611,17,0.000322244720305128,0.0369350282559397,consensus_significant,upregulated
AT1G10380,129.110163821387,2.04872077303924e-12,18,-0.345034344393802,-0.358796367890519,0.386166924093223,0,4,4,0.777777777777778,9.69904741781536e-12,-0.363677129713949,0.0815913935389201,-4.45729768716931,8.29993069882652e-06,-0.523593322498666,-0.203760936929232,59.5187784921042,0.0617727355428439,18,0.00131213936635309,0.000681382285408093,consensus_significant,downregulated
AT2G47520,125.508852832979,2.05403934304657e-12,17,0.924901736935422,1.17465867784339,1.20638387281556,4,0,4,0.764705882352941,9.7233396519026e-12,0.858243375870712,0.265181124445451,3.23644217764548,0.00121029743804332,0.338497922577794,1.37798882916363,66.1895907423958,0.685659600277993,17,0.000120396973601717,0.029112226367844,consensus_significant,upregulated
AT5G25120,129.043529308591,2.09998830353709e-12,18,-0.316542647163963,-0.149008610296084,0.545005327788038,0,3,3,0.666666666666667,9.9372258335046e-12,-0.314827433593174,0.0992996906699328,-3.17047748557087,0.00152188626144651,-0.509451250982211,-0.120203616204138,57.7871083535712,0.0780122749688141,18,0.00123763316394965,0.0338100513045044,consensus_significant,downregulated
AT1G48540,128.901494264374,2.21355808246779e-12,18,-0.129179702335735,-0.180001452538449,0.231226966348271,0,4,4,0.666666666666667,1.04651009326071e-11,-0.163852384141131,0.0431762476800185,-3.79496581906446,0.000147663798150532,-0.248476274581549,-0.0792284937007141,46.424495820794,0.0116566041876676,18,0.0369814876671626,0.00629013834420543,consensus_significant,downregulated
AT4G01710,128.869589210417,2.23989622593899e-12,18,-0.192905369249521,-0.193889235904667,0.193168927617395,0,3,3,0.888888888888889,1.05857634331141e-11,-0.205688992717712,0.0457604396265432,-4.49490858034508,6.95998425018285e-06,-0.295377806302456,-0.116000179132968,52.8945968078742,0.0175375707509743,18,0.00339356267820679,0.000592958658187992,consensus_significant,downregulated
AT2G29260,128.654946964038,2.42535784375562e-12,18,0.327354425949533,0.282938197567628,0.386788520803094,2,0,2,0.722222222222222,1.14434997680691e-11,0.358878216998573,0.104636740873984,3.42975339255622,0.00060413004953408,0.153793973425914,0.563962460571232,60.931530409496,0.105776519013069,18,4.86212011567685e-05,0.0178908010787821,consensus_significant,upregulated
AT1G02190,117.592426763883,2.57549603966286e-12,15,1.35833669527035,1.28891475896345,1.36914810207719,5,0,5,0.866666666666667,1.21342429152635e-11,1.1924010769288,0.184191859050934,6.47369043926676,9.563774026835e-11,0.831391666943493,1.55341048691411,20.6665799045532,0.0891361818999418,15,0.333369070312843,4.8647730549834e-08,consensus_significant,upregulated
AT4G11140,128.440825693622,2.6255503668484e-12,18,0.55329122368244,0.563226436063671,0.577438035712629,6,0,6,0.777777777777778,1.23655798175861e-11,0.535150099504566,0.143513612699872,3.72891525366111,0.000192305806998398,0.253868587321587,0.816431611687546,69.5120169622857,0.226626809005162,18,3.10155842203524e-05,0.00768098113187441,consensus_significant,upregulated
AT5G46900,124.732061873725,2.74804894587352e-12,17,-0.25614436413413,-0.370261290780555,1.21335535392412,0,4,4,0.647058823529412,1.2930778634613e-11,-0.587571587305352,0.189911120454339,-3.09392933862778,0.00197524525084411,-0.959790543659504,-0.2153526309512,69.1351812199376,0.281141845575933,17,0.000350137445565385,0.0403955950314528,consensus_significant,downregulated
AT1G07550,124.620716875181,2.86499496805763e-12,17,-0.242046535966526,-0.280370627709435,1.07333378585987,0,3,3,0.941176470588235,1.34712904364159e-11,-0.581585423700897,0.151850773671828,-3.82997998388727,0.000128153682758879,-0.879207471122222,-0.283963376279572,60.8920280955967,0.174040267568026,17,0.00271697473451653,0.00561213267686569,consensus_significant,downregulated
AT1G15860,128.144464828001,2.92996207928133e-12,18,-0.100565320103064,-0.119838070128306,0.212779028140266,0,4,4,0.833333333333333,1.37705299173033e-11,-0.133450239740272,0.0342152319461588,-3.90031667621806,9.60669467741059e-05,-0.200510862077428,-0.0663896174031165,64.4420687927029,0.0109799808220267,18,0.000658590010608882,0.00449444316179234,consensus_significant,downregulated
AT3G53000,128.124610248297,2.95156524600486e-12,18,-0.143124368908051,-0.160946617721975,0.196352863748973,0,4,4,0.722222222222222,1.38695507318151e-11,-0.170814015346244,0.03941679840154,-4.33353347489456,1.46734956716799e-05,-0.248069520599138,-0.0935585100933494,50.2321908360661,0.0125233832260883,18,0.00644425777717005,0.00107228119637949,consensus_significant,downregulated
AT3G22570,101.776603397262,3.15122818544052e-12,11,0.198542037822686,-0.00499281110847138,2.03214562168516,0,2,2,0.545454545454545,1.4786356934504e-11,-0.924155210084731,0.107291658773491,-8.61348608688922,7.08718319076281e-18,-1.13444299712233,-0.713867423047127,0.000285204233590856,5.65800613191598e-07,11,0.19958081626497,2.16300830982081e-14,consensus_significant,upregulated
AT2G43290,127.836765292796,3.28311824892239e-12,18,-0.159109356371824,-0.280751926435243,0.367418194977534,0,3,3,0.777777777777778,1.5396866380891e-11,-0.209696842133695,0.0655687584047506,-3.19812128878899,0.00138326087831644,-0.338209247118014,-0.0811844371493757,75.4951617187737,0.0472465753577689,18,1.19610388330408e-06,0.0318125476110683,consensus_significant,downregulated
AT1G04620,127.727029576468,3.41903120738798e-12,18,0.29436316984889,0.25301015830264,0.369715156376898,7,0,7,0.666666666666667,1.60270175844151e-11,0.33996582579216,0.0877469721629175,3.87438811177387,0.000106892940751716,0.167984920600403,0.511946730983917,71.4044287640251,0.074693627238464,18,6.43420171045833e-05,0.00486494152452812,consensus_significant,upregulated
AT2G40270,127.667939753531,3.49451540546881e-12,18,-0.232079209910833,-0.189529207191513,0.299495077331271,0,6,6,0.888888888888889,1.63764193281478e-11,-0.232524978429812,0.0555339190425151,-4.18708030045202,2.82565875513524e-05,-0.341369459673505,-0.12368049718612,68.4920023874402,0.0320394686457543,18,0.000175540897547352,0.00177802357868892,consensus_significant,downregulated
AT4G20300,127.369789295663,3.90136834254525e-12,18,-0.157984264168503,-0.208403133951593,0.213249382135418,2,3,5,0.666666666666667,1.82484605575379e-11,-0.154369826875964,0.0512610146439246,-3.01144696312131,0.00260005819445257,-0.254839569389036,-0.0539000843628913,74.9293671336941,0.0294356108597312,18,3.66749247119301e-11,0.0484802116531058,consensus_significant,downregulated
AT4G18425,127.257430089985,4.06660398137471e-12,18,-0.147311859568044,-0.24942743147672,0.850017778657494,0,6,6,0.611111111111111,1.90093500168719e-11,-0.500988111351257,0.108045084398886,-4.63684316726232,3.53770628084581e-06,-0.712752585479665,-0.289223637222849,44.8949000950812,0.0731969745948293,18,0.00535762969858964,0.000350220652509207,consensus_significant,downregulated
AT4G14920,127.034616752365,4.41509487957874e-12,18,0.146104697802829,0.161358575311162,0.181593840539543,3,0,3,0.833333333333333,2.06142352775293e-11,0.152294629153282,0.0427894949992926,3.55915930196886,0.000372043823905465,0.068428760038012,0.236160498268552,61.4859495015134,0.0170408964723241,18,0.00150787017847335,0.0125589601558303,consensus_significant,upregulated
AT3G11800,126.987542230429,4.49243140487128e-12,18,-0.142618102669343,-0.155384031923174,0.188165532000084,0,7,7,0.888888888888889,2.09658917673073e-11,-0.171346079632843,0.0259187240551908,-6.61089948980443,3.81991788848736e-11,-0.222145845306249,-0.120546313959437,19.63307137738,0.00214633808481875,18,0.0509380980220082,2.08623810238187e-08,consensus_significant,downregulated
AT4G38410,123.25629554391,4.76959400450764e-12,17,0.723223156348933,0.688125828167741,0.622959165972876,4,0,4,0.941176470588235,2.22352648688462e-11,0.752550551435711,0.137451685087042,5.47501873810534,4.37465317658152e-08,0.483150199050767,1.02195090382066,49.0138430179895,0.123671267715865,17,0.0150253014957626,1.02240768204394e-05,consensus_significant,upregulated
AT1G45229,126.824973387689,4.76999362343179e-12,18,0.276589980093302,0.357820891455707,0.4066528946931,2,0,2,0.888888888888889,2.22352648688462e-11,0.353677324323755,0.0780465827467125,4.53161832173431,5.85335367331265e-06,0.200708833023774,0.506645815623737,51.3750967985228,0.0489590192699085,18,0.00418849826938253,0.000518251539225518,consensus_significant,upregulated
AT2G21090,126.606870243216,5.1692806110744e-12,18,0.186832104000434,0.167915482003682,0.21998002705389,3,0,3,0.777777777777778,2.40641163328884e-11,0.211968038953543,0.0616582372564206,3.4377894728327,0.000586483482323291,0.0911201145807333,0.332815963326354,60.6751526028315,0.036368282171493,18,0.000105499068008803,0.0174679156124349,consensus_significant,upregulated
AT1G63810,126.485345471295,5.40597236021574e-12,18,0.217868531302915,0.212822426415549,0.265982812001288,4,0,4,0.777777777777778,2.51501767181389e-11,0.162360306583668,0.0390955091819786,4.15291449020209,3.28267427856057e-05,0.0857345166297347,0.238986096537601,57.4417531998531,0.0131695975207927,18,0.00146954400515833,0.00196899736726978,consensus_significant,upregulated
AT4G11393,92.3520105300822,5.44767095247036e-12,9,-1.84263102875538,-2.21242320716054,1.32910423510479,0,3,3,0.888888888888889,2.53373572994143e-11,-2.11133180980669,0.257281604963659,-8.20630689902964,2.28095926592942e-16,-2.61559448942012,-1.60706913019326,0,0,9,0.894413228410363,4.22661751976721e-13,consensus_significant,downregulated
AT5G46871,111.766309863433,5.7906714762102e-12,14,1.61487006846984,1.82904376807813,1.64611476978804,2,0,2,0.785714285714286,2.6901328346472e-11,1.69115667830475,0.451585880397879,3.7449281558908,0.000180445404796138,0.806064616798099,2.57624873981141,59.7854831009364,1.41847308616904,14,0.000676620336202718,0.00729145590532929,consensus_significant,upregulated
AT2G15400,126.257009220991,5.88016573004477e-12,18,0.360091222576066,0.47909076483831,0.518013329157857,3,0,3,0.833333333333333,2.73097522644343e-11,0.383772755917668,0.118476607057846,3.23922810964945,0.00119853676404908,0.151562873073785,0.61598263876155,59.0320333560436,0.111372679105674,18,0.00386395715920434,0.0289676359902,consensus_significant,upregulated
AT2G45730,126.208619713874,5.98584005980747e-12,18,0.160418703172008,0.151585582483097,0.180047684182821,5,0,5,0.722222222222222,2.77856260570671e-11,0.151819417564114,0.0436845379357506,3.47535820997818,0.000510171611008087,0.0661992965287691,0.237439538599459,68.1569097349731,0.0204937350306363,18,3.87722494497049e-06,0.015681127882431,consensus_significant,upregulated
AT4G10930,126.169962511836,6.07161327059171e-12,18,0.182773367984501,0.14853548855972,0.176359114647972,6,0,6,0.888888888888889,2.81711782904506e-11,0.177013553384774,0.0263663060902337,6.71362733858049,1.89844791607099e-11,0.125336543042557,0.228690563726991,22.6178427854509,0.00250547979809373,18,0.0682259411101475,1.15881260796973e-08,consensus_significant,upregulated
AT1G76280,126.163648767297,6.08573772715059e-12,18,0.12329940169858,0.075857218002727,0.200153156374127,3,0,3,0.666666666666667,2.82341891281704e-11,0.156977528911628,0.0497089012266545,3.15793600417493,0.00158890434509285,0.0595498727963257,0.254405185026929,63.3284343142817,0.0243624725459883,18,4.85920898998417e-05,0.0347402920525905,consensus_significant,upregulated
AT3G56170,126.156512441473,6.10174164142245e-12,18,-0.19114843576903,-0.260038821346908,0.312018455510077,1,5,6,0.833333333333333,2.83059074840424e-11,-0.259170834420275,0.0606974572359245,-4.26987959994611,1.95578516538831e-05,-0.378135664555847,-0.140206004284703,56.6574729436939,0.031333773111498,18,0.0028105270350824,0.00134402592743056,consensus_significant,downregulated
AT5G42370,126.012666677552,6.43338520410927e-12,18,0.149645741138546,0.120442091689834,0.286464175892291,5,0,5,0.833333333333333,2.98044385859569e-11,0.215146885498697,0.0715669559326444,3.00623217370295,0.00264506951314293,0.0748782293875489,0.355415541609845,64.5386747975489,0.0480315157109186,18,0.00132992699549688,0.0489781536830506,consensus_significant,upregulated
AT5G16750,126.012144708857,6.43462062785611e-12,18,0.196380636279969,0.148160681269928,0.274057907066401,6,0,6,0.722222222222222,2.9807501357226e-11,0.170321774429204,0.0416531750681937,4.08904661290182,4.33149812919016e-05,0.0886830514538027,0.251960497404605,55.6831385201065,0.0145077453639491,18,0.00295156649920444,0.00245344376566487,consensus_significant,upregulated
AT3G57120,125.901191403065,6.7026473459263e-12,18,-0.127647157725195,-0.0560051876595265,0.227501100970676,0,5,5,0.666666666666667,3.10297118812703e-11,-0.161767672107364,0.0536790224442655,-3.01361061996474,0.00258158906952869,-0.266976622823441,-0.0565587213912864,65.3931650449909,0.0286316396035612,18,6.1656302193275e-05,0.0482504204911479,consensus_significant,downregulated
AT2G41230,125.818476246644,6.90964192374251e-12,18,0.489911778804469,0.383068811246702,0.808068172985603,3,0,3,0.833333333333333,3.19708768373148e-11,0.485721910674872,0.0915196637262486,5.3072956225861,1.11263648503509e-07,0.306346665894207,0.665097155455536,24.8157366722176,0.0306364676928979,18,0.0211251380946255,2.11457990437951e-05,consensus_significant,upregulated
AT4G20235,125.7273702263,7.14498251348674e-12,18,-0.00583099188392551,-0.0835247721753959,0.989359641335861,0,3,3,0.611111111111111,3.30421221983851e-11,-0.349596287530373,0.109544548223979,-3.19136180849069,0.00141603832507084,-0.564299656752083,-0.134892918308663,55.4585506231166,0.0858102602126976,18,0.00164415084951003,0.0322475692819033,consensus_significant,downregulated
AT3G48400,87.4482877211479,7.36406068591045e-12,8,0.018084050944955,-0.0210567751355155,0.977539140094093,0,2,2,0.5,3.40370570540065e-11,-0.937922175788607,0.113223129449407,-8.28383900312269,1.19266819093008e-16,-1.15983543172636,-0.716008919850853,0,0,8,0.341462328275012,2.47521585672865e-13,consensus_significant,upregulated
AT3G60310,125.568582106725,7.57432302220258e-12,18,0.29530914761259,0.339378981824803,0.277586634043812,4,0,4,0.888888888888889,3.49933184240107e-11,0.241005902175338,0.0541406277723613,4.45147963907376,8.52806201812927e-06,0.13489222164112,0.347119582709555,67.8695758521286,0.0274980268317398,18,0.000363885952095786,0.00069461533712499,consensus_significant,upregulated
AT3G04450,125.516199942456,7.72149815696728e-12,18,0.21903812696035,0.170661170373262,0.375694908075035,4,0,4,0.666666666666667,3.56669166825168e-11,0.273546280822868,0.0901214560187551,3.03530693918151,0.00240291007172534,0.0969114727917977,0.450181088853939,63.6164882445633,0.0687826674443373,18,0.00565946654654028,0.0460280127805976,consensus_significant,upregulated
AT1G55040,125.163720466556,8.78838229898053e-12,18,0.328354638304685,0.258164492075457,0.395359897936014,5,0,5,0.833333333333333,4.05157070260604e-11,0.284868307047454,0.0774165151001701,3.67968393667501,0.000233523202689384,0.13313472564252,0.436601888452389,71.0384462780441,0.0665138465793806,18,0.000197025337679864,0.00889582808247872,consensus_significant,upregulated
AT4G14930,125.034715413595,9.21438854882405e-12,18,0.224779806072394,0.22624846186322,0.236360357759346,6,0,6,0.888888888888889,4.24457246891379e-11,0.234043655931416,0.0555837196198901,4.21065120384037,2.54635628964701e-05,0.125101567349659,0.342985744513173,59.7962481140922,0.0285394697608535,18,0.000850038776276944,0.00164937764958858,consensus_significant,upregulated
AT2G33850,117.70408962856,9.89439378642112e-12,16,-0.669550342475983,-0.877281700271914,0.798296480527741,0,4,4,0.8125,4.5549843170928e-11,-0.726180309017124,0.183610762147319,-3.95499860969194,7.65350968403717e-05,-1.08605078999982,-0.366309828034429,65.0857477446804,0.252005032792545,16,7.53088498982057e-05,0.00377107973833414,consensus_significant,downregulated
AT1G18680,124.756363557447,1.02046406290323e-11,18,0.141791256858731,0.140688935017478,0.216708797169989,3,0,3,0.833333333333333,4.69489454203889e-11,0.201448253267872,0.0559156686859642,3.60271562519002,0.000314909984129299,0.0918555564719079,0.311040950063836,51.3772391204452,0.024215313821756,18,0.0119444782911653,0.0111451498066607,consensus_significant,upregulated
AT1G68120,124.717091007561,1.0352603251308e-11,18,0.505323761501202,0.539423658168975,0.520026405354355,3,0,3,0.722222222222222,4.76128011826437e-11,0.440618963369631,0.13110301294484,3.36086069627565,0.000777000032967121,0.183661779733056,0.697576147006206,79.4650933402487,0.207070729636519,18,2.70708137601493e-10,0.0213753285845525,consensus_significant,upregulated
AT4G35270,124.669866300571,1.05333476589781e-11,18,-0.236904143097706,-0.20051852049735,0.394707671638563,0,7,7,0.777777777777778,4.8426900243478e-11,-0.219272976464032,0.0674746380028671,-3.2497095642768,0.00115522925727724,-0.351520836819529,-0.0870251161085346,76.183053619749,0.0535730933423082,18,1.97689192032538e-06,0.0281663133386148,consensus_significant,downregulated
AT4G18750,124.625246747292,1.07069967819318e-11,18,0.374511810433368,0.337254003613965,0.430977508538769,3,0,3,0.777777777777778,4.92165299777738e-11,0.381478333007227,0.109435539406371,3.48587246041408,0.000490534816290225,0.166988617142027,0.595968048872428,59.2496217207484,0.107600446244909,18,0.000336353912442584,0.0152491961704026,consensus_significant,upregulated
AT1G02060,124.606272031531,1.07817000888649e-11,18,0.192089930505513,0.171410528945017,0.378604177653757,7,0,7,0.722222222222222,4.95423653220165e-11,0.223267015363092,0.0525964509654243,4.24490647686216,2.18684610927639e-05,0.120179865756234,0.326354164969951,57.8330140207458,0.0228007701173175,18,0.00191823507568249,0.00148316762789145,consensus_significant,upregulated
AT5G39600,124.52224052905,1.11187966595105e-11,18,0.172944491754021,0.146075704241104,0.219518635060241,5,0,5,0.777777777777778,5.10687314535623e-11,0.170406070090326,0.0436064594443968,3.90781715052131,9.31337457210343e-05,0.0849389800860015,0.25587316009465,63.7444014798061,0.0194847176401153,18,0.000211180018402184,0.0043848922531671,consensus_significant,upregulated
AT5G20050,124.387217712585,1.16824794098372e-11,18,-0.145523921654263,-0.128440267904228,0.274848372513541,0,3,3,0.611111111111111,5.36102885808983e-11,-0.153132201199859,0.0504236442074212,-3.03691261523937,0.00239014735190506,-0.251960727815666,-0.0543036745840519,69.6016226635002,0.0267311880280229,18,2.8958098070185e-06,0.0458788032579512,consensus_significant,downregulated
AT3G54900,124.219555738092,1.24220260514724e-11,18,-0.319400024417648,-0.23610083796301,0.358789559647835,1,3,4,0.888888888888889,5.69486418247034e-11,-0.259908760725105,0.0709536306781863,-3.66307908757951,0.000249201555313923,-0.398975321426706,-0.120842200023503,75.7064217272122,0.0529037856119677,18,9.91064526931477e-10,0.00934217738143611,consensus_significant,downregulated
AT3G56950,124.138189962509,1.27974833056381e-11,18,-0.0685584165823804,-0.169379345291095,0.383678309593783,1,4,5,0.833333333333333,5.86543784039143e-11,-0.163162336014011,0.0485409124977863,-3.36133639888728,0.000775662923841345,-0.258300776286383,-0.0680238957416402,65.6264214483525,0.0221786559762373,18,0.00011430594320623,0.0213611969960639,consensus_significant,downregulated
AT5G19110,124.093600072482,1.30079940962872e-11,18,0.534607706158341,0.559162569253974,0.581360207947937,5,0,5,0.888888888888889,5.95928944824256e-11,0.496055722660645,0.11084542677183,4.47520242474012,7.63389528486737e-06,0.278802678336887,0.713308766984402,48.607078039256,0.081293676110285,18,0.063427014880528,0.000636779779678551,consensus_significant,upregulated
AT2G18950,123.768093003701,1.46524071594651e-11,18,-0.160679455231307,-0.104692087516803,0.245376772257238,0,2,2,0.666666666666667,6.70435144127124e-11,-0.206117479272967,0.066699015938498,-3.09026267288597,0.00199979551464392,-0.336845148316686,-0.0753898102292475,58.8618082128485,0.0357378813951249,18,0.000341210392006703,0.0407211108641229,consensus_significant,downregulated
AT2G18850,123.640857402461,1.53498440268438e-11,18,0.159460770555833,0.157080770373818,0.193416961712163,2,0,2,0.777777777777778,7.01790217439411e-11,0.192294684434773,0.0510592707755582,3.76610714399045,0.000165812657707032,0.0922203526377999,0.292369016231745,58.0912313182213,0.0238859468762266,18,0.00012306720656435,0.00689344866383945,consensus_significant,upregulated
AT5G39840,123.528554623406,1.59927304394864e-11,18,0.145293596356748,0.0616299694854046,0.181394760655358,2,0,2,0.833333333333333,7.30539255887859e-11,0.170655518992625,0.0545937706092181,3.12591559601509,0.00177252417413868,0.063653694818316,0.277657343166933,60.4307113626874,0.024370209010245,18,2.16864176718867e-05,0.0375046687666239,consensus_significant,upregulated
AT3G56570,123.498092987973,1.61716691206906e-11,18,0.273827756397443,0.186243864369779,0.290414116756894,4,0,4,0.888888888888889,7.38323187045181e-11,0.320297925362071,0.052038175311621,6.15505681058234,7.5050587532148e-10,0.218304975930112,0.422290874794029,25.4058827967994,0.0111546749707274,18,0.126091767719978,3.04212865899841e-07,consensus_significant,upregulated
AT5G09670,123.496597709499,1.61805036907787e-11,18,-0.23485063726704,-0.289085443363007,0.28309436956454,0,5,5,0.833333333333333,7.38661555154459e-11,-0.210400886686221,0.041269618887991,-5.09820280282368,3.42893351884723e-07,-0.291287853362377,-0.129513920010065,49.1432725115928,0.0109008302092994,18,0.0133855604023132,5.25773045964703e-05,consensus_significant,downregulated
AT2G37430,123.454300839169,1.64323997255745e-11,18,-0.554187330863867,-0.538140461352859,0.978495756885092,0,6,6,0.777777777777778,7.5002900198491e-11,-0.615277301036449,0.169348491208496,-3.63320214219648,0.000279925546513183,-0.9471942446413,-0.283360357431599,69.8678220577418,0.297233016278149,18,3.8364990190783e-05,0.010206364761272,consensus_significant,downregulated
AT3G52430,123.399333327847,1.67655759219026e-11,18,-0.216302211420375,-0.264384739838206,0.293381140460823,0,6,6,0.777777777777778,7.65034425815603e-11,-0.240687226769685,0.046297181337946,-5.19874471434428,2.00638854467237e-07,-0.33142803477778,-0.149946418761591,36.611267183992,0.0120234692853753,18,0.0317918111874264,3.43562584989378e-05,consensus_significant,downregulated
AT4G10260,105.051695928336,1.82858620164615e-11,13,1.72667787993961,1.58661205255444,2.17395539152346,4,0,4,0.769230769230769,8.33381212255327e-11,1.30056136434662,0.379307184461232,3.4287812559995,0.000606297969496977,0.557132943725313,2.04398978496792,68.2907139792806,1.10559360008519,13,0.000182460953467582,0.0179142646377923,consensus_significant,upregulated
AT1G73965,123.156238548275,1.83212447639976e-11,18,-0.351519988591656,-0.301829866904947,0.438017182227638,0,6,6,0.722222222222222,8.34920471065272e-11,-0.424651945059672,0.121958435906701,-3.48193990766274,0.000497795389088576,-0.663686087047644,-0.185617803071701,61.4438325255499,0.142338853647965,18,0.00122517683027306,0.0154010372943632,consensus_significant,downregulated
AT1G05780,123.079302705326,1.8842802767e-11,18,0.153632003464138,0.103890396474263,0.197944715832233,4,0,4,0.777777777777778,8.58462347621197e-11,0.19171473836177,0.0564675479984023,3.39513127729921,0.00068595701140425,0.0810403779896146,0.302389098733925,62.184921984159,0.0307445981467538,18,0.000191916850484369,0.0195334881803891,consensus_significant,upregulated
AT1G68862,123.042833957968,1.9095148318948e-11,18,0.260348433688689,0.217864309476102,0.408216007249777,3,0,3,0.722222222222222,8.69806295332384e-11,0.287975941446359,0.0822582093323451,3.50087783072033,0.000463728374173211,0.126752813722206,0.449199069170512,56.861753897523,0.0532678994364035,18,0.00107184654574128,0.0146261902526461,consensus_significant,upregulated
AT1G03210,122.937132511094,1.98456450835184e-11,18,-0.0832307744291505,-0.137573721559229,0.255800921097533,0,4,4,0.833333333333333,9.02962063188998e-11,-0.186461323665535,0.0303745557748946,-6.13873417762542,8.31816228745936e-10,-0.245994359030732,-0.126928288300339,20.1656741824284,0.0030006525842234,18,0.0688099437297422,3.3455777683918e-07,consensus_significant,downregulated
AT3G49320,122.897902745484,2.0131565617341e-11,18,0.299032500476331,0.191540666900285,0.228650670849542,2,0,2,1,9.15730400618419e-11,0.280875228506046,0.0622620595042586,4.51117792669283,6.44686140854086e-06,0.15884383427441,0.402906622737683,53.7849151995674,0.031652546236615,18,0.0033604790134663,0.000556554005525347,consensus_significant,upregulated
AT4G37310,122.829278923983,2.06415797545093e-11,18,-0.270325453993257,-0.314974032680209,0.401425425836336,0,6,6,0.611111111111111,9.38600517643934e-11,-0.332554350831276,0.092747401455573,-3.58559210945196,0.000336314270976227,-0.514335917343877,-0.150772784318675,61.9991755025108,0.0846037029706431,18,0.000300750196042476,0.011687427753068,consensus_significant,downregulated
AT1G30230,122.784930499941,2.09779749495241e-11,18,0.145054437955492,0.0941050974780145,0.126179294718132,3,0,3,0.944444444444444,9.53646209910878e-11,0.127408050688991,0.0272431349707517,4.67670298685437,2.91524019317107e-06,0.074012487320354,0.180803614057628,62.1313689819884,0.00679266520161315,18,0.00177088192894367,0.000300704417857829,consensus_significant,upregulated
AT4G19650,122.675422451408,2.18320963589409e-11,18,0.21303586670642,0.246949982075145,0.308225272310196,3,0,3,0.777777777777778,9.92039601755727e-11,0.243306504738099,0.060474303795868,4.0233039401228,5.73873591469894e-05,0.124779047308064,0.361833962168134,67.7416763767644,0.0365832316705886,18,1.58527287461714e-05,0.00302429920832535,consensus_significant,upregulated
AT2G35110,122.651270242977,2.20250683576561e-11,18,-0.0909108111754938,-0.0891473085940945,0.157255373698897,0,3,3,0.666666666666667,1.00072053999011e-10,-0.118456728055799,0.0361306109180123,-3.27856975141111,0.0010433457593212,-0.189271424194533,-0.0476420319170654,56.9778362192094,0.0112351067155013,18,0.000477700710249328,0.0263036692792133,consensus_significant,downregulated
AT1G10220,122.511779777374,2.31731348618781e-11,18,-0.274724325306845,-0.279541575949539,0.744140722883433,0,5,5,0.666666666666667,1.05223873356635e-10,-0.464392164354106,0.152949110521561,-3.03625279526318,0.00239538440298042,-0.764166912443801,-0.16461741626441,64.6382407748374,0.22277709182965,18,5.85203360190341e-05,0.0459453324821575,consensus_significant,downregulated
AT5G14360,122.494355352698,2.33206531884298e-11,18,0.397425444209546,0.326869241617145,0.545935295698471,4,1,5,0.888888888888889,1.05865933799763e-10,0.394656358191752,0.127503163498367,3.09526718681617,0.00196635675484908,0.144754749820031,0.644557966563473,73.0032500218338,0.196050798453877,18,4.9598371828968e-06,0.0403091481108612,consensus_significant,upregulated
AT3G54520,115.398693944773,2.34395800818044e-11,16,-0.705036418397416,-0.962249284904338,1.30980878816909,0,2,2,0.75,1.06396505669558e-10,-0.983892113414688,0.304961532601013,-3.2262826889119,0.00125409425151199,-1.58160573398281,-0.386178492846565,63.1435634193378,0.792193166474654,16,9.5974609200887e-05,0.0299160579979072,consensus_significant,downregulated
AT5G53950,118.890461571282,2.40565711156209e-11,17,0.789423788034356,0.854108357288833,0.926654721633754,5,0,5,0.705882352941177,1.09149409692442e-10,0.780737065142312,0.235237628429186,3.31892933267408,0.000903632942184498,0.319679785612491,1.24179434467213,68.1420120512946,0.54047023951757,17,0.000183067343221864,0.0238111181169632,consensus_significant,upregulated
AT5G49650,122.386842223957,2.42517063157189e-11,18,0.132362411495022,0.10995570014672,0.225971826589267,4,0,4,0.666666666666667,1.09948271269403e-10,0.123635043432354,0.0358354183560933,3.45007953315359,0.0005604214207174,0.0533989140834857,0.193871172781223,50.0607649499848,0.00950802391971659,18,0.00256463971341856,0.0168269126114014,consensus_significant,upregulated
AT3G23930,122.315670738129,2.48882306935804e-11,18,0.486221168526417,0.336524051770118,0.646554180902531,4,0,4,0.833333333333333,1.12774931135631e-10,0.416363794901742,0.113505356250463,3.66823036952535,0.000244235077060187,0.193897384598447,0.638830205205038,62.567981939863,0.128745749015226,18,0.000159316530357125,0.00918253096970344,consensus_significant,upregulated
AT4G00026,122.160592142432,2.63331399699567e-11,18,0.150636880193272,0.158810516149976,0.127888509369098,3,0,3,0.833333333333333,1.19218099928535e-10,0.136847815704295,0.035768813369028,3.82589755752956,0.000130296469716512,0.0667422297312651,0.206953401677324,65.2838137882137,0.0120867761017598,18,9.28649469406297e-06,0.00567540767434515,consensus_significant,upregulated
AT5G57990,121.996348882287,2.79542160097686e-11,18,0.159901383856899,0.133742987853647,0.173647860738144,5,0,5,0.833333333333333,1.26413850755685e-10,0.14573796911802,0.0394575200720207,3.69354102467687,0.000221152812345729,0.0684026508575927,0.223073287378446,79.4455740923513,0.0193444254956162,18,4.13547222928368e-07,0.00853599017671664,consensus_significant,upregulated
AT3G44713,121.926580505392,2.86724247877431e-11,18,0.495774075330646,0.351752556809655,0.589878369896419,2,0,2,0.888888888888889,1.29605253345119e-10,0.395098362257943,0.111643296550308,3.53893493354441,0.000401744863549536,0.176281521904014,0.613915202611872,66.4875331174812,0.10659168059655,18,0.000131365392210719,0.0131591732957097,consensus_significant,upregulated
AT1G62430,121.869008807468,2.92788370383168e-11,18,-0.173045002390863,-0.10080545639717,0.21979655544646,0,4,4,0.777777777777778,1.32300271733039e-10,-0.171896893481465,0.054769533685057,-3.13854951677933,0.00169786245865353,-0.27924320695423,-0.0645505800086998,76.6076514971118,0.0363044242537134,18,3.86276009380462e-08,0.0364166580424885,consensus_significant,downregulated
AT5G23750,121.651858417278,3.1682784431782e-11,18,-0.271802758587561,-0.290642118411063,0.399360884063903,0,6,6,0.777777777777778,1.428394887764e-10,-0.353068224581995,0.0580166955630739,-6.08563140584507,1.16033110723077e-09,-0.466778858387644,-0.239357590776345,28.9198317590042,0.0152927563777597,18,0.0479905554402209,4.59561978378331e-07,consensus_significant,downregulated
AT3G03500,121.585460328706,3.24561853255489e-11,18,-0.0511061346536576,-0.22694193893182,1.13635175644508,0,4,4,0.666666666666667,1.46262783240541e-10,-0.444464836848542,0.133839833354999,-3.32087111667,0.000897369662958597,-0.706786089921183,-0.182143583775902,64.5008004698959,0.145441438073198,18,0.000221632608214172,0.0237190910901429,consensus_significant,downregulated
AT1G44050,114.523724074742,3.24687588496082e-11,16,0.1946162696087,-0.319671153678439,1.78292655805106,0,4,4,0.75,1.4629404054636e-10,-0.453319691157843,0.123109947159774,-3.68223447102548,0.000231198621511905,-0.694610753729628,-0.212028628586058,62.1837636954649,0.11229090815299,16,0.000590007954547493,0.00882022741067916,consensus_significant,upregulated
AT4G22210,110.913116028296,3.26208955327226e-11,15,-1.28373087057866,-1.65962481585632,1.50874835463642,1,3,4,0.866666666666667,1.46966762069778e-10,-1.16273956779348,0.377757591440876,-3.07800450378366,0.00208391765567791,-1.90313084190419,-0.42234829368277,69.5305338526472,1.34216124606055,15,2.66163041621308e-05,0.0418752841391142,consensus_significant,downregulated
AT1G61440,121.535620506165,3.30489911267595e-11,18,0.537609599766982,0.409968445736142,0.53738975393641,4,0,4,0.888888888888889,1.48869613649535e-10,0.550582399335991,0.119959342933519,4.58974170641397,4.4379483143075e-06,0.315466407577203,0.785698391094778,57.8312894661227,0.135035421701237,18,0.00140696237910101,0.000420179763393303,consensus_significant,upregulated
AT5G64420,121.534649780646,3.30606431182038e-11,18,0.204380805012224,0.148012508612838,0.199741159148319,3,0,3,0.888888888888889,1.48909176297656e-10,0.169606030046655,0.0379073156440253,4.47422950333301,7.66873390350174e-06,0.0953090566337737,0.243903003459537,54.7018325287304,0.0119612412210143,18,0.00357006446646888,0.000638659052727583,consensus_significant,upregulated
AT4G36640,121.477118266047,3.37585409584037e-11,18,-0.294270171237253,-0.262175818550748,0.298849245258107,0,6,6,0.833333333333333,1.52013017029508e-10,-0.281184445883571,0.062751661504413,-4.48090837983304,7.43260152325344e-06,-0.404175442402268,-0.158193449364873,59.028563814225,0.0341682948445473,18,0.000785321384268294,0.00062602775557221,consensus_significant,downregulated
AT1G72760,107.165928125616,3.38648909100354e-11,14,1.78292133790819,0.516756652727449,6.39172172021203,3,0,3,0.714285714285714,1.52478676422465e-10,0.59446073665372,0.115558779218058,5.14422825055964,2.68622778431396e-07,0.36796969128891,0.82095178201853,0,0,14,1.47675338899929e-07,4.35538257379204e-05,consensus_significant,upregulated
AT5G67320,121.403347075714,3.46748533927555e-11,18,0.155503663407765,0.188386459819006,0.155813928856169,5,1,6,0.777777777777778,1.56044356710085e-10,0.134547328023737,0.0385027133463316,3.49448951333598,0.00047496926849646,0.0590833965578574,0.210011259489617,79.3151047759261,0.0179728493737366,18,4.06577699337621e-09,0.0149172551614227,consensus_significant,upregulated
AT5G26160,121.343973441475,3.54302126783034e-11,18,0.233806497635543,0.280213407810187,0.338771372321323,4,0,4,0.833333333333333,1.59346920989309e-10,0.257479653434065,0.0650839586120157,3.95611543804481,7.61783604444485e-05,0.129917438583218,0.385041868284911,60.4362272324756,0.0410487520445498,18,0.00124925906376045,0.00375911526567444,consensus_significant,upregulated
AT3G27550,121.303970487364,3.59483132968114e-11,18,0.245224278597388,0.255552915808586,0.252432734638812,4,0,4,0.833333333333333,1.61635052275648e-10,0.246492126396364,0.0594236073507651,4.14805053724478,3.35318388994411e-05,0.130023996157415,0.362960256635313,50.0124144675783,0.0260922367626511,18,0.00903490275234224,0.002001362634256,consensus_significant,upregulated
AT1G66510,121.27946903961,3.62693480303536e-11,18,0.196523098146891,0.206190212221131,0.216299472090622,3,0,3,0.777777777777778,1.63022034478512e-10,0.196687830990013,0.0476592623975474,4.12695919104561,3.67591594523748e-05,0.103277393161076,0.29009826881895,62.8847317144304,0.019389822969823,18,0.000655101701017185,0.00213334701233447,consensus_significant,upregulated
AT1G58150,103.028460703046,4.00395611978588e-11,13,0.108440861319113,0.296589637183165,0.641513187162294,3,0,3,0.769230769230769,1.7957943879451e-10,0.290323114561062,0.0948719313555193,3.06015815650592,0.00221220137872877,0.104377545960488,0.476268683161636,67.3564900240165,0.067705043810569,13,0.00084016738317929,0.0436086080296214,consensus_significant,upregulated
AT4G10360,120.970543217829,4.0569472628084e-11,18,-0.225571945191099,-0.223747789400137,0.133618469283895,0,4,4,0.944444444444444,1.81877532942057e-10,-0.211094753814755,0.0376231736022521,-5.61076415419988,2.01435136793538e-08,-0.284834819059267,-0.137354688570243,48.1646139294313,0.0104509368775815,18,0.00991315840908733,5.27841446333126e-06,consensus_significant,downregulated
AT4G00620,120.962923614114,4.06816881354042e-11,18,0.167507522221853,0.221194554950523,0.166106511119135,4,0,4,0.777777777777778,1.82349105787686e-10,0.14772537045007,0.0423863979630626,3.48520698972354,0.000491756475400281,0.064649557008085,0.230801183892054,64.7533206944014,0.01772625489946,18,0.000101085305358192,0.0152688767023747,consensus_significant,upregulated
AT1G14980,120.948733008746,4.08914971554485e-11,18,0.203693951028245,0.165945632671779,0.318020789562269,3,0,3,0.666666666666667,1.83257887390116e-10,0.171536345676773,0.0452153671042371,3.79376209157657,0.000148381851654072,0.0829158546047113,0.260156836748835,48.4603276368298,0.0142860357972648,18,0.00475676376756221,0.00630003599936161,consensus_significant,upregulated
AT2G26830,120.863821100297,4.21695323540009e-11,18,-0.115054273255126,-0.0944169394937748,0.136666338804535,0,3,3,0.888888888888889,1.88838731553494e-10,-0.142805517426075,0.0354914192423845,-4.02366319731541,5.72998456931189e-05,-0.21236742090136,-0.073243613950789,56.6008834317626,0.0108429274721618,18,0.00216102798372236,0.00302429920832535,consensus_significant,downregulated
AT5G14130,117.353227776224,4.23240934178597e-11,17,0.130794106989358,-0.354500492290644,1.77209310813348,1,4,5,0.705882352941177,1.89514517511891e-10,-0.508229970140905,0.0804546007308594,-6.31697833963605,2.66726949417283e-10,-0.66591808996394,-0.350541850317871,17.5164181114102,0.0167769074764419,17,0.108586755490797,1.23561259317556e-07,consensus_significant,upregulated
AT1G06050,120.446752593709,4.90453844517616e-11,18,-0.185483396681112,-0.253429592192802,0.32839527677025,0,5,5,0.888888888888889,2.18949294549362e-10,-0.229444131573709,0.055481054702915,-4.13554019119349,3.5412062744545e-05,-0.338185000615719,-0.120703262531699,55.7526451097807,0.0278475220798865,18,0.00249644117327377,0.00208076949426724,consensus_significant,downregulated
AT2G27600,120.415476153858,4.96037066656402e-11,18,-0.0708984526981714,-0.0644240314024352,0.0939622477529484,0,2,2,0.722222222222222,2.21365604441392e-10,-0.0731753373211937,0.0235949008167968,-3.10131997965854,0.00192659978046931,-0.11942049314091,-0.0269301815014772,60.9293374331139,0.00505184146983406,18,7.33998847923493e-05,0.0397612183810142,consensus_significant,downregulated
AT1G51380,120.232619147844,5.29963382725705e-11,18,0.278456548788192,0.323021049462144,0.364813644605741,5,0,5,0.777777777777778,2.3626206430894e-10,0.341400043460207,0.0413826945952418,8.24982632956581,1.58624878842554e-16,0.260291452470312,0.422508634450101,0.00317266686991479,1.03851082135202e-06,18,0.24747462848104,3.16542046687194e-13,consensus_significant,upregulated
AT5G21970,119.986387967115,5.79308285518949e-11,18,0.200114251562751,0.215688078104689,0.186130611387512,2,0,2,0.777777777777778,2.57861743796904e-10,0.224091898876937,0.0494386611221571,4.53272588275058,5.8227356590533e-06,0.127193903633628,0.320989894120245,46.4533767554135,0.0164758830367128,18,0.0264299654646369,0.000518251539225518,consensus_significant,upregulated
AT1G71710,119.94721334088,5.87568256043935e-11,18,-0.228662158059982,-0.201504941664046,0.236117553993371,0,6,6,0.833333333333333,2.61403909282841e-10,-0.23192841671011,0.0482112494235564,-4.81067011295476,1.5042511363945e-06,-0.326420729229958,-0.137436104190262,51.3315862157211,0.0170992084010126,18,0.023516594142436,0.000176575941087539,consensus_significant,downregulated
AT1G72220,119.801929748569,6.19233611393901e-11,18,-0.47997918168242,-0.479640535983343,0.343946736155774,0,5,5,0.944444444444444,2.75255598363779e-10,-0.527351168061195,0.0646334478120132,-8.15910625091516,3.37512652141046e-16,-0.65403039796939,-0.400671938153,5.47961590148162,0.00414396845288995,18,0.779120892930323,5.64887304635033e-13,consensus_significant,downregulated
AT3G15140,119.725698987253,6.36519386210858e-11,18,0.279100290911412,0.211526160072865,0.348140413065486,3,0,3,0.777777777777778,2.82842402942892e-10,0.275916972487942,0.0845337249425712,3.26398691972214,0.00109856237051576,0.110233916121487,0.441600028854396,68.4829994915687,0.0770894553793317,18,2.52050542072589e-05,0.0271418143008759,consensus_significant,upregulated
AT5G08420,119.715470587033,6.38874841942402e-11,18,0.133963265590093,0.201007774176806,0.151210152608023,4,0,4,0.777777777777778,2.83840465431027e-10,0.139648934164324,0.0346970496116025,4.02480717316166,5.70220195870837e-05,0.0716439665557834,0.207653901772864,52.905399467815,0.00963064346027333,18,0.00543917707206357,0.00301276014690046,consensus_significant,upregulated
AT1G55900,119.643340303279,6.55732554902207e-11,18,0.119292716413661,0.151459755941222,0.154872056017881,2,0,2,0.722222222222222,2.91180487097702e-10,0.131863326599531,0.0429718289023726,3.06859935841014,0.00215064798701475,0.0476400896010632,0.216086563597998,55.7729623085747,0.0157686169984085,18,0.0017767163426795,0.0427779868856231,consensus_significant,upregulated
AT5G59930,116.076131061637,6.75401172188166e-11,17,-0.135171688237063,-0.311745269621817,0.7987045261387,0,3,3,0.764705882352941,2.997348972872e-10,-0.416736905873947,0.0929977289756667,-4.48115142664385,7.4241410633155e-06,-0.599009105310271,-0.234464706437623,44.654156537636,0.0505023402477406,17,0.0424945927716057,0.00062602775557221,consensus_significant,downregulated
AT5G17330,119.441652959739,7.0524560827256e-11,18,-0.0565643760701811,-0.148081515775059,0.328746271498471,0,6,6,0.722222222222222,3.12738827024557e-10,-0.18520367897787,0.0236516992128348,-7.83045976152816,4.86089095194079e-15,-0.231560157608201,-0.13884720034754,0,0,18,0.0580523161816338,6.63690700396042e-12,consensus_significant,downregulated
AT5G52810,119.321380942935,7.36517407723368e-11,18,-0.227480744773007,-0.27025145557359,0.343565336325242,0,5,5,0.888888888888889,3.26383111153095e-10,-0.265821829945936,0.0578482885795821,-4.59515460998026,4.3242851538641e-06,-0.379202392129196,-0.152441267762675,48.3636417571154,0.0266682058512446,18,0.00569081193654111,0.000413188233744171,consensus_significant,downregulated
AT3G57470,119.307456237863,7.40225589439199e-11,18,0.166068326469689,0.183792214435905,0.300129877024124,4,0,4,0.833333333333333,3.27970362962983e-10,0.216713147147774,0.0662904974058319,3.26914347649334,0.00107873586692148,0.0867861597150973,0.34664013458045,60.0078792975077,0.0397707574908018,18,0.00425298287320133,0.0268072692377974,consensus_significant,upregulated
AT3G20475,119.131358424265,7.88748792246877e-11,18,0.418788387186209,0.298311445809343,0.533419505824571,2,0,2,0.777777777777778,3.48873794668529e-10,0.470521129932295,0.148149846527712,3.17598121739723,0.00149330619519835,0.180152766422844,0.760889493441747,77.7982237723008,0.217498925468295,18,5.34905505936108e-09,0.0334248052768211,consensus_significant,upregulated
ATCG00660,119.08620450037,8.01690534460324e-11,18,0.431183947414955,0.269113364469829,0.616647432287738,5,0,5,0.833333333333333,3.54416869071766e-10,0.420217999917109,0.117645948734506,3.5718867027493,0.000354418741022085,0.189636177470431,0.650799822363786,66.7309845785985,0.139977583496136,18,0.000100722872673618,0.0121672549396228,consensus_significant,upregulated
AT3G16390,118.857188225,8.70642126662006e-11,18,-0.173090847221838,-0.539614383627091,1.35368425553444,1,3,4,0.833333333333333,3.84179535928284e-10,-0.493898065002247,0.0950761295216685,-5.19476410627006,2.04979585456447e-07,-0.680243854654183,-0.307552275350311,26.589183113416,0.0330324849933119,18,0.014531293109302,3.49840816178365e-05,consensus_significant,downregulated
AT1G20790,97.0666403360114,9.46203204539249e-11,12,1.26505118339208,1.34031505565589,1.02880129686875,3,0,3,0.916666666666667,4.16777497401269e-10,1.00927847858476,0.313871971391162,3.21557377076832,0.00130184029739328,0.394100718901501,1.62445623826803,74.6543758963894,0.598068082126596,12,2.42723658276058e-05,0.0305908885824062,consensus_significant,upregulated
AT4G26110,118.59797656054,9.55797116261253e-11,18,0.167222738929387,0.17156186805258,0.199007356956641,6,0,6,0.777777777777778,4.20824789031857e-10,0.147919207616941,0.032560683439504,4.5428778511903,5.54914089045262e-06,0.0841014407635038,0.211736974470379,51.3257683822086,0.00858686386841899,18,0.00418611507291341,0.000499846572847645,consensus_significant,upregulated
AT1G04353,93.2124111153543,9.67648207900848e-11,11,0.0350284249616007,-0.0105992167441814,0.768057969158,0,2,2,0.636363636363636,4.25862033734096e-10,-0.7915953387741,0.0940707800524147,-8.41489076983348,3.9326118361286e-17,-0.975970679674422,-0.607219997873778,0,0,11,0.389787282358763,9.72241795263331e-14,consensus_significant,upregulated
AT1G76020,118.491609062153,9.93083803439375e-11,18,-0.260249556232912,-0.292530183397122,0.249385635936351,0,5,5,0.833333333333333,4.36908048506459e-10,-0.277068293949039,0.0463214326681186,-5.98142755933658,2.21190425206503e-09,-0.367856633690848,-0.186279954207229,26.540969072152,0.00928451896515712,18,0.119739600631518,7.96961390375986e-07,consensus_significant,downregulated
AT1G15385,118.484146810535,9.95753134650755e-11,18,-0.675251863118245,-0.589671402580902,1.05944800397712,0,4,4,0.888888888888889,4.38045291079072e-10,-0.723444586333597,0.222963260877571,-3.24468068634339,0.00117582393700649,-1.16044454752924,-0.28644462513795,76.1514811493703,0.466002226876501,18,7.34417414713126e-05,0.0285744492494823,consensus_significant,downregulated
AT1G17120,118.482957290939,9.96179295800294e-11,18,-0.104868120111167,-0.139893057121074,0.143956670956998,0,3,3,0.722222222222222,4.38195623623452e-10,-0.124200777117832,0.0371670597834853,-3.34168959937528,0.000832701239686598,-0.197046875704711,-0.0513546785309539,48.7650214616901,0.0100549874300134,18,0.00917716657300738,0.0225254802502083,consensus_significant,downregulated
AT3G08710,118.355611094897,1.04286403813487e-10,18,-0.137650651481926,-0.187666736819634,0.183629584789515,0,4,4,0.722222222222222,4.58032380834711e-10,-0.163324986015269,0.0417847193123389,-3.90872521589585,9.27844255244048e-05,-0.245221530971569,-0.08142844105897,53.8722485198049,0.0149174577821534,18,0.00786766595049137,0.00437465393468226,consensus_significant,downregulated
AT3G09520,111.348268506056,1.05192372124607e-10,16,-0.877322722160352,-0.645689643806674,1.10796375062655,0,2,2,0.8125,4.61933268943162e-10,-0.830425842497179,0.22876901464941,-3.62997516848954,0.000283448486622003,-1.27880487198874,-0.382046813005619,59.9646633860243,0.407367446825405,16,0.00555272323051905,0.0103058453257856,consensus_significant,downregulated
AT2G02250,111.149222737224,1.13193234631494e-10,16,-0.579548922902537,-0.565231297976914,1.26869033554282,0,5,5,0.75,4.96563441011681e-10,-0.845621150263101,0.231028041920458,-3.66025328888104,0.000251966054430762,-1.29842779184601,-0.392814508680195,67.5929444126831,0.459961388628813,16,0.00118282348161761,0.00939827948819961,consensus_significant,downregulated
AT5G50170,118.126723955157,1.13228860793431e-10,18,0.282055258703897,0.167453584187546,0.55169935616665,3,0,3,0.777777777777778,4.96677747129806e-10,0.251157043551026,0.077690326221364,3.23279687145863,0.00122584692733569,0.0988868022099847,0.403427284892067,75.5070665112953,0.0578106380343533,18,2.74325882270693e-05,0.0294316714381697,consensus_significant,upregulated
AT5G63690,118.065976487499,1.15727201124177e-10,18,0.364582741234918,0.310218006839847,0.408869149822688,6,0,6,0.777777777777778,5.07422274693412e-10,0.32352767970661,0.0897697049762095,3.6039739664105,0.000313388460500408,0.147582291050454,0.499473068362767,66.6096518190142,0.08576905565768,18,4.72822170595938e-05,0.0111212875326508,consensus_significant,upregulated
AT3G06435,118.022691856869,1.17540609241119e-10,18,0.467103589793814,0.503667430152794,0.563578698852338,4,0,4,0.833333333333333,5.15181983179651e-10,0.428548867823513,0.105149019102253,4.07563352927494,4.58892403497511e-05,0.222460577373383,0.634637158273644,51.4040084317461,0.086515440405934,18,0.0089771378668693,0.0025684113768139,consensus_significant,upregulated
AT5G01542,80.836691949923,1.17546579927428e-10,8,0.396223993024163,0.374747356702477,0.248719754913275,2,0,2,1,5.15181983179651e-10,0.621581446421829,0.0785827226636008,7.90989959819428,2.57596560004278e-15,0.467562140194072,0.775600752649586,0,0,8,0.714953410348577,3.71253886646166e-12,consensus_significant,upregulated
AT1G77080,117.906937134876,1.22529672492733e-10,18,-0.183491774452693,-0.154733755922222,0.205106698467497,0,4,4,0.833333333333333,5.36659285404668e-10,-0.163854809682667,0.043053503225693,-3.80584150896421,0.000141322863450435,-0.248238125413304,-0.0794714939520295,63.0332430149179,0.0180073165070281,18,0.00160975348167431,0.00606484321527079,consensus_significant,downregulated
AT5G10750,117.840501659399,1.25487259039887e-10,18,-0.209189616498717,-0.167241013282121,0.340839033201553,0,4,4,0.888888888888889,5.49381208893226e-10,-0.201797536417944,0.0450900270105341,-4.47543613958801,7.62554893414154e-06,-0.290172365420529,-0.113422707415359,54.8050535816207,0.0175523487827406,18,0.000577227186529169,0.000636779779678551,consensus_significant,downregulated
AT1G79890,117.825987092537,1.26142778239918e-10,18,0.120244433766911,0.146856247429047,0.590428357546229,4,0,4,0.666666666666667,5.521579095412e-10,0.290571140671446,0.0959820956605703,3.02734732630779,0.00246710304892433,0.10244969001605,0.478692591326842,54.9024513006516,0.0772965882448763,18,0.00129580814280455,0.0466970410057645,consensus_significant,upregulated
AT2G37710,117.530477139155,1.40251651936312e-10,18,-0.194114406986048,-0.161687532501599,0.297855115583381,0,6,6,0.833333333333333,6.12778936538979e-10,-0.233629008880189,0.0556682036958044,-4.19681242378218,2.70697950713851e-05,-0.342736683208005,-0.124521334552373,59.9469607296707,0.0269214496721474,18,0.00289676488471342,0.00172753904979551,consensus_significant,downregulated
AT4G26400,117.443019918353,1.44719437156688e-10,18,0.137140016607042,0.116844923742964,0.190692915863231,4,0,4,0.944444444444444,6.31926931505068e-10,0.156252830613491,0.0342523277416543,4.56181640535547,5.07129823502224e-06,0.0891195018531861,0.223386159373795,51.6530361112041,0.00868364647256272,18,0.0122887069989298,0.000467352109459847,consensus_significant,upregulated
AT4G23470,117.356980827875,1.49252331654761e-10,18,-0.10987102928211,-0.123815856162272,0.175078928641082,0,4,4,0.833333333333333,6.51227008424863e-10,-0.144145274004551,0.0339983780239369,-4.23976914142975,2.23749778462523e-05,-0.210780870464245,-0.0775096775448567,48.5631928701511,0.00891017890010881,18,0.00732799439756436,0.00150422914508646,consensus_significant,downregulated
AT4G32930,117.33225332969,1.50580910123636e-10,18,-0.141214951996583,-0.107259947109561,0.184372325243549,0,2,2,0.833333333333333,6.56858280074535e-10,-0.137875951016964,0.0392934104092064,-3.50888226756361,0.000449994052047841,-0.21488962024876,-0.0608622817851679,65.5728125332633,0.0157615991056999,18,0.00020761946722267,0.0142885504262241,consensus_significant,downregulated
AT5G19221,80.1180809555264,1.58442569571902e-10,8,0.493866526892667,0.506828677418542,0.443701403935141,3,0,3,0.875,6.90165992727762e-10,0.409295742302139,0.13106611583449,3.12281888950608,0.00179127937744635,0.152410875672983,0.666180608931295,80.2473419811966,0.0934977625361167,8,0.000106575579097157,0.037703342482526,consensus_significant,upregulated
AT3G14720,117.16748762159,1.59737718770987e-10,18,-0.13275420948984,-0.100671412324587,0.204411179862268,0,3,3,0.833333333333333,6.95690806573217e-10,-0.123962175256282,0.0398778107646397,-3.1085501656024,0.00188007725572686,-0.20212124813728,-0.0458031023752845,60.9121583607987,0.0150437228025238,18,0.000428610101132655,0.039080900775694,consensus_significant,downregulated
AT1G27440,117.050851665853,1.66551166909451e-10,18,-0.20739343935627,-0.247199298171724,0.287091364222083,1,4,5,0.666666666666667,7.2506056985132e-10,-0.208667162232357,0.0671065771691366,-3.10948898058724,0.00187411275090477,-0.340193636609623,-0.0771406878550918,68.7092736144703,0.0468016100115203,18,3.07035172583814e-06,0.0390216282388749,consensus_significant,downregulated
AT5G57630,117.034239698013,1.67544720514631e-10,18,-0.221328242866262,-0.282464269499933,0.260863030914538,0,4,4,0.833333333333333,7.29141249323315e-10,-0.26480652653375,0.0490403047036148,-5.39977327086697,6.67251721583858e-08,-0.360923757543706,-0.168689295523795,25.0059171605702,0.0091506911993706,18,0.169192570543036,1.42944274302558e-05,consensus_significant,downregulated
AT1G23330,116.970905795342,1.71386858819633e-10,18,-0.178303101938694,-0.277159430014476,0.350235104684056,0,4,4,0.777777777777778,7.45549355426853e-10,-0.242402482164499,0.0613172507146064,-3.95325099118895,7.70964911931547e-05,-0.362582085196141,-0.122222879132858,50.0077291750532,0.0279624375933084,18,0.00419381417819652,0.0037915396673608,consensus_significant,downregulated
AT2G03810,116.960181476254,1.72046034999523e-10,18,-0.204667431530465,-0.272251618922858,0.246977670022058,0,4,4,0.722222222222222,7.4804065196534e-10,-0.223016489459024,0.05368280303584,-4.15433764347463,3.26231155899959e-05,-0.328232849998428,-0.11780012891962,46.4642492113684,0.021157913588557,18,0.0199303246318329,0.00195904829776776,consensus_significant,downregulated
AT3G11780,116.930303104086,1.73895803106971e-10,18,-0.183146666398646,-0.168856563885424,0.230900339612968,0,5,5,0.777777777777778,7.55956619235688e-10,-0.178435372311342,0.047511279886779,-3.75564229666218,0.000172897490967689,-0.271555769748831,-0.085314974873853,66.9782160469529,0.0241644986220864,18,2.28639762316658e-05,0.00711196649164687,consensus_significant,downregulated
AT1G07250,116.806871164543,1.81748605512123e-10,18,-0.10466917703797,-0.145348793758639,0.178766795653292,0,2,2,0.833333333333333,7.89499027007425e-10,-0.128613195295156,0.0403932042387938,-3.18403052490783,0.00145239695659148,-0.207782420823362,-0.0494439697669494,60.7093797924353,0.0143098007709303,18,0.000327696947667089,0.032820628787366,consensus_significant,downregulated
AT4G11060,116.482197030649,2.04122014407921e-10,18,0.241953853463466,0.264762634408554,0.244031928977933,5,0,5,0.833333333333333,8.84909511341924e-10,0.223725711697801,0.052227847631193,4.28364793582228,1.83853756151985e-05,0.121361011350617,0.326090412044985,49.7079604942896,0.0211304125506717,18,0.0108114176713237,0.00128213283389645,consensus_significant,upregulated
AT2G14510,112.833509579693,2.19431341076366e-10,17,-0.311596813109009,-0.280453219799366,0.934083272596881,0,2,2,0.647058823529412,9.49850378082106e-10,-0.513335980894014,0.15635773513974,-3.28308657346076,0.0010267712791934,-0.819791510472157,-0.20688045131587,55.6451710094515,0.166986615270465,17,0.00233938393198705,0.0260503672614525,consensus_significant,downregulated
AT5G02780,116.174389925254,2.2784480679581e-10,18,0.0560528825596523,-0.454867551771755,1.33570445346544,1,4,5,0.722222222222222,9.85694200009115e-10,-0.512327582433306,0.0813866016745743,-6.29498679010897,3.07426039066575e-10,-0.671842390539579,-0.352812774327033,10.3183340718852,0.0113879531209345,18,0.0863858479646549,1.38699935747219e-07,consensus_significant,upregulated
AT5G20490,116.132712328696,2.31260094769603e-10,18,-0.0913379752070925,-0.115160277426009,0.177231060491511,0,4,4,0.722222222222222,1.0002191815531e-09,-0.125950336148377,0.0416275022610951,-3.02565201626545,0.00248097654708747,-0.207538741346483,-0.0443619309502707,56.4853392889822,0.0150045757530997,18,0.0034070576013085,0.0468594784015603,consensus_significant,downregulated
AT1G77550,116.108541388834,2.332639760447e-10,18,0.172738048768194,0.0998815635607315,0.226449850054444,4,0,4,0.833333333333333,1.00856686475149e-09,0.161961582435451,0.0431968876037169,3.74938083320417,0.00017727170874546,0.077297238487941,0.246625926382961,56.4008069469968,0.0161319769572209,18,0.00320720154891149,0.00721377673454858,consensus_significant,upregulated
AT1G06670,116.0665972295,2.3678224321586e-10,18,0.162615781046049,0.1590745240674,0.196768799542052,4,0,4,0.777777777777778,1.02307985390829e-09,0.134906613774632,0.0406369865541312,3.31979866654057,0.000900823888865156,0.0552595836882963,0.214553643860968,72.338369743967,0.0184382705259394,18,4.29159631678626e-06,0.0237733197608748,consensus_significant,upregulated
AT4G12170,105.354131031974,2.60202119044539e-10,15,0.0540108175424704,-0.513011197842887,1.61007536069,2,5,7,0.733333333333333,1.12202975910025e-09,-0.581736112785153,0.080902796767455,-7.19055627282306,6.45278746579426e-13,-0.740302680697928,-0.423169544872377,0.000724917405393554,8.01691094066565e-07,15,0.0211893028211561,5.3999423366979e-10,consensus_significant,upregulated
AT1G80150,115.745812028833,2.65485889705194e-10,18,0.242873124927952,0.225893103567607,0.274484798105984,4,0,4,0.944444444444444,1.14424374369617e-09,0.237018016648453,0.0493100324662827,4.80668952733952,1.53450010091034e-06,0.140372128938038,0.333663904358868,56.8564933321568,0.0204430452161104,18,0.00501906685666322,0.000179315322602775,consensus_significant,upregulated
AT3G19130,115.727152339725,2.67257767164849e-10,18,0.181961927050576,0.174685496843657,0.129161408523809,5,0,5,0.888888888888889,1.15159363832485e-09,0.184653321286323,0.0219968988742222,8.3945160789331,4.67816997840831e-17,0.141540191721278,0.227766450851368,0,0,18,0.694222011097108,1.10328259618062e-13,consensus_significant,upregulated
AT1G36180,115.71946083335,2.67991538165634e-10,18,0.115611654489944,0.238959534231204,0.440541283132519,4,0,4,0.777777777777778,1.15446786373959e-09,0.221712728706233,0.0642355685419829,3.45155703823695,0.000557361936305603,0.0958133278374923,0.347612129574973,52.5353360107834,0.0314926694511674,18,0.00416688805227003,0.0167738785981902,consensus_significant,upregulated
AT1G06560,115.617077114339,2.77951149833503e-10,18,0.164320912780642,0.161920255303689,0.224720786770245,4,0,4,0.888888888888889,1.19657785563277e-09,0.172816793852799,0.0366534506040201,4.71488471085025,2.41847647383702e-06,0.100977350759802,0.244656236945797,53.2637090485006,0.00996980948141808,18,0.00299611992066617,0.000259579619115183,consensus_significant,upregulated
AT4G03410,115.390741231624,3.01288287865916e-10,18,-0.217861221294854,-0.19194736939152,0.350166976703811,0,3,3,0.777777777777778,1.29436002222737e-09,-0.223003050280191,0.0608831538424419,-3.66280384976927,0.000249469566669876,-0.342331839076588,-0.103674261483793,46.1723416936513,0.0237188427808767,18,0.01593260117214,0.00934547220007209,consensus_significant,downregulated
AT1G57820,115.347939521578,3.05914864638422e-10,18,0.23884023890129,0.219714207685207,0.291287381493875,4,0,4,0.611111111111111,1.31369248631464e-09,0.215463289590257,0.0650731972208897,3.31109118334652,0.00092932920956588,0.0879221666784413,0.343004412502073,75.5442496482403,0.0460141266738483,18,1.95768862535094e-08,0.024259561877888,consensus_significant,upregulated
AT2G37890,115.287605134481,3.12556340997621e-10,18,0.221144732951489,0.209629388592685,0.296921056946439,6,0,6,0.777777777777778,1.3417689540213e-09,0.219627292171359,0.0639848797293805,3.432487379835,0.000598071715717952,0.0942192323466464,0.345035351996072,61.5936955901571,0.0398464314921019,18,0.00133656448440368,0.0177729849270209,consensus_significant,upregulated
AT1G03070,115.211843005843,3.21098646599333e-10,18,0.8236443444415,0.426606222558523,0.951210165183285,5,0,5,0.833333333333333,1.37764246153195e-09,0.635873343681051,0.192515215304333,3.30297707989389,0.000956642066064537,0.258550455208583,1.01319623215352,73.5472052904848,0.432398148377545,18,2.65847631153268e-07,0.0247553201774027,consensus_significant,upregulated
AT5G20420,115.202102665091,3.2221352793474e-10,18,0.759894983949112,0.365921991774036,0.94989296427693,4,0,4,0.944444444444444,1.38231148233931e-09,0.448680493774771,0.124328651188301,3.60882619964425,0.000307585582598405,0.205000815199259,0.692360172350283,75.7914437671662,0.151367413472416,18,0.000122805726403943,0.0109774913737289,consensus_significant,upregulated
AT5G16620,115.197610178269,3.22729029967707e-10,18,0.143275383394814,0.14831787587691,0.159934744952477,4,0,4,0.833333333333333,1.3842941639962e-09,0.197234835602477,0.0353564566955834,5.57846724576095,2.42647152940067e-08,0.127937453858184,0.266532217346771,32.8179306302096,0.00604419546006355,18,0.175927119980949,6.14122189421583e-06,consensus_significant,upregulated
AT4G21323,115.107561523163,3.3323589930362e-10,18,0.67931126171378,0.290732949152509,0.8961270183726,5,0,5,0.833333333333333,1.42818137157367e-09,0.628699607405068,0.194015084158359,3.24046766844124,0.00119333804184464,0.248437029997177,1.00896218481296,83.0411711095327,0.468191151954524,18,7.79993970687335e-07,0.0289052992357924,consensus_significant,upregulated
AT4G36090,114.872822001652,3.62244771221152e-10,18,-0.082568195077967,-0.144202002572158,0.176161793307662,0,2,2,0.722222222222222,1.55007551085407e-09,-0.140689417450019,0.037605072100414,-3.74123514706597,0.000183118087485242,-0.214394004402862,-0.0669848304971755,45.8962470065956,0.0096386025612529,18,0.0251056773689824,0.0073707516300111,consensus_significant,downregulated
AT1G22065,114.86289998771,3.63524528482687e-10,18,-0.0419111724788319,-0.119430200073999,0.959448333466947,1,5,6,0.722222222222222,1.55542345859686e-09,-0.333325914137023,0.104037269829918,-3.20390870196758,0.00135575461466064,-0.537235216053538,-0.129416612220508,59.0098371274601,0.0845649246368961,18,0.000309706267200673,0.0314469468702447,consensus_significant,downregulated
AT4G09020,114.842124843345,3.66218660552278e-10,18,0.162384874782774,0.140774265722361,0.2458968078018,4,0,4,0.722222222222222,1.56656347987503e-09,0.175153433357946,0.0506855388359389,3.45568849381064,0.000548889260477762,0.0758116027025,0.274495264013393,54.6594469204313,0.0208797986678865,18,0.005969309019556,0.0165573083666443,consensus_significant,upregulated
AT2G01660,114.832742159874,3.67441884866575e-10,18,-0.150782525650153,-0.193736251893886,0.446314189154306,1,6,7,0.722222222222222,1.57166649632933e-09,-0.242184798580907,0.0625793120954891,-3.87004571433064,0.000108814947097536,-0.364837996465358,-0.119531600696457,57.5767781168599,0.0310550799202503,18,0.00106945319350981,0.00493079014428693,consensus_significant,downregulated
AT3G06390,111.272601844139,3.85225597606931e-10,17,-0.0681435510470496,-0.332078768742365,0.877442872831093,1,3,4,0.705882352941177,1.64624073622045e-09,-0.407437533121685,0.120342217150999,-3.38565752540902,0.000710079416727836,-0.643303944557341,-0.171571121686029,68.4118408778172,0.105964659097623,17,1.94876230860135e-05,0.0200118199117366,consensus_significant,downregulated
AT4G12270,107.768636666044,3.90342771725073e-10,16,-0.685828294729106,-0.469846245594387,0.925781157440066,0,5,5,0.8125,1.66755948599086e-09,-0.619659450150227,0.159165581935729,-3.89317491014135,9.89407613804056e-05,-0.931618258322614,-0.307700641977839,64.0445179447383,0.206020099891137,16,0.000759255745074613,0.0046122573795696,consensus_significant,downregulated
AT1G03340,114.613541098226,3.9719925610417e-10,18,-0.278287085135511,-0.288502702754471,0.574057479600176,0,3,3,0.777777777777778,1.69637573742646e-09,-0.317950084787835,0.0802037539184923,-3.96427934172451,7.36180066110877e-05,-0.475146553892993,-0.160753615682677,51.0266743865491,0.0465401042935194,18,0.00518550981563049,0.00366916105188249,consensus_significant,downregulated
AT1G72160,114.512577368508,4.11696502678544e-10,18,-0.166867138318473,-0.170426578448554,0.184587805138245,0,5,5,0.777777777777778,1.75647021664769e-09,-0.204727356118039,0.0368226850232979,-5.55981607502296,2.70059096351026e-08,-0.276898492577765,-0.132556219658313,39.9509151794901,0.00738988803855936,18,0.0700603048170442,6.72952358369573e-06,consensus_significant,downregulated
AT3G24020,114.503327455596,4.1305059879714e-10,18,-0.126623843420171,-0.292321147287694,0.898363088749882,0,4,4,0.722222222222222,1.76210250930218e-09,-0.427690808648982,0.125086325145142,-3.4191651897417,0.000628135808407768,-0.672855500891927,-0.182526116406036,62.2044544816876,0.115215972494465,18,0.000620234623383996,0.0183917597536279,consensus_significant,downregulated
AT2G05540,114.341851997794,4.37412222071912e-10,18,-0.128928881192006,-0.260561322282047,0.728580419428339,0,3,3,0.666666666666667,1.8638860211621e-09,-0.323525728979766,0.0953606586403554,-3.3926540943883,0.000692189868470284,-0.510429185456881,-0.136622272502651,35.2449509694655,0.0376799067844472,18,0.124529699299841,0.0196356364875408,consensus_significant,downregulated
AT2G32020,114.290592457793,4.45439226614504e-10,18,-0.429972379911247,-0.352822176673479,0.515198766327915,0,4,4,0.777777777777778,1.89762302392837e-09,-0.377670363003108,0.101533198823618,-3.71967363757732,0.000199480370610273,-0.576671775932544,-0.178668950073672,54.5257600001628,0.0818387341656735,18,0.00266847528135138,0.00790064087690335,consensus_significant,downregulated
AT3G60050,114.287404055892,4.45943306359106e-10,18,0.114059239212212,0.0856268122682518,0.205212607308295,3,0,3,0.666666666666667,1.89961453901378e-09,0.170197441692863,0.055707562212377,3.05519457204051,0.00224914556435967,0.0610126260900797,0.279382257295646,58.2429514500079,0.0278322768198112,18,0.000690617454334543,0.0441022934471795,consensus_significant,upregulated
AT5G46890,107.388558410669,4.48248619529475e-10,16,-0.566234590830056,-0.374147104711487,0.994069204242054,0,4,4,0.8125,1.90912125407839e-09,-0.697227618868925,0.198282434884798,-3.51633577262663,0.000437547252716156,-1.08585405001004,-0.308601187727813,73.8179550008642,0.309764599421595,16,0.000693522015709556,0.0140654904956165,consensus_significant,downregulated
AT1G07560,114.268829127354,4.48891214992123e-10,18,-0.18919595099889,-0.248071400700607,0.885763313140189,0,4,4,0.777777777777778,1.91154438376322e-09,-0.399910306150276,0.095403078943351,-4.19179664408669,2.76754014400449e-05,-0.586896904893476,-0.212923707407077,43.4867256779315,0.0527610299178859,18,0.0251158321680918,0.00175539184390622,consensus_significant,downregulated
AT1G17470,114.190873202325,4.61474976590914e-10,18,0.118634649739025,0.102328635185807,0.126587802175115,4,0,4,0.833333333333333,1.96480826579533e-09,0.122936885785504,0.0253648679719898,4.84673864343634,1.25507593302771e-06,0.0732226580877901,0.172651113483217,49.9946599521904,0.00482884261891241,18,0.015287866329409,0.000152145700255163,consensus_significant,upregulated
AT2G48080,114.177228356543,4.63713190542797e-10,18,-0.335999574393244,-0.559693174474011,0.560661493293746,0,3,3,0.777777777777778,1.97417589224524e-09,-0.551722313317487,0.0674571961253543,-8.17885036745721,2.86564692175802e-16,-0.683935988221236,-0.419508638413738,3.16580087393109,0.00269046001476549,18,0.865734638957548,4.95604082961643e-13,consensus_significant,downregulated
AT4G16230,110.735385911797,4.67238162584728e-10,17,0.534330918643417,0.581264685982604,0.836972441755759,4,0,4,0.647058823529412,1.98885654689658e-09,0.826924063326563,0.216128314825561,3.82607926219192,0.000130200382822923,0.40332035022913,1.250527776424,51.6557185036032,0.307635524370195,17,0.0340692149847513,0.00567540767434515,consensus_significant,upregulated
AT3G27880,113.839971995392,5.22582488700619e-10,18,-0.0985631188224406,-0.138973945405316,0.246141877836738,0,3,3,0.611111111111111,2.21698166961344e-09,-0.176601694071527,0.0573657882384582,-3.0785194363133,0.00208031959052105,-0.289036572963656,-0.0641668151793972,54.2261780735427,0.0258283842085256,18,0.0114770298522097,0.0418353882304628,consensus_significant,downregulated
AT1G56660,113.816751541396,5.26897749116028e-10,18,-0.267341994462524,-0.381672456831468,0.461840940107179,0,3,3,0.777777777777778,2.23492318379135e-09,-0.316672134707613,0.0795353346905289,-3.98152765610129,6.84737519374026e-05,-0.472558526199389,-0.160785743215837,47.101251211635,0.0419023061540378,18,0.0078013178668641,0.00348303151521588,consensus_significant,downregulated
AT4G31354,113.754163747289,5.3870548335925e-10,18,0.587017112339353,0.661003628807888,0.622490548573832,4,0,4,0.833333333333333,2.28332815776467e-09,0.539578200787364,0.149831997953354,3.60122142237833,0.000316725680819448,0.245912881067111,0.833243520507617,61.6020473325376,0.19577931447414,18,0.00017274895223049,0.011191845770372,consensus_significant,upregulated
AT2G03150,113.722689887205,5.44741923061392e-10,18,0.138882127981949,0.141012645960178,0.109128206926185,4,0,4,0.888888888888889,2.30853682933039e-09,0.148748246463201,0.0224312927491893,6.63128283003559,3.32781884925563e-11,0.104783720548115,0.192712772378286,15.7691623499683,0.00133006651989291,18,0.286283856957398,1.89736871620636e-08,consensus_significant,upregulated
AT4G33610,99.6907468425525,5.68387405574855e-10,14,-0.584948082485367,-0.756232624514668,0.779899356149093,0,4,4,0.8,2.40736696072634e-09,-1.02268587519995,0.127731441285648,-8.00653202458512,1.17988433343357e-15,-1.27303489981321,-0.772336850586689,0,0,15,0.666323126251646,1.80050349281963e-12,consensus_significant,downregulated
AT4G26270,113.545291172601,5.80039432783411e-10,18,0.348818029664662,0.285300325739415,0.341726945209954,4,0,4,0.888888888888889,2.45591667489736e-09,0.287944393316173,0.0530818383261057,5.42453694891275,5.81049704114197e-08,0.183905901963828,0.391982884668518,32.7687996233492,0.0137641188074968,18,0.0306545549275618,1.29979480304388e-05,consensus_significant,upregulated
AT5G49110,113.436882301461,6.02714869396683e-10,18,0.316842095778463,0.288328884329919,0.249983704156573,2,0,2,0.944444444444444,2.55088513712446e-09,0.281285394577605,0.0644684729089693,4.3631465410199,1.28205003420956e-05,0.154929509537729,0.40764127961748,46.834959856883,0.0284921444369283,18,0.018218156169789,0.00095847095064739,consensus_significant,upregulated
AT1G62740,113.293032446371,6.34163283962737e-10,18,0.177487047547568,0.133780770898982,0.205287381420625,3,0,3,0.888888888888889,2.680487710803e-09,0.170451165462756,0.0484309708408529,3.51946621146351,0.000432416111598709,0.0755282068783749,0.265374124047137,72.4063714718233,0.0255362772739226,18,1.49177893379505e-05,0.0139524114018578,consensus_significant,upregulated
AT1G35730,113.129811228777,6.71817429906783e-10,18,0.934223139637741,0.812197138498832,1.31252568812941,2,0,2,0.722222222222222,2.83802673201953e-09,0.805866348809008,0.17724793017215,4.54654871301639,5.45327528218027e-06,0.458466789337324,1.15326590828069,35.1429470706085,0.161471538932331,18,0.0444113678569688,0.000494646389406715,consensus_significant,upregulated
AT5G11150,113.074056954415,6.85180127426322e-10,18,-0.108042332320526,-0.167972514440774,0.230478202112917,0,3,3,0.777777777777778,2.89235736425812e-09,-0.16339129740644,0.0297107341196852,-5.49940290092608,3.81079486146827e-08,-0.221623266235268,-0.105159328577612,26.8190699091076,0.0038649606179751,18,0.0360898664259412,9.19624560894976e-06,consensus_significant,downregulated
AT5G62740,112.995764401639,7.04389826604386e-10,18,-0.171925391404483,-0.235308859495496,0.20725848759319,2,2,4,0.722222222222222,2.97151397143739e-09,-0.147903085663253,0.0481703848900624,-3.07041527695507,0.00213761323631315,-0.242315305169208,-0.0534908661572985,71.7911266262208,0.0248359981173954,18,8.67408302988788e-09,0.0426077315224248,consensus_significant,downregulated
AT2G35040,112.984535208772,7.07188363457293e-10,18,0.154122386783495,0.109140912610288,0.21192760522619,4,0,4,0.777777777777778,2.98259249567666e-09,0.15226282604767,0.0445371906321167,3.41877931424507,0.0006290272082937,0.0649715364361265,0.239554115659213,70.7883180779335,0.0209696180849208,18,0.000143758614087714,0.0183970956454963,consensus_significant,upregulated
AT5G24610,112.962220161625,7.12782423518005e-10,18,0.240188078431197,0.164995806720256,0.225466883842096,3,0,3,0.888888888888889,3.00569715331556e-09,0.201934843486514,0.0502913242035548,4.01530177788081,5.93697793236435e-05,0.103365659312719,0.300504027660308,70.8652783195302,0.024721698582818,18,0.000251386124977043,0.00310831647873655,consensus_significant,upregulated
AT1G31020,112.919856530518,7.23523158277805e-10,18,-0.112202894760206,-0.0951291409382954,0.183943225045409,0,2,2,0.777777777777778,3.05049353678118e-09,-0.138546151657243,0.04111135113142,-3.37002185149194,0.000751622231392234,-0.219122919230607,-0.0579693840838802,59.6153118097188,0.0151558421721629,18,0.000772261678490882,0.02089880378004,consensus_significant,downregulated
AT4G14385,112.886759439532,7.32025827614417e-10,18,0.117798245297414,0.163815904976268,0.191629820349499,4,0,4,0.777777777777778,3.08584084462442e-09,0.126979129452188,0.0392290221738452,3.23686705443419,0.00120849697948904,0.050091658842728,0.203866600061648,55.9447128126587,0.0134545344593025,18,0.00379888084623997,0.0291094044957333,consensus_significant,upregulated
AT5G22700,112.71933403698,7.76576868891161e-10,18,0.138755585727634,0.143363852641844,0.228871510543508,3,0,3,0.777777777777778,3.2715191617143e-09,0.168803893503759,0.0415284411909889,4.06477798498217,4.80782053947781e-05,0.0874096444353307,0.250198142572187,48.6089071940496,0.0124697890062965,18,0.0114914081896545,0.00265937058497086,consensus_significant,upregulated
AT1G32410,112.629412152077,8.01601801482799e-10,18,-0.165890033600206,-0.143026147660312,0.140533169101816,0,5,5,0.944444444444444,3.37529896955693e-09,-0.149010587307669,0.0274741339096751,-5.4236682327298,5.83882097079546e-08,-0.202858900277063,-0.0951622743382754,44.2257887072525,0.00506183722577947,18,0.0376899115600021,1.30017762767705e-05,consensus_significant,downregulated
AT1G70250,112.330860479111,8.90551217522885e-10,18,-0.337816054278941,-0.252105733160225,0.365179812408801,0,4,4,0.888888888888889,3.74285357038264e-09,-0.287598973290282,0.069364288503644,-4.14621096092081,3.38022409833127e-05,-0.42355048057067,-0.151647466009894,50.9654275606139,0.0346588661860794,18,0.00805645358396213,0.00201123333850711,consensus_significant,downregulated
AT3G12520,112.305516717525,8.98537245277117e-10,18,0.36014534130526,0.278912351413788,0.50053432453965,1,1,2,0.888888888888889,3.77519481641121e-09,0.255271015783507,0.0804818911113041,3.17178202771695,0.00151506677113241,0.0975294077976768,0.413012623769338,73.5225069556266,0.0725624592954588,18,1.76817296279711e-06,0.0337227474703705,consensus_significant,upregulated
AT2G33051,112.292150887142,9.0277743374616e-10,18,0.225798630430806,0.272593515596834,0.52266506114221,4,0,4,0.666666666666667,3.79239591977818e-09,0.365009717690434,0.111922982473072,3.26125796172608,0.0011091908184502,0.145644703000905,0.584374732379963,65.3478804971658,0.0880312754680641,18,0.0196836133201309,0.0273393142159004,consensus_significant,upregulated
AT1G05385,112.267662370527,9.10597638685955e-10,18,0.142803224962023,0.14606996759031,0.301570429474253,6,0,6,0.722222222222222,3.82431850181581e-09,0.240525043687385,0.0608002862884729,3.95598538049953,7.62198222860518e-05,0.121358672312253,0.359691415062516,52.8901147760861,0.0277494275039386,18,0.0150118537316849,0.00375911526567444,consensus_significant,upregulated
AT4G01630,105.227461296677,9.80860630284022e-10,16,-0.146222896881411,-0.366850406662601,0.822318601817896,0,4,4,0.6875,4.11441425461659e-09,-0.65565513394502,0.0907133406778072,-7.22776968686178,4.9099045881698e-13,-0.833450014590835,-0.477860253299206,8.04406339565135,0.0102467575527112,16,0.712232534144676,4.31772016360342e-10,consensus_significant,downregulated
AT2G35585,112.04789601624,9.83847229239361e-10,18,-0.0823999344856339,-0.222942524708976,0.648621604792248,0,3,3,0.722222222222222,4.12627515513148e-09,-0.365126867208681,0.0918304473823548,-3.97609809836166,7.00552362915877e-05,-0.545111236762297,-0.185142497655065,46.3484108720359,0.0562925972030973,18,0.00992688886333706,0.00354263730970052,consensus_significant,downregulated
AT4G13615,111.8637182539,1.04970398388661e-09,18,-0.226854399793402,-0.198836338570281,0.180856187445298,0,4,4,0.944444444444444,4.3960854085128e-09,-0.17436241984731,0.0281428423937394,-6.19562222634977,5.80552199294779e-10,-0.229521377361626,-0.119203462332994,24.1818549711409,0.00307007981244657,18,0.109748286011872,2.39058494509606e-07,consensus_significant,downregulated
AT4G03230,111.667080261531,1.12483512704352e-09,18,0.205880928727058,0.14192710871179,0.247223073864936,3,0,3,0.777777777777778,4.70389718223236e-09,0.27114397952174,0.0633204378744849,4.28209261690843,1.85143885494914e-05,0.147038201802444,0.395249757241037,35.0388496682157,0.0205078431873865,18,0.138080626750223,0.00128939669194874,consensus_significant,upregulated
AT2G23430,111.613967686512,1.14602532373901e-09,18,-0.175410753388899,-0.168980801906653,0.461314439468497,0,3,3,0.722222222222222,4.7921253889283e-09,-0.257001088236453,0.0723374191776024,-3.55280975127777,0.000381140004082274,-0.398779824559131,-0.115222351913776,42.3504416311762,0.0304441238104484,18,0.0315307202715737,0.012749882638172,consensus_significant,downregulated
AT1G78300,111.601453175173,1.15107543318666e-09,18,-0.0873569532197785,-0.0743129064929169,0.147807638952651,0,4,4,0.833333333333333,4.8120794247137e-09,-0.106797463074774,0.0275184335056743,-3.88094267984958,0.000104052364849001,-0.160732601656856,-0.0528623244926923,47.4890703296654,0.00515486516099247,18,0.0163147539981127,0.00477334473724632,consensus_significant,downregulated
AT4G26780,111.507665281735,1.18963011517618e-09,18,0.220672988904345,0.236082696433855,0.203119252264294,3,0,3,0.833333333333333,4.96965491047641e-09,0.193072606365968,0.0476063510846835,4.05560606866351,5.00044740602451e-05,0.0997658728046192,0.286379339927317,57.8483841097818,0.0193314386927988,18,0.000608106467862777,0.00273963266329647,consensus_significant,upregulated
AT3G15590,111.428785105839,1.22304375502808e-09,18,0.18318891146317,0.110084652997027,0.251013224688579,4,0,4,0.777777777777778,5.10677344567278e-09,0.146772398939914,0.0481714645264115,3.04687433489678,0.0023123435881473,0.0523580633855985,0.241186734494229,76.7356149297048,0.0243031450426805,18,1.3389301083954e-06,0.0448667295166172,consensus_significant,upregulated
AT1G10910,111.1444491427,1.35137897716387e-09,18,0.155251014280871,0.213364579227939,0.254084698140704,3,0,3,0.833333333333333,5.63537845844303e-09,0.190205062237452,0.0516034858617059,3.68589561463328,0.000227899755133319,0.0890640884717869,0.291346036003118,50.489573079228,0.0170227330499327,18,0.0352522270296595,0.00873290317233169,consensus_significant,upregulated
AT1G73670,111.072988280942,1.3856745030925e-09,18,-0.210140162008024,-0.196268863226176,0.200190369394493,0,4,4,0.944444444444444,5.77607359930961e-09,-0.162428817699456,0.0223377393473806,-7.27149758413234,3.55523736249429e-13,-0.206209982316365,-0.118647653082547,0.0877060415063414,8.43984639849845e-06,18,0.172296989606857,3.18034371233886e-10,consensus_significant,downregulated
AT5G25475,111.038450708086,1.402557077673e-09,18,0.31749627073859,0.259332042316143,0.213195322963131,3,0,3,0.944444444444444,5.84456964177491e-09,0.239832818543109,0.0374803648281269,6.39889231716144,1.56508165483497e-10,0.166372653352559,0.31329298373366,23.6609653809436,0.00526611286666632,18,0.249228039817797,7.66063175277902e-08,consensus_significant,upregulated
AT2G45660,111.023755571702,1.40980188887902e-09,18,-0.229931592720415,-0.111400196497149,0.39406975064329,0,4,4,0.777777777777778,5.8742877195496e-09,-0.307777716294685,0.0887921148254806,-3.46627306827432,0.000527727011372413,-0.481807063463772,-0.133748369125598,56.1944170931187,0.0610475734467648,18,0.00104955340976625,0.0160873021492634,consensus_significant,downregulated
AT3G58180,110.997985763407,1.42259610108453e-09,18,0.0844714262136463,0.0838326563098818,0.169196654754885,2,0,2,0.666666666666667,5.9261706591531e-09,0.0967964606520567,0.0318270566264361,3.04132618319647,0.00235538514900966,0.0344165759303251,0.159176345373788,60.6688459177067,0.00897187576670426,18,0.000101089970662423,0.0454300383164376,consensus_significant,upregulated
AT1G05120,110.957571935785,1.44289250331187e-09,18,-0.0881670319117695,-0.0765271313643268,0.167581394950821,0,3,3,0.666666666666667,6.00975554244359e-09,-0.124208670766239,0.0368343601689856,-3.37208710009907,0.000746008519041111,-0.196402690091028,-0.0520146514414508,43.2949660122422,0.00838078202547949,18,0.0403894626860596,0.0207649710310778,consensus_significant,downregulated
AT5G65820,110.902026326378,1.47125653524792e-09,18,0.195597241713956,0.225391776266093,0.378870960742911,2,0,2,0.722222222222222,6.1234711656698e-09,0.278094325786884,0.0875142187653392,3.17770448859935,0.0014844596753754,0.10656960887166,0.449619042702108,57.3395651481417,0.0637800800007012,18,0.000328608846499427,0.0332956653195425,consensus_significant,upregulated
AT5G04990,110.817651258523,1.51540087245627e-09,18,-0.0837830194044367,-0.0415318468759322,0.120149085449428,0,3,3,0.833333333333333,6.30518042980221e-09,-0.100475785651231,0.0319845746257251,-3.14138258291603,0.0016815221813889,-0.163164399978486,-0.037787171323976,57.6789112458248,0.00902045344814989,18,0.00043872719123851,0.0361642926556149,consensus_significant,downregulated
AT1G59890,110.645972994042,1.60930692708196e-09,18,0.104457822458428,0.0953290092465773,0.15724924464133,2,0,2,0.722222222222222,6.68732096256852e-09,0.115411928743435,0.0367547749321622,3.14005265863956,0.00168917468603122,0.0433738936165211,0.187449963870348,56.6559870974854,0.0120249801295016,18,0.000624577018022075,0.0362748213002743,consensus_significant,upregulated
AT3G15470,110.454552373952,1.72081095344369e-09,18,-0.118292146784406,-0.112130344530061,0.214885500003171,1,4,5,0.833333333333333,7.14037490363614e-09,-0.126673158689656,0.0411237266347215,-3.08029376361781,0.00206796517040919,-0.207274181803781,-0.0460721355755315,74.3658560169504,0.0187081499162379,18,1.94791868567974e-05,0.041666605985539,consensus_significant,downregulated
AT5G52700,57.0823224880438,1.73534802877812e-09,4,3.1594346800988,3.5425463355657,2.1692069412525,2,0,2,1,7.20011975710393e-09,3.58027337229347,1.0666302014346,3.35662103649239,0.000789011773494991,1.48971659265897,5.67083015192798,58.4771096004671,2.52962168386148,4,0.0889437605587767,0.0215912905358724,consensus_significant,upregulated
AT4G21065,110.375608609543,1.76899190137431e-09,18,0.221628175855189,0.154401760922119,0.394261801961549,2,0,2,0.833333333333333,7.33502026629606e-09,0.304483731751553,0.0951811541302272,3.1989918018325,0.00137909090475725,0.117932097649352,0.491035365853754,66.5260687017463,0.0891008150486939,18,1.36892054155383e-05,0.0317447881554682,consensus_significant,upregulated
AT3G22565,100.116154301429,1.77999493505165e-09,15,-0.238662448544826,-0.598493644131426,1.43686724018867,1,3,4,0.733333333333333,7.37946458376195e-09,-0.531703377124118,0.123531296455023,-4.30419976461358,1.67590394993141e-05,-0.773820269139503,-0.289586485108734,30.3536158263749,0.0551365090008905,15,0.00259737217531944,0.00119346720315385,consensus_significant,downregulated
AT4G14050,110.312130955932,1.80869951199186e-09,18,0.215194200670821,0.180032197446542,0.403952741808849,3,0,3,0.777777777777778,7.49607229672519e-09,0.233004889335904,0.0755435102303147,3.08437996361999,0.002039769032546,0.0849423300187543,0.381067448653054,58.3428101802753,0.0519019966474266,18,0.000740472143681903,0.0413104079453035,consensus_significant,upregulated
AT1G55990,92.9541142460437,1.8511574626362e-09,13,-0.708009479131281,-0.980139083060026,1.24703489678935,0,4,4,0.769230769230769,7.66469273779666e-09,-1.0674057881853,0.143720458442901,-7.42695785798215,1.11123744778822e-13,-1.34909271057497,-0.785718865795626,0.000280792307614859,8.59182153827551e-07,13,0.324476967035321,1.10875853348161e-10,consensus_significant,downregulated
AT2G41140,110.244373469452,1.85205742109981e-09,18,-0.149849995135187,-0.154464817132993,0.160249053887723,0,4,4,0.833333333333333,7.66780729199914e-09,-0.181253012418312,0.0368015731720936,-4.92514305219309,8.42986607180699e-07,-0.253382770410031,-0.109123254426593,48.7302515182874,0.00889589108624426,18,0.0275363273844971,0.000110419971686007,consensus_significant,downregulated
AT5G55910,110.235652443041,1.85771215296719e-09,18,-0.133128224236833,-0.101800167043193,0.176805341509742,0,3,3,0.888888888888889,7.68999190071383e-09,-0.121060548893113,0.0391501062102984,-3.09221508219736,0.00198668846088135,-0.197793347056216,-0.0443277507300104,70.3041799900373,0.017419480997902,18,1.16849611508062e-05,0.0405605617043043,consensus_significant,downregulated
AT2G38080,110.191670765626,1.88649125795296e-09,18,-0.335483343336284,-0.349438902380387,0.440590908227071,0,5,5,0.722222222222222,7.80663233766678e-09,-0.433207104127694,0.0605596957831983,-7.15338970127197,8.46608140311054e-13,-0.551901926777465,-0.314512281477924,4.26311363927128,0.00285547326210167,18,0.107328187522607,6.97228837331726e-10,consensus_significant,downregulated
AT1G15200,110.166562103794,1.9031182306472e-09,18,0.173799799690546,0.136292868173253,0.218035742154336,4,0,4,0.777777777777778,7.87418202238684e-09,0.159786544318516,0.0438810869925763,3.64135337726588,0.000271208569624106,0.073781194210597,0.245791894426434,68.7478049541212,0.019164683212401,18,0.000349571805438294,0.00996557041528124,consensus_significant,upregulated
AT3G56930,110.115408487402,1.93744197802168e-09,18,-0.153939150742072,-0.1186145597824,0.212424858668926,0,4,4,0.722222222222222,8.01364170396106e-09,-0.198826051015887,0.0490120734034889,-4.05667496208666,4.97762778271938e-05,-0.294887949694359,-0.102764152337415,55.8879057365237,0.0192713391434193,18,0.00919486399447705,0.00273520636662003,consensus_significant,downregulated
AT3G52460,110.114073133938,1.9383461446716e-09,18,-0.310344878056128,-0.394756017785609,0.429614613726963,1,3,4,0.722222222222222,8.0161038449881e-09,-0.333718025948666,0.111310385528415,-2.99808525830212,0.00271681658082208,-0.551882372689627,-0.115553679207705,71.2922693360053,0.121295161531341,18,7.00884656683397e-06,0.0497737681777446,consensus_significant,downregulated
AT1G66930,106.648265706461,2.00490138591483e-09,17,-0.419066161439226,-0.387518368289158,0.601679112122698,0,3,3,0.705882352941177,8.28672348732705e-09,-0.546775128586733,0.169538103548602,-3.22508696949053,0.00125934405795767,-0.879063705549216,-0.214486551624251,54.4930232217568,0.222627239577743,17,0.00366884647781779,0.0299723885793925,consensus_significant,downregulated
AT1G75620,109.936164853616,2.06261596097529e-09,18,-0.320695480983391,-0.293989276505459,0.802768944760703,0,3,3,0.666666666666667,8.51916528653338e-09,-0.502658996510285,0.140770913821678,-3.57075892216647,0.000355948396984978,-0.778564917671566,-0.226753075349004,51.3768550953174,0.146675344773817,18,0.00819279032162442,0.01219011658691,consensus_significant,downregulated
AT1G59730,106.477333651245,2.12982081032127e-09,17,0.135607951039888,-0.353616214299531,1.48038272197334,0,3,3,0.647058823529412,8.79254135193161e-09,-0.543306356598626,0.0753158566796165,-7.21370479671736,5.44497310439734e-13,-0.690922723155455,-0.395689990041798,0,0,17,0.0317652535207061,4.70844974247586e-10,consensus_significant,upregulated
AT2G24590,109.796465624192,2.16569193602743e-09,18,-0.127610777037616,-0.122142675866463,0.125574882147105,0,4,4,0.777777777777778,8.93707379913809e-09,-0.124460568069704,0.0303174860972136,-4.10524037747124,4.03894670733613e-05,-0.183881748922037,-0.0650393872173719,51.4907473454694,0.00693018826216326,18,0.0232105883053096,0.00230789329254876,consensus_significant,downregulated
AT1G06720,109.766522987182,2.18843925760064e-09,18,0.221035790102708,0.123924714009945,0.260984289530793,5,0,5,0.777777777777778,9.02807295991818e-09,0.170880435692324,0.0504103673387319,3.38978755191555,0.000699468077182594,0.072077931260975,0.269682940123673,71.0334883117719,0.0280876358387034,18,5.58197921444361e-05,0.0197988007182442,consensus_significant,upregulated
AT1G72300,109.725531943293,2.21996365543823e-09,18,-0.260955199939993,-0.221172268264015,0.22699286121992,0,4,4,0.833333333333333,9.1552112579181e-09,-0.212999639186869,0.0284864475664442,-7.47722715126379,7.59071479973903e-14,-0.268832050464588,-0.15716722790915,0.0261320510329202,4.06605977022435e-06,18,0.221726414025342,8.03748258509509e-11,consensus_significant,downregulated
AT3G05155,102.933503312169,2.23751169515393e-09,16,-0.323429296509061,-0.431041395742134,0.866879601835881,0,5,5,0.75,9.22538087783476e-09,-0.540450921155005,0.0760916577059264,-7.10263039929687,1.22404442894002e-12,-0.68958782978257,-0.391314012527439,0.000822101797910905,8.08432992251605e-07,16,0.0681661791609143,9.47885390315285e-10,consensus_significant,downregulated
AT1G61660,109.592864860566,2.32510316666256e-09,18,-0.236279453777312,-0.212801942865984,0.280930344226783,0,3,3,0.833333333333333,9.58195803183687e-09,-0.213544117473191,0.0709532768940623,-3.00964418869654,0.00261553897842786,-0.352609984770651,-0.0744782501757312,75.4620535458971,0.0614321059310888,18,2.14277633932366e-07,0.0486570901243282,consensus_significant,downregulated
AT3G57810,109.248445626711,2.62160387730157e-09,18,0.202802902073509,0.1201330798569,0.261759641473181,5,0,5,0.777777777777778,1.07790432413712e-08,0.224053285159063,0.0579449516132856,3.86665755895966,0.000110337188793184,0.110483266911107,0.337623303407018,61.2979003492919,0.0323736974492409,18,0.000514628844509969,0.00498236266609708,consensus_significant,upregulated
AT3G22250,105.827801343555,2.67878271448143e-09,17,-0.47703933520991,-0.735151158980489,1.73833757316531,0,2,2,0.705882352941177,1.10115239715112e-08,-1.0034219452576,0.298455381293666,-3.3620501024583,0.000773660845483979,-1.58838374358536,-0.418460146929847,54.6493212762536,0.640344001222949,17,0.00826003014208924,0.0213513932484525,consensus_significant,downregulated
AT5G66860,109.089431625797,2.77082530194179e-09,18,0.187465266528212,0.1568001603491,0.24271867710498,4,0,4,0.722222222222222,1.13817652549332e-08,0.16281960947648,0.0526726805650943,3.09115859929063,0.00199377109537802,0.059583052599712,0.266056166353247,75.3568453360787,0.0329710708014889,18,1.18865447751979e-06,0.0406622718209879,consensus_significant,upregulated
AT5G19990,109.07512432898,2.78465635550515e-09,18,-0.0946972083305842,-0.115650736340502,0.0893920422477981,0,3,3,0.888888888888889,1.14358640217655e-08,-0.113148563975272,0.013597079250878,-8.32153449189945,8.68317411402862e-17,-0.13979834960193,-0.086498778348614,0,0,18,0.938915403817206,1.95877306840113e-13,consensus_significant,downregulated
AT5G66000,109.068494666552,2.7910884642971e-09,18,0.239565416306838,0.275570947060138,0.275552485522282,2,0,2,0.722222222222222,1.14604653785984e-08,0.241455032707528,0.0707336320023026,3.41358171314698,0.000641149287017957,0.102819661487305,0.380090403927751,64.5436629359837,0.0512125102614685,18,2.86285998623635e-05,0.0186434572308618,consensus_significant,upregulated
AT4G29040,109.048178570693,2.81089080694914e-09,18,-0.110851499393719,-0.133102443552405,0.140439177951946,0,3,3,0.722222222222222,1.153812430967e-08,-0.126571681246701,0.0281423459993612,-4.49755259385886,6.87401599609982e-06,-0.181729665845913,-0.0714136966474877,33.3370831026428,0.00385853155546487,18,0.102292754118653,0.000589506522217592,consensus_significant,downregulated
AT1G63570,94.9714014228128,3.25680550721077e-09,14,-0.584189542713157,-1.26362899920273,1.80861684297856,0,3,3,0.714285714285714,1.33295057668754e-08,-1.06785159494953,0.302511270769335,-3.52995639545532,0.000415628161380394,-1.66076279057487,-0.474940399324189,47.0541621394571,0.508269346411146,14,0.0175851017854175,0.0135115611059276,consensus_significant,downregulated
AT2G24850,98.4246672199431,3.28718751777703e-09,15,0.535101950873127,0.866233632378977,1.25897327012742,5,0,5,0.666666666666667,1.34527928844146e-08,0.848178972528054,0.258808189173605,3.2772493607577,0.0010482374928604,0.340924242843759,1.35543370221235,55.6590958638094,0.495706557902763,15,0.00849624292588122,0.0263501715501787,consensus_significant,upregulated
AT5G46230,108.581980103009,3.30547655894206e-09,18,-0.146364339602238,-0.206738477276647,0.404479950853662,0,2,2,0.722222222222222,1.35255076384147e-08,-0.261086517273794,0.0725697004938801,-3.59773452965831,0.000321001005871103,-0.403320516610658,-0.118852517936931,49.7499742798354,0.0361047235762083,18,0.00868935603522312,0.0112837508052956,consensus_significant,downregulated
AT2G26070,108.29494794824,3.65181394503124e-09,18,0.168783860157528,0.109927638249965,0.210337940288567,3,0,3,0.777777777777778,1.49261927516984e-08,0.158721240773371,0.0510943586643347,3.10643376142742,0.00189358726576504,0.0585781379781026,0.258864343568639,69.2272812071407,0.0286854271490368,18,9.76504352776695e-06,0.0392830394629962,consensus_significant,upregulated
AT4G16630,108.271455435451,3.6816995608595e-09,18,0.201823396422994,0.176653843770054,0.223293669455074,5,0,5,0.777777777777778,1.50447908753775e-08,0.163339352635907,0.0396109078777489,4.1235952768369,3.73004065236606e-05,0.0857033998005851,0.240975305471229,49.9294501787275,0.0118473610950499,18,0.0213100581534138,0.00215751872026043,consensus_significant,upregulated
AT1G09700,107.929839408077,4.14461157503218e-09,18,0.117605955476508,0.146573833218558,0.202024397996955,4,0,4,0.777777777777778,1.68978385982518e-08,0.157801686498389,0.0371730170825478,4.24505996239071,2.1853497367424e-05,0.0849439118199036,0.230659461176875,53.72672951389,0.0105511577183185,18,0.00199222773564596,0.00148316762789145,consensus_significant,upregulated
AT3G49142,107.917492286479,4.16237861347176e-09,18,0.316815742361868,0.312156419194635,0.280906691225588,2,0,2,0.888888888888889,1.69689429281123e-08,0.305071821205345,0.056580602298698,5.39180936241757,6.97517465780948e-08,0.194175878476313,0.415967763934377,30.5525351532936,0.014033590297058,18,0.183027747588544,1.47113805669019e-05,consensus_significant,upregulated
AT3G07920,97.751334092013,4.19185726007266e-09,15,0.702862310795823,0.645136168773372,0.997209153281924,3,0,3,0.75,1.70877775412371e-08,0.839751016741177,0.206936263184866,4.05801769016669,4.94910197835942e-05,0.434163393803537,1.24533863967882,41.4605724868123,0.228917312837046,16,0.0672553147911169,0.00272652862309425,consensus_significant,upregulated
AT4G10430,107.695681195484,4.49468983149822e-09,18,-0.0945634079832784,-0.108985953917265,0.193806828949732,1,3,4,0.777777777777778,1.82992545453867e-08,-0.109999799689123,0.0360259239659136,-3.05335124210001,0.00226300889535322,-0.180609313172092,-0.0393902862061539,66.0072349280226,0.0134020079299742,18,0.000120855248074229,0.0442236649422944,consensus_significant,downregulated
AT1G51840,107.688189884492,4.50635945744228e-09,18,-0.000478746260756342,-0.362420999359488,1.36127970782027,1,4,5,0.666666666666667,1.83438872314284e-08,-0.456860638970815,0.08617056621726,-5.30181776708931,1.14655262668855e-07,-0.625751845284069,-0.287969432657562,28.4741783433873,0.030893667960929,18,0.034547180203388,2.17108527310616e-05,consensus_significant,downregulated
AT2G28450,107.672470363123,4.53094406265342e-09,18,0.18026317943669,0.159874312159535,0.194701092834957,3,1,4,0.944444444444444,1.84381784378058e-08,0.165724910815817,0.0475868762433272,3.48257595157984,0.000496614324407594,0.0724563472421314,0.258993474389503,66.8962379330829,0.0242732989317769,18,0.000100832407984291,0.0153828881239186,consensus_significant,upregulated
AT4G26488,107.602124047744,4.64259657000107e-09,18,0.305803884729404,0.272289736328523,0.454436356815296,2,0,2,0.833333333333333,1.88895738930406e-08,0.480068160431195,0.131876738074912,3.64027930504691,0.000272342454791933,0.221594503405745,0.738541817456645,40.3969698162133,0.0899598033611228,18,0.135350473194228,0.00999308056890003,consensus_significant,upregulated
AT2G45930,97.2873181650323,4.95460481524875e-09,15,0.39162377773752,0.438303603218917,1.22941137684857,2,0,2,0.933333333333333,2.01275003534929e-08,0.603460751611898,0.167959440365075,3.59289570327349,0.000327023505398371,0.274266297632848,0.932655205590948,66.2027556982547,0.224152342768602,15,0.000918612914000094,0.0114411918773359,consensus_significant,upregulated
AT2G43660,93.5928926674929,5.3929627235488e-09,14,0.484907202805588,0.454536770734621,0.872532612374141,2,0,2,0.666666666666667,2.18774549253483e-08,0.577426482986508,0.1606731050262,3.59379675205973,0.000325894090287982,0.262512983850935,0.89233998212208,33.8785162614503,0.0961090932716653,15,0.2437017226322,0.0114170756114123,consensus_significant,upregulated
AT4G15340,107.00773119824,5.70128139707858e-09,18,-0.230971811702703,-0.324543245863317,0.688386235449733,1,2,3,0.777777777777778,2.30975104043225e-08,-0.347856009765576,0.0863222884963747,-4.02973572439735,5.58395953771355e-05,-0.517044586281546,-0.178667433249605,54.5993697042521,0.0500892454701718,18,0.00128189353998368,0.00297451906216355,consensus_significant,downregulated
AT4G17170,106.921813253642,5.87286615898222e-09,18,-0.121193976852621,-0.136841759088995,0.15416117147862,0,2,2,0.833333333333333,2.3774091452877e-08,-0.135945566873224,0.0366623832126939,-3.70803954790792,0.000208870041361219,-0.20780251755751,-0.0640886161889385,57.6948781852206,0.0123002047382386,18,0.00138585086984091,0.00816268766202751,consensus_significant,downregulated
AT2G22510,100.145222571735,6.03931456377297e-09,16,-0.49193615271969,-0.647638540455718,1.24246885715191,0,4,4,0.875,2.44364594351275e-08,-0.64968335595594,0.204064071515769,-3.1837224021365,0.00145394373191563,-1.04964158666545,-0.249725125246426,86.4840541740938,0.33694868904744,16,1.36084033138331e-06,0.0328412784443668,consensus_significant,downregulated
AT2G05180,106.803202768795,6.1181541249861e-09,18,-0.216441789038565,-0.169442146082991,0.495059077281587,0,3,3,0.611111111111111,2.47496739860408e-08,-0.425989499212292,0.127707463132313,-3.33566644238277,0.000850951974442223,-0.676291527508602,-0.175687470915982,53.6245439140395,0.122327508951874,18,0.0123392327132202,0.0228523769368325,consensus_significant,downregulated
AT3G01600,106.780315741609,6.16663693171322e-09,18,0.471336538322633,0.273849290727994,0.592549586968962,3,0,3,0.888888888888889,2.49399690947439e-08,0.407837773441125,0.132841339382228,3.0701118743439,0.00213978602215205,0.147473532593897,0.668202014288353,75.8645111648897,0.185307430298169,18,2.67284036909732e-08,0.0426346612800832,consensus_significant,upregulated
AT4G19810,103.049776465201,7.09710444326155e-09,17,-0.63521795052025,-0.468581858023587,1.06249507634882,0,4,4,0.764705882352941,2.86205763566214e-08,-0.502461198606489,0.0752143709956657,-6.6803882284071,2.38310080656052e-11,-0.649878656877828,-0.35504374033515,0.00197815788904919,1.99730962651667e-06,17,0.0226141562838823,1.4050545709953e-08,consensus_significant,downregulated
AT3G09290,103.045964308091,7.10654733252394e-09,17,-0.594372096296963,-0.538008734803651,1.57706688510804,0,4,4,0.823529411764706,2.86564302000874e-08,-0.681809667881474,0.0914566319142288,-7.45500521515923,8.98642758194291e-14,-0.861061372580699,-0.502557963182249,0.00426351125479264,6.8761950811843e-06,17,0.305857100359686,9.14219232669658e-11,consensus_significant,downregulated
AT3G02460,106.321816513039,7.22194161645895e-09,18,-0.159006360518719,-0.112279813523886,0.196502738514559,0,2,2,0.777777777777778,2.91059164339056e-08,-0.160700925324515,0.0449601271612027,-3.57429872803358,0.000351167821897567,-0.248821155300813,-0.0725806953482164,64.2576609809375,0.0197093354844412,18,0.000413802856907657,0.0120822223284704,consensus_significant,downregulated
AT4G13554,82.0965091216596,7.29897658898193e-09,11,1.13437397018939,0.906686684265139,0.815894375914161,2,0,2,0.909090909090909,2.94095321748895e-08,0.864098596981955,0.126320802394265,6.8405090895875,7.8912239992485e-12,0.616514373790995,1.11168282017291,0,0,11,0.308364052790812,5.24908033303858e-09,consensus_significant,upregulated
AT4G03090,105.92980319763,8.26435441849143e-09,18,0.214610313107521,0.268935876764617,0.291173184501911,4,0,4,0.833333333333333,3.32134901622567e-08,0.203790874791449,0.049008009742025,4.15831770896617,3.20599924385335e-05,0.107736940743092,0.299844808839806,55.4575750652481,0.019610507164015,18,0.00281014049215686,0.0019364384722711,consensus_significant,upregulated
AT5G65970,105.913269066354,8.3114452953636e-09,18,-0.288981885990633,-0.258777463111776,0.379440526449804,0,3,3,0.833333333333333,3.33957050611339e-08,-0.30926926716294,0.0568130216281414,-5.4436334892941,5.22045785722017e-08,-0.420620743406993,-0.197917790918888,26.5083873753407,0.0131931210195848,18,0.0806756975750446,1.20381437984005e-05,consensus_significant,downregulated
AT1G64600,105.908793362859,8.32423807855891e-09,18,0.172200471330082,0.231754133357281,0.200680383589764,3,0,3,0.833333333333333,3.34445177670914e-08,0.200297162547629,0.0473059907283184,4.23407605387549,2.29493274504998e-05,0.107579124467139,0.293015200628118,44.0805753830843,0.0156252079663105,18,0.0340467552683775,0.00152817241008475,consensus_significant,upregulated
AT5G23820,105.856567219454,8.47496019751284e-09,18,-0.271530911684961,-0.218709071884262,0.276585339184186,0,4,4,0.833333333333333,3.40369039086214e-08,-0.286290852504429,0.0582338797733149,-4.91622494703881,8.82290128434224e-07,-0.400427159540162,-0.172154545468697,40.73243401233,0.0200204854270649,18,0.0611081566585265,0.000114230394372933,consensus_significant,downregulated
AT3G20010,105.765359085341,8.74467505944483e-09,18,0.257943111185047,0.215074194751777,0.174513550649308,4,0,4,1,3.5101112162432e-08,0.21654357132142,0.0365661198562397,5.92197291297969,3.18102028163178e-09,0.144875293348816,0.288211849294025,30.5922752396637,0.00631166895006299,18,0.186788253806203,1.07171465124795e-06,consensus_significant,upregulated
AT3G62600,105.690089158017,8.97363111727114e-09,18,0.136184761921328,0.114389626164365,0.221495940068369,4,0,4,0.888888888888889,3.60062179062612e-08,0.147623040923226,0.0357420018965814,4.13023986038525,3.62384944488343e-05,0.0775700044705639,0.217676077375888,52.689586679131,0.00974014496484643,18,0.00502926287147033,0.00211972722207815,consensus_significant,upregulated
16335,53.3992137844895,9.02636938134526e-09,4,0.543009759785514,0.575965417257615,0.1321377666326,1,0,1,1,3.62066309035629e-08,0.480998808910849,0.0813602366892791,5.91196422827308,3.38051965396998e-09,0.321535675226207,0.64046194259549,9.07042763272088,0.00265700695196245,4,0.470217808492999,1.12096823181572e-06,consensus_significant,upregulated
AT2G32970,105.606685186423,9.23424983660196e-09,18,0.1002476352491,0.168150737831132,0.247044910398901,3,0,3,0.777777777777778,3.7029035059065e-08,0.152752319106204,0.04387779759501,3.48131236020778,0.00049896324306358,0.0667534160990457,0.238751222113361,51.0551264672092,0.0156232873201526,18,0.00971569332470587,0.0154096481566136,consensus_significant,upregulated
AT1G17630,105.533309381291,9.469706251609e-09,18,0.297084644982166,0.279215836329603,0.272976273142884,2,0,2,0.888888888888889,3.79497509199876e-08,0.278856083815909,0.0751930548899193,3.70853510638912,0.000208461761865709,0.131480404344124,0.426231763287695,63.8093530678654,0.0479107486094708,18,9.51443554608568e-06,0.00815673457966852,consensus_significant,upregulated
AT5G39890,105.526036807232,9.4933638443096e-09,18,0.374996362549377,0.22801044306445,0.590453834435367,3,0,3,0.777777777777778,3.80416211305986e-08,0.25894997237058,0.0842324008225357,3.07423236001722,0.00211044988296571,0.0938575004270685,0.424042444314092,73.782425328224,0.0719800259526205,18,2.04452424289372e-07,0.0422285313257975,consensus_significant,upregulated
AT5G05725,77.6847694441274,9.66926950070044e-09,10,1.30917818878497,1.21543662067742,1.30820632021002,2,0,2,0.818181818181818,3.87315548626884e-08,1.4875302044718,0.455267995974989,3.26737266318522,0.00108550686649099,0.595221329047093,2.3798390798965,53.9824639970559,1.05495860408898,11,0.0294190896126384,0.0269346907034999,consensus_significant,upregulated
8904,53.2260356071038,9.75102062240039e-09,4,-0.813387750598301,-0.695999062210229,0.868258093720231,0,2,2,0.75,3.90469656140115e-08,-0.721503342769755,0.121056582540769,-5.96005047909533,2.52160027787012e-09,-0.958769884641163,-0.484236800898347,0,0,4,0.050793037222626,8.90004821884445e-07,consensus_significant,downregulated
AT5G47830,105.424462954094,9.82994880564016e-09,18,0.222320836171644,0.156417960654954,0.273461981666724,4,0,4,0.777777777777778,3.93539164580014e-08,0.172976018436406,0.0504666200137087,3.42753325642611,0.000609091693476638,0.0740632607880687,0.271888776084743,73.6426851525845,0.0300253963006431,18,3.40338123609336e-05,0.0179761737339829,consensus_significant,upregulated
AT1G43140,84.9179023839091,9.83107442074844e-09,12,-0.218084283196094,-0.343834385920608,1.21054297430013,0,2,2,0.583333333333333,3.93553870814705e-08,-0.543860696344199,0.0722528031122212,-7.52719165095213,5.1843249570111e-14,-0.685473588226216,-0.402247804462182,0,0,12,0.435088424520002,5.60382325144925e-11,consensus_significant,downregulated
AT5G13790,105.40830109867,9.88458049408337e-09,18,0.241563771381294,0.229584333367307,0.455833722208439,4,0,4,0.777777777777778,3.95634774599692e-08,0.300592829459201,0.0724380873090462,4.14965166289892,3.3298160659164e-05,0.158616787224502,0.442568871693899,49.498682713264,0.040709060941341,18,0.00427816092065948,0.00199037070004616,consensus_significant,upregulated
AT4G31140,104.995414898222,1.13865986006397e-08,18,-0.182849091034063,-0.155742435770896,0.198999833385275,0,3,3,0.888888888888889,4.54631782423112e-08,-0.162110556699978,0.0336708080111926,-4.81457280876927,1.47515113693829e-06,-0.228104127732278,-0.096116985667678,51.1799338235456,0.00871615602537768,18,0.00976247097370725,0.000174279353842156,consensus_significant,downregulated
AT2G38740,104.891173694315,1.18001563017522e-08,18,-0.294748480538912,-0.213838396814534,0.258075865291594,0,4,4,0.944444444444444,4.7081789069591e-08,-0.198985434711887,0.0320817237934219,-6.20245458109353,5.55892307842999e-10,-0.261864457908956,-0.136106411514818,11.8511516265901,0.00210056445140553,18,0.0630321578895637,2.30735332001009e-07,consensus_significant,downregulated
AT5G54040,94.5367439415125,1.32639357041785e-08,15,-0.613818950187921,-0.400146736021481,0.766398935680932,0,2,2,0.733333333333333,5.27922950140005e-08,-0.680509109258089,0.192270350470887,-3.53933462747357,0.000401137015104497,-1.05735207147592,-0.303666147040257,60.4393087566389,0.191881898068031,15,0.00774504806665746,0.0131577658917868,consensus_significant,downregulated
AT4G09180,104.510931302535,1.34383655704329e-08,18,-0.105736511222433,-0.168404999720079,0.214684211395429,0,2,2,0.888888888888889,5.34578532590663e-08,-0.169195409323649,0.0340868213316236,-4.96366052080896,6.91768161917273e-07,-0.236004351481083,-0.102386467166215,25.000562064957,0.00473378579611886,18,0.0674507800726808,9.44518402971468e-05,consensus_significant,downregulated
AT5G48530,104.31641899026,1.43612545353033e-08,18,0.231627567964217,0.257604226657901,0.283447080544943,3,0,3,0.666666666666667,5.70766116576136e-08,0.198906925360532,0.0595415296318192,3.34064184428067,0.000835849720550587,0.0822076716977423,0.315606179023322,60.8361690087408,0.033097667273272,18,0.00042985401738151,0.0225664249949882,consensus_significant,upregulated
AT3G26130,100.967925579171,1.46247405513297e-08,17,-0.408119738363208,-0.247729905326947,0.734010355495142,0,3,3,0.764705882352941,5.81015507772936e-08,-0.48436119179181,0.147318043735538,-3.28786060084619,0.00100951812211579,-0.77309925178636,-0.19562313179726,54.2937266007403,0.141749154595618,17,0.0137857560193492,0.0257132244712105,consensus_significant,downregulated
AT5G46460,104.214520920679,1.48694233584063e-08,18,0.251809484795646,0.27197357365194,0.285428667870167,5,0,5,0.833333333333333,5.90465142865069e-08,0.284365435885818,0.0433051906543409,6.56654390822578,5.1496467602083e-11,0.19948882185967,0.369242049911967,10.2309191950417,0.00328249709261168,18,0.258029525937239,2.75447703615101e-08,consensus_significant,upregulated
AT1G01230,104.125374025448,1.53285354778484e-08,18,-0.121931292278259,-0.119243807121387,0.147873018213496,0,4,4,0.833333333333333,6.08184634076761e-08,-0.131232039921724,0.0277836907615972,-4.7233479902934,2.31993378353225e-06,-0.185687073172052,-0.0767770066713947,40.8967494098778,0.0051243371276392,18,0.0275107423202703,0.000251814737290349,consensus_significant,downregulated
AT1G59865,100.739384190295,1.58267761968815e-08,17,0.648033888050493,0.543826868924596,1.75404113851296,3,0,3,0.764705882352941,6.27713213659138e-08,1.11618932506032,0.342484813124828,3.25909144664321,0.00111769634540872,0.444931426083731,1.78744722403692,57.2640867294146,1.0085105300636,17,0.0015524199905223,0.0274836763910835,consensus_significant,upregulated
AT2G32770,100.591099947681,1.66583565823265e-08,17,0.456856287412632,0.631021028213289,1.16300944109082,3,0,3,0.647058823529412,6.60190413087452e-08,0.655706799426394,0.208966097615327,3.13786210734262,0.00170184918749164,0.246140774110472,1.06527282474232,50.1465135114601,0.298830475024789,17,0.00813048072849003,0.036487083985048,consensus_significant,upregulated
AT5G15340,103.770621027198,1.72983490404561e-08,18,0.485147968579312,0.352465063173463,0.772000337959826,4,0,4,0.777777777777778,6.84821978298025e-08,0.414228785632491,0.135524966158304,3.05647584629268,0.00223955523553927,0.148604732956205,0.679852838308777,69.3676210676581,0.180773170941615,18,0.000144728881044465,0.0439973812346534,consensus_significant,upregulated
AT3G18550,83.372032500448,1.7503492052858e-08,12,1.26668778239121,0.783758343918492,1.00614504581074,3,0,3,1,6.92731997129314e-08,1.34929184374991,0.339025668193945,3.9799105800391,6.89411952537714e-05,0.684813744255149,2.01376994324467,56.5071587998898,0.666757354136149,12,0.00738874652547074,0.00349311032670574,consensus_significant,upregulated
AT1G35545,41.8780258347415,1.76815086299636e-08,2,-7.71457771712943,-7.71457771712943,0.35022099475421,0,2,2,1,6.99617274837036e-08,-7.70000461480837,1.30136301054646,-5.91687680716778,3.28112258160533e-09,-10.250629246292,-5.1493799833247,0,0,2,0.849335923600391,1.09830815499362e-06,consensus_significant,downregulated
AT5G40490,103.679758462905,1.78418326708758e-08,18,0.226973385262128,0.238092614015714,0.185756721156659,2,0,2,0.888888888888889,7.05638160063344e-08,0.192211774235828,0.0425158257949867,4.52094650972281,6.15637442681552e-06,0.108882286904675,0.275541261566981,45.583991135252,0.0131906353106849,18,0.0131030859714791,0.000536835850018314,consensus_significant,upregulated
AT5G25760,103.624089368885,1.81831025114363e-08,18,-0.0819748515836946,-0.10128707087308,0.173627176341456,0,2,2,0.722222222222222,7.18916129691519e-08,-0.106989683183899,0.0326320084583735,-3.27867294225481,0.00104296435306817,-0.170947244505518,-0.0430321218622809,62.1693920190349,0.0102401254242194,18,0.000512513459922554,0.0263036692792133,consensus_significant,downregulated
AT5G66150,96.8902468387963,1.89831157760861e-08,16,0.654711923037659,0.928254962333164,1.38446798395134,5,0,5,0.8125,7.49633030430378e-08,0.920053486311889,0.182342971861526,5.04573045464342,4.51791964715608e-07,0.562667828629298,1.27743914399448,27.9467436100131,0.1300902598759,16,0.0871445824849736,6.64044597657354e-05,consensus_significant,upregulated
AT3G44690,103.406388707951,1.95806642455577e-08,18,0.0645365599743894,0.189270861671754,0.359841592535567,2,0,2,0.722222222222222,7.72759527799172e-08,0.205645737920141,0.053423526275277,3.84934788580791,0.000118432704054375,0.100937550493469,0.310353925346813,34.2540393955909,0.0146330549238366,18,0.07527160207297,0.00525888943297996,consensus_significant,upregulated
AT5G23670,103.27413101191,2.04809443840242e-08,18,0.0677714273384362,0.101536186076057,0.0777103022114228,4,0,4,0.777777777777778,8.07368596745586e-08,0.0957810342948536,0.0126957819998817,7.54431938857695,4.54655645931718e-14,0.0708977588195136,0.120664309770194,0,0,18,0.470793600097393,5.24207856300473e-11,consensus_significant,upregulated
AT2G29910,103.252594901884,2.06313596424558e-08,18,-0.129233065422118,-0.142276451583965,0.188071017175922,0,3,3,0.777777777777778,8.13051022629534e-08,-0.173746115543372,0.0323359053628925,-5.37316378166904,7.7366995391429e-08,-0.237123325462137,-0.110368905624607,22.9360479791311,0.00389913130411746,18,0.16157346035018,1.58035794838146e-05,consensus_significant,downregulated
AT5G64572,68.1566610711302,2.09386535718339e-08,8,0.385176000032972,0.343952718894638,0.341325967143899,2,0,2,0.875,8.24847862642696e-08,0.458366129799252,0.121001200239826,3.78811225748807,0.000151796264551669,0.221208135243074,0.69552412435543,47.202065473329,0.0492019167585966,8,0.080018426055831,0.00640308730894211,consensus_significant,upregulated
AT5G53140,103.092177227476,2.17866082558762e-08,18,-0.104157001313676,-0.102017145427742,0.124180316268391,0,4,4,0.666666666666667,8.57730983151202e-08,-0.0956500042141303,0.0315344499495493,-3.03319082359632,0.00241982530270277,-0.157456390387528,-0.0338436180407328,68.8343267787237,0.00869863816238594,18,9.85720358228724e-06,0.0462261472774045,consensus_significant,downregulated
AT3G17690,102.989615124198,2.25584297931634e-08,18,0.584341304182653,0.441534467897936,0.73281507023202,3,0,3,0.833333333333333,8.87376886990279e-08,0.538469815546569,0.1130643766801,4.76250638227189,1.9120314841351e-06,0.316867709319103,0.760071921774035,37.1577432175872,0.0740902039567592,18,0.0374035869742845,0.000213341594672829,consensus_significant,upregulated
AT3G18400,102.981974201872,2.2616999198171e-08,18,-0.204744158223161,-0.307511758434268,0.750293502714777,0,6,6,0.722222222222222,8.89613395516689e-08,-0.447450240950403,0.059439376531134,-7.5278420983442,5.15857196218908e-14,-0.563949278214941,-0.330951203685865,0,0,18,0.247667035779115,5.60382325144925e-11,consensus_significant,downregulated
AT2G36255,75.4685805946154,2.27545459275072e-08,10,-1.09618812250833,-1.15139626338273,1.72795145322303,0,1,1,0.9,8.94887995895695e-08,-1.5357752071601,0.349939773276845,-4.3886843521074,1.1403844321998e-05,-2.22164455954083,-0.849905854779372,39.901155716154,0.417571615679124,10,0.101514353072796,0.000881783992254161,consensus_significant,downregulated
AT2G12190,96.3509742774466,2.29149325219688e-08,16,0.37247994484788,0.324850966221596,0.909369536764241,3,0,3,0.75,9.00990843047503e-08,0.659016931716148,0.188798921412474,3.49057572355711,0.000481981003575191,0.288977845427691,1.02905601800461,43.4227691268247,0.197751379586009,16,0.0566305108346806,0.0150463913294195,consensus_significant,upregulated
AT5G28262,96.3439273317631,2.29713017125608e-08,16,0.313537737584195,0.405736994015862,0.915508656594258,3,0,3,0.8125,9.03001992110594e-08,0.540248845384834,0.106046247951753,5.09446449845756,3.49728359181812e-07,0.332402018703793,0.748095672065874,28.7693132740968,0.0441435846837858,16,0.0548000372715104,5.33262838151141e-05,consensus_significant,upregulated
AT5G63595,99.6485097530267,2.30499218149034e-08,17,0.293903606450643,-0.144807630493898,1.63499901541209,1,4,5,0.764705882352941,9.05886712187872e-08,-0.256559473939629,0.0750026549880401,-3.42067189462213,0.000624666453786875,-0.403561976461071,-0.109556971418187,50.4655596697207,0.0350539040322107,17,9.07270677610473e-05,0.0183211951883992,consensus_significant,upregulated
AT3G55605,102.816014231955,2.3926803724509e-08,18,0.17749942966983,0.167763223096846,0.22625252038062,2,0,2,0.777777777777778,9.39353282984676e-08,0.144304360667601,0.0474387678163909,3.04190785954059,0.00235083842991559,0.0513260842765168,0.237282637058685,51.2840289898983,0.0170504300571994,18,0.00715801787106589,0.0453760792774332,consensus_significant,upregulated
AT1G62400,102.768552231821,2.43149631350246e-08,18,-0.713479757011409,-0.595814009863172,0.970731697371857,0,4,4,0.777777777777778,9.54303464663424e-08,-0.535056919032921,0.143523280911273,-3.72801482543935,0.000192994027331814,-0.81635738056204,-0.253756457503802,50.3688044347894,0.156428019482464,18,0.00428719888654233,0.00770254008775681,consensus_significant,downregulated
AT2G21430,102.741791210809,2.45365562987294e-08,18,0.481641193853629,0.387642216164191,0.490691162206671,2,0,2,0.944444444444444,9.62709259495278e-08,0.329220841839941,0.051422025124396,6.40233131704783,1.53022151141205e-10,0.228435524584011,0.430006159095871,11.5209627304249,0.00513651684092066,18,0.337675228937849,7.56133456172405e-08,consensus_significant,upregulated
AT2G04850,102.653007317007,2.52860968758846e-08,18,-0.211315455986398,-0.252192171962435,0.421350779253688,0,4,4,0.833333333333333,9.9159328595035e-08,-0.242237340709435,0.0561678219117013,-4.31274228668229,1.61242029230469e-05,-0.352324248746429,-0.13215043267244,36.138438749818,0.0181369722150845,18,0.0112191420376243,0.00115959533348279,consensus_significant,downregulated
AT2G43470,102.608060999678,2.56741171267169e-08,18,0.639316731966546,0.760110789435263,0.851609415055504,3,0,3,0.888888888888889,1.00642926963273e-07,0.833075732241395,0.179678180054714,4.63648803648677,3.5437869587413e-06,0.480912970526453,1.18523849395634,33.5972511264572,0.158818640788172,18,0.212374894642769,0.000350220652509207,consensus_significant,upregulated
AT3G49170,102.595012164327,2.5787863817545e-08,18,0.239240196041129,0.288801638427288,0.287906601559337,2,0,2,0.833333333333333,1.01081181179247e-07,0.268233456490927,0.0658730190798331,4.07197757500454,4.66156682227753e-05,0.139124711541534,0.39734220144032,40.7942750814579,0.0269909309041033,18,0.0605356068051012,0.00259533310405266,consensus_significant,upregulated
AT3G22310,102.568125371727,2.60238062697737e-08,18,0.232837259277231,0.234962291670341,0.300190091699005,3,0,3,0.722222222222222,1.01959807443763e-07,0.221721886626361,0.0310483335780121,7.14118476179285,9.25298759860756e-13,0.160868271033472,0.28257550221925,7.0575382090445e-05,1.37396704805406e-08,18,0.226425008205214,7.50128138384616e-10,consensus_significant,upregulated
AT1G65486,98.900780312702,2.97945439153314e-08,17,-0.571894947606008,-0.420914475747687,0.904528448337721,0,3,3,0.882352941176471,1.16381923967007e-07,-0.56444159766136,0.148877889751099,-3.79130573791057,0.00014985733930276,-0.856236899667839,-0.272646295654881,45.979069518727,0.136910343703789,17,0.0138308542712931,0.00634710056521176,consensus_significant,downregulated
AT5G35180,102.155429632145,2.99243531481997e-08,18,-0.138342815388589,-0.122210140381359,0.110056638536388,0,4,4,0.944444444444444,1.16880181573202e-07,-0.124528565990857,0.0170916889440562,-7.28591342836034,3.19498100750879e-13,-0.158027660756169,-0.0910294712255454,0,0,18,0.381512890850897,2.90821744901028e-10,consensus_significant,downregulated
AT4G39490,50.6447612715634,3.07169326603183e-08,4,1.64271135672782,1.66644418660392,0.623160273228935,3,0,3,1,1.19921733263365e-07,1.61633166351015,0.267935420740832,6.03254194253619,1.61400433041924e-09,1.09118788867554,2.14147543834477,0.00034487028900407,1.0205162698157e-06,4,0.358292745981554,6.13038058166814e-07,consensus_significant,upregulated
AT1G10990,102.025432615002,3.12685059940906e-08,18,0.311086660750146,0.278997724985546,0.39067309699672,2,0,2,0.777777777777778,1.22010881106631e-07,0.251441795661867,0.0715267985665195,3.51535089925809,0.000439173288467419,0.111251846542037,0.391631744781696,53.1097789237982,0.037741890864284,18,0.00435296733830882,0.0141002889225517,consensus_significant,upregulated
AT5G26880,101.992631945897,3.16169661727257e-08,18,0.128903985237383,0.12629009873779,0.123509910486787,3,0,3,0.777777777777778,1.23352037986216e-07,0.177626419489419,0.0283067202826162,6.27506181274216,3.49495417859392e-10,0.122146267215042,0.233106571763796,12.9964489450544,0.00177048321606214,18,0.465708372652549,1.56144621761677e-07,consensus_significant,upregulated
AT3G51250,101.989098287037,3.16547340808644e-08,18,-0.194688800100246,-0.17122106285482,0.186056512294186,0,3,3,0.777777777777778,1.2349010474526e-07,-0.137309478081133,0.0347569328444751,-3.95056372481264,7.79673346045556e-05,-0.205431814669381,-0.069187141492884,54.7588807458299,0.009294959401961,18,0.0019255684787594,0.00381268349540317,consensus_significant,downregulated
AT5G60480,85.1333072652761,3.31702629050961e-08,13,-0.721603045202871,-0.478987839267477,0.940327478145575,0,3,3,0.785714285714286,1.29266392479156e-07,-0.809759029148629,0.25933561466372,-3.1224366549062,0.00179360698550186,-1.31804749379808,-0.301470564499181,64.6570024739383,0.511215111266345,14,0.0027470290627039,0.0377370254808509,consensus_significant,downregulated
AT3G58930,101.817236139705,3.35463338221155e-08,18,0.133673264213834,0.163647056341585,0.159569661395047,4,0,4,0.833333333333333,1.30692709180424e-07,0.170202245416482,0.0396389514265716,4.2938130119756,1.75630409168253e-05,0.0925113282354689,0.247893162597495,34.5441348652285,0.00802459266504847,18,0.165623614596376,0.00123900353964473,consensus_significant,upregulated
AT5G57980,101.730597696956,3.45417669606404e-08,18,0.3100936186537,0.330834088213177,0.330089331104336,2,0,2,0.777777777777778,1.34479952518506e-07,0.452999354005305,0.0715584214517586,6.33048276939278,2.44395311044631e-10,0.312747425169319,0.59325128284129,14.286363623778,0.0117232585345539,18,0.829678923110443,1.16332168057245e-07,consensus_significant,upregulated
AT4G22390,101.656017590645,3.54219534804889e-08,18,0.168335112522384,0.324657106335021,0.73134199242131,3,0,3,0.777777777777778,1.37844703275913e-07,0.37748102327853,0.0896165941988472,4.21217774066431,2.52920400355072e-05,0.201835726231648,0.553126320325411,38.5243090125978,0.0480192088552001,18,0.0652571001418458,0.00164236821677379,consensus_significant,upregulated
AT1G80560,101.649295876308,3.55023609194344e-08,18,0.0638568412527107,0.090584194860756,0.169930787128907,3,0,3,0.611111111111111,1.38147251018111e-07,0.100175458097971,0.0325651941192286,3.07615111186519,0.00209691543667653,0.036348850474727,0.164002065721214,45.1339490111157,0.00699755009938692,18,0.022598377704254,0.0421038546890577,consensus_significant,upregulated
AT2G29350,77.7734422686595,3.75237769472399e-08,11,2.39140451841176,1.20787234472046,2.23167421576986,2,0,2,1,1.45816228462017e-07,2.3656647166271,0.682774633809859,3.46478120229331,0.000530663027070046,1.02745102480225,3.70387840845195,63.7229960255068,3.19506976052624,11,0.00259711734505261,0.0161483404671568,consensus_significant,upregulated
AT5G66700,101.463641013193,3.77958040255864e-08,18,0.854718980115326,0.382683811953573,1.15309837643881,2,0,2,0.833333333333333,1.4682934316856e-07,0.6926605465408,0.215815840723809,3.20949817315419,0.00132966891587243,0.269669271428902,1.1156518216527,72.812453335927,0.485177292793223,18,0.000105685520001946,0.0309972813525035,consensus_significant,upregulated
AT3G26280,98.0401278577641,3.9992416398583e-08,17,-0.628172275213774,-0.291686756233682,1.20383596842697,0,3,3,0.764705882352941,1.55153715316404e-07,-0.685796260977386,0.166440365266817,-4.12037224190178,3.78260769825794e-05,-1.01201338247404,-0.359579139480733,42.376421278161,0.129247419420285,17,0.0735216713240554,0.00218548794895785,consensus_significant,downregulated
AT2G16980,101.235899974899,4.08094967138536e-08,18,-0.0090254254950751,-0.139927017973386,0.776460783121376,0,3,3,0.666666666666667,1.58217202431143e-07,-0.321376258281083,0.0936886969408244,-3.43025646395819,0.000603011006407145,-0.505002730043587,-0.13774978651858,60.3414674721864,0.0672801959622354,18,0.00262124623121572,0.017878070317959,consensus_significant,downregulated
AT2G14115,101.210859841823,4.11549791301508e-08,18,-0.239405145478462,-0.18267798485608,0.336877886990237,0,4,4,0.888888888888889,1.59520879151154e-07,-0.25297967390884,0.0628498201265599,-4.02514555172024,5.69400857624897e-05,-0.376163057791718,-0.129796290025962,48.3156916209234,0.0315891219597751,18,0.00751746112626288,0.0030122832019753,consensus_significant,downregulated
AT1G78870,100.998545348642,4.42026320999803e-08,18,-0.109425929911542,-0.128529400740527,0.113429372839629,0,2,2,0.833333333333333,1.71142171474903e-07,-0.10734708326544,0.024807509435174,-4.3272011463285,1.51016040452037e-05,-0.155968908304519,-0.0587252582263615,51.6236489337304,0.00468536788764846,18,0.00487385451600016,0.0011004657644401,consensus_significant,downregulated
AT2G04860,100.844276364298,4.65556607123881e-08,18,0.262703626480362,0.326373033298176,0.447681183486187,4,0,4,0.833333333333333,1.80064486670665e-07,0.36164222393534,0.0567902647112533,6.36803201700306,1.91468955640406e-10,0.250335350428788,0.472949097441893,13.0104245512392,0.00684130419945983,18,0.575348197824108,9.19831045782114e-08,consensus_significant,upregulated
AT4G28370,100.681027140904,4.91802175753636e-08,18,-0.140772117243767,-0.129219776747009,0.144387094497578,0,3,3,0.833333333333333,1.90045601398179e-07,-0.170841748174062,0.0323547517829721,-5.28026761942196,1.28995333608123e-07,-0.234255896397421,-0.107427599950704,24.9068488686453,0.00426918614691147,18,0.214792582376588,2.41053394588146e-05,consensus_significant,downregulated
AT1G04410,100.525687094179,5.18128651396138e-08,18,-0.129276293639889,-0.154876992210051,0.144988122740231,0,3,3,0.777777777777778,1.99995501532879e-07,-0.143070645935595,0.029676872134123,-4.8209476149978,1.42877876826983e-06,-0.201236246492276,-0.0849050453789136,29.6187893951908,0.00402702065016665,18,0.137006938685827,0.000170024673424109,consensus_significant,downregulated
AT1G05785,100.477385409911,5.26594353565481e-08,18,-0.106986759151475,-0.140242404472169,0.25026207387459,0,3,3,0.722222222222222,2.03172565747859e-07,-0.18469462611655,0.0441119129957945,-4.18695571271548,2.82720964539812e-05,-0.271152386877471,-0.0982368653556284,36.6414923965995,0.0114732433341832,18,0.0375613356135693,0.00177802357868892,consensus_significant,downregulated
AT5G18290,100.40349197596,5.39810052234712e-08,18,-0.345563445937868,-0.276573345395404,0.245664994081645,0,3,3,0.944444444444444,2.08178641113344e-07,-0.288792324551511,0.051948936158096,-5.55915762495368,2.71079798973172e-08,-0.39061036845655,-0.186974280646472,30.1699950556034,0.0127674721341072,18,0.196922959406245,6.72952358369573e-06,consensus_significant,downregulated
AT1G23205,100.391689753105,5.41950929392187e-08,18,-0.24411630612694,-0.284753839016458,0.35623866893363,0,3,3,0.833333333333333,2.08957693978039e-07,-0.286405269197575,0.0583177053521064,-4.91112034447066,9.05574851782135e-07,-0.400705871348723,-0.172104667046428,28.1730640108263,0.0138905841608976,18,0.116089613107848,0.000115726220713952,consensus_significant,downregulated
AT1G09500,93.8517220600192,5.45089382596937e-08,16,1.40586474909996,1.55965847692931,1.41997478946885,3,0,3,0.8125,2.10089737458515e-07,1.18269976041008,0.356751440824887,3.31519266656756,0.000915799812459309,0.483479784960526,1.88191973585963,63.3319795794894,1.13594861718166,16,0.000401197624286585,0.0239855413779095,consensus_significant,upregulated
AT2G22770,100.208301750628,5.76312747482425e-08,18,-0.125003562341754,-0.0903592810957968,0.263453572150815,0,5,5,0.611111111111111,2.21926160462126e-07,-0.222633725842049,0.0644415568551083,-3.45481606446324,0.000550668358508612,-0.348936856385752,-0.0963305952983467,50.7273132063788,0.030608672299002,18,0.0208255577074865,0.0166013231335624,consensus_significant,downregulated
AT1G03860,100.162289370325,5.85265933083224e-08,18,0.181191284533935,0.137669116041834,0.147837328762566,5,0,5,0.944444444444444,2.2527356268876e-07,0.139392402298637,0.0288768007140517,4.82714147176309,1.38506732690407e-06,0.0827949129103552,0.195989891686919,47.9443840148445,0.00613956961054357,18,0.0139012534047795,0.000165964972723074,consensus_significant,upregulated
AT2G21440,100.160870539501,5.85544180586296e-08,18,0.186624307018382,0.135847848469552,0.231655854699782,3,0,3,0.666666666666667,2.25363948955205e-07,0.151725705166698,0.0496545975017665,3.05562249621095,0.00224593837788948,0.0544044823964027,0.249046927936993,77.9890678061626,0.0289041660307731,18,1.51589613771566e-06,0.0440727181537132,consensus_significant,upregulated
AT4G31120,100.110249667127,5.95557249425165e-08,18,0.196652454969445,0.1617500284428,0.211090900509325,5,0,5,0.833333333333333,2.29098849706608e-07,0.165086153177503,0.0468426549307857,3.52426977978582,0.000424651652130266,0.0732762365729257,0.256896069782081,70.2722977597026,0.0231703926907452,18,1.49594729122872e-06,0.0137450748909524,consensus_significant,upregulated
AT1G65120,100.083626416395,6.00891010689364e-08,18,0.247521969526602,0.240809343616157,0.304557231789729,2,0,2,0.777777777777778,2.31116380211862e-07,0.303205836636393,0.0740991520945808,4.09189347064833,4.27865209426258e-05,0.157974167246059,0.448437506026727,35.8598029063528,0.0308408682154722,18,0.109738093844824,0.00242615940173464,consensus_significant,upregulated
AT1G25420,100.014656981074,6.14928506170808e-08,18,-0.0315153575597917,-0.0616537605628388,0.232546254517851,0,2,2,0.833333333333333,2.36322875962763e-07,-0.0964829388142032,0.0301711406178298,-3.19785519667049,0.00138453784416505,-0.155617287797643,-0.0373485898307631,42.0013397312999,0.00579361755024142,18,0.0092291000971822,0.0318278074907663,consensus_significant,downregulated
AT2G25710,100.006658686068,6.16577190529341e-08,18,-0.166092560622471,-0.139356622675278,0.177765002053469,0,6,6,0.888888888888889,2.36938936514611e-07,-0.172527704947472,0.03839061362134,-4.49400748446412,6.98951699795167e-06,-0.247771924989691,-0.0972834849052529,44.5129432790501,0.0112421521332204,18,0.0189281207242686,0.000594498524461844,consensus_significant,downregulated
AT4G02405,99.9940853663617,6.19177735781031e-08,18,-0.165124679809087,-0.177964691561818,0.214658132345868,0,4,4,0.777777777777778,2.37885436855217e-07,-0.194375076192942,0.0468794491920967,-4.14627474389591,3.37928308667528e-05,-0.286257108224527,-0.102493044161357,39.2764856011662,0.013685679570627,18,0.0594545847489198,0.00201123333850711,consensus_significant,downregulated
AT3G43800,99.9380227289656,6.30905404776803e-08,18,-0.161481038419965,-0.117508551439448,0.290063046878191,0,5,5,0.722222222222222,2.42229778172221e-07,-0.177285297607211,0.0475661637283121,-3.72713045810941,0.000193672224432473,-0.270513265397439,-0.0840573298169842,54.8752334604498,0.0180550242531181,18,0.00397027304065004,0.00771773401878221,consensus_significant,downregulated
AT5G20470,93.4238026787818,6.3165450531912e-08,16,-0.416750205181039,-0.485460468454505,0.754180372132941,0,2,2,0.9375,2.42499448779996e-07,-0.625300908660277,0.146190834904369,-4.27729213715292,1.89180466656987e-05,-0.91182967994268,-0.338772137377873,33.1404407678691,0.0918686658543235,16,0.160092907832513,0.00130872524427081,consensus_significant,downregulated
AT5G14770,99.8987829957934,6.39243912012198e-08,18,0.190547780124785,0.202075174439004,0.236016407479992,2,0,2,0.833333333333333,2.45304238649502e-07,0.183214576657394,0.0414958473668406,4.41525088131592,1.00892909676265e-05,0.101884210310415,0.264544943004373,38.9545797267138,0.0088322393505443,18,0.0369399042129444,0.000799154259148693,consensus_significant,upregulated
AT1G48580,99.7761567595111,6.6600868606299e-08,18,0.278795891838361,0.394290767109503,0.431915480990206,5,0,5,0.666666666666667,2.55310708437516e-07,0.338692380149494,0.0907352693039523,3.73275334660566,0.000189398040725424,0.160854520186204,0.516530240112783,55.4630327685786,0.0696639417090317,18,0.00187020348472962,0.00758728100113532,consensus_significant,upregulated
AT1G80400,99.5904130067251,7.0866683323414e-08,18,-0.122984718377836,-0.121161146922454,0.150019149684201,0,2,2,0.777777777777778,2.71302775774029e-07,-0.128995000742966,0.0396889194477483,-3.25015149159685,0.00115343546863817,-0.206783853445864,-0.0512061480400682,48.6273388834136,0.0121729979515996,18,0.00936729096938737,0.0281587284626287,consensus_significant,downregulated
AT4G32420,99.5582500663541,7.16322160049714e-08,18,0.12861664175371,0.104443410983769,0.109810480703835,3,0,3,0.888888888888889,2.74172835020208e-07,0.140269640893632,0.0292665098817662,4.79283800700213,1.64438399091122e-06,0.0829083355721851,0.19763094621508,32.4584744124151,0.00447710067188664,18,0.180386815036314,0.000189173434555294,consensus_significant,upregulated
AT4G26220,99.4351957023395,7.46371029830513e-08,18,0.318019558792309,0.20945279733481,0.502290078874322,3,0,3,0.777777777777778,2.85337380813446e-07,0.258256319451711,0.0641514444851136,4.02572882846994,5.67991148423169e-05,0.132521798704668,0.383990840198754,39.9390166415924,0.0226077146489063,18,0.0315887361428875,0.00301190839716219,consensus_significant,upregulated
AT2G30395,99.3815689158311,7.598517794904e-08,18,-0.300288730440862,-0.404124086021433,0.515741210082432,0,3,3,0.722222222222222,2.90405502263117e-07,-0.316184847135875,0.104957632134029,-3.01249981261119,0.00259105596068534,-0.521898026021175,-0.110471668250575,60.2979664874241,0.0933276803636546,18,0.000450169105064237,0.0483750800518885,consensus_significant,downregulated
AT1G31772,92.8727048443517,7.6336045187618e-08,16,-0.0930965173917312,-0.428787241456522,1.43764526338237,0,2,2,0.625,2.91682034990986e-07,-0.575752899552484,0.18419323792713,-3.12580910152772,0.00177316614918912,-0.936765012085475,-0.214740787019492,47.3948363181184,0.165140561603239,16,0.0141810983733576,0.0375046687666239,consensus_significant,downregulated
AT1G66890,99.3475915846306,7.6851692459073e-08,18,-0.161980537878784,-0.248851852136227,0.30231379164734,0,2,2,0.611111111111111,2.93544281006649e-07,-0.230057002670804,0.0416910720442528,-5.51813593151576,3.4261438279157e-08,-0.311770002354404,-0.148344002987203,13.9284061061537,0.00404482114997489,18,0.142134879868851,8.30663768072795e-06,consensus_significant,downregulated
AT1G56570,99.3240195192188,7.74585588314673e-08,18,0.221614182704602,0.109486385920479,0.297322665902062,4,0,4,0.777777777777778,2.95753451181637e-07,0.249578870580324,0.0695261922826288,3.58971004144408,0.000331045994376616,0.113310037724165,0.385847703436483,51.5755080791197,0.0362424523381723,18,0.00944256453912558,0.0115448783741834,consensus_significant,upregulated
AT1G14300,99.311477142449,7.77833867767741e-08,18,0.165443147863015,0.142412522803614,0.17071411660327,4,1,5,0.777777777777778,2.96928181604983e-07,0.143825045417504,0.044691918629459,3.21814434976396,0.00129022867465117,0.05623049450377,0.231419596331239,65.9534388461978,0.0207509751689255,18,1.63989467306387e-06,0.0304308714353058,consensus_significant,upregulated
AT5G40670,99.2473824054026,7.94644159109201e-08,18,-0.187049410032817,-0.142565211239392,0.184067310632101,0,3,3,0.833333333333333,3.03122346772943e-07,-0.15770801068046,0.0415697446262276,-3.79381716434595,0.000148348927733991,-0.239183212994394,-0.0762328083665266,64.0603002502629,0.0170669956914962,18,0.000136812714928319,0.00630003599936161,consensus_significant,downregulated
AT1G77030,99.1982582406093,8.07769976443626e-08,18,0.200999444831297,0.185318650349658,0.222625700414304,4,0,4,0.777777777777778,3.07970833375454e-07,0.164498521286372,0.0459069208527925,3.58330548489325,0.000339273434562418,0.0745226097737677,0.254474432798976,60.9216208954333,0.0188540177495464,18,0.00598037501404093,0.0117509097989563,consensus_significant,upregulated
AT2G16650,99.1932115271934,8.09130484436806e-08,18,0.2234613396736,0.208002692291086,0.170093869807757,5,0,5,0.888888888888889,3.08466881686166e-07,0.177675722081228,0.030625260898585,5.80160680653786,6.56824375927345e-09,0.117651313702859,0.237700130459598,20.2084780084474,0.0029614102897172,18,0.261578459442834,2.01648969944464e-06,consensus_significant,upregulated
ATCG00700,99.0808269248432,8.40019353710019e-08,18,0.426590729807369,0.290024236537679,0.600032602609268,3,0,3,0.777777777777778,3.19984179647e-07,0.448332034057183,0.144788377819807,3.09646423841522,0.00195843483393381,0.164552028150384,0.732112039963982,66.7996506918983,0.200698046381486,18,0.000141474936028755,0.0401943959350562,consensus_significant,upregulated
AT3G60450,99.0699044530343,8.43082636188308e-08,18,-0.059549456573094,-0.178190831722578,0.26978423174307,0,4,4,0.722222222222222,3.21127490832301e-07,-0.161406839970551,0.0320844444843179,-5.03068831531252,4.8872209371047e-07,-0.224291195623789,-0.0985224843173134,23.436739170094,0.0037060113801337,18,0.0683443624657739,7.07887497806876e-05,consensus_significant,downregulated
AT5G08490,99.0478074466854,8.49313595484264e-08,18,0.23400097672115,0.234765359498534,0.49436089174827,2,0,2,0.888888888888889,3.23477103685542e-07,0.293234932996288,0.0872777975821796,3.35978841262787,0.000780021868648469,0.122173593085239,0.464296272907337,55.2153294234666,0.051518244612803,18,0.00239242771621491,0.0214179526101081,consensus_significant,upregulated
AT3G04120,98.8905689016649,8.94981594572591e-08,18,-0.119721239634812,-0.15773128298142,0.180735022119432,0,3,3,0.722222222222222,3.40171656828356e-07,-0.136206494997576,0.0441797446133374,-3.08300774913165,0.00204919818809967,-0.222797203285895,-0.0496157867092576,64.0237214243425,0.0183611950377154,18,0.000179915353987846,0.0414182309276834,consensus_significant,downregulated
AT5G24105,98.8864360989615,8.96213988057037e-08,18,-0.646567280610567,-0.414163760241808,1.53050337868724,0,2,2,0.833333333333333,3.40615130302785e-07,-0.270328447526622,0.0680285768775254,-3.97374838537789,7.0750303404874e-05,-0.403662008126086,-0.136994886927158,15.3777069299971,0.0113058442802349,18,0.000112229923538469,0.00356735543426481,consensus_significant,downregulated
AT5G09830,98.7940118553404,9.24215736673364e-08,18,-0.119745199864284,-0.146771045534393,0.224516684123723,0,3,3,0.722222222222222,3.51051821934165e-07,-0.151958711488763,0.0365732797045813,-4.15491070847901,3.25414598364412e-05,-0.223641022506252,-0.0802764004712737,41.6874241896807,0.00855878508479046,18,0.0188885089528506,0.00195692481707247,consensus_significant,downregulated
AT5G62420,92.0817205873408,1.00093990772634e-07,16,-0.632193011225125,-0.5108500286613,1.37287806359306,0,3,3,0.75,3.79333933193901e-07,-0.884470737569383,0.118525374743025,-7.46229015927604,8.50313711278644e-14,-1.11677620331983,-0.65216527181894,2.60030699372885e-05,6.71264492873702e-08,16,0.610655224923179,8.82353531919623e-11,consensus_significant,downregulated
AT5G40480,98.5387596356486,1.00610537106475e-07,18,0.165578413784521,0.117555111431881,0.20230282614076,3,0,3,0.833333333333333,3.81235853571087e-07,0.13802025846811,0.0396357713458774,3.4822145193969,0.000497285143924009,0.0603355741307256,0.215704942805494,57.8494407290526,0.0136137969029354,18,0.00457453433768976,0.0153944763767024,consensus_significant,upregulated
AT3G02210,98.4274857862844,1.04400375599671e-07,18,0.235023105760659,0.192592745427628,0.411451206648193,3,0,3,0.777777777777778,3.95336633153255e-07,0.245227518522321,0.0723000607820411,3.39180238397855,0.000694344994762196,0.103522003309463,0.386933033735178,40.6970526362535,0.0325267947761247,18,0.0291747206417013,0.0196860085837387,consensus_significant,upregulated
AT2G39435,98.4190959514519,1.04691757817064e-07,18,-0.249215282724387,-0.266588969828842,0.296838078451972,0,4,4,0.777777777777778,3.96382179928761e-07,-0.328262923646479,0.0555466895923259,-5.9096757350564,3.42781817746562e-09,-0.437132434707863,-0.219393412585094,17.3162842443228,0.00864030393282342,18,0.285672670721476,1.12562606531409e-06,consensus_significant,downregulated
AT3G57590,98.2810673449365,1.09602175125303e-07,18,0.205606238683151,0.213626528018291,0.224813556090476,2,1,3,0.777777777777778,4.14459926497512e-07,0.177079827586361,0.0581074351237901,3.04745558307842,0.00230787630936869,0.0631913475097349,0.290968307662988,66.8737379239413,0.0366649877945351,18,1.41667873659533e-06,0.0448244195391152,consensus_significant,upregulated
AT1G29410,98.2790653161359,1.09675041832215e-07,18,0.192251281495343,0.198355379718422,0.52298183346448,2,0,2,0.833333333333333,4.14705256165947e-07,0.225442042118599,0.0697404559725553,3.23258629406318,0.00122675078307662,0.0887532601469895,0.362130824090209,45.975615060763,0.031235391884512,18,0.0248033321520782,0.0294397491346658,consensus_significant,upregulated
AT5G64060,98.1263300195199,1.15377059976771e-07,18,0.38327556945216,0.334643918984036,0.668064973054774,4,0,4,0.944444444444444,4.3582130930527e-07,0.430660001528942,0.099670946450167,4.32081781970698,1.55451979973349e-05,0.235308536181595,0.62601146687629,53.7935623321379,0.0758291181439797,18,0.0117492753986315,0.00112489128716001,consensus_significant,upregulated
AT3G49620,98.0697051071139,1.17564394792114e-07,18,0.684153545867999,0.595364349817042,0.97034002870604,3,0,3,0.777777777777778,4.43857543762676e-07,0.735575638288585,0.244872219595956,3.00391624457155,0.0026652868638062,0.255634907066128,1.21551636951104,64.8970264037188,0.558031143437296,18,0.000168295977987094,0.0491770069849647,consensus_significant,upregulated
AT3G51642,67.4823908869175,1.1992795521574e-07,9,-0.631941636363469,-0.627739673963416,0.439291407207358,0,2,2,0.888888888888889,4.52616405152132e-07,-0.572622394211645,0.0949296733031528,-6.0320695762115,1.61873051362373e-09,-0.758681134949978,-0.386563653473312,9.081446857972,0.00761414368351475,9,0.635960971044354,6.13038058166814e-07,consensus_significant,downregulated
AT5G11580,97.943779810867,1.22576176396634e-07,18,0.177960268904918,0.163382437698583,0.155884572214741,4,0,4,0.833333333333333,4.62308417350605e-07,0.193363180535768,0.0394031951496566,4.9072969793784,9.2340158828906e-07,0.116134337166637,0.270592023904898,41.5517278264549,0.0089091628612956,18,0.108823041769665,0.000117425901977426,consensus_significant,upregulated
AT1G65150,94.6799727601274,1.24802411296226e-07,17,0.364075248607276,0.261454488544874,0.621841400113755,2,0,2,0.764705882352941,4.70533920433347e-07,0.302612602019055,0.0958552702220653,3.15697406431592,0.00159415524660582,0.114739724655452,0.490485479382658,47.9068791575129,0.0578652767741447,17,0.0115145941588291,0.0347802546842904,consensus_significant,upregulated
AT5G05370,97.8675225802142,1.25712880192082e-07,18,-0.141471078110128,-0.0903503467250502,0.268600087445194,0,2,2,0.833333333333333,4.73932170759735e-07,-0.17988176188777,0.0511643309150523,-3.51576496107074,0.000438488982255346,-0.280162007774361,-0.0796015160011777,53.5633906977406,0.0214700509583228,18,0.00362642224167239,0.0140870355141402,consensus_significant,downregulated
AT1G71696,97.8428257128718,1.26745589304608e-07,18,0.116400778563321,0.150485708085653,0.180560051392529,2,0,2,0.722222222222222,4.77721338453046e-07,0.172473938737586,0.0426004497797749,4.04864126151715,5.15158370886696e-05,0.0889785914440199,0.255969286031152,35.8472912398768,0.0103435362795958,18,0.0779482441167837,0.00279879339424977,consensus_significant,upregulated
AT2G47540,91.3854079976983,1.26949635255871e-07,16,-0.0712926170484479,-0.360669458534447,1.49458484177866,0,5,5,0.75,4.78455669117344e-07,-0.427919400383809,0.0656023547834209,-6.52292744363428,6.89482213169852e-11,-0.556497653060332,-0.299341147707285,0.721426348520374,0.000571577700069784,16,0.114788050167955,3.57730951481046e-08,consensus_significant,downregulated
AT4G27670,91.3715123846393,1.27552160959068e-07,16,1.59989927919168,1.3545570539556,1.99965096354848,2,0,2,0.5625,4.80621802376695e-07,1.5521072354604,0.488480697499079,3.17741774323298,0.00148592834350026,0.594702661219196,2.5095118097016,59.2292699135986,2.05461462573655,16,0.000998676519806885,0.0332956653195425,consensus_significant,upregulated
AT5G48850,97.7615405582358,1.3020391918176e-07,18,0.428694978327433,0.375972485291416,0.551907167007036,4,0,4,0.888888888888889,4.90283798450056e-07,0.528529995786546,0.118470920139004,4.46126353341741,8.14778188769826e-06,0.296331259098777,0.760728732474315,38.1759928490937,0.0800543787413408,18,0.0980938616361114,0.000672081900574462,consensus_significant,upregulated
AT2G42490,97.7219025134734,1.31923890996741e-07,18,-0.124130213810417,-0.166015924758366,0.154687910780964,0,3,3,0.722222222222222,4.96625942309556e-07,-0.105815600673124,0.0351778861692396,-3.0080147557488,0.00262960369780995,-0.174762990617084,-0.036868210729165,55.4932987235787,0.0101295250706838,18,0.004459954430884,0.0488199722524187,consensus_significant,downregulated
AT1G34200,97.708027050639,1.32531246205762e-07,18,-0.144224239326623,-0.0982110905802991,0.162329969916388,0,2,2,0.833333333333333,4.98839960064199e-07,-0.137735052776471,0.0448076851526739,-3.07391583178564,0.00211269028503726,-0.225556501906322,-0.0499136036466199,47.1570332466726,0.0141726613687612,18,0.0137763283197758,0.0422570635115163,consensus_significant,downregulated
AT1G09660,97.5642833481559,1.3898747757514e-07,18,0.125044939509464,0.136555598128752,0.19922131982525,4,0,4,0.722222222222222,5.22648099813603e-07,0.11637593394097,0.0384850593050388,3.02392502551589,0.00249518266319663,0.0409466037602059,0.191805264121734,66.5519313875402,0.0137320494045644,18,7.49797593508763e-05,0.0470681304656012,consensus_significant,upregulated
AT3G22450,97.5326722959348,1.40448302030602e-07,18,0.46685589123809,0.49835763774726,0.444772199697583,4,0,4,0.833333333333333,5.28026608018129e-07,0.391187657489305,0.100424789481877,3.89532962436431,9.80652749181993e-05,0.19435868694981,0.588016628028801,61.3579426567764,0.101814907869162,18,0.000573050957808585,0.00457555640634519,consensus_significant,upregulated
AT2G37250,97.5222014312251,1.40935512111942e-07,18,0.11573271719405,0.0742687040644297,0.210280467662699,3,0,3,0.722222222222222,5.29666474592463e-07,0.113497774792837,0.026820610943276,4.23173711564135,2.31893351644286e-05,0.0609303433006557,0.166065206285019,26.8357160292846,0.00277028596282706,18,0.0362698192021267,0.00154053196628837,consensus_significant,upregulated
AT5G38100,97.4523140119916,1.44230275682689e-07,18,-0.286171886538404,-0.288869364615987,0.801463477638638,0,5,5,0.666666666666667,5.41774302540873e-07,-0.383424884398045,0.0703460991854878,-5.45054933873496,5.02144689904815e-08,-0.521300705254483,-0.245549063541606,15.7065490565932,0.0125060714888546,18,0.181184767611863,1.16309263799203e-05,consensus_significant,downregulated
AT4G19200,97.3925734528434,1.47106720424276e-07,18,-0.0472797031194484,-0.11411790481695,0.260621665413666,0,4,4,0.722222222222222,5.52259377702739e-07,-0.128374937727914,0.0366030636894305,-3.50721837978232,0.000452817372322951,-0.200115624283023,-0.0566342511728039,35.1537456203707,0.00650072869273068,18,0.0250284015246495,0.0143660006737584,consensus_significant,downregulated
AT1G11630,97.3183606972697,1.50758758410967e-07,18,0.0963542769843272,0.09940739412466,0.194686147820013,2,0,2,0.722222222222222,5.65642327787724e-07,0.14121646837106,0.0411499624611017,3.4317520582078,0.000599695556179398,0.0605640239821251,0.221868912759994,47.3315683263641,0.0121374795431277,18,0.015367825300065,0.0178103058024109,consensus_significant,upregulated
AT3G25013,77.4606390992451,1.53637763665606e-07,12,0.381122560907267,0.333686803535915,0.29276785125988,2,0,2,0.916666666666667,5.7627763041184e-07,0.34917294870095,0.068494137293285,5.09785161912218,3.43529917859136e-07,0.214926906453969,0.48341899094793,29.8354626748854,0.0149175288377837,12,0.154912592263873,5.25773045964703e-05,consensus_significant,upregulated
AT3G14070,97.2255414329258,1.55452290138957e-07,18,0.322497719256369,0.245282493736007,0.422593370428856,4,0,4,0.944444444444444,5.82957320122979e-07,0.307593639319614,0.0729960071418892,4.21384198072253,2.51062970921503e-05,0.164524094306283,0.450663184332945,57.1701314058858,0.0458180433876442,18,0.00392084469717575,0.0016364511536798,consensus_significant,upregulated
AT2G34470,97.2245142881497,1.55505025748703e-07,18,0.164373471882183,0.111540568662551,0.276067519800553,2,0,2,0.888888888888889,5.83112950031315e-07,0.109950442322799,0.0242725162466503,4.52983288611342,5.90303588626631e-06,0.0623771846652007,0.157523699980396,24.0462927416151,0.00222446444510325,18,0.00641408096759283,0.00052175998964743,consensus_significant,upregulated
AT1G03935,97.2212313769715,1.55673694943099e-07,18,-0.191321764664533,-0.193630028670013,0.532927694481757,0,2,2,0.666666666666667,5.83703253954758e-07,-0.37615176357289,0.11767327198816,-3.19657775480856,0.00139068338953842,-0.606787138612671,-0.14551638853311,47.1026011922623,0.0998980493952243,18,0.0141330088094671,0.0319000231678515,consensus_significant,downregulated
6135,46.9645573976675,1.55742586506602e-07,4,-0.211970657639827,-0.308384265749861,0.230852663263154,0,1,1,0.75,5.83919380356798e-07,-0.322166448972409,0.055582425721502,-5.79619267763946,6.78373219026191e-09,-0.431106001559926,-0.213226896384892,0.0448302183586089,6.83935005292784e-06,4,0.251138124233089,2.07039506446793e-06,consensus_significant,downregulated
AT5G37340,97.1945182123458,1.57052875286733e-07,18,0.26574169518271,0.195479238373039,0.239278128953524,2,0,2,0.944444444444444,5.88746932485136e-07,0.226774328914513,0.0433088673392878,5.23621010768835,1.63907356725651e-07,0.141890508718285,0.31165814911074,34.1597565027696,0.00995016658585141,18,0.0579164910593091,2.92239494720057e-05,consensus_significant,upregulated
AT3G10980,97.1552529587586,1.59101975591028e-07,18,-0.113160330784784,-0.117524316610222,0.125601635135408,0,2,2,0.888888888888889,5.96213114451261e-07,-0.116841643585685,0.0311788044743737,-3.74747029449825,0.000178626983296663,-0.177950977436473,-0.0557323097348959,51.5841019859822,0.00723712305576663,18,0.00557447309733665,0.00725186416382164,consensus_significant,downregulated
AT4G30840,97.0281876233078,1.65915112530461e-07,18,0.197307701437928,0.17842364247293,0.258141531938835,3,0,3,0.722222222222222,6.21430342458214e-07,0.153692111560993,0.0467909316939283,3.28465593646079,0.00102106977789782,0.0619835706378199,0.245400652484166,54.1167094205362,0.0181890842980655,18,0.00342465777290621,0.0259437729463518,consensus_significant,upregulated
AT5G51710,96.991475043971,1.67936546275744e-07,18,-0.140489929967256,-0.12190304505016,0.213347507691917,0,3,3,0.888888888888889,6.28865417623188e-07,-0.147451829263548,0.0347487091917028,-4.24337573088201,2.20182323527594e-05,-0.215558047788541,-0.0793456107385546,41.3662264592424,0.00738440846460003,18,0.028811664131627,0.00148951412399064,consensus_significant,downregulated
AT1G74810,96.9765687395964,1.68764207153888e-07,18,1.31619300549641,1.25162271994207,1.14647706948977,3,0,3,0.888888888888889,6.3182796764726e-07,1.05923146253928,0.249620734854299,4.24336328934189,2.20194536485394e-05,0.569983812430429,1.54847911264813,54.6646545261026,0.524811372403223,18,0.00216528714059017,0.00148951412399064,consensus_significant,upregulated
AT1G73730,96.9599376893281,1.69692373551129e-07,18,-0.193721443528148,-0.200090023337068,0.140072907708435,0,5,5,0.944444444444444,6.35165431968638e-07,-0.181357297083136,0.0257044444895038,-7.05548401005874,1.72000962033788e-12,-0.231737082525173,-0.1309775116411,0,0,18,0.429845742939065,1.27487113059444e-09,consensus_significant,downregulated
AT1G18070,96.868110520676,1.74908381802123e-07,18,0.097117807070395,0.111502580187448,0.108038689431354,3,0,3,0.777777777777778,6.54028812961959e-07,0.0864900845364406,0.0218308618459774,3.96182638810374,7.43786173733277e-05,0.0437023815668552,0.129277787506026,39.8022659464725,0.00277597962624413,18,0.0648764246581689,0.00370351265239706,consensus_significant,upregulated
AT2G39410,96.8154609962146,1.77969866095988e-07,18,-0.0829809107034431,-0.262720214859332,0.624014410977761,0,3,3,0.666666666666667,6.65141068643183e-07,-0.415991772550743,0.0788697318431299,-5.27441596198325,1.33179528347818e-07,-0.570573606433609,-0.261409938667876,19.7904754392587,0.0192949068674189,18,0.299502941280999,2.45031441446744e-05,consensus_significant,downregulated
AT2G44065,96.7660681250046,1.80889911289369e-07,18,0.159204189565867,0.157907628046724,0.129468974603561,3,0,3,0.888888888888889,6.75713781907984e-07,0.15359847877776,0.0257545058370321,5.96394587221718,2.4621833119881e-09,0.103120574897551,0.20407638265797,17.2357765698828,0.0019788040311875,18,0.200959609037837,8.79726449424706e-07,consensus_significant,upregulated
AT1G03700,93.4783976632272,1.86643251503788e-07,17,-0.345617356586391,-0.533218921599956,0.805482105528351,0,3,3,0.764705882352941,6.96754038430417e-07,-0.637504023780291,0.11752332768718,-5.42448921695939,5.81204984785638e-08,-0.867845513390463,-0.40716253417012,19.1084467471831,0.0389481177326254,17,0.345124925614571,1.29979480304388e-05,consensus_significant,downregulated
AT2G35630,96.6674420605018,1.86862383275121e-07,18,0.146369440549346,0.0887944042817762,0.182303137278118,4,0,4,0.833333333333333,6.97521904082428e-07,0.12567525959459,0.0329773211575238,3.81096023519536,0.000138428035461353,0.0610408978192325,0.190309621369947,57.3239934479184,0.00992566726275449,18,0.00318433277455573,0.00597024122350526,consensus_significant,upregulated
AT3G29350,96.6472525620712,1.88108717132974e-07,18,-0.234146304818227,-0.177505622992098,0.239309465689874,0,3,3,0.833333333333333,7.01770451978038e-07,-0.184808740597285,0.0513876679344955,-3.59636364181505,0.000322696615584931,-0.2855267189984,-0.0840907621961696,65.8196770073969,0.0258796511491568,18,0.000211232041113801,0.0113280048734835,consensus_significant,downregulated
AT5G52790,96.6346303981838,1.88892059214159e-07,18,-0.173431910168941,-0.371924037369551,0.636830250430405,0,3,3,0.611111111111111,7.04591545585313e-07,-0.382755541271383,0.112171452886286,-3.41223663795639,0.000644321533873389,-0.602607549022035,-0.162903533520732,52.7053472088934,0.0923258423861259,18,0.00218464980154891,0.0186655379472289,consensus_significant,downregulated
AT2G21550,96.6314539398346,1.8908969807418e-07,18,0.0552339978737842,-0.176573948886641,0.772494673437184,0,2,2,0.666666666666667,7.05227394348089e-07,-0.231953330625865,0.0771150197336928,-3.00788784632212,0.00263070203434497,-0.383095991970999,-0.0808106692807318,48.78512784126,0.0417174538285279,18,0.00179241281165712,0.0488199722524187,consensus_significant,upregulated
AT1G12580,96.6189837847013,1.89867559737656e-07,18,-0.181099272858135,-0.176046053081773,0.200176880729688,1,2,3,0.944444444444444,7.08026743637309e-07,-0.152036265066614,0.0444698072687735,-3.41886494240269,0.000628829299610134,-0.239195485712848,-0.0648770444203804,65.0026325829925,0.019781958866361,18,0.000398438619350436,0.0183970956454963,consensus_significant,downregulated
AT5G61120,76.8708227705833,1.90225636620054e-07,12,0.99330714230785,0.501133347994185,1.30545765748886,3,0,3,0.75,7.0931106877056e-07,1.28454996722184,0.327429577069964,3.92313357491025,8.74046592691573e-05,0.642799788691527,1.92630014575215,40.1810695009643,0.454055868501338,12,0.0794421600817661,0.00418209004416422,consensus_significant,upregulated
AT5G03520,96.5990281646333,1.91118907052764e-07,18,-0.106356021682103,-0.130527616752624,0.22641626141346,1,3,4,0.833333333333333,7.12539501109511e-07,-0.121910494574146,0.0285489798789054,-4.27022244196631,1.9527810569971e-05,-0.17786546693216,-0.0659555222161332,35.1563015902553,0.00424999149582229,18,0.0108204781179309,0.0013437412780005,consensus_significant,downregulated
AT1G22050,96.5850177688494,1.92002297092442e-07,18,-0.184777658375454,-0.185950697417875,0.2871657558069,0,3,3,0.722222222222222,7.156787720048e-07,-0.178347557768732,0.0588044205284107,-3.03289372067811,0.00242220890894799,-0.293602104136164,-0.0630930114012989,64.7232982004378,0.0362191845448785,18,0.000375976105448568,0.0462409591432141,consensus_significant,downregulated
AT5G24280,96.5308994300737,1.95452498640334e-07,18,0.151213969077999,0.215597480200713,0.548750390693086,4,0,4,0.722222222222222,7.28120882280502e-07,0.249757808333587,0.0676231133769047,3.69337931753504,0.000221293554124493,0.117218941592385,0.382296675074789,39.8583854332886,0.0257143270937612,18,0.0174482476992494,0.00853599017671664,consensus_significant,upregulated
AT4G09580,96.5175084081506,1.96315590332867e-07,18,-0.15164960729268,-0.181513796095154,0.128406670255402,0,3,3,0.888888888888889,7.31073793059205e-07,-0.129780821245867,0.0335964668418442,-3.86293064258249,0.000112034824385006,-0.195628686263675,-0.0639329562280579,55.1379773870842,0.00944067421769954,18,0.00333671479306255,0.00504863699809022,consensus_significant,downregulated
AT4G39690,96.4900872172714,1.98094691825678e-07,18,0.134508983663072,0.133101928922777,0.145688767623696,4,0,4,0.833333333333333,7.37434557484185e-07,0.118936521815852,0.0347526079445243,3.42237687616741,0.000620762050555051,0.0508226618757438,0.18705038175596,63.5074673923644,0.0117806505892465,18,0.000939960337839955,0.0182376094173263,consensus_significant,upregulated
AT2G01130,96.4692899136148,1.99454605690554e-07,18,0.133452450905316,0.109651609454884,0.275089869296397,5,0,5,0.777777777777778,7.42390525670212e-07,0.131512816131216,0.0311130617378953,4.22693263810278,2.36898548854248e-05,0.0705323356761704,0.192493296586262,29.1664269749699,0.00417959819075529,18,0.0396134733699417,0.00156377154055392,consensus_significant,upregulated
AT1G26762,76.6935580912705,2.02814963446252e-07,12,-0.583474756566763,-0.757865717335153,0.858500255739846,0,3,3,0.833333333333333,7.54735743731552e-07,-0.703720125458937,0.204138347057719,-3.44727061623539,0.000566281051485846,-1.1038239335556,-0.30361631736227,44.0887877061437,0.168841371158214,12,0.147335834658853,0.016973383059094,consensus_significant,downregulated
AT3G56600,96.2370693388378,2.15277589439657e-07,18,0.784265746227916,0.687743798036673,0.863783835849714,3,0,3,0.777777777777778,7.99851254170494e-07,0.719793047074686,0.204077977694443,3.5270490976366,0.0004202188324132,0.31980756075581,1.11977853339356,58.6425849741314,0.330190314093308,18,0.00502810102396684,0.013626646188079,consensus_significant,upregulated
AT1G36380,96.1173931992066,2.23908049051697e-07,18,-0.130834926594725,-0.134221754246884,0.27184136926347,0,4,4,0.722222222222222,8.31262636182557e-07,-0.163138110101925,0.0471515629446614,-3.45986643737323,0.000540443382164288,-0.255553475288235,-0.0707227449156157,55.009003830241,0.0193260541449011,18,0.00176340853478464,0.0163882901462373,consensus_significant,downregulated
AT3G05050,96.0942742325983,2.25614092555025e-07,18,-0.0873184712708515,-0.097069960612736,0.236360503379604,0,4,4,0.666666666666667,8.37416650053518e-07,-0.136927336775768,0.0269097147961297,-5.08839791923256,3.61101067043663e-07,-0.189669408610427,-0.0841852649411092,12.7275306607006,0.00147010934928772,18,0.0427801455951152,5.47817770833141e-05,consensus_significant,downregulated
AT2G45460,96.0374195038756,2.29864238264159e-07,18,0.177360072615332,0.141195275173815,0.211594446202614,2,0,2,0.833333333333333,8.52765105800438e-07,0.157697050795999,0.0353059554003487,4.46658499983382,7.94780925603642e-06,0.0884986497715382,0.22689545182046,33.3784544870163,0.00645643170713752,18,0.0359978195192526,0.000656630788917506,consensus_significant,upregulated
AT1G16830,96.0122540779494,2.31770530464932e-07,18,0.247641162549833,0.26338724069317,0.266165609718749,3,0,3,0.777777777777778,8.59714286853946e-07,0.231618333895684,0.0650923244494277,3.5583048516824,0.000373255955341362,0.104039722304809,0.359196945486558,48.2025585214892,0.0307408183334608,18,0.0148672009025579,0.0125753324590462,consensus_significant,upregulated
ERCC-00095,41.47476455276,2.33438208878467e-07,3,-0.483271514300825,-0.490915185809143,0.138301626526576,0,2,2,1,8.65698054423828e-07,-0.478323067463672,0.0856009922897065,-5.58782152717159,2.29935770817356e-08,-0.646097929392387,-0.310548205534956,0,0,3,0.472462663741365,5.84803310445477e-06,consensus_significant,downregulated
AT1G07615,95.7990644500647,2.48556424364219e-07,18,0.237127297238143,0.210043702671222,0.274192692828654,3,0,3,0.777777777777778,9.20531395813282e-07,0.201955485656896,0.0582457308468935,3.46730108319462,0.000525712679067571,0.0877959509437711,0.316115020370021,72.898721634678,0.036680575965571,18,9.12881647789158e-05,0.0160541946090299,consensus_significant,upregulated
AT3G11320,95.7890389973544,2.49374581900578e-07,18,-0.0646317490655898,-0.127924651356432,0.224922372778093,0,4,4,0.666666666666667,9.23429664328047e-07,-0.150176986532496,0.0342168386353072,-4.38897900922774,1.13884059730077e-05,-0.217240757922516,-0.0831132151424751,26.8749211859831,0.00489325913491049,18,0.0495598239732657,0.000881783992254161,consensus_significant,downregulated
AT3G03090,95.7641442095517,2.51417674002524e-07,18,0.213206873859426,0.267081913205917,0.190849897350488,3,0,3,0.888888888888889,9.30729579058845e-07,0.226638354736138,0.0635068934216481,3.56872053607462,0.000358728821045498,0.102167130859684,0.351109578612592,51.6551130389528,0.0282093346082251,18,0.0136403490502984,0.0122449250994241,consensus_significant,upregulated
AT1G29179,92.4937532468432,2.5909006974861e-07,17,-0.279653788054697,-0.311804986650147,0.60145501671293,0,2,2,0.764705882352941,9.58653575962257e-07,-0.561425815398209,0.134787310073638,-4.16527205039917,3.1098150710028e-05,-0.825604088715572,-0.297247542080847,34.2816952905953,0.0832777476760934,17,0.249959108674482,0.00189377517774541,consensus_significant,downregulated
AT4G07455,79.3880594366141,2.6040761961892e-07,13,0.100577962761533,0.127147240410309,0.402117319409335,2,0,2,0.692307692307692,9.63185281203078e-07,0.279838459981789,0.0857396613657213,3.26381578285156,0.00109922611786023,0.111791811658315,0.447885108305263,50.360622326682,0.0419852142054513,13,0.0247541466111126,0.0271452869581439,consensus_significant,upregulated
AT4G32450,95.5494506566327,2.69734711240466e-07,18,0.163194489005026,0.138600391664433,0.334885256833536,2,0,2,0.777777777777778,9.96689537810866e-07,0.162553961705733,0.050636592323817,3.2102073667638,0.00132639246756249,0.0633080644512141,0.261799858960251,59.948038719567,0.0211056987661065,18,0.00509240089537614,0.0309575109253316,consensus_significant,upregulated
AT1G12980,75.8438354695106,2.75536280339332e-07,12,0.954503902317479,0.840192580188214,1.16974640026988,3,0,3,0.666666666666667,1.01733004808221e-06,1.1183517501752,0.331372015331754,3.37491308388116,0.000738390072441323,0.468874534640512,1.7678289657099,49.4358367572544,0.542660881969191,12,0.0301691257572166,0.020608192855592,consensus_significant,upregulated
AT4G11845,95.4392299400039,2.79642218739581e-07,18,0.171294640698657,0.229882557254967,0.234406307973133,1,0,1,0.777777777777778,1.03182929011823e-06,0.25241109932155,0.0451546036115437,5.58993057480903,2.27160415907889e-08,0.163909702506742,0.340912496136358,16.992330526551,0.0058050310013096,18,0.438527559896622,5.83464901928955e-06,consensus_significant,upregulated
AT2G44110,92.2114493147572,2.8454736275953e-07,17,-0.244484575224736,-0.247381547107943,0.876552926696059,0,4,4,0.647058823529412,1.04940614471558e-06,-0.335460749107776,0.105050180403176,-3.19333815344533,0.00140638149564129,-0.541355319267436,-0.129566178948116,58.0217114693185,0.0803059923422946,17,0.00225934330016178,0.0321171144620157,consensus_significant,downregulated
AT2G47860,95.2923069632786,2.93407345033683e-07,18,-0.308830786886239,-0.237331692127817,0.322627938086487,0,2,2,0.833333333333333,1.08139004506414e-06,-0.282797392068014,0.0495898159401026,-5.7027312303315,1.17902810274788e-08,-0.379991645310585,-0.185603138825443,25.2344334721804,0.00955767763571955,18,0.228807628029657,3.32460293929191e-06,consensus_significant,downregulated
AT2G45830,95.2906324579499,2.93568008376034e-07,18,-0.144945471794784,-0.213279535350476,0.290482123580993,0,3,3,0.611111111111111,1.0819053612671e-06,-0.194423886052691,0.0602518711388444,-3.22685225168627,0.00125160069762103,-0.312515383485975,-0.0763323886194078,59.9528452291288,0.03098723623229,18,0.00305029075146496,0.0298703084615314,consensus_significant,downregulated
AT1G19290,95.1567097717679,3.06701640297777e-07,18,0.214127516464009,0.177394460472899,0.177976303658094,3,0,3,0.944444444444444,1.12934528791025e-06,0.218305916565736,0.0298030639875743,7.32494875885088,2.38990013990962e-13,0.159892984521147,0.276718848610324,0,0,18,0.756687711885647,2.21424247962626e-10,consensus_significant,upregulated
AT4G18380,95.1461026589869,3.07766229875753e-07,18,-0.140901494720578,-0.164542029005339,0.182953679625336,0,3,3,0.777777777777778,1.13310456811956e-06,-0.161524656830983,0.024611209790735,-6.56305229220343,5.27173495339805e-11,-0.209761741636783,-0.113287572025183,0.0172707268117697,2.13227041718329e-06,18,0.161298039672438,2.7910071053276e-08,consensus_significant,downregulated
AT5G28050,95.1370865579728,3.08673993875055e-07,18,-0.0413109078676307,-0.1236266736887,0.352437325074925,0,3,3,0.777777777777778,1.1362048905042e-06,-0.133243979206145,0.0329177387653421,-4.04778651887331,5.17042709291994e-05,-0.197761561638714,-0.0687263967735766,33.3382408725344,0.0055414640502829,18,0.0272108044608639,0.00280316028515212,consensus_significant,downregulated
AT3G07940,95.1345984676168,3.08924964487808e-07,18,-0.227232558998219,-0.211805837333297,0.249569055414186,0,3,3,0.833333333333333,1.13704805204466e-06,-0.205757909050957,0.0453824900271953,-4.53386116380255,5.79151046051468e-06,-0.294705955033008,-0.116809863068906,48.676808187549,0.0152926030729474,18,0.0121754626544898,0.000517188861847408,consensus_significant,downregulated
AT1G45110,95.0823102315409,3.14245890486306e-07,18,0.186173151772819,0.222958428075159,0.325642850577929,3,0,3,0.777777777777778,1.15614063671438e-06,0.243273984791072,0.0795968467399342,3.05632691186773,0.00224066808083839,0.0872670318978468,0.399280937684298,51.221741588485,0.0515882800972483,18,0.00668977461953602,0.044002582402051,consensus_significant,upregulated
AT3G12270,95.0565265623755,3.16902757564139e-07,18,0.198543174863598,0.205555660328055,0.206737252147597,3,0,3,0.833333333333333,1.16558500604751e-06,0.162232251872407,0.0455746930493008,3.55970037355844,0.000371278158488349,0.0729074948893099,0.251557008855505,56.862538191869,0.0179945602666187,18,0.00527870156409638,0.0125412734212301,consensus_significant,upregulated
AT3G53360,94.9970339828008,3.23117740518405e-07,18,0.140535685845609,0.149619339468841,0.44746658578649,2,0,2,0.777777777777778,1.18777065306649e-06,0.2299779840995,0.0711774865302058,3.23104952577812,0.0012333656722893,0.090472673990212,0.369483294208788,55.8646971782958,0.0374364739602831,18,0.00362347489107505,0.0295569422976963,consensus_significant,upregulated
AT1G49160,94.9512797002686,3.27978941963343e-07,18,-0.188365633583796,-0.23060536526356,0.329065867896576,0,3,3,0.722222222222222,1.20538415711935e-06,-0.239563150000808,0.0703356472241256,-3.40599908375673,0.000659224004331488,-0.377418485389409,-0.101707814612207,44.0583649717996,0.032093482609184,18,0.0364129128863377,0.0189596331711391,consensus_significant,downregulated
AT2G45820,94.8900521878443,3.34596801069526e-07,18,-0.173405235117158,-0.151715002776609,0.265292939871045,0,2,2,0.833333333333333,1.22918378909325e-06,-0.180455478274476,0.0538503039169979,-3.3510577498805,0.000805035120645098,-0.286000134508328,-0.0749108220406242,61.4531103005135,0.0277443258435274,18,0.00149011869843013,0.0219602745528655,consensus_significant,downregulated
AT2G34940,94.8735746480952,3.3640011371309e-07,18,-0.0789910029979864,-0.0942463663397185,0.449596016945253,0,3,3,0.555555555555556,1.235633567008e-06,-0.309709212243063,0.0956785713792935,-3.23697571753344,0.00120803690603257,-0.497235766238723,-0.122182658247403,41.6393132725067,0.0519621400984554,18,0.0826475550696377,0.0291094044957333,consensus_significant,downregulated
AT1G15150,91.6859666896692,3.38656685342366e-07,17,0.561771370962764,0.293646786987414,1.5688971680569,5,0,5,0.588235294117647,1.24330626200425e-06,0.959441910715586,0.297766262105818,3.22213102293847,0.00127240934392846,0.375830761177068,1.5430530602541,58.031816328917,0.774811614229032,17,0.00120665095475011,0.0301190545604343,consensus_significant,upregulated
ATMG00220,68.2470945593591,3.5110828257356e-07,10,-0.560677721139915,-0.614470378217439,0.50251808359596,0,3,3,0.8,1.28810850172124e-06,-0.666622466655281,0.111006467202313,-6.00525792285905,1.91027984990665e-09,-0.88419114442284,-0.449053788887722,9.69432646709964,0.0120157550585677,10,0.568376779573434,7.08970635141834e-07,consensus_significant,downregulated
AT5G08400,94.7380717678183,3.51596695960334e-07,18,0.172307992916533,0.193849518530154,0.29958413602852,3,0,3,0.611111111111111,1.2898091685777e-06,0.266628547004306,0.0655148094487873,4.06974467677767,4.70646883358863e-05,0.138221880030678,0.395035213977933,34.5702897556454,0.0220399304263377,18,0.120490516780749,0.00261166234183864,consensus_significant,upregulated
7422,45.0617831816971,3.58207764162829e-07,4,0.308428353823668,0.281508610837521,0.272678441388371,0,0,0,1,1.31359719973256e-06,0.275312732640719,0.048038290929044,5.7311100648309,9.9775494374771e-09,0.181159412540936,0.369466052740502,0.000510352710152691,6.46214819791418e-08,4,0.356528757463217,2.87597319452257e-06,consensus_significant,upregulated
AT3G24320,94.6597834180599,3.60682326453184e-07,18,0.16565184464867,0.181796563914556,0.332539727915856,3,0,3,0.722222222222222,1.32239145417114e-06,0.212125024116817,0.0557571596888589,3.80444458255291,0.000142122724404059,0.102842999246405,0.321407048987229,42.2436328013894,0.0204381996877114,18,0.0282560092180385,0.00609412845700843,consensus_significant,upregulated
AT1G79770,78.4372191185779,3.6426196620655e-07,13,-0.856784575391298,-0.459873011395047,1.37811644447861,0,3,3,0.615384615384615,1.33504415705714e-06,-0.799056859834763,0.241421908664813,-3.30979431093871,0.000933645535485522,-1.27223510589672,-0.325878613772812,57.7834810740617,0.322016654172912,13,0.00273148526600591,0.0243057024401058,consensus_significant,downregulated
AT3G07140,94.6069994861808,3.66937990255486e-07,18,0.0592512059742093,0.0776543609596731,0.107865073839285,3,0,3,0.722222222222222,1.34437728591345e-06,0.103617840020028,0.0207758812631411,4.98741009864448,6.11940795788961e-07,0.0628978609971914,0.144337819042866,23.6326333790213,0.00157486848424901,18,0.2949619061135,8.51422607709763e-05,consensus_significant,upregulated
AT3G43590,94.5841719154109,3.69676325197622e-07,18,0.101814416461501,0.0857913148012648,0.160889056032259,3,0,3,0.722222222222222,1.35402759026689e-06,0.114090672353388,0.0311582520347691,3.66165188682843,0.000250594220773908,0.0530216205440187,0.175159724162757,47.9383791704873,0.00698405603623241,18,0.0100335674238433,0.00936056915092399,consensus_significant,upregulated
AT1G77320,94.5412057876134,3.74885044760268e-07,18,0.167475778990445,0.132389471134402,0.166236728955926,4,0,4,0.888888888888889,1.37252459848354e-06,0.209266713909711,0.0425699846406004,4.91582779924534,8.84080843315308e-07,0.125831077191711,0.292702350627711,29.033625865189,0.00853066463313865,18,0.247758470908285,0.000114230394372933,consensus_significant,upregulated
AT4G31690,67.8801734765512,4.02541094063167e-07,10,2.56803917992458,2.48962278164828,2.17472136457836,3,0,3,1,1.47159859991353e-06,2.26796245830613,0.441214399942295,5.14027297976391,2.74339606758716e-07,1.40319812495878,3.13272679165348,17.1277153435555,0.323924039691676,10,0.15245746169858,4.43421687136112e-05,consensus_significant,upregulated
AT2G29760,94.3222284060001,4.02573278423425e-07,18,0.1852957492977,0.198690156576637,0.257071490842226,2,0,2,0.722222222222222,1.47161260201818e-06,0.19880868665202,0.0630225289612047,3.15456535827692,0.00160737370937236,0.0752867996734265,0.322330573630614,43.5129637264098,0.0259006318443721,18,0.0278170041535142,0.0349747520016141,consensus_significant,upregulated
AT3G49920,94.1970835068641,4.19289894164888e-07,18,0.157958097518602,0.132583556255862,0.213412595470321,2,0,2,0.833333333333333,1.53121058239881e-06,0.206715221943109,0.054676540163311,3.78069316978873,0.000156392320932638,0.099551172423762,0.313879271462457,46.4325290714577,0.0207340820002282,18,0.0247753988231249,0.00656493461105907,consensus_significant,upregulated
AT2G22750,87.8453769751659,4.19629082631032e-07,16,-0.129607906249577,-0.562339467278553,1.4580453359405,0,4,4,0.625,1.53234144921081e-06,-0.783255547025298,0.189186762038554,-4.14011814878294,3.47126989052911e-05,-1.15405478697261,-0.412456307077982,31.9750309648121,0.147117562424703,16,0.115872722038717,0.00205213774380507,consensus_significant,downregulated
AT1G22710,94.1651889063706,4.2365830453794e-07,18,0.212191459065599,0.256588250329669,0.54452476024141,4,0,4,0.833333333333333,1.54683712021271e-06,0.285999253677139,0.0938313584502264,3.04801356818093,0.00230359526069349,0.102093170494227,0.46990533686005,54.7729162961127,0.0727693446226315,18,0.00276858589687591,0.0447807180613793,consensus_significant,upregulated
AT4G23496,74.6292484077213,4.26025935105749e-07,12,-1.05425976953138,-1.09720158754936,1.02489411936382,0,3,3,0.916666666666667,1.55504410000165e-06,-1.04210621219545,0.14456298230802,-7.20866570098173,5.65027860522467e-13,-1.32544445101687,-0.758767973374031,0,0,12,0.967536002484333,4.805886150057e-10,consensus_significant,downregulated
AT3G54840,93.7656120942572,4.82327266436972e-07,18,-0.0953165193484291,-0.0901184555926472,0.182395930409218,1,3,4,0.833333333333333,1.75647400051539e-06,-0.0998203981688276,0.0311468878261757,-3.20482735629654,0.00135143514922199,-0.160867176538641,-0.0387736197990141,52.3566222599938,0.00798178486099048,18,0.00254457328981632,0.0313866881299166,consensus_significant,downregulated
AT1G75330,93.7390786794343,4.86494225614852e-07,18,0.124061601143595,0.12799164512786,0.142018376085344,2,0,2,0.833333333333333,1.77140008444201e-06,0.120594734929675,0.0292999397783362,4.11586971993849,3.85722146731881e-05,0.0631679082149437,0.178021561644406,50.2315032887032,0.00583671388799417,18,0.0161748489867228,0.00221943252179705,consensus_significant,upregulated
AT1G10230,93.6589507946566,4.99293922609986e-07,18,0.283918422513307,0.189934484499241,0.247659673039878,3,0,3,1,1.81711337755984e-06,0.228995003322411,0.0492033924873041,4.65404907560995,3.25479282316589e-06,0.132558126130107,0.325431880514716,45.4666582489019,0.0177843347860328,18,0.0211848353642754,0.000328544106687041,consensus_significant,upregulated
AT4G19950,93.6244907603554,5.04899852464225e-07,18,-0.225123913774187,-0.239941491976695,0.340415547525674,0,3,3,0.888888888888889,1.83700015722017e-06,-0.270828069752371,0.0405187551549554,-6.68401753007086,2.3247897795267e-11,-0.35024337055448,-0.191412768950261,0.0109285804620376,3.79793654315085e-06,18,0.337509222534765,1.38642980368924e-08,consensus_significant,downregulated
AT5G19040,93.5409013454269,5.18756416862406e-07,18,0.00340952638630083,-0.242185978561695,1.1679578794302,0,2,2,0.666666666666667,1.88609294511914e-06,-0.326596020600119,0.0987277385803042,-3.30804721445603,0.000939489691219244,-0.5200988324926,-0.133093208707637,51.9867646650923,0.0718682274748422,18,0.00176278042525467,0.0243935654064286,consensus_significant,upregulated
AT2G16510,93.4908061145736,5.27239074976638e-07,18,-0.104244289731858,-0.132831432824741,0.151146279443484,0,4,4,0.833333333333333,1.9159946247278e-06,-0.121143787217535,0.0312358646928822,-3.87835548683051,0.000105164968446399,-0.18236495704155,-0.0599226173935196,39.7780314207599,0.00587638324365342,18,0.0531679942767518,0.00480509580777024,consensus_significant,downregulated
AT3G62820,90.3198444834234,5.31272523591181e-07,17,-0.434472516331081,-0.571742856719736,0.574776553201988,0,3,3,0.823529411764706,1.92997656939217e-06,-0.449964584926516,0.148983625885372,-3.02022844626374,0.00252584093556176,-0.741967125948035,-0.157962043904998,64.9583788342032,0.19898901190045,17,0.000310886513880627,0.0474993588621552,consensus_significant,downregulated
AT1G69210,93.4328563162382,5.37221903285668e-07,18,0.275577211046472,0.174277798128595,0.297021360598545,3,0,3,0.888888888888889,1.95131597749524e-06,0.205023605328402,0.062125468753502,3.30015385705794,0.000966318360531662,0.0832599240488699,0.326787286607935,70.2226301840766,0.0401192591770427,18,3.7255206792571e-05,0.0248816187681512,consensus_significant,upregulated
AT1G49530,90.2646478762126,5.40988437875106e-07,17,0.290590384080119,0.320131666708902,0.654026379312905,2,0,2,0.764705882352941,1.9645844468343e-06,0.287227141018577,0.0447590306857084,6.41718859006231,1.38813922022798e-10,0.199501052891666,0.374953229145489,1.21327103110351,0.000470309990000181,17,0.332709051938526,6.92521300983736e-08,consensus_significant,upregulated
ERCC-00162,39.5177182116429,5.66526367705964e-07,3,-0.533519738608729,-0.535369037383567,0.230534018981124,0,1,1,1,2.05502411310506e-06,-0.521612498670306,0.129937600897484,-4.01433068694134,5.96147185072998e-05,-0.776285516666914,-0.266939480673698,42.9559614123215,0.0217672110527015,3,0.171601080557087,0.00311799400708946,consensus_significant,downregulated
AT5G47680,93.1869514367801,5.81690202840846e-07,18,0.160509327264032,0.160188019106945,0.150078279089808,2,0,2,0.888888888888889,2.10914511790155e-06,0.138468609801471,0.0375772187831673,3.6849084175303,0.000228784890106766,0.0648186143472811,0.212118605255661,63.9474723252979,0.0139018654317474,18,0.000357794200590693,0.00875389029373116,consensus_significant,upregulated
AT2G40760,92.9299272631609,6.32034258582599e-07,18,0.116226850823911,0.142547371403377,0.188925469988889,3,0,3,0.611111111111111,2.28737257197514e-06,0.152459881383244,0.0486803895965594,3.13185417468433,0.00173706129989922,0.0570480710206094,0.247871691745879,52.2765212900058,0.0195956298913216,18,0.00966964001410993,0.0369974090656696,consensus_significant,upregulated
AT3G66652,92.7621133441263,6.6718937614886e-07,18,0.225988280873571,0.146215279401775,0.277949095316328,2,0,2,0.777777777777778,2.41191027453521e-06,0.196649734945887,0.0568962242547891,3.45628796148691,0.000547669903622893,0.0851351845501864,0.308164285341588,62.09930747573,0.0280335289722168,18,0.000297571800791885,0.016536760248991,consensus_significant,upregulated
AT5G61990,92.6157975047032,6.99403462861256e-07,18,0.276144080314231,0.357429015833113,0.273793721904273,3,0,3,0.833333333333333,2.52590210326088e-06,0.226611951543353,0.0626874709214077,3.61494806238809,0.000300407840714395,0.103746766255492,0.349477136831214,74.9559000120349,0.0360977640069044,18,0.000148111824461909,0.0107963502499501,consensus_significant,upregulated
AT3G59340,92.5897067160282,7.05306208242195e-07,18,-0.324768165678923,-0.277573202802606,0.63315639115937,0,2,2,0.777777777777778,2.54651113140718e-06,-0.487249811133328,0.120935218128007,-4.02901502701708,5.60110383383891e-05,-0.724278483126716,-0.250221139139939,27.2133852120165,0.0532839574702055,18,0.316825288537294,0.00298059150066562,consensus_significant,downregulated
AT1G77660,92.5276955267851,7.19532612629832e-07,18,0.188652177606251,0.141511352295903,0.309377749238757,4,0,4,0.833333333333333,2.59733357407852e-06,0.194230065525987,0.0624628873526699,3.10952749317127,0.00187386844326859,0.0718050559443717,0.316655075107602,58.201247913515,0.0366356798864126,18,0.00178946940861397,0.0390216282388749,consensus_significant,upregulated
AT5G14520,92.5229688369228,7.20628483060731e-07,18,0.165522150165119,0.112184233158861,0.252898763276591,3,0,3,0.722222222222222,2.60110848454934e-06,0.122059008423722,0.0366053666224094,3.33445665721044,0.000854662188503816,0.0503138082029147,0.193804208644529,61.3098199882253,0.0123223540227873,18,9.62044176654436e-05,0.0228927687084832,consensus_significant,upregulated
AT2G35030,92.4419627507158,7.39666353751041e-07,18,0.164683443965398,0.208065716835181,0.364595279962056,2,0,2,0.666666666666667,2.66815564540122e-06,0.224303587287239,0.0632458787331138,3.54653286159181,0.000390336057010984,0.100343942799748,0.34826323177473,57.1432100589334,0.0323773714917896,18,0.000554087656528399,0.0129467049184173,consensus_significant,upregulated
AT5G67140,92.434841589541,7.4136338479854e-07,18,-0.275438378759881,-0.275623267699803,0.306869626688114,0,2,2,0.777777777777778,2.67390556180883e-06,-0.277117202824508,0.0619170502336977,-4.47562023349894,7.61898077440783e-06,-0.398472391311512,-0.155762014337503,36.2423321762583,0.022720184626854,18,0.0712631406275276,0.000636779779678551,consensus_significant,downregulated
AT3G03460,92.4007454967165,7.49541900272952e-07,18,0.287760826818461,0.238773648432351,0.316545259148518,2,0,2,0.777777777777778,2.70227661614799e-06,0.266522318651816,0.0843794187524804,3.15861761780602,0.0015851932923756,0.101141696860531,0.431902940443101,70.5474675333236,0.0652056247036979,18,4.89555280791125e-06,0.034719455953189,consensus_significant,upregulated
AT4G11920,92.287439282146,7.77361964324666e-07,18,-0.166752184635004,-0.156763886579411,0.188872969386963,0,3,3,0.777777777777778,2.79946317724219e-06,-0.167208868430583,0.0511642940937658,-3.26807730649326,0.00108280785042107,-0.26748904214878,-0.0669286947123868,52.8598322096068,0.0208592661435573,18,0.00819701067139996,0.0268845166328996,consensus_significant,downregulated
AT4G39160,92.0284492756909,8.44815836070004e-07,18,0.187806495748564,0.100676801213673,0.232423566249988,4,0,4,0.777777777777778,3.03543002477461e-06,0.156000943390462,0.0483148792339163,3.22883852477793,0.00124294054267917,0.061305520174584,0.25069636660634,75.3655014013096,0.02524514347947,18,1.04870688802957e-05,0.0297292349925292,consensus_significant,upregulated
AT4G10200,82.5434029078371,8.45751284855415e-07,15,0.169625978609016,0.575369961796321,1.15035251378398,3,0,3,0.666666666666667,3.03858074451619e-06,0.862540400259655,0.138578218813745,6.22421335505075,4.8397810568249e-10,0.590932082343005,1.13414871817631,0.000175033670418091,5.68051781745593e-07,15,0.147208512518952,2.09256000293586e-07,consensus_significant,upregulated
AT2G03200,92.024009522868,8.46020889370018e-07,18,-0.229140446432793,-0.322287091647447,0.622254425863574,0,4,4,0.722222222222222,3.03933897551002e-06,-0.386177723375783,0.119800791235073,-3.22349893848385,0.00126634767877776,-0.620982959515928,-0.151372487235638,67.0004170376154,0.109701253349417,18,2.69826604632438e-05,0.0300611164049044,consensus_significant,downregulated
AT5G56310,91.9886326071353,8.55683517790534e-07,18,0.189152971959232,0.156879329291788,0.389857974777889,3,0,3,0.833333333333333,3.07298853147291e-06,0.238799252910574,0.0721774530946722,3.30850206916212,0.000937964917190924,0.0973340443491879,0.380264461471961,55.6738894456444,0.0411734822730554,18,0.00152005306904262,0.0243814487793256,consensus_significant,upregulated
AT5G55260,91.8890308902107,8.83473922747312e-07,18,-0.111946333641377,-0.123989829089233,0.22679691203535,1,1,2,0.833333333333333,3.17191339682542e-06,-0.124554427825808,0.0325329044247695,-3.82856772329791,0.000128891165652832,-0.18831774881084,-0.0607911068407761,37.6056720893958,0.00643833509598848,18,0.00917386427078867,0.0056338578253846,consensus_significant,downregulated
AT1G80880,91.8268867377025,9.01260064474912e-07,18,0.318982407188828,0.316097959586618,0.351975458031041,3,0,3,0.833333333333333,3.23398082178598e-06,0.254742671047037,0.0727542184049881,3.50141444210157,0.000462795541282815,0.112147023249899,0.397338318844175,63.7993621187451,0.0468855743721664,18,0.000181503219901443,0.014623437188744,consensus_significant,upregulated
AT5G42210,91.7306239360849,9.2950753857496e-07,18,-0.149353556886631,-0.137615559562638,0.349250506527009,0,2,2,0.611111111111111,3.33326682509356e-06,-0.267671902787313,0.0844151871363279,-3.1708974636878,0.00151968774719856,-0.433122629322725,-0.102221176251902,45.6681341030951,0.0502855096487635,18,0.0236222812067284,0.033796604833112,consensus_significant,downregulated
AT4G12410,91.7299258466589,9.29715528516926e-07,18,0.518122670801605,0.360293874878037,0.73674243004715,3,0,3,0.833333333333333,3.33369649397427e-06,0.421417358913854,0.102154190667814,4.12530661893472,3.70241164615367e-05,0.2211988243351,0.621635893492608,44.0807475176029,0.0750854432601146,18,0.00615395942665175,0.00214392774385086,consensus_significant,upregulated
AT5G26010,91.6634221708431,9.49740694508591e-07,18,-0.509570234935656,-0.411316677428726,0.579025929338422,0,4,4,0.833333333333333,3.404177609509e-06,-0.361014883315721,0.0838087878750234,-4.30760177386255,1.65034166381976e-05,-0.525277089138724,-0.196752677492718,45.65957614177,0.0441891624606171,18,0.0293104998935832,0.00117942599016011,consensus_significant,downregulated
AT2G07642,68.8096994558472,1.01672763656183e-06,11,-0.471139607909238,-0.73456978433694,0.472251418453118,0,2,2,0.727272727272727,3.63774859128606e-06,-0.722228960044213,0.107275764328322,-6.7324522418111,1.66827154869152e-11,-0.932485594541732,-0.511972325546695,0,0,11,0.781826349844155,1.03043572657513e-08,consensus_significant,downregulated
AT3G61300,50.7278958325993,1.04030456285968e-06,6,-0.451376450924678,-0.33305120826635,0.551674816158357,0,2,2,0.666666666666667,3.71954030841693e-06,-1.03350462739588,0.165027891088569,-6.26260579698746,3.78596842190597e-10,-1.35695335037408,-0.710055904417692,0,0,6,0.662301692035321,1.650682231951e-07,consensus_significant,downregulated
AT5G61840,91.3465127672553,1.05113430876219e-06,18,-0.0873253626864469,-0.0860374195031004,0.118484303195244,0,3,3,0.666666666666667,3.75774361200346e-06,-0.114609129241689,0.02406028273132,-4.76341573046015,1.90343121302222e-06,-0.161766416852927,-0.0674518416304503,19.8205582903708,0.00178864521736155,18,0.250448104152837,0.000212839709173372,consensus_significant,downregulated
AT1G72840,91.3302419649074,1.05661746122054e-06,18,0.225486000925821,0.243308011789336,0.246898432711284,2,1,3,0.777777777777778,3.77578510429684e-06,0.182770151198815,0.0595971808906143,3.06675833432917,0.00216393730222136,0.0659618230730917,0.299578479324537,68.3420809604314,0.0339952261161216,18,2.35109468480563e-06,0.0429838143141091,consensus_significant,upregulated
AT1G08730,91.2320535477369,1.09030721384646e-06,18,0.243230381050695,0.509776831077811,0.83072401633471,2,0,2,0.777777777777778,3.89215452959937e-06,0.444732100094104,0.0914862507370838,4.8611905779393,1.16681852894801e-06,0.265422343568819,0.624041856619389,22.9316326253547,0.0321321668417852,18,0.052196229354643,0.000142873017613675,consensus_significant,upregulated
AT3G48350,91.1592415641076,1.11596861142266e-06,18,-0.446960674609919,-0.394815708576644,0.467544304598275,0,3,3,0.888888888888889,3.98184290536557e-06,-0.34140243734758,0.0862369995962014,-3.95888584883719,7.53002135965069e-05,-0.51042385069093,-0.17238102400423,49.7098103586998,0.0585243176146437,18,0.00904417629027146,0.00372438158459596,consensus_significant,downregulated
AT2G30505,91.040889227463,1.15895021672064e-06,18,0.243663894029715,0.173689858701654,0.31957761124756,3,0,3,0.833333333333333,4.13151144982608e-06,0.22040026166658,0.0606679105440355,3.63289685914935,0.000280257063485273,0.101493341982973,0.339307181350187,44.2633663123133,0.0252921919726953,18,0.0182324345336677,0.0102112763215379,consensus_significant,upregulated
AT1G74240,90.973758304877,1.1840477238045e-06,18,0.265766055774774,0.269587409859416,0.283535475639874,2,0,2,0.888888888888889,4.21895241749123e-06,0.205861328294705,0.0654791474440947,3.14392194049971,0.00166699900389046,0.077524557565891,0.334198099023518,65.1257796396542,0.0404914989170528,18,0.000965659991209306,0.0359180134210352,consensus_significant,upregulated
AT2G45300,90.9534239640734,1.19175460552568e-06,18,-0.149812411269387,-0.168548641173868,0.136611362760746,0,1,1,0.888888888888889,4.24495613076579e-06,-0.1439812621807,0.0345247374264507,-4.17037964408645,3.04092623375428e-05,-0.211648504112245,-0.0763140202491543,53.1076906499702,0.00912777229319268,18,0.00846050711231885,0.00186495764435114,consensus_significant,downregulated
AT1G02630,81.5088345849109,1.1961349478099e-06,15,1.3544310201814,0.713109995307143,1.61372738666475,3,0,3,0.866666666666667,4.25968161975308e-06,1.22409341729382,0.36889171340221,3.31830012120432,0.000905671157051822,0.501078944830221,1.94710788975743,60.2281509533913,1.087428770096,15,0.00268520298263195,0.0238527118337445,consensus_significant,upregulated
AT4G25850,84.6263909627831,1.22045285018262e-06,16,0.498010308867705,0.478489553116137,0.8282686171771,2,0,2,0.75,4.34389818799399e-06,0.58145485800846,0.18952673617391,3.06793051865209,0.00215546728583516,0.209989281000173,0.952920435016748,57.8444537616687,0.275370746856387,16,0.00462745579928621,0.0428319665485529,consensus_significant,upregulated
AT5G40790,61.3219498453253,1.248919110926e-06,9,1.90342589625219,2.11588627206373,2.37247392624829,2,0,2,0.666666666666667,4.44186601632086e-06,1.80930529409219,0.594665889402589,3.04255772247144,0.00234576823084973,0.643781568028639,2.97482902015574,54.2109752776231,1.49301454064592,9,0.029738910448711,0.0453288040556453,consensus_significant,upregulated
AT3G18420,90.7845770981566,1.25767943822445e-06,18,0.162793658156956,0.139012795035363,0.162761283417409,3,0,3,0.833333333333333,4.4711843635377e-06,0.197825033704722,0.0339567139823738,5.82580027641686,5.68395595722824e-09,0.131271097265941,0.264378970143502,16.3077250319718,0.00313975425291967,18,0.528490268639122,1.75539506479065e-06,consensus_significant,upregulated
AT5G55610,90.7630787128792,1.26632599053544e-06,18,-0.137096692375734,-0.179857889608206,0.205242298233774,0,1,1,0.777777777777778,4.499458152583e-06,-0.134785882043083,0.0322149542783469,-4.18395385194381,2.86482291113826e-05,-0.197926032192248,-0.0716457318939188,39.3270956910683,0.00638528942119913,18,0.0163194355749315,0.00179732130497578,consensus_significant,downregulated
AT5G17220,87.5779070916776,1.29818012614842e-06,17,-0.967144502220124,-0.2011262669761,2.1391231289652,0,4,4,0.823529411764706,4.61043155379972e-06,-0.681869471367941,0.128445719625416,-5.3086196516043,1.1045856282477e-07,-0.933618455802086,-0.430120486933795,0.000981252176995407,2.99344549673198e-06,17,0.0029540059097404,2.10699708588248e-05,consensus_significant,downregulated
AT1G62320,87.4935304265023,1.33406658053471e-06,17,-0.388641178599372,-0.300021081976068,0.596519975875632,0,4,4,0.823529411764706,4.73399354548966e-06,-0.388278593386387,0.100709418849082,-3.85543475301193,0.000115524140349551,-0.585665427234548,-0.190891759538226,44.4752654076457,0.0621936990813918,17,0.0540543852725237,0.0051537871864971,consensus_significant,downregulated
AT2G05910,90.519249831241,1.36856905230121e-06,18,-0.138470255889821,-0.302445510350948,0.87266652444052,0,3,3,0.833333333333333,4.8527773712841e-06,-0.399703823071793,0.0849997902599661,-4.70240952182735,2.57109163233206e-06,-0.566300350674785,-0.233107295468801,18.0280370696033,0.0206900162770789,18,0.0317652599815522,0.000272665068784318,consensus_significant,downregulated
AT4G35070,90.4743207306019,1.38827326637667e-06,18,0.400826687102015,0.443624012407928,0.285482611525025,2,0,2,0.944444444444444,4.92062902398522e-06,0.367506146041722,0.068503077668417,5.36481218873994,8.10334911438843e-08,0.233242580981475,0.501769711101969,22.2191170738561,0.0180504134272268,18,0.256632785328947,1.62329793610397e-05,consensus_significant,upregulated
AT1G11290,90.4360062331869,1.40529623178914e-06,18,0.167301298856278,0.238134060606573,0.417142565177115,4,0,4,0.611111111111111,4.97824583482958e-06,0.320038738561814,0.0681671007288007,4.69491492435731,2.66717705488322e-06,0.186433676202851,0.453643800920778,23.9929069687371,0.0178978881156472,18,0.0860651484244899,0.000280697392120813,consensus_significant,upregulated
AT3G24518,80.9865856414535,1.42373815185694e-06,15,-0.461003620872344,-0.319964276197944,0.452045719620305,0,3,3,0.866666666666667,5.04219951003255e-06,-0.242336574766628,0.0772870110371409,-3.13554077864612,0.00171537578151566,-0.393816332872174,-0.0908568166610822,43.5090055431003,0.0259098357170384,15,0.0545433434146713,0.0367070234747096,consensus_significant,downregulated
AT3G51530,90.3460328831501,1.44608013088101e-06,18,0.139933998074966,0.116460382826307,0.230957406283142,3,0,3,0.777777777777778,5.11922821586901e-06,0.14900529927819,0.0365345048708253,4.0784814192782,4.53308244466721e-05,0.0773989855383691,0.220611613018011,42.6481686504897,0.00867160126035358,18,0.0137320855121001,0.00254264269793636,consensus_significant,upregulated
ERCC-00046,37.3329232613723,1.51636100243087e-06,3,-0.468165703050247,-0.34415053274017,0.243376121177819,0,1,1,1,5.3636374556781e-06,-0.447385076735788,0.128754158518181,-3.47472331678215,0.000511380511750465,-0.699738590291184,-0.195031563180393,54.3802951461641,0.0269911817284024,3,0.115476783388,0.0156969147584958,consensus_significant,downregulated
AT2G01510,90.1768357496345,1.52594398979779e-06,18,0.291480815909416,0.259456314060494,0.414398458105087,2,0,2,0.833333333333333,5.39532795248279e-06,0.253455522928516,0.0721265894199568,3.51403726374433,0.00044135089421902,0.112090005337693,0.394821040519339,51.9009778401444,0.0388234481440249,18,0.00408721942568103,0.0141468704823347,consensus_significant,upregulated
AT4G12910,90.1696529431232,1.5294284493246e-06,18,-0.33339807744692,-0.288085313537635,0.340167732389871,0,2,2,0.833333333333333,5.40668028371494e-06,-0.261064554560426,0.0630679071584651,-4.13941997321192,3.48185031798052e-05,-0.384675381171333,-0.137453727949518,53.4834344526044,0.0327767561394783,18,0.00248949510532772,0.0020552027519693,consensus_significant,downregulated
AT2G04680,87.0301174544399,1.54921805468772e-06,17,0.330524455925858,-0.174087777169358,1.98475280035251,1,4,5,0.764705882352941,5.47388973084263e-06,-0.36201516964499,0.112929282569631,-3.20568023994817,0.00134743630205067,-0.583352496281414,-0.140677843008566,45.3580306257958,0.0655158579009615,17,0.00181885446774603,0.031307830315986,consensus_significant,upregulated
AT4G28550,90.1095112201162,1.55891176163891e-06,18,-0.13072722231997,-0.121233633366998,0.328782586107021,0,4,4,0.777777777777778,5.50643600497503e-06,-0.199286517702135,0.0611066064156394,-3.26129250815556,0.00110905567861628,-0.319053265494253,-0.0795197699100179,51.0784680651415,0.0286948826714157,18,0.00430672431993384,0.0273393142159004,consensus_significant,downregulated
AT4G18170,90.0893948936838,1.56889726397985e-06,18,0.510622857088815,0.563846037241687,0.688878968314414,2,0,2,0.722222222222222,5.54040531386121e-06,0.455019560835955,0.141853176994262,3.2076797325051,0.00133810419680075,0.176992442834615,0.733046678837295,62.7804414378303,0.188884834627368,18,0.000248755763141886,0.0311467914521356,consensus_significant,upregulated
AT3G02940,90.0749446937794,1.57610886015304e-06,18,-0.162209779395343,-0.421444722426668,1.83502351657959,1,3,4,0.833333333333333,5.56549366926134e-06,-0.578783494250357,0.117851565324379,-4.91112267077056,9.05564106777567e-07,-0.80976831780781,-0.347798670692904,20.5278252312638,0.0431761277963341,18,0.121077984769523,0.000115726220713952,consensus_significant,downregulated
AT3G53520,90.0209673736313,1.60333576546278e-06,18,-0.0664633298911635,-0.0716916448025775,0.127051804633373,0,3,3,0.833333333333333,5.65778688899128e-06,-0.11749113049935,0.0217609441543797,-5.39917430355169,6.69483051721563e-08,-0.160141797311522,-0.0748404636871785,10.2892823818497,0.000834226847498245,18,0.253534917604702,1.42944274302558e-05,consensus_significant,downregulated
AT1G79870,90.0144548222011,1.60665181201708e-06,18,-0.124730562779013,-0.0802050293781264,0.184611068303231,0,3,3,0.722222222222222,5.6687175863697e-06,-0.119497568462105,0.0271286147042378,-4.40485331687203,1.05855480671883e-05,-0.172668676232875,-0.0663264606913353,24.2463329699373,0.0028500276335788,18,0.0591418724716922,0.000829638332202414,consensus_significant,downregulated
AT5G13960,89.9798670695502,1.62437617044338e-06,18,0.0518319059698365,0.060510661442322,0.222788456612951,3,0,3,0.611111111111111,5.73086449746324e-06,0.121044464611359,0.0372453693431715,3.24991983556613,0.00115437544214038,0.0480448821078511,0.194044047114868,51.1231406748232,0.00970478412102298,18,0.0054150181762127,0.0281587284626287,consensus_significant,upregulated
AT4G00560,89.979216670194,1.62471129528893e-06,18,0.168137498864292,0.126514738039824,0.191627576343131,2,0,2,0.888888888888889,5.73165721430062e-06,0.139607059936413,0.0235300691533396,5.93313428135837,2.97205577652824e-09,0.09348897184213,0.185725148030695,0.0576201232863128,5.96855654495069e-06,18,0.106559804899502,1.02120623781054e-06,consensus_significant,upregulated
AT3G59100,89.9776763174181,1.62550524812167e-06,18,0.174070924261362,0.167719695638705,0.144935120910673,3,0,3,0.888888888888889,5.73406836693828e-06,0.214036237628692,0.0491715907668024,4.3528434669475,1.34383102765534e-05,0.117661690663217,0.310410784594167,33.6443673490923,0.0128080728907995,18,0.236042690122868,0.00100033470644002,consensus_significant,upregulated
AT5G58500,89.9708195759834,1.62904407687593e-06,18,-0.207914044612183,-0.185449986951032,0.490373562648853,0,3,3,0.722222222222222,5.74577075324075e-06,-0.287391160700302,0.0767405939074814,-3.74496920165593,0.000180415906535782,-0.43779996091118,-0.136982360489425,40.4356956197328,0.0334039140059369,18,0.0422453073088416,0.00729145590532929,consensus_significant,downregulated
AT2G02820,89.946444749693,1.64168543315907e-06,18,-0.193699039103127,-0.152201614834712,0.246850270984457,0,3,3,0.722222222222222,5.78996436982801e-06,-0.201934803259027,0.0598181774160922,-3.37581002935577,0.000735987184673543,-0.319176276615395,-0.0846933299026588,60.147672661931,0.0323289149844104,18,0.000466283402601675,0.0205632520676371,consensus_significant,downregulated
AT4G10280,89.8063613053224,1.71622306782178e-06,18,-0.170555962264579,-0.202334852883523,0.256136808207495,0,2,2,0.833333333333333,6.04422158125929e-06,-0.179636897617108,0.0534677369627529,-3.35972509444805,0.000780200648236534,-0.284431736398965,-0.0748420588352516,48.5247178644543,0.0232747770699505,18,0.00865293646643611,0.0214179526101081,consensus_significant,downregulated
AT5G08540,89.7376745911874,1.75397360525833e-06,18,0.0945014627172849,0.0902225877746855,0.187536741276491,4,0,4,0.666666666666667,6.17214618526766e-06,0.152526025857142,0.039378228925076,3.8733592144875,0.000107345427681014,0.0753461153890191,0.229705936325264,39.7244905649458,0.0092940759903411,18,0.0784130727205977,0.00488125343540904,consensus_significant,upregulated
AT1G69587,89.5531893954479,1.85944426875904e-06,18,0.172304480635799,0.170719366372541,0.167974069510911,2,0,2,0.777777777777778,6.53575897283374e-06,0.197627618722967,0.0288055882862363,6.86073885244679,6.85052970039164e-12,0.141169703128455,0.254085534317479,0,0,18,0.67850939568469,4.67674846019894e-09,consensus_significant,upregulated
AT1G54380,89.5375568496395,1.86866201043057e-06,18,0.159105252990063,0.0867998705471294,0.233205948849312,2,0,2,0.833333333333333,6.56771361843009e-06,0.14070523612943,0.043774666321813,3.21430745114135,0.00130759580790617,0.0549084667034177,0.226502005555441,66.3262029995254,0.0182898186480328,18,0.00144921431055962,0.0306938737465447,consensus_significant,upregulated
AT5G03640,89.4775570427852,1.90445874935674e-06,18,-0.341181847867581,-0.2236111777168,0.6338569622877,0,3,3,0.777777777777778,6.69035559431192e-06,-0.359826465099178,0.103398388503795,-3.48000070703202,0.000501412459320947,-0.562483582626097,-0.15716934757226,48.0070215750098,0.0700322932980328,18,0.0408846671163888,0.0154760761685949,consensus_significant,downregulated
AT5G18680,89.4699153613754,1.90906587836153e-06,18,-0.0967489552205049,-0.116063770455133,0.171677119385894,0,3,3,0.722222222222222,6.70563265788046e-06,-0.119836877231046,0.0366843401355281,-3.26670390658019,0.00108807417845982,-0.191736862693298,-0.0479368917687937,43.6363271274241,0.00855747817550669,18,0.0401277232281286,0.0269597137894983,consensus_significant,downregulated
ERCC-00116,36.7189137436072,1.99757346806807e-06,3,-0.457712434340687,-0.427489311149889,0.14913674451086,0,1,1,1,7.00703302015417e-06,-0.445202933843931,0.0955072066586012,-4.66145906073191,3.1397552840389e-06,-0.632393619158814,-0.258012248529049,16.795968991547,0.004707284979801,3,0.336389992170181,0.000319417770896224,consensus_significant,downregulated
AT5G67170,89.264992553308,2.03677051096377e-06,18,0.123381693900043,0.10974663948578,0.180912479780141,2,0,2,0.666666666666667,7.14114884074381e-06,0.134230366993035,0.0421087026356345,3.18771081964996,0.00143403876355666,0.0516988263914844,0.216761907594585,53.7204311943514,0.0130635768920936,18,0.0139345150507523,0.0325617799599011,consensus_significant,upregulated
AT2G04890,89.2376114051851,2.05445603920503e-06,18,0.0956711276714875,0.0577906852807898,0.368547651307394,3,0,3,0.666666666666667,7.20169680472646e-06,0.0963822224071495,0.0245777709729417,3.92152008061509,8.79921139420904e-05,0.0482106764799099,0.144553768334389,13.1151221054464,0.00132202537864779,18,0.000553470735552071,0.00420385160199947,consensus_significant,upregulated
AT5G45810,89.1177365137281,2.13367199246328e-06,18,-0.435109203939117,-0.366968151482,0.668145258970843,0,4,4,0.833333333333333,7.47080281190292e-06,-0.559669071612294,0.11354950569864,-4.92885519993062,8.271284662915e-07,-0.782222013243954,-0.337116129980634,18.305685375998,0.0375765688065677,18,0.194252938611616,0.000108920643007787,consensus_significant,downregulated
AT4G28590,89.0704884719759,2.16571044567023e-06,18,0.277273250182191,0.381830375116673,0.375518633852926,3,0,3,0.666666666666667,7.58042472624297e-06,0.290396616555686,0.0841667247229047,3.45025445045813,0.000560058403188783,0.125432867402096,0.455360365709277,46.0770150282834,0.0469143217705075,18,0.0435246150467118,0.0168257499658638,consensus_significant,upregulated
12217,40.9000729862076,2.17623006410446e-06,4,0.358880689587589,0.423056823131253,0.25571085625285,0,0,0,1,7.61570471020736e-06,0.480287037342958,0.0875839923373256,5.48373081114132,4.16448312234808e-08,0.308625566739568,0.651948507946348,0,0,4,0.508359598456138,9.77692499185103e-06,consensus_significant,upregulated
AT5G38860,88.951052240324,2.24881638589693e-06,18,0.113840089149288,0.142556282565698,0.204910591735145,2,0,2,0.666666666666667,7.86335776085942e-06,0.134467516723978,0.0392190879277758,3.42862427019229,0.000606648735035872,0.0575995168790274,0.211335516568928,47.6855751383686,0.011107361423326,18,0.0115545512881525,0.0179142646377923,consensus_significant,upregulated
AT3G41762,85.8506756250376,2.26233463864819e-06,17,0.894484178058755,0.535571511897145,1.45172916892336,2,0,2,0.823529411764706,7.90849532434026e-06,0.688087375782073,0.190933590671918,3.60380472268191,0.000313592700259582,0.3138644146262,1.06231033693794,49.0387288248346,0.266063317441333,17,0.00438098447352822,0.0111212875326508,consensus_significant,upregulated
AT2G17370,88.8637590805651,2.31152565346056e-06,18,0.114504994517437,0.134322924511797,0.241892359117033,3,0,3,0.722222222222222,8.07555822161123e-06,0.134133983215234,0.0441403436100155,3.038806956292,0.00237516998533438,0.0476204994743811,0.220647466956087,43.1776995958397,0.0125691405411324,18,0.0238508859381203,0.0456859966231668,consensus_significant,upregulated
AT3G03275,48.6869259714447,2.37246565092763e-06,6,1.58721064635816,1.83941772625451,1.23044800618362,3,0,3,0.833333333333333,8.28176888275456e-06,1.96161123203968,0.442651338587207,4.4315041230881,9.35780234118531e-06,1.09403055070031,2.82919191337905,23.8175834087208,0.277632434720602,6,0.219424860727134,0.000751579282770988,consensus_significant,upregulated
AT1G69910,88.7707117479478,2.38025555453366e-06,18,0.175728766487712,0.177463367022852,0.220960847033493,3,0,3,0.722222222222222,8.30840295486255e-06,0.17186204574429,0.0569324284642009,3.01870217695627,0.00253859953776652,0.0602765364020533,0.283447555086527,52.437271818512,0.0274182339152264,18,0.00517679103928308,0.0476609831410863,consensus_significant,upregulated
AT2G42370,55.9902441216216,2.44261796845172e-06,8,0.0949602551909089,0.164662921924384,0.365945307395252,2,0,2,0.75,8.51884284234797e-06,0.204172123098611,0.0584854158236177,3.49099207423539,0.0004812305289991,0.089542814463471,0.31880143173375,44.2976624369709,0.0102655442801738,8,0.0528388019450824,0.0150320076860863,consensus_significant,upregulated
AT1G32760,88.6741196122154,2.45372188270089e-06,18,0.12182148547523,0.16933479251328,0.248523338448798,2,0,2,0.722222222222222,8.5562093143012e-06,0.168830277554276,0.0554540969695346,3.04450503714861,0.00233063527402175,0.0601422446987962,0.277518310409755,45.9743621466816,0.0227635793407568,18,0.0211923303491525,0.0451204031930389,consensus_significant,upregulated
AT5G19170,88.6559236664045,2.46780800487713e-06,18,0.374919942567693,0.197257299963104,0.574818999669792,4,0,4,0.611111111111111,8.60417192403117e-06,0.458882954773118,0.140229024432904,3.27238213792669,0.00106645326724007,0.18403911729744,0.733726792248796,46.3479267855734,0.137211922497303,18,0.0262819299961232,0.0266402798832373,consensus_significant,upregulated
AT3G03110,88.6530228066388,2.47006097360042e-06,18,0.187230781406457,0.110668270176837,0.290173541796427,3,0,3,0.888888888888889,8.61144855181267e-06,0.123650297133852,0.0332820057564073,3.71522972620265,0.000203019164287937,0.058418764518039,0.188881829749665,45.3043633767344,0.00732960263433328,18,0.00524313884719978,0.00799199265547446,consensus_significant,upregulated
AT2G46090,88.4984113454156,2.59310209862525e-06,18,0.0867564056771486,0.115962302362284,0.21514000050545,2,0,2,0.666666666666667,9.02464909949366e-06,0.140992948553638,0.0378269380907032,3.72731592008739,0.000193529813398077,0.0668535122504336,0.215132384856843,28.4227819257164,0.00609013535286013,18,0.0900997715311011,0.00771773401878221,consensus_significant,upregulated
AT5G43370,85.4194641192092,2.59644562436806e-06,17,-0.241312823111161,-0.467504249795569,1.23852195007233,0,2,2,0.764705882352941,9.03567951926558e-06,-0.466541613104798,0.138981765160941,-3.35685485476848,0.000788344857997382,-0.738940867328047,-0.19414235888155,40.6865147566211,0.0946751019636494,17,0.0752030090418475,0.0215844245975389,consensus_significant,downregulated
AT5G21960,62.7992915764956,2.60389343298818e-06,10,-0.828619565576862,-0.940851422404639,1.41287937686076,0,3,3,0.8,9.05977562951795e-06,-1.12521075308593,0.369212879639548,-3.04759344848544,0.00230681788250542,-1.84885469980776,-0.401566806364092,46.576415849901,0.525369949081512,10,0.0469020532982268,0.0448244195391152,consensus_significant,downregulated
ATMG01250,62.7361686234,2.66413853187576e-06,10,-0.293384671476887,-0.550526551679513,0.649591578012399,0,3,3,0.6,9.26566065421723e-06,-0.737902345740102,0.112769002943302,-6.54348558983983,6.01012783979787e-11,-0.958925530081465,-0.516879161398739,0,0,10,0.866370924277445,3.14979265495023e-08,consensus_significant,downregulated
AT3G54420,88.3800306492861,2.69135073606351e-06,18,-0.36886151835415,-0.321979597457519,0.250032234304305,0,3,3,1,9.35591390170344e-06,-0.368445153914336,0.0572830312019719,-6.43201217154955,1.25925654073895e-10,-0.480717831995485,-0.256172475833187,5.77749313712092,0.00342635430958183,18,0.730709124438204,6.34322974366019e-08,consensus_significant,downregulated
16953,40.3448364008194,2.76298106295483e-06,4,-0.458467769408355,-0.360023582086097,0.368633319659351,0,0,0,1,9.59785022076291e-06,-0.360212768587406,0.07028277179029,-5.12519297989855,2.97233146735176e-07,-0.497964470030022,-0.22246106714479,0.00268934737228966,6.38418482486501e-07,4,0.214919266156109,4.74512141083319e-05,consensus_significant,downregulated
AT1G10540,88.2697042821581,2.78619276996999e-06,18,0.324999107376113,0.391272801849257,0.873419815396065,2,0,2,0.722222222222222,9.67589099727081e-06,0.5386531211603,0.160059351197527,3.36533365361175,0.000764511498212912,0.224942557424299,0.852363684896301,39.8838585521484,0.162245867720519,18,0.0311927773044957,0.0211664432087934,consensus_significant,upregulated
AT5G21274,88.2440257578544,2.80873269344459e-06,18,-0.128508055129505,-0.197013558857336,0.187380048282914,0,2,2,0.722222222222222,9.75286248226851e-06,-0.131347047373452,0.0410996282021499,-3.1958208168555,0.001394336741953,-0.211900838427652,-0.0507932563192515,55.9690329752948,0.0152020265444146,18,0.00216883768486286,0.0319680810956647,consensus_significant,downregulated
AT3G56470,88.2117421996258,2.83732392057813e-06,18,-0.159851675876667,-0.0587140435974744,0.313516295226279,0,3,3,0.666666666666667,9.84884622805816e-06,-0.22263181216697,0.0733591465370701,-3.03482009642068,0.0024067920490664,-0.366413097316223,-0.0788505270177163,47.2435328332121,0.039754767848181,18,0.0195430373286012,0.0460280127805976,consensus_significant,downregulated
AT2G06040,88.1622745983518,2.8816877786928e-06,18,0.124026601119251,0.1347869771092,0.261698224982626,3,0,3,0.833333333333333,9.99949705167714e-06,0.179751033869624,0.0358503912655113,5.01392111841603,5.33318577634417e-07,0.109485558157553,0.250016509581696,16.7823345754486,0.00346912327616825,18,0.134579953574076,7.58101399506413e-05,consensus_significant,upregulated
AT3G13730,88.1302515191771,2.91076848343757e-06,18,-0.240850770987097,-0.152498744873458,0.267722370433272,0,2,2,0.888888888888889,1.00983820226533e-05,-0.253022025161317,0.0724057633733591,-3.49450117467326,0.00047494851958189,-0.39493471364623,-0.111109336676404,57.1598154500907,0.043510922879452,18,0.00373486717499847,0.0149172551614227,consensus_significant,downregulated
AT3G06920,88.1187591091555,2.92127487232055e-06,18,0.249795441809324,0.197073855299966,0.21990883664837,3,0,3,0.944444444444444,1.01341546118781e-05,0.170718394405609,0.0269843467593706,6.32657132403347,2.50668463737121e-10,0.117830046610903,0.223606742200316,0.00465924822610696,6.556171996121e-07,18,0.497976634662211,1.17269178644772e-07,consensus_significant,upregulated
AT1G17300,88.0673998593286,2.96868334187567e-06,18,-0.203212167446111,-0.279213117680672,0.730040448834282,0,2,2,0.722222222222222,1.02917396384135e-05,-0.32214507475682,0.0690052038224966,-4.66841711801156,3.03529178625889e-06,-0.457392788994759,-0.186897360518881,15.3752263837094,0.0113271523370141,18,0.26580433843014,0.000310617512895969,consensus_significant,downregulated
AT1G68940,55.463777842058,2.98322921594664e-06,8,0.18537090069702,0.13510803934325,1.01752354447675,0,2,2,0.625,1.034009480011e-05,-0.532034612471791,0.0880036602660089,-6.04559640887219,1.48858303848814e-09,-0.704518617100867,-0.359550607842715,0,0,8,0.417114987228298,5.72101054584582e-07,consensus_significant,upregulated
AT3G11450,87.8958359087248,3.13257770826674e-06,18,0.0863884205464967,0.0873747398332014,0.103755487649443,2,0,2,0.777777777777778,1.08425418897467e-05,0.110580729670474,0.0234898198306412,4.70760229187569,2.50647512274583e-06,0.064541528799082,0.156619930541865,23.5461852679401,0.00212481283232163,18,0.235782131845817,0.000267034815746498,consensus_significant,upregulated
AT3G19820,87.8791201678393,3.14901208840703e-06,18,0.0909345010479744,0.0856671886129515,0.123014183252355,3,0,3,0.777777777777778,1.08979713542984e-05,0.0931121452276154,0.030960197551322,3.00747904057349,0.00263424289194041,0.0324312730727792,0.153793017382452,50.4157166084056,0.00682570992299027,18,0.0132694575073374,0.0488299600591054,consensus_significant,upregulated
AT2G27880,78.5588768436787,3.1768326659731e-06,15,0.586244090273356,0.403108106814919,1.12467933311307,5,0,5,0.8,1.09898548421429e-05,0.921084598792766,0.217252344287549,4.23969923921117,2.23819462648744e-05,0.495277828432273,1.34689136915326,34.2780160972473,0.214569997209888,15,0.12406463162709,0.00150422914508646,consensus_significant,upregulated
AT1G35625,87.7989853170272,3.22897813861606e-06,18,-0.628715510021954,-0.544793712238316,0.827565734873623,0,3,3,0.777777777777778,1.11665241452767e-05,-0.647232300341075,0.0915921750352112,-7.06645846211488,1.58937718243876e-12,-0.826749664675778,-0.467714936006373,0,0,18,0.759181989836117,1.21269479020078e-09,consensus_significant,downregulated
AT3G23630,87.7825669143497,3.24560572457554e-06,18,0.327859255323314,-0.348378466847478,1.69859313041677,1,2,3,0.722222222222222,1.12195406095108e-05,-0.429250538183048,0.0690881043911471,-6.213088953097,5.19530187154674e-10,-0.56466073454984,-0.293840341816256,0.00103537408691095,9.91517940854916e-07,18,0.241727744785083,2.20909835813218e-07,consensus_significant,upregulated
AT1G23380,87.774348206519,3.25396060830482e-06,18,-0.157303769059787,-0.169367884419578,0.228025664843379,0,3,3,0.666666666666667,1.12476729624794e-05,-0.172093928028179,0.0465800226846305,-3.6945866083694,0.000220244815115648,-0.263389094889114,-0.0807987611672444,40.4002130285461,0.0138987977258217,18,0.0395514307488909,0.00852138850668178,consensus_significant,downregulated
AT2G45440,87.6655556703749,3.36656031978022e-06,18,0.141565128940586,0.133600116907956,0.176981915296277,2,0,2,0.833333333333333,1.1626046121293e-05,0.140489653927299,0.02876106081966,4.88471738953611,1.03577308754232e-06,0.0841190105635991,0.196860297290998,24.9408591071817,0.00329277165956419,18,0.135736586849734,0.000128873023678767,consensus_significant,upregulated
AT4G22758,87.4731004305521,3.57516729907767e-06,18,-0.280760465830059,-0.277430754708684,0.458419315586077,0,4,4,0.888888888888889,1.23284006371291e-05,-0.349702217486597,0.0589119903422991,-5.93601091144105,2.92040372933653e-09,-0.465167596815075,-0.234236838158119,0.00316298907228576,2.0738139320043e-06,18,0.141328719770358,1.01014818061931e-06,consensus_significant,downregulated
AT1G30460,87.3727076149726,3.68895551901764e-06,18,0.168206180396267,0.121247640684199,0.152357610842453,2,0,2,0.944444444444444,1.27114911958926e-05,0.138811564662238,0.0331725279710885,4.18453380409292,2.85751924482238e-05,0.0737946045627566,0.203828524761719,48.9811125153027,0.00786804368779737,18,0.0281847664376164,0.00179490954598504,consensus_significant,upregulated
AT4G13440,81.1558119982153,3.77276222792497e-06,16,-0.113945373747533,-0.309446668693898,1.30174398997693,0,2,2,0.8125,1.29907869960548e-05,-0.522615749000326,0.12420249147642,-4.20777186341344,2.57901038465728e-05,-0.766048159084252,-0.279183338916401,35.6673289796998,0.0658824430683007,16,0.12953700963687,0.00166222825835476,consensus_significant,downregulated
AT5G42630,87.2759822378442,3.80193707454674e-06,18,0.108250237397536,0.245128389822525,0.443866267961915,3,0,3,0.666666666666667,1.30903765494262e-05,0.258706589615474,0.0689899635189531,3.749916312746,0.000176893595191704,0.123488745823594,0.393924433407354,30.7902545705342,0.0199590058862059,18,0.134695996383852,0.00720969936600658,consensus_significant,upregulated
AT2G34780,87.2577321223779,3.8236310512552e-06,18,0.104508317871958,0.0829029571552115,0.174000114780594,4,0,4,0.777777777777778,1.31641973592833e-05,0.110307242720058,0.0346329611874697,3.18503642015941,0.00144735791685496,0.0424278861146442,0.178186599325473,51.7915922349578,0.00957163286389322,18,0.00993488972368387,0.0327638386379157,consensus_significant,upregulated
AT1G14760,74.74180811287,3.94368711390667e-06,14,1.31923051546039,0.755448529561318,1.76832062186459,3,0,3,0.785714285714286,1.3568531978712e-05,0.773531681130509,0.130854127515235,5.91140452211144,3.39202860988103e-09,0.517062303972236,1.03000105828878,0.0683459882601785,0.000183392093010378,14,0.293278091266418,1.12096823181572e-06,consensus_significant,upregulated
AT3G55030,87.147503408078,3.95725992309028e-06,18,0.129252150647702,0.098125883654558,0.148826059812245,2,0,2,0.833333333333333,1.36134252845701e-05,0.113146679049819,0.0320499604753195,3.5303219527197,0.000415054266848585,0.0503299108122606,0.175963447287377,50.9607284972755,0.00778551261886135,18,0.00888320975508891,0.0135013640007348,consensus_significant,upregulated
AT2G22650,87.0593727393657,4.0673783946768e-06,18,0.17481071438815,0.0910858184152777,0.303151865683864,4,0,4,0.722222222222222,1.39857563311329e-05,0.207544275455654,0.0619114714900088,3.35227495746321,0.00080150373526262,0.0862000211053586,0.32888852980595,55.8311682242661,0.0313629445444954,18,0.00673571600045468,0.0218754443978778,consensus_significant,upregulated
AT1G46840,47.2896800811305,4.15280980037411e-06,6,2.44686298908437,2.37661483924927,1.63636404564282,2,0,2,1,1.4273839831074e-05,1.99964266656401,0.41916554796283,4.77053201600751,1.83739977341152e-06,1.17809328899687,2.82119204413116,15.2131673692594,0.161585362003796,6,0.306476274065611,0.000206793166689118,consensus_significant,upregulated
AT1G67760,86.971615050368,4.18000914156818e-06,18,0.395523728349876,0.387675818683424,1.49663321751802,3,0,3,0.611111111111111,1.43635232028953e-05,0.389838180377462,0.0738324946307236,5.28003533305023,1.29158977132651e-07,0.245129150012497,0.534547210742427,0.00333765873780488,3.72884708877915e-06,18,0.0311129430713064,2.41053394588146e-05,consensus_significant,upregulated
AT3G08810,83.8231573207139,4.30931116836845e-06,17,0.998675298723799,0.699711510428354,1.59371468025975,0,0,0,0.882352941176471,1.47941234918303e-05,0.597854176417059,0.0948825192449311,6.3009939151568,2.95743005695487e-10,0.411887855934566,0.783820496899553,0.00444305162415715,7.94956430956338e-06,17,0.594705600429838,1.34599386907936e-07,consensus_significant,upregulated
6884,39.2633523805634,4.39209701424226e-06,4,0.305585745555953,0.330542756841803,0.200771774304207,0,0,0,1,1.50693612174382e-05,0.349971607023308,0.110145601681898,3.17735435350411,0.00148625319713323,0.134090194671294,0.565853019375323,47.1864072050772,0.0217241440188248,4,0.163588436343915,0.0332956653195425,consensus_significant,upregulated
ATMG01410,86.794150576549,4.41717817413414e-06,18,-0.0826356817908047,-0.221739892671963,0.485608873385713,0,3,3,0.555555555555556,1.51534116211075e-05,-0.347146113035074,0.0905851122580689,-3.83226453422153,0.000126969104000147,-0.524689670596406,-0.169602555473741,32.124372688085,0.0393854698057298,18,0.176729917820769,0.00556860946064549,consensus_significant,downregulated
AT4G24400,86.6829447223028,4.5724560446484e-06,18,-0.0813150668291163,-0.110649738259789,0.151111224652891,0,4,4,0.777777777777778,1.56767764019881e-05,-0.130417292562411,0.0344190267248594,-3.78910460208383,0.000151191246691309,-0.197877345326057,-0.0629572397987651,32.0393344038332,0.00582309152629753,18,0.149930963498617,0.00638275560889495,consensus_significant,downregulated
AT5G67500,86.6710806692758,4.58933391343873e-06,18,-0.0601011699314823,-0.123956058392958,0.158481640868526,0,2,2,0.777777777777778,1.57315249614546e-05,-0.0981257192118195,0.0308637903695735,-3.17931524407174,0.0014762344497193,-0.158617636762578,-0.0376338016610614,38.3213099424777,0.00535913396212808,18,0.0818800533792824,0.0332290447675645,consensus_significant,downregulated
AT1G55160,86.6635615859102,4.60006214722843e-06,18,-0.149882490936427,-0.117456128907095,0.149283104138793,0,3,3,0.888888888888889,1.57651760105192e-05,-0.130148402404112,0.0288480021049191,-4.51152221671252,6.43640402100495e-06,-0.186689447555689,-0.0736073572525349,36.4082966203733,0.00483883739020372,18,0.0615971569208764,0.000556554005525347,consensus_significant,downregulated
AT4G00955,86.5770401181081,4.72529059117041e-06,18,-0.434888110561818,-0.368800381804541,0.482712804291681,0,3,3,0.888888888888889,1.61858043144361e-05,-0.349869643238058,0.0651281536843876,-5.3720184504774,7.7860139875667e-08,-0.477518478839047,-0.222220807637069,19.4088713661692,0.0130323057162767,18,0.385012316913371,1.58419431267024e-05,consensus_significant,downregulated
AT1G60850,86.5074437799972,4.82843725250918e-06,18,0.160436126154039,0.173228544413423,0.257979190115502,2,0,2,0.777777777777778,1.65288084244777e-05,0.123282831860515,0.041137912213335,2.99681790415589,0.00272813620472005,0.0426540055232085,0.203911658197822,46.116814841505,0.0120893376938738,18,0.0119809179323259,0.0499282606157654,consensus_significant,upregulated
AT5G02280,86.4919121254566,4.85175516165841e-06,18,-0.161860551219997,-0.112909037580997,0.22550400289228,0,1,1,0.777777777777778,1.6605839135138e-05,-0.143660609275651,0.0461470472121811,-3.11310512707582,0.00185130060908651,-0.234107159804395,-0.0532140587469062,52.0068770509893,0.0173060782105839,18,0.00689723889688472,0.0386686315627393,consensus_significant,downregulated
AT1G01715,86.4739699561431,4.87882917607136e-06,18,0.29852068299087,0.229322468954839,0.294245029111122,2,0,2,0.944444444444444,1.66963017979216e-05,0.203751039516215,0.0450020352746849,4.5275961025441,5.96584716871628e-06,0.115548671146832,0.291953407885599,33.2032124582585,0.0107183819605017,18,0.0193432142508625,0.000526414990649108,consensus_significant,upregulated
AT5G04260,86.398014100028,4.99509004348419e-06,18,-0.07757678821096,-0.0919567321120411,0.282140259173363,0,2,2,0.777777777777778,1.70840308630559e-05,-0.13805104295646,0.0435657240907966,-3.16879945961059,0.0015306997121463,-0.223438293134831,-0.0526637927780901,32.1958166043202,0.00886458120492935,18,0.0638688142435455,0.0339396683183755,consensus_significant,downregulated
AT5G12960,86.3830690143738,5.01828256298385e-06,18,0.920806070402652,0.930563929835111,1.22614067405065,3,0,3,0.888888888888889,1.71610913422564e-05,0.828524187058433,0.184231257537318,4.49719661111582,6.88553107200829e-06,0.467437557458766,1.1896108166581,28.339600620085,0.158596612388721,18,0.0835312185612021,0.000589519627293858,consensus_significant,upregulated
AT1G69460,86.2946272443358,5.15770262337862e-06,18,-0.119532203153656,-0.114887818417228,0.13336831371945,0,4,4,0.777777777777778,1.76297368187549e-05,-0.0931282620803713,0.0290034391358048,-3.21093859401674,0.00132302202616428,-0.149973958214348,-0.0362825659463943,64.1496549811933,0.00726515149024437,18,0.000756618739165221,0.0309345087000936,consensus_significant,downregulated
AT3G23200,86.2835013910174,5.17550757375196e-06,18,-0.182927148112207,-0.162693324294628,0.343189774942971,0,3,3,0.888888888888889,1.76882667315488e-05,-0.207905279522039,0.0492167814279708,-4.2242762222538,2.39709900454198e-05,-0.304368398555842,-0.111442160488237,36.9766356008182,0.0136972965557571,18,0.0305254623981238,0.00157232724085532,consensus_significant,downregulated
ERCC-00074,34.5584913000115,5.24690665842462e-06,3,-0.436400201379507,-0.345536495283679,0.203004757759066,0,1,1,1,1.79252042179368e-05,-0.413687358667509,0.102764310139546,-4.0255936920683,5.68317462189073e-05,-0.615101705437124,-0.212273011897893,32.0067322605286,0.0102001345880598,3,0.206911764972538,0.00301190839716219,consensus_significant,downregulated
AT5G04050,86.2121497334243,5.2911308154831e-06,18,0.213972298643108,0.162744494249641,0.339627543163241,3,0,3,0.777777777777778,1.80655865044661e-05,0.200498569301349,0.0548424244378879,3.65590273144151,0.000256278522208811,0.0930093925782295,0.307987746024469,50.8463459443317,0.0223869229372053,18,0.0101733236283143,0.00952489602169194,consensus_significant,upregulated
AT1G56200,86.1768764762821,5.34921955956173e-06,18,0.145834458071542,0.129072332306166,0.193415792340878,4,0,4,0.833333333333333,1.82531127127425e-05,0.161033534064583,0.024309601028756,6.62427712713571,3.48951569346385e-11,0.113387591569683,0.208679476559483,0,0,18,0.478834828432399,1.9467745402116e-08,consensus_significant,upregulated
AT4G10420,86.0784980644266,5.51454690832989e-06,18,0.283331696005285,0.240838769292389,0.278007604040819,2,0,2,0.888888888888889,1.8803659358073e-05,0.230128146584566,0.0551190276942533,4.17511259199079,2.97838709432227e-05,0.122096837440964,0.338159455728168,45.1038098916384,0.0185013470527582,18,0.045675638305646,0.00184404100240832,consensus_significant,upregulated
AT4G24180,86.068344601758,5.53189189887175e-06,18,-0.134961928215917,-0.216158733728509,0.418656018834649,0,2,2,0.666666666666667,1.88615636212943e-05,-0.252677616695384,0.080334689493583,-3.14531142509199,0.00165910115458987,-0.410130714812015,-0.0952245185787528,42.5633796888457,0.0393768069266423,18,0.0286856918558308,0.0358093817337917,consensus_significant,downregulated
AT5G19300,86.0671518224462,5.53393300269167e-06,18,0.196513825893254,0.131139667997956,0.341974252027558,4,0,4,0.666666666666667,1.8867283503429e-05,0.157820254776438,0.0432322216388717,3.65052381750689,0.000261706038792247,0.0730866573925961,0.24255385216028,30.3500024374252,0.00856945605827372,18,0.0267938914154834,0.00967808703969846,consensus_significant,upregulated
AT3G05130,85.9695732735263,5.70342963905316e-06,18,0.209642643747265,0.130418261574098,0.245579318999145,2,0,2,0.777777777777778,1.94183745536931e-05,0.18862135669212,0.0615516628019127,3.06443966102341,0.00218078160307671,0.0679823144118179,0.309260398972423,65.9586740243716,0.0381859731659283,18,4.63276122290375e-05,0.0432081898548809,consensus_significant,upregulated
AT3G59030,76.6041394877617,6.00893481681408e-06,15,0.585275555345122,0.743351557488817,1.75352760135231,3,0,3,0.666666666666667,2.04290400843356e-05,0.949898418855387,0.151436705358206,6.27257715762182,3.55120371750016e-10,0.6530879304159,1.24670890729487,0.000262944164954598,1.06390448492299e-06,15,0.366143726046054,1.56144621761677e-07,consensus_significant,upregulated
AT5G01280,79.6578011209975,6.093888746029e-06,16,-0.17736661014699,-0.299813757679936,0.890123548738391,0,4,4,0.6875,2.07097249743093e-05,-0.499433122081744,0.16546112470633,-3.01843180969649,0.00254086576532736,-0.823730967347641,-0.175135276815847,51.8089971082245,0.169933268843501,16,0.0147839638340056,0.0476609831410863,consensus_significant,downregulated
AT5G64650,85.7479670176852,6.10744400071871e-06,18,0.173962727021918,0.19478682119191,0.1290691005826,4,0,4,0.833333333333333,2.07530739217822e-05,0.142061739076117,0.0364938590660177,3.89275737649795,9.91112615781783e-05,0.0705350896498417,0.213588388502392,44.9536838335902,0.00904766280002492,18,0.0428477717502818,0.00461605807515458,consensus_significant,upregulated
AT5G39330,85.7202194350006,6.15996181634963e-06,18,1.35900056057377,1.22580688612848,1.179690656351,3,0,3,0.944444444444444,2.09260491052731e-05,0.956522174232659,0.258951568925055,3.69382652595356,0.000220904531498458,0.44898642539941,1.46405792306591,62.9104634208373,0.607467123166857,18,0.00415038504600099,0.00853599017671664,consensus_significant,upregulated
ATMG00150,85.6958268096315,6.20649421528944e-06,18,0.060087744963545,-0.147198494095365,1.5643821748702,1,2,3,0.611111111111111,2.10786059591505e-05,-0.283644262883925,0.0927715954520449,-3.0574472876296,0.00223230899456926,-0.465473248758253,-0.101815277009597,29.9727118570392,0.0358261994171001,18,0.0234857402424015,0.0439057687078884,consensus_significant,upregulated
AT1G68877,46.2003569718813,6.40799856071672e-06,6,0.0367948603420431,-1.289432450858,2.9975768338593,0,2,2,0.666666666666667,2.17401969734448e-05,-1.42296184162643,0.278057482810124,-5.11750961436318,3.0959628564932e-07,-1.96794449356614,-0.877979189686725,3.54297800447573e-06,2.26525621948247e-08,6,0.131882762966285,4.83863406787623e-05,consensus_significant,upregulated
AT1G78815,85.5807066994832,6.43078138379752e-06,18,0.59401677206026,-0.410724679583306,2.50736014621733,2,1,3,0.666666666666667,2.18146395163709e-05,-0.298207312059775,0.0858982492060733,-3.4716343443085,0.000517300421673063,-0.466564786838725,-0.129849837280825,7.2372200303249,0.00936717461188436,18,0.000598187411735099,0.0158437802887075,consensus_significant,upregulated
AT1G58060,85.5721297946889,6.44780527944674e-06,18,0.111775312311779,0.08682718478855,0.183761127029346,3,0,3,0.777777777777778,2.18709588790645e-05,0.101552620539573,0.023509838853483,4.31957960973127,1.56326708626949e-05,0.0554741831044061,0.14763105797474,26.4621682972484,0.00230357252183811,18,0.0459810454535408,0.0011296455362675,consensus_significant,upregulated
AT5G24970,85.5352753733858,6.5214586502809e-06,18,0.171655622080595,0.134418456438714,0.220358292072929,4,0,4,0.777777777777778,2.2113564968524e-05,0.173733057567,0.0527812306505033,3.29156890481377,0.000996302064223116,0.070283746432312,0.277182368701688,53.1842681122524,0.0231086606469874,18,0.00546277180691596,0.0254265303985008,consensus_significant,upregulated
AT5G03110,85.5154924244515,6.56133336811367e-06,18,-0.176436924362983,-0.189625668393199,0.242429000796915,0,3,3,0.777777777777778,2.22400576762322e-05,-0.19276814742775,0.0577805152391794,-3.33621371546786,0.000849278488924103,-0.30601587630471,-0.0795204185507908,44.9542091644035,0.0236797792025688,18,0.0318565434711792,0.0228192465662031,consensus_significant,downregulated
AT2G47020,85.1123254973467,7.4278819756527e-06,18,0.102796858347029,0.152336051511285,0.219316126777464,4,0,4,0.777777777777778,2.50953327964035e-05,0.154031117979175,0.0379732956467081,4.05630102301979,4.98559969475294e-05,0.0796048261373357,0.228457409821015,28.8875187943408,0.00673447685657098,18,0.0855834979447184,0.00273520636662003,consensus_significant,upregulated
AT1G08592,53.0133207627772,7.50766815117038e-06,8,0.0456363978980386,0.176783416843141,0.311127177676907,2,1,3,0.75,2.53615910383945e-05,0.161388520158151,0.0352188152080231,4.58245171522367,4.59555843295822e-06,0.092360910772254,0.230416129544048,0.0337677285103727,3.6250828945905e-06,8,0.0367683254384341,0.000432969115501718,consensus_significant,upregulated
AT3G59300,85.058298776229,7.55218799890981e-06,18,-0.145222727414916,-0.149867138555733,0.226388243103343,0,4,4,0.777777777777778,2.55070026245473e-05,-0.139933784149703,0.0259495157395081,-5.39253932730058,6.94688888132727e-08,-0.190793900415394,-0.0890736678840118,0.00111913738615025,1.50863484203195e-07,18,0.0447196267122652,1.47113805669019e-05,consensus_significant,downregulated
AT2G47670,84.9838992497689,7.72670092070098e-06,18,-0.238075483417421,-0.392254549751158,0.756595163456533,1,2,3,0.722222222222222,2.6087919885851e-05,-0.369948424763831,0.102367189040625,-3.61393556110068,0.000301584046036582,-0.57058442848206,-0.169312421045602,28.0138159400684,0.0441761473893579,18,0.0250760878292433,0.0108250981024197,consensus_significant,downregulated
AT4G39600,84.9778061138248,7.74116641341362e-06,18,0.150141922707893,0.154728824566095,0.26444270403813,2,0,2,0.666666666666667,2.61316603591922e-05,0.192660789713363,0.0621472146018424,3.10007119301614,0.00193474132835863,0.0708544873542705,0.314467092072456,51.0469463869911,0.0307229952215024,18,0.0130135980289371,0.0398658137730576,consensus_significant,upregulated
AT2G15370,75.7631730826758,7.88463347142033e-06,15,-0.122828200649912,-0.260169342031205,0.842341900317472,0,3,3,0.6,2.65986585505483e-05,-0.436164526590772,0.101681805862828,-4.28950413389758,1.7907248044081e-05,-0.635457203964909,-0.236871849216635,20.2720564377758,0.0257856092822343,15,0.167935117340683,0.00125554007772851,consensus_significant,downregulated
AT1G64550,84.8791420357726,7.97911804165658e-06,18,0.120957430137444,0.0881298206226059,0.135887926580873,1,0,1,0.777777777777778,2.6912152682611e-05,0.0971457193938175,0.0269514449307506,3.6044716579547,0.000312788578178321,0.0443218579982317,0.149969580789403,60.8405296765837,0.00657133818377557,18,0.00142564379641805,0.0111079552294347,consensus_significant,upregulated
AT5G27430,84.8161638747773,8.1347257976737e-06,18,0.127178627830213,0.0909227073163313,0.138112773295691,4,0,4,0.888888888888889,2.7420952368972e-05,0.131963607582412,0.0388965339379403,3.3926829519813,0.000692116957637931,0.0557278019406092,0.208199413224215,47.3384826718301,0.0119454642777106,18,0.0196742916032759,0.0196356364875408,consensus_significant,upregulated
AT3G28310,81.7895256136198,8.15376876184767e-06,17,0.950567860996155,1.28365847256779,1.30780435981372,3,0,3,0.705882352941177,2.74833583912623e-05,0.825959210568374,0.270525432076168,3.05316658855135,0.00226440194455734,0.295739106796948,1.3561793143398,57.2892820385999,0.577173239195199,17,0.00165152753216864,0.0442236649422944,consensus_significant,upregulated
AT3G29635,81.6911812593217,8.40723939629048e-06,17,-0.174837441339607,-0.326242328964462,0.960958728703034,0,3,3,0.705882352941177,2.83119732615411e-05,-0.353282066285904,0.101190577105746,-3.49125458506593,0.000480757912040652,-0.55161195298799,-0.154952179583818,37.5544830999303,0.0522611766402488,17,0.0928746122744208,0.0150262912700706,consensus_significant,downregulated
AT2G07659,75.5477688428991,8.45069697286792e-06,15,-0.59577060272929,-0.516911761184039,0.928478287610766,0,3,3,0.933333333333333,2.8452781290225e-05,-0.520711842198312,0.115128902293791,-4.52285943689047,6.1009758702898e-06,-0.746360344273772,-0.295063340122852,24.5086443608871,0.037251309761047,15,0.221231442114316,0.00053470106765898,consensus_significant,downregulated
ERCC-00044,33.4798776447948,8.47596192640782e-06,3,-0.459567430115481,-0.425817969121064,0.177622565089431,0,1,1,1,2.85341441228833e-05,-0.448808158444825,0.106644259173761,-4.20846055776485,2.57116397778823e-05,-0.657827065583351,-0.239789251306298,23.4984961067556,0.00806439495922485,3,0.281756915049033,0.0016592322366115,consensus_significant,downregulated
AT5G15500,81.6176855991064,8.6016779412478e-06,17,0.685316846843281,0.393863545147284,1.62712578931064,2,0,2,0.705882352941177,2.89460991265449e-05,0.72557053860278,0.20503830003109,3.53870734634827,0.000402091359061343,0.323702855090525,1.12743822211503,35.3628234183373,0.21971556647441,17,0.013016045797544,0.013162213295608,consensus_significant,upregulated
AT2G47370,84.6085849555752,8.66889761410843e-06,18,-0.547457720105264,-0.363526056460038,0.786523149355672,0,1,1,0.833333333333333,2.91685222087418e-05,-0.302744395204737,0.062111082894261,-4.87424113535638,1.09227507210605e-06,-0.424479880718271,-0.181008909691204,0.011017296023708,8.03830753886037e-06,18,0.0152962984310923,0.000135254414895346,consensus_significant,downregulated
AT3G59270,72.1027056053328,9.41169978903095e-06,14,0.648018860715873,0.51302263243692,0.872411417719495,2,0,2,0.785714285714286,3.16125181692011e-05,0.777801536558641,0.190933662237711,4.07367421460908,4.6277205053131e-05,0.403578435136393,1.15202463798089,29.7060329514485,0.136001528801082,14,0.139073230457566,0.00258251134547559,consensus_significant,upregulated
ERCC-00111,33.2254962430393,9.48849142379087e-06,3,-0.41765395326776,-0.356838387093452,0.137238894265579,0,1,1,1,3.18683875872756e-05,-0.41736878685951,0.0861379870344543,-4.84535106088057,1.2638799555254e-06,-0.586196139147818,-0.248541434571201,0,0,3,0.414448427616925,0.000152855821940512,consensus_significant,downregulated
AT2G42650,84.303558433223,9.51651007635186e-06,18,0.157039574732207,0.145960080248877,0.309728141880387,5,0,5,0.722222222222222,3.19604238043703e-05,0.145796066477711,0.046969340609076,3.10406883697104,0.00190878914727708,0.0537378505063277,0.237854282449095,40.5237143380582,0.0140513076411177,18,0.0148783055275077,0.0395014031968305,consensus_significant,upregulated
AT2G01680,84.270112379167,9.61423383617714e-06,18,-0.0984294406925663,-0.105680702694879,0.201366366942377,0,3,3,0.722222222222222,3.22823542945869e-05,-0.136333612949091,0.0324091293570737,-4.20664225339131,2.59192954935154e-05,-0.199854339259255,-0.0728128866389269,18.3034552168059,0.0031071036750349,18,0.122872275415038,0.00166641477990775,consensus_significant,downregulated
AT3G49840,84.1482852135208,9.97854782513358e-06,18,0.158976709126197,0.140863298062104,0.273044394272902,2,0,2,0.777777777777778,3.3475315795505e-05,0.166057982674707,0.0490946132862902,3.38240738767727,0.000718535009318713,0.0698343087986564,0.262281656550757,41.5774645435634,0.0143131370659296,18,0.0308476552545863,0.020206217031703,consensus_significant,upregulated
AT3G13680,78.040679381063,1.01700079273528e-05,16,0.604561427786156,0.686771049437187,0.900898427538723,1,0,1,0.875,3.4095574022191e-05,0.676834551281985,0.133868238998562,5.05597560963849,4.28196060771411e-07,0.414457624171004,0.939211478392967,12.0309429522417,0.033272947332491,16,0.186395626499931,6.3657663086143e-05,consensus_significant,upregulated
AT5G59050,84.0652978460145,1.02343974034898e-05,18,-0.195555388496184,-0.230263370323934,0.285456827321118,0,3,3,0.888888888888889,3.43025805384905e-05,-0.22006430923628,0.050006247779177,-4.4007362881547,1.07884175582038e-05,-0.318074753885453,-0.122053864587107,26.0497752895062,0.0111608113985499,18,0.0654956880832008,0.000844262830452255,consensus_significant,downregulated
AT3G51920,84.0540246969062,1.02696428728133e-05,18,-0.196113138527694,-0.234382262736957,0.19350097825576,0,3,3,0.833333333333333,3.44162674980229e-05,-0.187593205112114,0.0327181649345819,-5.73361022805513,9.83151209237028e-09,-0.251719630024135,-0.123466780200092,7.45039294198255,0.00140644747628962,18,0.533290235785221,2.8497104659248e-06,consensus_significant,downregulated
AT1G10650,84.0336544254778,1.03336312641281e-05,18,-0.211054576994723,-0.181022149216023,0.212332101563752,0,2,2,0.777777777777778,3.46217672351373e-05,-0.167956706332176,0.0536353126577803,-3.13145757914795,0.00173940912967235,-0.273079987440971,-0.0628334252233814,63.1343386333515,0.0275358833458815,18,0.000144939521166764,0.037001846364871,consensus_significant,downregulated
AT5G65490,84.0290390365649,1.0348183418986e-05,18,0.152980352299202,0.106690909271572,0.20747167429077,3,0,3,0.777777777777778,3.46682847681895e-05,0.149966996607967,0.0418868980347499,3.5802841376211,0.000343220783660464,0.067870185035756,0.232063808180179,51.8760962366987,0.0143754908454766,18,0.00777903998571046,0.0118638688470616,consensus_significant,upregulated
AT5G38550,83.9860278402242,1.04847617603779e-05,18,0.487965479464319,-0.120989947239771,1.41592064975654,1,2,3,0.611111111111111,3.51031879838326e-05,-0.20220104503381,0.0654879153988966,-3.08760851222968,0.00201774090637161,-0.330555000638253,-0.0738470894293667,21.3958023020586,0.0142469290531431,18,0.00205456837516403,0.0409900035967833,consensus_significant,upregulated
AT1G24620,74.8515487247754,1.05659085582892e-05,15,-0.355604109322799,-0.382597884680406,0.917356661117143,0,3,3,0.6,3.53680245136259e-05,-0.59320266856232,0.0914516586039156,-6.48651623839353,8.7843815997387e-11,-0.772444625752447,-0.413960711372193,0,0,15,0.449355589865262,4.51256292000834e-08,consensus_significant,downregulated
AT2G38610,83.8829065524235,1.08194220830863e-05,18,-0.0903046498332851,-0.10633879977268,0.184329867940506,0,2,2,0.777777777777778,3.61979517523537e-05,-0.123025181099461,0.033636080096006,-3.65753621552558,0.000254651287858001,-0.188950686668738,-0.0570996755301849,36.5546842227464,0.00656791204181338,18,0.0511157312381088,0.00947799671393438,consensus_significant,downregulated
AT5G45220,68.5324938796486,1.08243756276703e-05,13,0.0735339472370704,0.0524310851660687,0.646048368595226,0,2,2,0.538461538461538,3.6212190244406e-05,-0.37727379855119,0.124412143961273,-3.03245154804686,0.00242576036414729,-0.621117119954697,-0.133430477147683,36.7696810871933,0.0557555948066016,13,0.123854747340054,0.0462780888774728,consensus_significant,upregulated
AT3G46820,83.80710923783,1.10720345347212e-05,18,-0.147776739109545,-0.116463612367207,0.185377412342306,0,3,3,0.777777777777778,3.70144711360106e-05,-0.139923000401725,0.0393217945571934,-3.55840830708291,0.000373108996322393,-0.216992301541307,-0.0628536992621424,52.1370650324816,0.0127504962923468,18,0.00902203028018434,0.0125753324590462,consensus_significant,downregulated
AT1G01260,83.763611152283,1.12195926992519e-05,18,0.132482086245184,0.122052956544369,0.163322463984773,4,0,4,0.833333333333333,3.74981055241079e-05,0.127989530833823,0.0244120531723492,5.24288268300157,1.58087061693868e-07,0.0801427858273418,0.175836275840304,10.8842523966084,0.00112977684337116,18,0.200187129465841,2.85790561286573e-05,consensus_significant,upregulated
AT4G00895,83.606447797087,1.1768905913381e-05,18,-0.111575038177163,-0.13651688644232,0.245869838856967,0,4,4,0.777777777777778,3.92935339858725e-05,-0.180348438881534,0.0366474831349476,-4.92116848017733,8.60290304989259e-07,-0.252176185950071,-0.108520691812998,17.6221193681904,0.00359222021325982,18,0.307057188584703,0.000112149000462469,consensus_significant,downregulated
AT5G18860,83.5968260784512,1.18033750843154e-05,18,-0.170359903228279,-0.176874726350351,0.190267460781044,0,2,2,0.833333333333333,3.94060832529947e-05,-0.20932030433441,0.0474096576400399,-4.41514060117634,1.00944358940616e-05,-0.302241525828262,-0.116399082840558,38.6377350177556,0.0133211715318041,18,0.114920710366396,0.000799154259148693,consensus_significant,downregulated
ERCC-00071,32.7290263524934,1.18226652851296e-05,3,-0.481673455066414,-0.456438675328253,0.111990143945735,0,1,1,1,3.94679456463311e-05,-0.484330205434431,0.0991272329757479,-4.8859449708732,1.02933947561e-06,-0.678616011954008,-0.290044398914854,0,0,3,0.674396353732014,0.00012849035358231,consensus_significant,downregulated
AT4G34360,83.5370015190366,1.20199140334957e-05,18,0.215854250873976,0.288024211917065,0.218997515080429,4,0,4,0.888888888888889,4.01083681530449e-05,0.267640305962428,0.0401567604954135,6.66488787094756,2.64867497514976e-11,0.188934501655617,0.346346110269239,0,0,18,0.760086169464045,1.54408822933337e-08,consensus_significant,upregulated
AT4G16960,77.4952410523365,1.20718437842603e-05,16,0.41025183717625,0.269986560302113,0.871348250133334,2,0,2,0.8125,4.02764698024487e-05,0.3276276231373,0.0998984773205603,3.27960577503087,0.0010395223365853,0.13183020547861,0.523425040795989,61.0526548748862,0.0687447012168525,16,0.000475241076533441,0.0262583139782822,consensus_significant,upregulated
AT2G22070,83.5129377096356,1.21081036963869e-05,18,0.235930963841478,0.256165495306077,0.425244857526379,3,0,3,0.888888888888889,4.03844669331132e-05,0.270090741979226,0.0560314706090295,4.82034005253649,1.4331372151304e-06,0.160271077584714,0.379910406373739,27.2302706454754,0.0123078688049669,18,0.295374870213051,0.000170153069267336,consensus_significant,upregulated
AT5G49530,83.3950615186982,1.25493031815719e-05,18,0.121439272741957,0.101298152222034,0.152910814101023,3,0,3,0.833333333333333,4.18210725842277e-05,0.0931066656371635,0.02023882694861,4.6003983271154,4.21683804936708e-06,0.0534392937285492,0.132774037545778,21.0134435688142,0.00129338077467393,18,0.10637560643381,0.000405911735349465,consensus_significant,upregulated
ERCC-00171,32.4938921816788,1.31187651076838e-05,3,-0.443097077259268,-0.375239899013794,0.144990211602544,0,1,1,1,4.36445540674517e-05,-0.439602679462864,0.091925037160595,-4.78218658421501,1.73398614062751e-06,-0.619772441575136,-0.259432917350591,0,0,3,0.4386664682945,0.000197294159912977,consensus_significant,downregulated
AT3G49380,83.2408038630229,1.31504353939597e-05,18,0.487991341291421,0.222680579693641,0.892999400531052,2,0,2,0.777777777777778,4.37429178607897e-05,0.350035259006026,0.112626259376824,3.10793647008092,0.0018839856219214,0.129291846913983,0.570778671098068,45.6220461021179,0.0886649134321132,18,0.0134049288767412,0.0391464597548137,consensus_significant,upregulated
AT5G04780,83.2295335555609,1.31954400013554e-05,18,0.105882870963471,0.192737189713327,0.355269947475908,3,0,3,0.722222222222222,4.38841811809783e-05,0.225030248332582,0.0403866046313904,5.57190311952291,2.51971535969743e-08,0.145873957797199,0.304186538867966,0.00750452829601477,2.35598005136252e-06,18,0.183701715594469,6.34625785060882e-06,consensus_significant,upregulated
AT5G67570,83.020686467278,1.40571212211541e-05,18,0.200919534550844,0.1238754377896,0.247146782971599,3,0,3,0.888888888888889,4.66810831466581e-05,0.195340048753546,0.0520667855002495,3.75172092682023,0.000175624895767855,0.0932910243822851,0.297389073124808,56.5278017573986,0.0195259405099424,18,0.0118901077149941,0.00716925420300501,consensus_significant,upregulated
AT2G41000,82.8815504797959,1.46613930460355e-05,18,-0.173740328082007,-0.211031905925629,0.297910864074347,1,3,4,0.833333333333333,4.86286401126207e-05,-0.213748637912567,0.0389534252321635,-5.48728736019026,4.08152877161274e-08,-0.290095948442081,-0.137401327383053,0.0140754319850554,3.99224754649111e-06,18,0.137284837709925,9.63402747405048e-06,consensus_significant,downregulated
AT2G14285,76.8703646826294,1.46793909103431e-05,16,0.104869584862744,0.0814063255720233,0.164451321791104,3,0,3,0.6875,4.86852238250187e-05,0.154322784152594,0.048560510329702,3.17794815385626,0.00148321270863906,0.0591459328354932,0.249499635469696,42.5830273058977,0.0139774718106934,16,0.0699380911011369,0.0332956653195425,consensus_significant,upregulated
AT4G19610,82.8453546818928,1.48226999793204e-05,18,0.0980603192347931,0.0971107986287269,0.163205621453476,4,0,4,0.722222222222222,4.91448161253807e-05,0.106152880580361,0.0326320676060977,3.2530234327084,0.0011418408062781,0.0421952033313329,0.170110557829388,45.513822055995,0.00729706382355241,18,0.0210642960193325,0.027931762561496,consensus_significant,upregulated
AT5G04740,82.8231417966987,1.4922547601067e-05,18,-0.114182314788145,-0.163495009585804,0.132004373784756,0,3,3,0.722222222222222,4.9456905686014e-05,-0.148299901818061,0.0283159705971188,-5.23732362658799,1.6292186826261e-07,-0.203798184375709,-0.0928016192604131,15.7155586265931,0.00215286317537919,18,0.36991453951336,2.92239494720057e-05,consensus_significant,downregulated
AT2G28590,82.7794528480231,1.51208482851617e-05,18,-0.211820542463338,-0.206428635548795,0.309217378385452,0,3,3,0.833333333333333,5.00981261952235e-05,-0.253059542775971,0.0625493121110332,-4.04576060447727,5.21535098471133e-05,-0.375653941771351,-0.130465143780591,36.1526260830152,0.0221580648688073,18,0.0533683505790462,0.00281574683132948,consensus_significant,downregulated
AT1G73660,82.5888180221658,1.60166141501699e-05,18,-0.237330200251773,-0.255115315165066,0.204148163705273,0,2,2,0.888888888888889,5.29746553025726e-05,-0.190102745697076,0.0401234500910907,-4.73794614534626,2.1589516569585e-06,-0.268743262811105,-0.111462228583048,35.7153821518875,0.00834832905157463,18,0.125927574587637,0.000236818282811067,consensus_significant,downregulated
AT4G16640,82.5862277557103,1.60291348546486e-05,18,-0.188013678652397,-0.346545662422461,0.936287151680263,0,4,4,0.611111111111111,5.30093110801018e-05,-0.456844268875017,0.121461558566364,-3.7612251503047,0.000169083145825064,-0.694904549171193,-0.21878398857884,30.4709766053224,0.0670598580231172,18,0.0856955978930729,0.00700695681947895,consensus_significant,downregulated
AT2G19572,76.582257301353,1.60596744280753e-05,16,0.291211195525155,0.397755426936588,0.743375742126523,2,0,2,0.75,5.31001568765712e-05,0.283516943274549,0.0653291784684683,4.3398210404772,1.4259879805243e-05,0.155474106336761,0.411559780212336,22.3393865155562,0.0120165354557731,16,0.34306397064894,0.00104994924031742,consensus_significant,upregulated
AT1G64850,82.4939669967098,1.64813777085075e-05,18,-0.119502895319342,-0.158957977083164,0.157650483247062,0,2,2,0.722222222222222,5.44459286136621e-05,-0.153052357846335,0.0355599175934945,-4.30406953120542,1.67688996819666e-05,-0.222748515622796,-0.0833562000698736,27.4243557478754,0.00546657137807313,18,0.248764269742434,0.00119346720315385,consensus_significant,downregulated
AT1G27610,76.3835192449588,1.70848109192601e-05,16,1.1578165261573,0.581581748760605,1.80018222449286,2,0,2,0.875,5.63926972475527e-05,0.547406519252651,0.161929050594709,3.38053312387256,0.000723453544963817,0.230031412036256,0.864781626469045,31.1761245556418,0.114663824648445,16,0.00432484403243686,0.0203335123114316,consensus_significant,upregulated
AT5G22070,82.3562568703714,1.7179630733646e-05,18,-0.121538020388667,-0.108520880724886,0.162000780417405,0,2,2,0.888888888888889,5.66876479564475e-05,-0.12233059617029,0.0289790429679113,-4.2213470025821,2.42846759966024e-05,-0.179128476693835,-0.0655327156467453,31.3980640264234,0.00413011722714292,18,0.0763469235869897,0.001588185006033,consensus_significant,downregulated
AT2G28610,63.9725440999724,1.72001950021886e-05,12,1.05856899422802,1.26164072139848,1.10579842830105,2,0,2,0.75,5.6751600450061e-05,1.39057757392699,0.338685297802637,4.10581026973696,4.02900083830737e-05,0.726766588140596,2.05438855971338,28.9035488687531,0.365997951132244,12,0.247326401007482,0.00230474839575236,consensus_significant,upregulated
AT2G07644,63.9436003399624,1.73679096402866e-05,12,-0.130545622149683,-0.556688604566094,1.32519419337984,0,2,2,0.666666666666667,5.72797787532893e-05,-0.521048431488672,0.0970786144799308,-5.36728335359988,7.99314306775158e-08,-0.711319019538385,-0.33077784343896,0.00340916282245962,4.51896518411525e-06,12,0.214563866399784,1.61923129850414e-05,consensus_significant,downregulated
AT5G38344,82.2980674003894,1.74832703582507e-05,18,0.165952501473851,-0.141091852221902,1.71260559465357,1,3,4,0.611111111111111,5.76353558309906e-05,-0.355261833494222,0.103564010756304,-3.4303599377798,0.000602781076294651,-0.558243564671097,-0.152280102317347,29.032720993298,0.0446018942990744,18,0.00705247589951995,0.017878070317959,consensus_significant,upregulated
AT1G16225,76.309355838685,1.74834982409417e-05,16,-0.217573782316628,-0.284956389270117,1.02525113611564,0,4,4,0.6875,5.76353558309906e-05,-0.512400849119225,0.15978225854995,-3.20686948456824,0.00134187860646383,-0.825568321245594,-0.199233376992857,41.5872132102871,0.150509617759438,16,0.0404138249912725,0.0312066470720615,consensus_significant,downregulated
AT1G06060,82.2377933698855,1.78033019924188e-05,18,-0.142946816363252,-0.134879742088848,0.111059571575948,0,1,1,0.888888888888889,5.86635246465956e-05,-0.156791038188385,0.0237003668406228,-6.61555322087433,3.7016477759112e-11,-0.203242903616394,-0.110339172760377,0,0,18,0.806654220832067,2.04315205537635e-08,consensus_significant,downregulated
AT1G19390,63.8683195229365,1.78116526420076e-05,12,-0.396150685011827,-0.945598602688708,1.58767055175427,0,2,2,0.75,5.86873148662289e-05,-1.04171146200656,0.237452133262911,-4.38703770605067,1.14904876131562e-05,-1.50710909125407,-0.576313832759048,21.2158147252592,0.130247492215823,12,0.236129462416627,0.000886447160948536,consensus_significant,downregulated
AT5G61150,82.2304215107971,1.78428334509739e-05,18,0.094709464767926,0.0618965033006296,0.148902411618379,3,0,3,0.833333333333333,5.87825884815918e-05,0.100542709130014,0.0309333966392338,3.25029644505617,0.00115284766159668,0.0399143657976235,0.161171052462404,53.5102143072585,0.00777369133810244,18,0.00566589380880574,0.0281587284626287,consensus_significant,upregulated
AT5G56610,82.2200998604487,1.78983269074321e-05,18,-0.132389655235437,-0.0725380393603201,0.248187758313992,0,2,2,0.666666666666667,5.89616670785551e-05,-0.188394361895243,0.0613760158866943,-3.06951109767432,0.00214409439697461,-0.308689142547722,-0.0680995812427643,42.9220014096675,0.0233915541207872,18,0.0510381848312824,0.0426877182243403,consensus_significant,downregulated
AT2G38600,82.209087194158,1.79577210493414e-05,18,-0.39879614482712,-0.309560195586704,1.07335504882748,0,2,2,0.666666666666667,5.91535719841247e-05,-0.442573885796069,0.109416650724866,-4.04484950749357,5.23567457342156e-05,-0.657026580525804,-0.228121191066334,14.8135754942579,0.0278404651002624,18,0.128844842436918,0.00282378107658424,consensus_significant,downregulated
AT1G14140,82.2080503655565,1.79633228174352e-05,18,0.101416302073765,0.139022127405489,0.205003878208786,3,0,3,0.833333333333333,5.91682691849783e-05,0.13442046150035,0.0314583591578956,4.27296480486054,1.92890912456107e-05,0.0727632105381491,0.196077712462552,18.9194102418432,0.00312415666735537,18,0.0587316682087934,0.00132907730436556,consensus_significant,upregulated
AT3G09360,82.1899501601581,1.80613892887092e-05,18,0.196960510714118,0.0859381436712143,0.292977401092633,3,0,3,0.777777777777778,5.94648671322821e-05,0.127470723971056,0.0395760847962986,3.22090284137903,0.00127787461385448,0.0499030231212072,0.205038424820904,66.6863830949829,0.0142759174411915,18,0.000866929701233176,0.0302193466113153,consensus_significant,upregulated
ERCC-00060,31.7684558562284,1.80726001693259e-05,3,-0.449778257750881,-0.341407658725056,0.197746890840936,0,1,1,1,5.94980032596373e-05,-0.426484274713928,0.100398547592969,-4.24791279295155,2.15771348745331e-05,-0.623261812096278,-0.229706737331579,15.8997602141067,0.0048633160948003,3,0.26914816190744,0.00146917069006598,consensus_significant,downregulated
AT3G21350,82.1654010987466,1.81952297234624e-05,18,0.10467412355061,0.0957529603774657,0.122411635327197,3,0,3,0.833333333333333,5.98903233052654e-05,0.115943122979699,0.0273766402060557,4.2351114712043,2.2843835742097e-05,0.0622858941581189,0.16960035180128,29.6590282839466,0.00366303318393644,18,0.138549697751987,0.00152539198667048,consensus_significant,upregulated
AT4G38030,50.6016035727367,1.83768266419286e-05,8,1.01845633276648,0.231003855201193,1.29175817853641,3,0,3,0.666666666666667,6.04650487855165e-05,1.44004395920149,0.455973337003673,3.15817580182301,0.00158759785325274,0.546352640763745,2.33373527763923,41.5166377963494,0.715782451430097,9,0.121832603142995,0.0347361821322531,consensus_significant,upregulated
AT3G29110,73.1017778424552,1.84330070734646e-05,15,0.476575786680442,0.41840375068367,1.0932536811617,2,0,2,0.733333333333333,6.06460538903257e-05,0.748909753016332,0.238993755617438,3.13359548278376,0.00172678727119745,0.280490599476186,1.21732890655648,44.6895784091054,0.338587377521004,15,0.0332134062837391,0.0368305917718085,consensus_significant,upregulated
AT4G05780,63.7433755810954,1.8572733220796e-05,12,-0.569427657486512,-0.700231083121897,0.993208189573099,0,2,2,0.75,6.10786609360368e-05,-0.584054784384747,0.129060763761347,-4.52542482597385,6.02743041255787e-06,-0.83700923317422,-0.331100335595274,15.1925356753741,0.0271127641787231,12,0.347399775339208,0.000530046100890089,consensus_significant,downregulated
AT2G38750,82.0850082279773,1.86403292609836e-05,18,-0.208024177043666,-0.240507777563719,0.447931169751122,0,3,3,0.833333333333333,6.12854256286781e-05,-0.269594965840474,0.0604747869626677,-4.45797297321445,8.27383307450313e-06,-0.388123370260035,-0.151066561420913,25.7188661447743,0.0141193979283906,18,0.125008985294397,0.000680316252357401,consensus_significant,downregulated
AT5G26810,39.7639748779798,1.86453320801546e-05,5,-1.88670334427354,-1.8703665181752,1.14230345257326,0,2,2,1,6.12979907703874e-05,-2.00452406374291,0.405763326530045,-4.94013118653414,7.80700279451426e-07,-2.79980556998896,-1.20924255749686,0.797360240606782,0.0068178944749676,5,0.323671727940549,0.000104128157581125,consensus_significant,downregulated
AT5G27400,82.0468568070664,1.88552523625803e-05,18,0.461651658888969,0.51950062572154,0.397106023703184,3,0,3,0.944444444444444,6.19724180147096e-05,0.338074928234944,0.0616122845855586,5.48713508205449,4.08504749882643e-08,0.217317069442016,0.458832787027871,8.89276176793495,0.00589149630310639,18,0.434536997338946,9.63402747405048e-06,consensus_significant,upregulated
AT1G76440,81.9184293776338,1.95966342485341e-05,18,0.175028902937521,0.162063863099452,0.220408224664191,1,0,1,0.833333333333333,6.43561702184996e-05,0.154588115269987,0.0478031059764315,3.23385085785439,0.00122133216611421,0.0608957492070303,0.248280481332945,49.6480006658036,0.0184130042644595,18,0.0107138901667151,0.0293368509753099,consensus_significant,upregulated
AT2G31480,75.9277798755619,1.96826669307302e-05,16,-0.292648532099164,-0.390187298819662,1.26642529693189,0,2,2,0.75,6.46305261528425e-05,-0.717034319997919,0.227263273700679,-3.15508224589909,0.00160452866796599,-1.16246215145992,-0.271606488535919,50.38880526499,0.322142107701886,16,0.0210351300447243,0.0349346896385847,consensus_significant,downregulated
AT1G01940,81.8803012969999,1.98221550402932e-05,18,0.11298772668525,0.0784956226604554,0.173461317765067,2,0,2,0.722222222222222,6.50679696885876e-05,0.119011981907318,0.0392406871632963,3.03287201399052,0.00242238314222604,0.0421016483386545,0.195922315475982,56.4588636106217,0.0130984460400019,18,0.0044834942769428,0.0462409591432141,consensus_significant,upregulated
AT4G30930,81.8477105114347,2.00169267343793e-05,18,0.176746960178659,0.123815730990776,0.24878004137316,4,0,4,0.722222222222222,6.56740953562816e-05,0.134321424729284,0.0341111407475954,3.93775821580382,8.22464057784548e-05,0.0674648173924205,0.201178032066148,32.2625991636745,0.0056922856642359,18,0.0345883193237367,0.00399183584416216,consensus_significant,upregulated
3072,35.6729304975247,2.01536630016791e-05,4,0.24128723041138,0.241086784742331,0.141559597999295,0,0,0,1,6.61143583496711e-05,0.25888543027273,0.0724880245608146,3.5714234432687,0.000355046333717311,0.116811512823079,0.400959347722382,35.9565147447852,0.00751814746598161,4,0.209957846511584,0.0121672549396228,consensus_significant,upregulated
AT5G48290,81.7903134634377,2.03644911232494e-05,18,0.106074869489633,-0.153046006531901,0.975056319847378,0,2,2,0.777777777777778,6.67722189517828e-05,-0.258819525983495,0.0808011188089494,-3.20316760211529,0.00135924850520048,-0.417186808759577,-0.100452243207412,38.425974320142,0.0315577181093964,18,0.0432293834684721,0.0314469468702447,consensus_significant,upregulated
AT1G09190,81.7833879885882,2.04068233842912e-05,18,0.260883704063295,0.174817341237541,0.270066029265971,2,0,2,0.888888888888889,6.69067934597661e-05,0.215282687010533,0.0627891153781735,3.42866252715783,0.000606563237137193,0.092218282248183,0.338347091772883,51.4530014462967,0.0293057327445227,18,0.00550715271556899,0.0179142646377923,consensus_significant,upregulated
AT1G16760,57.0035019176847,2.05009557240603e-05,10,1.67480122750728,1.82857798681991,1.73842388012562,3,0,3,0.9,6.7198440257323e-05,1.56963884763342,0.426461076597303,3.68061455961571,0.000232672494364985,0.733790496694533,2.40548719857231,36.7001155422303,0.641283004977575,10,0.0711508448130343,0.00886993364998743,consensus_significant,upregulated
AT4G33670,81.7520950645749,2.05991740729431e-05,18,0.170204159193371,0.107191014099178,0.198665238409195,3,0,3,0.833333333333333,6.75033295592766e-05,0.162979975881106,0.0417810619051905,3.90080980351671,9.58714518082025e-05,0.0810905993110938,0.244869352451117,43.4201664441362,0.0102921987352896,18,0.0675756066864362,0.00449222840912415,consensus_significant,upregulated
AT4G02460,81.5403212886868,2.19481191424781e-05,18,0.118542930753458,0.0602341285868777,0.173989970916387,3,0,3,0.722222222222222,7.17787858609803e-05,0.122733813248374,0.0407856356452863,3.00924115332645,0.00261901142855017,0.0427954362970394,0.202672190199708,61.7878806270969,0.0152518926120832,18,0.00162608696182221,0.0486833147860598,consensus_significant,upregulated
AT2G30620,81.5127383346052,2.21300283694539e-05,18,-0.132240031721692,-0.0996237231817683,0.175179461146687,0,3,3,0.833333333333333,7.23600203114111e-05,-0.11835129215982,0.0355829949441038,-3.32606325987271,0.000880819355244378,-0.188092680712334,-0.0486099036073057,60.2510344301911,0.011616794570621,18,0.00213010468110675,0.0234241063185542,consensus_significant,downregulated
AT1G17600,81.4574538660283,2.24990608176749e-05,18,0.36749407703456,0.33289006718366,1.12365819998047,4,0,4,0.611111111111111,7.35342415301098e-05,0.7967909338004,0.224199753266023,3.55393314307073,0.0003795156784852,0.357367492056228,1.23621437554457,40.2693369804596,0.271154058172675,18,0.0609334473654177,0.0127321695200066,consensus_significant,upregulated
AT1G01220,81.4119485091197,2.28073072870583e-05,18,0.101740826028194,0.13375024556563,0.1942065463202,3,0,3,0.722222222222222,7.45041575721054e-05,0.109767534697667,0.0365782480892658,3.00089644615535,0.00269186091231966,0.0380754858251346,0.181459583570199,43.0244406349316,0.00906027573578475,18,0.0222828738849746,0.0494737908518573,consensus_significant,upregulated
4576,35.3641782041504,2.29477661690914e-05,4,-0.343122482915502,-0.31036950463357,0.100419842157695,0,0,0,1,7.49488397169476e-05,-0.302869731042119,0.0611021224526043,-4.95677922280113,7.16713388512029e-07,-0.42262769042818,-0.183111771656059,0,0,4,0.852678735842501,9.7091272714251e-05,consensus_significant,downregulated
AT3G26680,81.2880343548733,2.36676803487444e-05,18,-0.129933735441385,-0.14745080425873,0.228548701613489,0,2,2,0.833333333333333,7.72417957479836e-05,-0.140032341269483,0.0262455783260381,-5.33546411246566,9.53004774239752e-08,-0.191472729541943,-0.0885919529970233,0.030436237691132,4.04280340738065e-06,18,0.175984642010978,1.86173359976162e-05,consensus_significant,downregulated
AT3G16920,81.2688157751684,2.38039212171222e-05,18,-0.267705803261883,-0.326208388087728,0.399069269168278,0,2,2,0.777777777777778,7.7681546471948e-05,-0.317634088115289,0.0532669314596151,-5.96306337555988,2.47552350659176e-09,-0.422035355343098,-0.21323282088748,0,0,18,0.40023296177989,8.79726449424706e-07,consensus_significant,downregulated
AT2G08485,26.6026792075898,2.39154373735365e-05,2,1.08387628245285,1.08387628245285,0.506949711932834,1,0,1,1,7.80209387845822e-05,1.08795133339254,0.358444415738661,3.03520235111085,0.00240374355034242,0.385413188085262,1.79048947869982,51.056740561897,0.131214807433861,2,0.152889508262395,0.0460280127805976,consensus_significant,upregulated
AT5G03830,81.2065381125612,2.42506764414365e-05,18,0.129054738769697,0.190944380508652,0.293575813941842,3,0,3,0.722222222222222,7.9089754806271e-05,0.246790121037985,0.0472512076859192,5.2229378490897,1.76106510972855e-07,0.154179455747562,0.339400786328409,8.2109252279149,0.00325228878290368,18,0.285210868173429,3.10786061745428e-05,consensus_significant,upregulated
AT1G53760,81.1147813073538,2.49238137297868e-05,18,0.136943076580594,0.086101242087718,0.202422550315863,3,0,3,0.777777777777778,8.12187390211381e-05,0.121046713837447,0.0364971118822836,3.316610756157,0.000911164640537613,0.0495136890084425,0.192579738666452,46.3119270026043,0.00982338652970308,18,0.0136824387784403,0.023888259833074,consensus_significant,upregulated
AT1G05860,81.1113869799803,2.49490606513638e-05,18,0.116000341029188,0.0980148340455682,0.168897753019649,2,0,2,0.722222222222222,8.12908027413165e-05,0.109664659397673,0.0285263134836543,3.84433338925869,0.000120880578231132,0.053754112358011,0.165575206437335,31.2269210522618,0.00411008710520961,18,0.0455097583615655,0.00535133781650517,consensus_significant,upregulated
AT1G51310,81.0593508211662,2.53392353521722e-05,18,0.197820805497047,0.143615097075115,0.233356854434077,2,0,2,0.722222222222222,8.25306571379811e-05,0.209460668658058,0.0630744603581435,3.32084757394226,0.000897445359123933,0.0858369980117973,0.333084339304319,62.2893368692147,0.0347584131275002,18,0.000269224239023177,0.0237190910901429,consensus_significant,upregulated
AT3G50710,75.0814190084621,2.55670902715753e-05,16,0.0339491412096934,-0.351407877123668,1.36894900797439,0,2,2,0.6875,8.32574697066777e-05,-0.612941724664542,0.13456207026706,-4.55508542227437,5.23642944739609e-06,-0.876678536073127,-0.349204913255957,21.7928081464457,0.0572042346209255,16,0.239075883054233,0.000479165618075307,consensus_significant,upregulated
AT2G02750,81.0177794961029,2.56552060278554e-05,18,0.394121793555483,0.41532922305826,0.626332443432086,3,0,3,0.833333333333333,8.3528690047784e-05,0.371641617934885,0.0935234874461479,3.97377843880001,7.07413722774822e-05,0.188338950831852,0.554944285037919,32.6033213300488,0.0445127534121243,18,0.0354212895782653,0.00356735543426481,consensus_significant,upregulated
AT4G02750,81.0003379378297,2.57889131876476e-05,18,0.283841594825547,0.252009511556223,0.291122556061241,3,0,3,0.833333333333333,8.39534832435614e-05,0.247333189002394,0.0693695534693797,3.56544300247758,0.00036324210115878,0.111371362578784,0.383295015426003,52.1642247458169,0.0326018859247682,18,0.00627610962206229,0.0123259994614272,consensus_significant,upregulated
ATMG00270,62.6199661401524,2.70091629824186e-05,12,-0.352179061279643,-0.524927346768744,0.729331277120243,0,2,2,0.75,8.78322410996558e-05,-0.679562258767304,0.148888814636955,-4.5642264022608,5.01339534486426e-06,-0.971378973156595,-0.387745544378012,14.0759911662295,0.0354137123844992,12,0.239179996928391,0.000462838085539034,consensus_significant,downregulated
AT5G01460,80.75949435842,2.77060503886924e-05,18,-0.10304104483,-0.0902994711794161,0.167033354253068,0,1,1,0.777777777777778,9.00026113302575e-05,-0.0928407645923034,0.0181386191405555,-5.11840310846617,3.08133465999282e-07,-0.128391804837081,-0.0572897243475257,0.0164076263386436,1.0666318099462e-06,18,0.043688683807365,4.83863406787623e-05,consensus_significant,downregulated
ATMG00260,65.6306019425403,2.80747833895935e-05,13,-0.360030693860743,-0.468176888401888,0.943493141304502,0,3,3,0.642857142857143,9.11661973786705e-05,-0.719618964249676,0.169968543506969,-4.23383615227702,2.29738354765651e-05,-1.05275118802807,-0.386486740471288,19.5669729541237,0.0673670087303322,14,0.393246608696572,0.00152817241008475,consensus_significant,downregulated
AT4G27460,80.6343853821581,2.87559681467204e-05,18,0.466313382536257,0.310980944267065,0.505595051097153,2,0,2,0.833333333333333,9.3290630252715e-05,0.373558517231061,0.114141008288092,3.2727809473016,0.00106494976489862,0.149846251827313,0.597270782634809,70.3539868438262,0.127129412340969,18,0.00013827890591956,0.0266397330903528,consensus_significant,upregulated
AT1G30590,80.6288840353908,2.88030134764999e-05,18,0.144903569485372,0.10135678786976,0.230332729099005,2,0,2,0.777777777777778,9.34374149911757e-05,0.122687300019247,0.0400337399153572,3.06459751895882,0.00217963102205913,0.0442226116187028,0.20115198841979,56.6129741708397,0.0142810406640842,18,0.00283409482100345,0.0432081898548809,consensus_significant,upregulated
AT1G74080,80.626666203953,2.88220006659365e-05,18,0.0531059673630904,-0.137072385738876,1.18897502511538,0,3,3,0.611111111111111,9.34873230774808e-05,-0.402946491181277,0.0936768032029569,-4.30145433451936,1.6968074591286e-05,-0.586549651645918,-0.219343330716634,25.8261730965939,0.0346046264100913,18,0.128490950103958,0.00120433868959546,consensus_significant,upregulated
AT3G09260,80.5623343450892,2.93780870612765e-05,18,-0.208428657950862,-0.182532637870044,0.500091007096343,0,2,2,0.611111111111111,9.52374826088266e-05,-0.195995280366894,0.0652147101425249,-3.00538452043338,0.00265245294572655,-0.323813763508462,-0.0681767972253264,48.402031546909,0.0282289699314369,18,0.0030645689420025,0.0490623417597419,consensus_significant,downregulated
AT2G09255,45.6655363020485,3.17928515476756e-05,7,-1.39759495591416,-1.49126664535013,1.48752118196575,0,1,1,0.857142857142857,0.000102827992034393,-1.26041511494745,0.257606498447921,-4.8927923889399,9.94152620898675e-07,-1.76531457408885,-0.755515655806048,0.00072487926755117,3.8256897010402e-06,7,0.256350078229109,0.000124892529255949,consensus_significant,downregulated
AT3G14080,80.255265666318,3.2179495849711e-05,18,-0.0756641639522751,-0.0991346831535466,0.165132905457232,0,2,2,0.666666666666667,0.000103994272359642,-0.0956335903026519,0.03115251475346,-3.06985137667034,0.00214165316432327,-0.156691397247286,-0.0345757833580178,39.6669411481982,0.00594799605836038,18,0.0485649462611909,0.0426554828321492,consensus_significant,downregulated
AT1G08440,74.2983671731807,3.25172865044628e-05,16,1.63188304849893,1.61763185287506,1.22921624732582,2,0,2,0.9375,0.000105072823239206,1.24436332762101,0.257559095095335,4.83137016442929,1.35596631807471e-06,0.739556777343424,1.74916987789859,22.4984600712546,0.212549470783156,16,0.431291853281147,0.000162854065849509,consensus_significant,upregulated
AT1G13380,80.1760361005351,3.29434821921929e-05,18,0.0901533396126597,0.0704504097553333,0.135453528567529,3,0,3,0.833333333333333,0.00010641685873262,0.10480722785771,0.0344124445299793,3.04561995781509,0.00232201131037116,0.0373600759589677,0.172254379756451,49.4548460896038,0.00933530954477207,18,0.014759266019644,0.0449702257660684,consensus_significant,upregulated
ERCC-00009,30.2824709835531,3.4733795444944e-05,3,-0.43950282586906,-0.403966103071266,0.143228678903936,0,1,1,1,0.000112081492003733,-0.430082866607485,0.0940520935993275,-4.57281544884781,4.81213963243848e-06,-0.614421582732757,-0.245744150482213,0,0,3,0.455623801399794,0.000449861356197186,consensus_significant,downregulated
AT2G01200,79.9649453036649,3.50660992484248e-05,18,0.592776810972855,0.406344390295468,0.731971054097634,2,0,2,0.888888888888889,0.000113097540212062,0.357853468701715,0.0775770563129972,4.61287764333178,3.9713210420632e-06,0.205805232301605,0.509901705101825,9.53246352428562,0.0100022195951789,18,0.0749056545593466,0.000385136487750294,consensus_significant,upregulated
AT3G13240,61.7840938928276,3.5614317222643e-05,12,0.233218112678868,0.205279096921226,0.38603602752508,2,0,2,0.75,0.000114844279476384,0.293554258467806,0.0968116596613998,3.03222008066504,0.00242762137048735,0.103806892247913,0.483301624687699,58.1728527845729,0.057560345874465,12,0.0101117497285726,0.0462780888774728,consensus_significant,upregulated
AT1G04280,79.8664897809694,3.61010401144853e-05,18,-0.160354505161419,-0.191728148671424,0.207297924194257,0,3,3,0.833333333333333,0.000116341514000739,-0.158352299491153,0.0312099015976274,-5.07378400395825,3.89981708646388e-07,-0.219522582583541,-0.0971820163987639,13.041393235209,0.00208678511639159,18,0.283551300918888,5.84792224607203e-05,consensus_significant,downregulated
ERCC-00062,30.1935450317077,3.61139938038529e-05,3,-0.392962275918628,-0.359319362932397,0.148929994295715,0,1,1,1,0.000116376033305214,-0.375045329654018,0.0867791328020396,-4.32183772231939,1.54734980320258e-05,-0.545129304555634,-0.204961354752402,8.31037268448928,0.00191040858870848,3,0.344481734730648,0.00112283492572535,consensus_significant,downregulated
AT3G45420,79.8021217443874,3.67936536504972e-05,18,0.116143394098947,0.181063271027522,0.299411865315739,3,0,3,0.777777777777778,0.000118514703538413,0.221295220819488,0.0633558665010385,3.49289234037799,0.000477819106456074,0.0971200042681246,0.345470437370851,33.4830565692004,0.0215784908151965,18,0.128691108252731,0.0149705111831926,consensus_significant,upregulated
AT5G50990,79.7829227248559,3.70027287821857e-05,18,0.277291425825208,0.266949013378116,0.357779110381729,3,0,3,0.833333333333333,0.000119158567135585,0.301759650477425,0.0844856389064579,3.57172715248721,0.00035463477173136,0.136170841009912,0.467348459944939,56.9920811405941,0.0568182794040797,18,0.00156124611766044,0.0121672549396228,consensus_significant,upregulated
AT5G02502,79.7689703696343,3.71553925933971e-05,18,-0.132498649718855,-0.113542434116975,0.231201141605992,0,3,3,0.833333333333333,0.000119642761570288,-0.155718778554438,0.0518529785530076,-3.00308261742865,0.00267259867268014,-0.257348749009461,-0.0540888080994152,48.3623221749261,0.0209694342866015,18,0.0101267088784135,0.049259363955004,consensus_significant,downregulated
AT1G28090,79.7071007159819,3.78397679885426e-05,18,0.104320228769669,0.0977816333236655,0.177864879823582,3,0,3,0.777777777777778,0.000121786047276036,0.126492452044552,0.0395894122258013,3.19510810928672,0.00139778470442671,0.0488986299128721,0.204086274176232,40.8776713571005,0.010424192303235,18,0.0451952165041533,0.0319988040964767,consensus_significant,upregulated
ERCC-00136,30.0562445475844,3.83523477424022e-05,3,-0.399354976888471,-0.369561135243591,0.126024899672564,0,1,1,1,0.000123382210387307,-0.3818274127026,0.0838785767659853,-4.55214462887072,5.31018090996164e-06,-0.54622640223841,-0.217428423166791,0,0,3,0.476359231863323,0.000485058849176848,consensus_significant,downregulated
ERCC-00042,30.0028389114979,3.92596290534743e-05,3,-0.429037598185809,-0.353074093622169,0.193909891690552,0,1,1,1,0.000126214941000023,-0.394000527296948,0.0900842251194327,-4.37369058538924,1.22163495726664e-05,-0.570562364106234,-0.217438690487661,3.14993089150575,0.000786993774062676,3,0.28494253432615,0.000923371476155778,consensus_significant,downregulated
ERCC-00004,29.9807804299687,3.96405403789766e-05,3,-0.414273506430621,-0.325075173829613,0.192871717112836,0,1,1,1,0.000127400067261704,-0.394204468889907,0.0988696160738926,-3.98711438906861,6.68817840131478e-05,-0.587985355560039,-0.200423582219775,19.9368697214928,0.00589058897134574,3,0.256126135949622,0.00341881229727898,consensus_significant,downregulated
AT5G18830,79.5246024715389,3.99306419266737e-05,18,-0.0613575948576698,-0.129932748133059,0.180713360496444,1,2,3,0.833333333333333,0.000128308583868022,-0.106719012725745,0.0265134858276099,-4.02508419374314,5.69549344911296e-05,-0.158684490052474,-0.0547535353990169,16.0603295402094,0.00185772040604321,18,0.0658012975536681,0.0030122832019753,consensus_significant,downregulated
AT5G27460,79.5165021381624,4.00260039835907e-05,18,0.130322757653559,0.124497805015948,0.297174536960723,2,0,2,0.777777777777778,0.00012859112551856,0.115508406738152,0.0268092257144899,4.30853199448135,1.64341705813432e-05,0.0629632898843465,0.168053523591957,8.79225915307003,0.00109841248842638,18,0.029908784017069,0.0011760972502654,consensus_significant,upregulated
AT1G53750,79.3716964655073,4.17685656538139e-05,18,-0.083117203404809,-0.1017243449617,0.0748301924347363,0,2,2,0.833333333333333,0.000134056664770181,-0.0937545404090327,0.022603090597733,-4.14786376241999,3.35591992098281e-05,-0.138055783919885,-0.0494532968981801,30.7443856760259,0.0025742077739023,18,0.252706913135002,0.002001362634256,consensus_significant,downregulated
AT1G06900,79.2139461726299,4.37508031047157e-05,18,0.111934312959034,0.0725813765444706,0.153742408045434,2,0,2,0.722222222222222,0.000140175963450697,0.106307772302173,0.0334275348366441,3.18024565142735,0.00147150253636643,0.040791007930393,0.171824536673954,53.8479374139346,0.0092703316842025,18,0.00757361803000972,0.0331512972630638,consensus_significant,upregulated
AT5G35080,79.1434524098825,4.46658754070924e-05,18,0.100601992715765,0.0933205292840518,0.112310153464912,4,0,4,0.833333333333333,0.000143019532327935,0.110184817627701,0.0214138983332359,5.14548149585107,2.66835504601226e-07,0.0682143481259568,0.152155287129446,14.0424365953547,0.00111468809795727,18,0.294047972267656,4.33996655822257e-05,consensus_significant,upregulated
3582,33.7484957893828,4.51179118597363e-05,4,0.329400093749461,0.403826413860591,0.319199458866869,0,0,0,0.75,0.000144395680053781,0.450476727011656,0.11133386484944,4.04617882996202,5.20604680069416e-05,0.232266361647104,0.668687092376207,14.8892225952943,0.00775416219523127,4,0.265000692498277,0.0028136513771585,consensus_significant,upregulated
AT1G76380,78.9615526973891,4.7113829849888e-05,18,-0.086572149248282,-0.103194449807616,0.187343095200589,0,3,3,0.722222222222222,0.000150477223571633,-0.106954304639698,0.0346855360303702,-3.08354192785287,0.00204552284183258,-0.17493670604369,-0.0389719032357059,47.9429408486189,0.00834689095356877,18,0.0119508866864511,0.0413761821152599,consensus_significant,downregulated
AT2G28320,78.954913722232,4.72055968107487e-05,18,-0.110841811721681,-0.100502982346442,0.19906593102524,0,3,3,0.777777777777778,0.000150751764710477,-0.129688248190737,0.0218707251972193,-5.92976442350554,3.03369605394622e-09,-0.17255408189306,-0.0868224144884147,0.0662360113355427,6.0948531204028e-06,18,0.384526071078823,1.03552819778254e-06,consensus_significant,downregulated
ERCC-00002,29.5599604591374,4.76496444987929e-05,3,-0.410038874387314,-0.396167475320619,0.113542810300278,0,1,1,1,0.000152123036177145,-0.400603877968999,0.0882368572381179,-4.54009685417422,5.622839309255e-06,-0.573544940264712,-0.227662815673285,0,0,3,0.562554353940874,0.000504732516819008,consensus_significant,downregulated
AT4G19960,78.9217723987475,4.76662941150116e-05,18,-0.258175109303085,-0.310998510760454,0.385836830052536,0,3,3,0.777777777777778,0.000152166830536549,-0.210138000644279,0.065770997834527,-3.19499486951626,0.00139833326316037,-0.339046787627214,-0.081229213661344,39.7837180471884,0.0270512224538201,18,0.0317859257956646,0.0319988040964767,consensus_significant,downregulated
9199,33.6059129750808,4.7878192097409e-05,4,-0.412122737379787,-0.195094507432579,0.569845625447693,0,0,0,1,0.000152815081978207,-0.202008298513575,0.0474523054223583,-4.25708080388428,2.07113513748894e-05,-0.295013108124792,-0.109003488902358,0.00293858374206425,3.61783460497862e-07,4,0.0624258475712748,0.00141766194556037,consensus_significant,downregulated
AT2G32885,47.9162312682512,4.89603781997744e-05,8,1.44982054188145,1.50843652263333,0.709686926962629,2,0,2,1,0.00015618270368448,1.47792568532626,0.320378910065489,4.61305547554348,3.96792342545356e-06,0.849994560191701,2.10585681046081,15.9023437087121,0.129562284260181,8,0.537346255492401,0.000385136487750294,consensus_significant,upregulated
AT2G08455,47.8573666231074,5.00128635681744e-05,8,0.932695206937792,0.586234452108797,1.26553365647043,2,0,2,1,0.0001593833741896,0.61264586125109,0.134156779884523,4.56664107306713,4.95601542664438e-06,0.349703404395557,0.875588318106623,14.2527381911128,0.0204368514559335,8,0.471563043266483,0.000459057103574354,consensus_significant,upregulated
AT2G46050,78.7019013569473,5.08352020308919e-05,18,0.673180286555325,0.562305604826893,0.778274476133923,3,0,3,0.833333333333333,0.000161904628166748,0.471762200345365,0.14880023124627,3.17043996769454,0.00152208280364912,0.180119106211444,0.763405294479286,57.2217570948305,0.179463071480605,18,0.00160292573725745,0.0338100513045044,consensus_significant,upregulated
AT5G03310,47.7835891546496,5.13633113970767e-05,8,0.715047346454255,0.503576619291846,0.629813250985751,3,0,3,1,0.000163536422601048,0.604977820704068,0.186760488440708,3.23932447251087,0.00119813186840804,0.238933989625172,0.971021651782964,53.9334844117713,0.132029952667672,8,0.0435931053687303,0.0289676359902,consensus_significant,upregulated
AT3G01640,78.6347591237962,5.18430190352064e-05,18,0.148491908396936,0.110167561424003,0.169817634715207,3,0,3,0.888888888888889,0.000165023276966958,0.10961015779142,0.03212058800238,3.41245800927738,0.000643798446612667,0.0466549621445064,0.172565353438335,57.1361584333713,0.00824919488876325,18,0.00475163411495887,0.0186655379472289,consensus_significant,upregulated
AT3G48830,78.5785916745268,5.27009815342183e-05,18,0.263262928733264,0.187908664098127,0.277860873567529,2,0,2,0.833333333333333,0.000167620642395359,0.243116053213162,0.0684683902076578,3.55077799369629,0.000384094261404298,0.108920474326717,0.377311632099606,49.8440206615362,0.0330148055579701,18,0.0279568614512093,0.0128239038987777,consensus_significant,upregulated
7505,33.3307339296923,5.36847525945147e-05,4,0.303735767938333,0.281843546266182,0.460330486223338,0,0,0,0.75,0.000170697319390302,0.288224529759686,0.0665233217258262,4.3326839713085,1.47302482461363e-05,0.157841215045096,0.418607844474276,0.00698464327634398,1.6508924596419e-06,4,0.137028693604934,0.00107491448664211,consensus_significant,upregulated
AT3G27860,78.416572440518,5.52537908265543e-05,18,0.374611564341799,0.315982285159409,0.836368657310739,3,0,3,0.722222222222222,0.000175492748160394,0.681890971854326,0.113099847996645,6.02910599733566,1.64869133331666e-09,0.460219343123947,0.903562600584706,0,0,18,0.345948817414749,6.19860153172475e-07,consensus_significant,upregulated
AT2G44770,78.3708680782607,5.59953635588316e-05,18,0.106280909311712,0.0694336532988264,0.11369292602835,2,0,2,0.888888888888889,0.00017781542854056,0.108997144143326,0.0286837683711155,3.79995901281527,0.000144720021879222,0.0527779911950503,0.165216297091601,37.4006387016466,0.00491580211679651,18,0.100235047263085,0.00618505240130275,consensus_significant,upregulated
AT2G04305,78.3123511619685,5.69589390422821e-05,18,-0.130250138094077,-0.0945826940778214,0.191953615291298,0,4,4,0.833333333333333,0.000180819982582022,-0.122733054743972,0.027145549931367,-4.52129557346534,6.14622973253797e-06,-0.175937354949985,-0.0695287545379589,12.8086455513501,0.00164664712776744,18,0.0505866878022058,0.000536835850018314,consensus_significant,downregulated
AT5G41970,78.2978937644982,5.71994714638689e-05,18,0.109053432780771,0.13644602545187,0.132798223312914,2,0,2,0.833333333333333,0.000181572462901912,0.109786352382987,0.0287658136414862,3.81655647746576,0.000135327110163605,0.0534063936596831,0.166166311106291,34.1862598464143,0.00449584182638669,18,0.0918976089142928,0.00586086125519907,consensus_significant,upregulated
AT2G36660,78.2546526486853,5.7924786524396e-05,18,0.441284309752286,0.445774283503312,0.428560649878742,2,0,2,0.833333333333333,0.000183841151189548,0.360919387821091,0.0742447276336377,4.86121236247314,1.16669011235652e-06,0.215402395617175,0.506436380025006,16.4150712125358,0.0130857555729514,18,0.580471959173391,0.000142873017613675,consensus_significant,upregulated
AT3G09680,78.1976878426581,5.88939361797415e-05,18,0.511647006961439,0.282660385313596,1.41366681695199,2,0,2,0.722222222222222,0.000186802797877208,0.384573122005798,0.0722383281354567,5.32367140729878,1.0169353644404e-07,0.242988600556916,0.526157643454679,0.0025963636248068,2.81230144805194e-06,18,0.120631153163208,1.96875650927709e-05,consensus_significant,upregulated
AT1G79830,78.1759668095731,5.92676076201764e-05,18,0.0768930694427719,0.0937436565418423,0.15627982112263,0,0,0,0.777777777777778,0.000187965053656876,0.0826720303629457,0.0187568661793533,4.40756092048827,1.04541201933526e-05,0.0459092481885759,0.119434812537316,0.0302340533139528,2.02623589852219e-06,18,0.0365662111783353,0.000823067635981651,consensus_significant,upregulated
AT4G38460,78.1650104870008,5.94569634417075e-05,18,-0.15726793702981,-0.224031492947139,0.187493178907147,0,3,3,0.777777777777778,0.000188531027589691,-0.181575016826782,0.0323396939238847,-5.61461766626921,1.96997337928858e-08,-0.244959652188645,-0.118190381464919,0,0,18,0.408989969130982,5.1883298888837e-06,consensus_significant,downregulated
AT3G15930,47.3488073244674,6.00776904173865e-05,8,0.28292179183069,0.30824701938754,0.343561850227845,2,0,2,0.875,0.000190452737011531,0.250244220781167,0.0677946136625329,3.69121095706555,0.000223188927874715,0.117369219656796,0.383119221905539,29.0191044138537,0.00985617990864328,8,0.130157320050004,0.00859056504649589,consensus_significant,upregulated
AT4G29260,78.104229114097,6.05181449100746e-05,18,-0.161167343172466,-0.160270366316611,0.13364086375639,0,0,0,0.888888888888889,0.000191825591729436,-0.135756746556992,0.0274844033479702,-4.93941035714781,7.83591559329015e-07,-0.189625187255586,-0.0818883058583984,21.7230040907957,0.00263868861851438,18,0.273162915398359,0.00010424580631853,consensus_significant,downregulated
AT4G15093,78.1020474464852,6.05565742926348e-05,18,-0.0468852446010694,-0.118722432622498,0.396533937415341,1,1,2,0.722222222222222,0.000191933438513503,-0.18224473572946,0.0352889756526193,-5.16435323947786,2.41271689460204e-07,-0.251409857059905,-0.113079614399015,3.66705407482701,0.000849917761880722,18,0.194700451442792,3.99940585813202e-05,consensus_significant,downregulated
AT4G32730,78.0965312014155,6.06538468544965e-05,18,0.0953968161664229,0.129726688782593,0.183996050526168,3,0,3,0.722222222222222,0.000192208774306706,0.110249800698029,0.0324253302556253,3.40011342456266,0.000673579057405913,0.0466973212101869,0.173802280185872,30.4065773947528,0.00499505167542128,18,0.100128710180697,0.01925508309336,consensus_significant,upregulated
AT4G37553,78.091022691676,6.07511342994158e-05,18,0.249628647840121,0.212311238565152,0.595095408410934,2,0,2,0.611111111111111,0.000192490275472365,0.342810028997415,0.0838573629789639,4.08801346500021,4.35082905579664e-05,0.178452617720143,0.507167440274686,25.3588386905253,0.0234045764516756,18,0.211623785815313,0.00245902412560951,consensus_significant,upregulated
ERCC-00145,28.9749845350472,6.15036790788907e-05,3,-0.397790349904829,-0.3339071130333,0.157057207567703,0,1,1,1,0.000194794803678129,-0.381562307791112,0.0888264098686245,-4.29559528923265,1.7422517864601e-05,-0.55565887200961,-0.207465743572615,4.35323925837106,0.00105272965622422,3,0.351116303955431,0.00123153939630376,consensus_significant,downregulated
AT3G62360,78.0352272151325,6.17451277761676e-05,18,0.0618833765097186,0.0861294745458512,0.157233778093042,3,0,3,0.666666666666667,0.00019552372646192,0.093236171936636,0.0302323899245138,3.08398284652434,0.00204249371644778,0.0339817765180173,0.152490567355255,37.0049150164846,0.00490266618673091,18,0.0820445693510344,0.0413471494280829,consensus_significant,upregulated
AT1G05690,77.8929856829669,6.43510740344972e-05,18,-0.456118809777368,-0.413548998914298,0.424880133467034,0,4,4,0.888888888888889,0.000203552236315483,-0.379867021633156,0.0658993976644465,-5.76434740067585,8.19744088223181e-09,-0.509027467658354,-0.250706575607958,0,0,18,0.370178250457813,2.45847411984806e-06,consensus_significant,downregulated
AT4G05105,50.4549443224897,6.44071205033259e-05,9,0.396416086677679,0.3831144265064,1.08472808223967,1,0,1,0.666666666666667,0.000203717104104035,0.788530746136425,0.256005050197976,3.08013746418921,0.00206905075444451,0.286770067888023,1.29029142438483,45.4685791313007,0.243465541869068,9,0.0738817617914705,0.041666605985539,consensus_significant,upregulated
AT3G05860,62.9907001937545,6.55994644979618e-05,13,0.223806788485702,0.57618082917617,1.03986971024052,1,0,1,0.692307692307692,0.000207362068756241,0.699920089085753,0.166839735032377,4.19516423320816,2.72673941500961e-05,0.37292021723209,1.02691996093942,14.7115218041517,0.0481768536504264,13,0.344590826921408,0.00173375181137695,consensus_significant,upregulated
AT4G17788,77.7121659092456,6.78181680018708e-05,18,0.495566966380984,0.390782295639249,0.955369320411236,2,0,2,0.722222222222222,0.000214179794174583,0.411914490497077,0.136849735553217,3.00997651790781,0.00261267888131212,0.143693937518941,0.680135043475213,34.9886157175039,0.108250892572266,18,0.00975319110653635,0.048621316742467,consensus_significant,upregulated
AT2G26040,77.5187069713747,7.17281233988952e-05,18,-0.0658333925172626,0.267216233534515,0.943552067320016,1,0,1,0.722222222222222,0.000226183931741057,0.290752504242402,0.0629364111297053,4.61978207882225,3.84143299742561e-06,0.167399405111973,0.41410560337283,0.00159010342697013,1.19970300598644e-06,18,0.043253562227559,0.000373937916770038,consensus_significant,downregulated
ERCC-00092,28.610685433105,7.20733523904973e-05,3,-0.414858877917798,-0.39775128220716,0.13104509081356,0,1,1,1,0.000227244946383525,-0.404294043309916,0.0914044146252166,-4.42313475741443,9.72790220695101e-06,-0.583443404003307,-0.225144682616525,0,0,3,0.500671900259233,0.000776496120162225,consensus_significant,downregulated
AT5G51540,77.49762427313,7.21672005591594e-05,18,0.227761861887816,0.189699239720284,0.178091935608754,2,0,2,0.944444444444444,0.000227513203925222,0.167430883437649,0.0402958023690535,4.15504528000745,3.25223129763182e-05,0.08845256206616,0.246409204809137,43.2360672983518,0.0100521862680087,18,0.0613483638101206,0.00195692481707247,consensus_significant,upregulated
AT2G34325,74.5407088646932,7.33307435858968e-05,17,0.315898953786714,0.211493052791896,0.554610354386245,4,0,4,0.647058823529412,0.000231083116141568,0.395915956021202,0.123596654289458,3.20329023708024,0.00135866977386527,0.153670965004217,0.638160947038188,37.6578376510813,0.0756996370977339,17,0.120247539402298,0.0314469468702447,consensus_significant,upregulated
AT1G12910,77.4214801167575,7.37748181515098e-05,18,0.111405118546402,0.106502484440996,0.136528234925664,0,0,0,0.777777777777778,0.00023244016492937,0.0819360483571589,0.0257096930692126,3.18697108271889,0.00143771148274537,0.0315459758879231,0.132326120826395,45.5776037859008,0.00403468071733686,18,0.0397123616864785,0.0326166255228513,consensus_significant,upregulated
AT3G59880,77.4087979976699,7.4045924711388e-05,18,-0.255130714921164,-0.290579443367974,0.388165737050051,0,2,2,0.722222222222222,0.00023322354281137,-0.251363983717197,0.0671602638524122,-3.74274860309634,0.000182018308355903,-0.382995682060132,-0.119732285374262,37.4677460200192,0.0276023535098641,18,0.0614035308906636,0.00733939921584693,consensus_significant,downregulated
AT4G16566,77.3946499238943,7.43495088830934e-05,18,-0.187822150870082,-0.134573780159603,0.228692525943036,0,2,2,0.777777777777778,0.000234094507433962,-0.128777990752539,0.0412158352365045,-3.12447849263726,0.00178120542774002,-0.209559543408825,-0.0479964380962533,53.7380666388496,0.0139042535841097,18,0.00373212157887629,0.0375675050458793,consensus_significant,downregulated
ERCC-00165,28.5360791510342,7.44500064228592e-05,3,-0.467725132682882,-0.529476280879089,0.172680463543971,0,0,0,1,0.000234396711152734,-0.428674327979023,0.11312559638103,-3.78936634760502,0.000151032043079381,-0.650396422615456,-0.20695223334259,23.9001208188724,0.00948129606148248,3,0.304510694682451,0.00638275560889495,consensus_significant,downregulated
AT5G06810,77.3305313077845,7.57405350659592e-05,18,0.23094002957791,0.191406533698818,0.207639681318531,3,0,3,0.833333333333333,0.000238358568424591,0.205458587954773,0.0512612978563451,4.00806449595855,6.12184036997206e-05,0.104988290355556,0.30592888555399,42.2370607532168,0.0166910143075396,18,0.0527016987478983,0.0031890117043738,consensus_significant,upregulated
AT1G28250,77.3192778396225,7.59872628816695e-05,18,-0.131647960080083,-0.146763772878488,0.126518085018569,0,2,2,0.833333333333333,0.000239106034365316,-0.123349205697594,0.0274050065009344,-4.500973414963,6.76429668275379e-06,-0.177062031435512,-0.0696363799596765,31.2379929631165,0.00379293075589018,18,0.170953285616459,0.000581057564715228,consensus_significant,downregulated
AT1G16570,77.2826105972166,7.67965944326237e-05,18,0.0943916216710168,0.101325350996532,0.137846952507201,2,0,2,0.833333333333333,0.000241638075031683,0.131082963426165,0.0227610952353968,5.75907978374926,8.45737235084867e-09,0.0864720365161012,0.175693890336229,0,0,18,0.465775168293161,2.49319492642859e-06,consensus_significant,upregulated
14363,32.4414494161188,7.76196145513357e-05,4,0.50121111328523,0.556437442353054,0.29100242783505,1,0,1,1,0.000244124082828074,0.483453238635086,0.149104485971925,3.24237889613942,0.00118536314482838,0.191213816196755,0.775692661073416,44.9099569226892,0.0398508094379081,4,0.143302201294665,0.0287523989744158,consensus_significant,upregulated
ERCC-00035,28.4087619596542,7.86860627742782e-05,3,-0.427642864895656,-0.443597388671561,0.113253316071808,0,0,0,1,0.000247328327522275,-0.404314162313037,0.091383039573304,-4.42438951692684,9.67153832113423e-06,-0.583421628674511,-0.225206695951562,0,0,3,0.587046085990639,0.000773186585907132,consensus_significant,downregulated
ATMG01110,65.4054090943866,7.94875557952195e-05,14,-0.15331041947116,-0.348988258212044,0.612830596772913,0,3,3,0.642857142857143,0.000249711496478887,-0.448530004999016,0.130335025675141,-3.44136200285083,0.000578793618376407,-0.703981961246395,-0.193078048751637,25.418587628948,0.0500960766965529,14,0.213269338836757,0.0172586943079549,consensus_significant,downregulated
AT5G17700,71.2888315594706,8.07765465131875e-05,16,-0.453033918619822,-0.384159530067658,0.410171920751192,0,3,3,0.9375,0.000253592036086435,-0.332141174504686,0.0860843013736836,-3.85832456330096,0.00011416697358997,-0.500863304831397,-0.163419044177974,39.6068098900735,0.0426950550959629,16,0.0528426682459492,0.00510641315322588,consensus_significant,downregulated
AT5G64520,77.0975614062014,8.10102322290152e-05,18,0.153066586981142,0.166743741966802,0.330077488456579,3,0,3,0.833333333333333,0.00025431029231949,0.197307790710693,0.0573284243476106,3.44170963978215,0.000578050364103672,0.0849461436989469,0.309669437722439,30.8403812400955,0.017016196609161,18,0.0398230893438948,0.0172498181141099,consensus_significant,upregulated
AT2G29900,77.0632339054277,8.18161426301419e-05,18,-0.125897459635044,-0.109859758429513,0.15321578519377,0,3,3,0.888888888888889,0.000256684979667956,-0.130841331648813,0.0382020801108341,-3.42497924901493,0.000614846379882109,-0.205716032800561,-0.055966630497064,48.7783357283853,0.0110068771472111,18,0.0235696184402909,0.0181253918032974,consensus_significant,downregulated
AT1G76720,76.9344977142786,8.49082676835859e-05,18,0.185740401812301,0.244034309145432,0.326505135084634,3,0,3,0.722222222222222,0.000266032236706658,0.232875935146063,0.0559655977006037,4.1610550894474,3.16780651448175e-05,0.123185379279622,0.342566491012504,16.4597997472986,0.00871629211804946,18,0.131905565846421,0.0019178351598293,consensus_significant,upregulated
ERCC-00108,28.1987567432255,8.61998725802807e-05,3,-0.408595007164556,-0.382327211564341,0.130186994462116,0,1,1,1,0.000269948686827318,-0.400972715872743,0.0914719291173495,-4.3835602872039,1.16755318757853e-05,-0.580254402539149,-0.221691029206338,0,0,3,0.497855439776174,0.000894790688099327,consensus_significant,downregulated
AT5G40320,71.0002629913324,8.80321435611118e-05,16,0.459678122565238,0.243319448291941,1.58827339831243,2,1,3,0.529411764705882,0.000275503876203887,0.346842226971597,0.0887005131419738,3.9102617863827,9.21961450277361e-05,0.172992415803107,0.520692038140087,0.000922512306458252,1.50444184052101e-06,17,0.0138340312440815,0.0043525976238572,consensus_significant,upregulated
AT3G60820,76.7567088094933,8.9365360804321e-05,18,-0.0298783835226486,-0.0762924739210196,0.137944396930849,0,2,2,0.722222222222222,0.000279608849234692,-0.0781958102011151,0.0156510617213083,-4.99619844286056,5.8471492756026e-07,-0.108871327494693,-0.0475202929075373,2.66455958812221,0.000122062084151891,18,0.177236453813483,8.19928359500987e-05,consensus_significant,downregulated
AT1G71490,76.7372652558795,8.98663333439841e-05,18,0.292564567690182,0.26773069982375,0.443019740394856,3,0,3,0.777777777777778,0.000281091578791425,0.279640790604679,0.0618755644423179,4.51940589350692,6.20134044966632e-06,0.158366912774648,0.400914668434709,17.5443011770081,0.0108444001272455,18,0.270502236287359,0.000539601607871721,consensus_significant,upregulated
AT2G08730,46.1872106728735,9.10801900381617e-05,8,0.238719112354582,0.17878275689131,0.234974529227866,2,0,2,0.875,0.000284648217207842,0.383009288099149,0.0799273349504868,4.79196870928343,1.65152665129857e-06,0.226354590215925,0.539663985982372,8.06806847238769,0.00439196960798497,8,0.503240443545265,0.000189574798176935,consensus_significant,upregulated
AT1G35530,76.6053773927534,9.33370094420752e-05,18,0.149212808524417,0.221025321108188,0.494215976552403,3,0,3,0.722222222222222,0.000291420569515319,0.263725268496266,0.0793671930007721,3.32284988954694,0.000891028489395676,0.108168428660713,0.419282108331819,36.7937471712726,0.0377758593494073,18,0.0519680679668208,0.0236350317708616,consensus_significant,upregulated
AT4G02660,76.5920744511608,9.36942031279723e-05,18,0.337276388996448,0.267703207921428,0.40649549109729,2,0,2,0.888888888888889,0.000292483028782924,0.261346368667766,0.0797168773220188,3.27843208925569,0.00104385477678509,0.105104160156611,0.41758857717892,56.4199555562838,0.0558128961615295,18,0.00319481228072561,0.0263037208541611,consensus_significant,upregulated
17544,31.9714180403845,9.42459016898728e-05,4,-0.0162053378926738,-0.041151311203485,0.282525843474391,0,0,0,0.5,0.000294152176535335,-0.224340930017957,0.0520482529994663,-4.3102489918395,1.63070831614004e-05,-0.326353631355139,-0.122328228680774,0.034848099460743,5.03954740232264e-06,4,0.151355802963987,0.00116861423031229,consensus_significant,downregulated
ERCC-00096,27.9819244277433,9.47020927153883e-05,3,-0.392881744480572,-0.364213521362125,0.112978593711232,0,1,1,1,0.000295522686028221,-0.385909882858212,0.0879932038908584,-4.38567827734597,1.15624912720431e-05,-0.558373393368585,-0.21344637234784,0,0,3,0.561559130199202,0.000888498707046658,consensus_significant,downregulated
AT4G34400,73.6558605627878,9.50344053913305e-05,17,0.666239478375698,0.529860567806419,0.849984132130048,3,0,3,0.882352941176471,0.000296488379070416,0.550901687609515,0.101306723647801,5.43795779562231,5.38947361621198e-08,0.352344157868072,0.749459217350957,0,0,17,0.324777739587576,1.23418044874635e-05,consensus_significant,upregulated
AT2G40720,76.4568198710698,9.74018553031028e-05,18,0.235426723548169,0.142081686303808,0.352948672055737,2,0,2,0.833333333333333,0.000303618840365546,0.212054718683352,0.0678481024815436,3.12543329772614,0.00177543329561611,0.0790748814001439,0.34503455596656,53.1963722552548,0.0340680947115087,18,0.00639638803962281,0.0375220289652734,consensus_significant,upregulated
AT1G55870,76.4400810712176,9.78704677741161e-05,18,0.189834076858813,0.121392580405792,0.213884000845018,3,0,3,0.944444444444444,0.000304933074075183,0.154489400813516,0.0439006487142704,3.51906874586338,0.000433064474516492,0.0684457104356017,0.240533091191431,52.7603959076896,0.0154581583863341,18,0.00482906853411914,0.0139646471074044,consensus_significant,upregulated
20050,31.8543177747858,9.89064080242288e-05,4,-0.295853581307322,-0.302119190433671,0.0914945032068774,0,0,0,1,0.00030804977693624,-0.336154029837231,0.0707754746080402,-4.74958354852265,2.03835972254503e-06,-0.474871411057719,-0.197436648616743,0,0,4,0.871477172174037,0.000225017565626651,consensus_significant,downregulated
AT5G27280,76.3940333285411,9.91708914695918e-05,18,-0.196359086251407,-0.178766323018238,0.328928809679283,0,3,3,0.666666666666667,0.000308836459748187,-0.180843843877045,0.0589433517847525,-3.06809569529478,0.00215427619219831,-0.296370690503234,-0.0653169972508552,45.0829248926985,0.0209163173166406,18,0.045785266863501,0.0428246996000065,consensus_significant,downregulated
AT3G06755,61.6122031760342,0.000101426078386337,13,-0.450273673143975,-0.414714542238352,0.518857919282183,0,3,3,0.846153846153846,0.000315594418125257,-0.430209743768063,0.0768108502702115,-5.60089807956345,2.13244096096621e-08,-0.580756243919576,-0.27966324361655,0,0,13,0.70366468356842,5.50445606063536e-06,consensus_significant,downregulated
2700,31.7919358034404,0.000101481090113875,4,-0.150071067465734,-0.215604895547094,0.222289306319278,0,0,0,0.75,0.00031574666135125,-0.267500020091682,0.0587084745287611,-4.55641237894257,5.20347307188038e-06,-0.382566515755341,-0.152433524428023,0.0132379930316871,2.18207066066725e-06,4,0.396222825699931,0.000476991160532582,consensus_significant,downregulated
AT4G27710,76.2670204258179,0.00010284513643623,18,-0.22231747462263,-0.135850047440996,0.291504054857048,0,2,2,0.833333333333333,0.000319741549429542,-0.21297540969695,0.0423457720617485,-5.02943739900149,4.91921070316006e-07,-0.29597159783552,-0.129979221558381,8.85903340002647,0.00275628039704879,18,0.332900663371069,7.07887497806876e-05,consensus_significant,downregulated
AT2G14820,73.3445361807548,0.000104059860053517,17,0.0311208458824413,0.312384133804507,0.887956461630166,2,0,2,0.705882352941177,0.000323401844110036,0.339910559712536,0.0997735239951106,3.4068212297402,0.000657241597173316,0.144358046071477,0.535463073353596,28.8664115993293,0.0411305392480952,17,0.136505172917924,0.0189341049571018,consensus_significant,upregulated
AT3G51750,76.1499493957417,0.000106348245263744,18,-0.211768536300247,-0.316277838480211,0.783510316262229,0,1,1,0.777777777777778,0.000330276464662134,-0.309313694069115,0.0978962606740892,-3.15960683216354,0.00157982169655165,-0.501186839211475,-0.117440548926756,33.0841887183552,0.0479157696583654,18,0.023443143557029,0.0346950025970196,consensus_significant,downregulated
4868,31.6732552864023,0.000106562925067032,4,0.472488927423216,0.458132072626239,0.0836044670033266,0,0,0,1,0.000330903576277614,0.431021914934049,0.0922282104490674,4.67342814997022,2.96213362184374e-06,0.250257944095296,0.611785885772802,0,0,4,0.949647056821043,0.000303729922600278,consensus_significant,upregulated
18051,31.6533317521289,0.000107440264682179,4,0.294437346651771,0.376433604656929,0.247275430465018,0,0,0,0.75,0.000333588010126213,0.409367416158102,0.08681519635202,4.71538893373219,2.41249465352772e-06,0.23921275799737,0.579522074318835,0,0,4,0.605958286073702,0.000259579619115183,consensus_significant,upregulated
AT5G64920,76.0962719751703,0.000107992785633768,18,0.0238255435135229,0.060311924729715,0.179360415129319,2,0,2,0.555555555555556,0.000335223299472379,0.100391487658593,0.0276417348101582,3.6318808623292,0.000281363019632448,0.0462146829604753,0.15456829235671,18.8236537128747,0.00233651459958988,18,0.112272556399289,0.0102371941869635,consensus_significant,upregulated
AT4G33495,76.0809435891947,0.000108466908495626,18,0.0966181082111253,0.151472543438298,0.179252457852807,2,0,2,0.722222222222222,0.000336654767242643,0.140686412594756,0.0248290636255367,5.66619888355597,1.46000053103304e-08,0.092022342118851,0.189350483070662,0.00893477580584545,1.0753962342978e-06,18,0.396813806664873,3.96600353676012e-06,consensus_significant,upregulated
AT5G42510,67.2758563165647,0.000111359304893232,15,-0.198210003870687,-0.390123773948076,0.867620628205381,0,2,2,0.866666666666667,0.000345219166363853,-0.421401763946499,0.0910041070884141,-4.63057962358875,3.64643523515765e-06,-0.599766536285017,-0.243036991607981,13.6823373860019,0.0156996525626633,15,0.336487946204524,0.000359679934868669,consensus_significant,downregulated
AT5G55840,75.8171153217349,0.000116950132172631,18,0.194523524973486,0.203749311626616,0.278563756666441,2,0,2,0.777777777777778,0.000361924083828734,0.220507503527232,0.0466915360466675,4.72264402068156,2.32798122268047e-06,0.12899377449291,0.312021232561554,12.2680894033385,0.00456045636212106,18,0.264534507544804,0.000252160705130592,consensus_significant,upregulated
AT1G67150,72.9138004395746,0.000117927093188969,17,-0.127195235036387,-0.370429424193836,0.850777331782444,0,3,3,0.647058823529412,0.000364816224312301,-0.361034551722845,0.105996433727704,-3.40610093213431,0.000658978120101421,-0.568783744318831,-0.153285359126859,37.1285539205209,0.0596237884028114,17,0.0816701490727786,0.0189596331711391,consensus_significant,downregulated
AT2G12905,48.6964797031106,0.000118542187666881,9,0.140229536034415,0.559844718968464,1.17990247930538,2,0,2,0.777777777777778,0.000366588695829041,0.694389573836502,0.138521411429994,5.01286816722505,5.36246386388151e-07,0.422892596346059,0.965886551326946,0.0019140283640619,3.88569685864985e-06,9,0.3832160413068,7.60180533097345e-05,consensus_significant,upregulated
AT3G63130,75.7451919993741,0.000119371943572022,18,0.10730798174491,0.0810993471920802,0.171907310606701,2,0,2,0.722222222222222,0.000369000788763043,0.102943332131941,0.0342975180023429,3.00148051893751,0.00268670229692388,0.0357214320882346,0.170165232175647,39.2271082979216,0.00738952789529895,18,0.0430753970579453,0.049413988647146,consensus_significant,upregulated
AT1G45000,75.715589478293,0.000120382753207322,18,-0.0769550900787714,-0.078538309981834,0.0887082213561437,0,1,1,0.722222222222222,0.000371992455001977,-0.0803553467264861,0.0248472993457301,-3.23396702427924,0.00122083550681717,-0.129055158557203,-0.0316555348957696,45.2213398849781,0.00412518793452308,18,0.0218358960447152,0.0293368509753099,consensus_significant,downregulated
AT1G24625,75.5753927721424,0.000125283444820753,18,-0.0533389042294579,-0.0785774515273323,0.327005602263423,0,4,4,0.722222222222222,0.000386813567498033,-0.139254722697652,0.0359747533335536,-3.87090139038618,0.000108433652057849,-0.20976394358413,-0.0687455018111751,28.8092253576346,0.00585435943385483,18,0.0990901057342944,0.00491780734560265,consensus_significant,downregulated
AT3G08570,75.5730988964775,0.000125365211704749,18,0.227186997224739,0.17611549484249,0.286569188322491,2,0,2,0.833333333333333,0.000387042998791753,0.25635814773613,0.0589046889727331,4.35208388681583,1.34849643457033e-05,0.140907078829039,0.37180921664322,22.0539914974317,0.0125972564775909,18,0.245474263230714,0.00100093546511083,consensus_significant,upregulated
AT5G62990,75.5261548494857,0.000127049946168676,18,0.250743028846294,0.183689468206258,0.254881014275318,3,0,3,0.833333333333333,0.000391941230153378,0.254307779998009,0.0578151981996738,4.39863198461618,1.08935369631636e-05,0.140992073767604,0.367623486228415,21.4077925991187,0.0114681557896124,18,0.324297516552807,0.000848649056751926,consensus_significant,upregulated
AT5G64905,72.6490787092186,0.000127319939991393,17,-0.438973697745535,-0.423145491887673,0.574938782726136,0,2,2,0.823529411764706,0.000392727457832717,-0.431987444465113,0.137351392551712,-3.14512606271883,0.00166015276306129,-0.70119122709289,-0.162783661837335,41.829323969331,0.111416842853283,17,0.0538479669960496,0.0358151209807367,consensus_significant,downregulated
AT1G80060,75.4534424560346,0.000129702755183532,18,0.0858146721804031,0.157071730065905,0.236534545358044,2,0,2,0.666666666666667,0.00039981604185903,0.169975524686795,0.0317463186024822,5.35418064737449,8.59449647780263e-08,0.107753883584196,0.232197165789394,0,0,18,0.242893359403885,1.70197272997829e-05,consensus_significant,upregulated
AT5G47570,75.4178162949443,0.000131021996588571,18,-0.08503658924487,-0.089143340556176,0.137379176855227,0,2,2,0.777777777777778,0.000403762774310855,-0.0948069679750687,0.0290510567289387,-3.26346021969756,0.00110060634085751,-0.151745992876619,-0.0378679430735188,36.7797346464486,0.00514507437995996,18,0.0608114547719125,0.0271664411936495,consensus_significant,downregulated
AT2G30780,75.3761602973105,0.000132580979537438,18,0.102069807177661,0.120750506920879,0.159526750657397,2,0,2,0.833333333333333,0.000408469988066756,0.090904109317837,0.0301877119646786,3.01129510657185,0.00260135897853378,0.0317372810913981,0.150070937544276,36.4530955344211,0.00515962826511899,18,0.054433498316433,0.0484802116531058,consensus_significant,upregulated
15142,31.1383596211428,0.000132755260091233,4,0.253197236341535,0.220805995172241,0.229374946465513,0,0,0,1,0.000408958378086127,0.217736069826945,0.0481807765114068,4.51914820790396,6.20889214207496e-06,0.123303483117414,0.312168656536476,0.00377885820612408,4.59614746474481e-07,4,0.440744513553991,0.000539601607871721,consensus_significant,upregulated
9257,31.1314099047257,0.000133134211437722,4,-0.316215483627458,-0.378588171611781,0.196471642389649,0,0,0,1,0.000410101413011408,-0.360735014927349,0.0780602115203206,-4.62124055138439,3.81452164286553e-06,-0.513730218132756,-0.207739811721942,0,0,4,0.648111136913016,0.000372016242327886,consensus_significant,downregulated
15379,31.1270595288312,0.000133371968543862,4,0.485559615279574,0.495926627604747,0.196606383011455,0,0,0,1,0.000410760653892416,0.487812023133356,0.107633677622427,4.53215047472942,5.8386233660458e-06,0.276853891469805,0.698770154796908,0,0,4,0.646513603097946,0.000518251539225518,consensus_significant,upregulated
AT5G47460,75.3312458615909,0.000134282000333302,18,0.255198039658321,0.24633049637509,0.388370745163623,2,0,2,0.722222222222222,0.000413416188118325,0.281314897563897,0.0928337361343817,3.03030890792415,0.00244303727919975,0.0993641181902141,0.463265676937579,44.3948898794196,0.0612290393726669,18,0.0340708785019078,0.0464132355159282,consensus_significant,upregulated
AT5G49120,75.3258663605482,0.000134487144609222,18,0.788657131183877,0.496170093798457,1.01925866325186,2,0,2,0.944444444444444,0.000413974099541145,0.39630255118635,0.077120710411755,5.13873055720639,2.76600673655663e-07,0.245148736317167,0.547456366055533,0.00444266392544349,5.07463762016031e-06,18,0.212797967282552,4.45687868072995e-05,consensus_significant,upregulated
AT2G25650,75.3107547673967,0.000135065038989548,18,0.0992914128661631,0.112987177434194,0.234129676734579,1,0,1,0.722222222222222,0.000415654348567835,0.117760793905426,0.0245466587988273,4.79742660174394,1.60717072112142e-06,0.0696502267189315,0.165871361091921,0.00112574639498027,1.38921853703865e-07,18,0.102303477334745,0.000185715914687447,consensus_significant,upregulated
AT1G61050,69.544749883585,0.000135386864210104,16,0.191714582983671,-0.0922857742634063,1.3853647098418,0,2,2,0.625,0.000416620042651998,-0.318968629736724,0.0792845927671895,-4.02308467009903,5.74408345453289e-05,-0.47436357608934,-0.163573683384108,22.6810265397695,0.019912506806443,16,0.101717395533246,0.00302429920832535,consensus_significant,upregulated
AT1G68930,75.2943104476414,0.000135696626516769,18,0.388126186942334,0.325639542072289,0.275915472880065,2,0,2,1,0.000417548503755667,0.254582183494434,0.0549924264484786,4.62940444595488,3.66718897729185e-06,0.146799008232948,0.36236535875592,25.9695410943315,0.0115012518659951,18,0.346957635673945,0.000361040669635313,consensus_significant,upregulated
ERCC-00043,27.1488957435235,0.000135795752073742,3,-0.364819757776906,-0.286477501137932,0.184830524647293,0,1,1,1,0.000417803979392928,-0.340736789786205,0.0877593198349208,-3.88262796962358,0.000103333603243889,-0.512741895970381,-0.168731683602028,12.2205007518322,0.00292285656703871,3,0.265815126253019,0.00475568319787939,consensus_significant,downregulated
AT5G05540,75.2839087188572,0.000136097605440724,18,0.106423868603085,0.0792165513685016,0.20396710753683,4,0,4,0.722222222222222,0.000418658239685811,0.109787828700068,0.0355591898842993,3.08746709520915,0.00201870119337962,0.0400930972074204,0.179482560192716,54.5641849501877,0.00959303668302604,18,0.00795668333411953,0.0409934609461088,consensus_significant,upregulated
AT3G09405,75.2673636057202,0.000136737768108746,18,0.387128124231411,0.352100204815712,0.432173520760632,2,0,2,0.888888888888889,0.000420477953703758,0.367238814433496,0.091849869973074,3.99825078185906,6.38123217262152e-05,0.187216377301584,0.547261251565408,35.3191581636286,0.0465285552567343,18,0.0947479788604172,0.00330093569336286,consensus_significant,upregulated
14829,31.0576103384609,0.000137224579547002,4,0.295360234432697,0.202468930777977,0.376436983394683,1,0,1,0.75,0.000421899940943602,0.225568936388183,0.053825799094389,4.19072155329501,2.78068740712674e-05,0.120072308724092,0.331065564052274,0.0225998357381515,3.61792466921644e-06,4,0.149253130734367,0.00175942909062639,consensus_significant,upregulated
AT5G04980,75.239698935676,0.000137814675598284,18,-0.303800160256036,-0.285349469730688,0.238709414274258,0,2,2,0.888888888888889,0.000423664009845794,-0.228996469519075,0.0593008488395439,-3.86160525524167,0.000112644464080044,-0.345223997497234,-0.112768941540915,45.3299491081263,0.0246600968137952,18,0.0450932252396937,0.00505891979147409,consensus_significant,downregulated
AT2G19260,75.2004188537653,0.000139357832486444,18,0.17714840951035,0.171794634228276,0.157203883682874,3,0,3,0.888888888888889,0.000428281079102259,0.156047493902063,0.0288773229855106,5.40380747828878,6.52409682419369e-08,0.0994489808805313,0.212646006923594,0,0,18,0.461884965837879,1.41630225785132e-05,consensus_significant,upregulated
AT3G57040,75.1564535885398,0.000141104859683759,18,-0.145213054939608,-0.147582439404054,0.252558110875886,0,2,2,0.833333333333333,0.000433419146738876,-0.142203045205786,0.0439361482610034,-3.2365842440495,0.00120969514167246,-0.228316313416765,-0.0560897769948077,46.097567061306,0.0134575765066702,18,0.0204243852573431,0.0291112350327151,consensus_significant,downregulated
AT2G01730,75.0701137999924,0.000144597506312372,18,0.379302285518554,0.308079851938758,0.421677345764095,3,0,3,0.833333333333333,0.000443569665767386,0.278125899488031,0.075124097646768,3.70221950346444,0.000213721587216207,0.130885373729296,0.425366425246767,45.467439417216,0.0360063622973468,18,0.0322775403775543,0.00832487299634062,consensus_significant,upregulated
AT3G07860,75.0698334477091,0.000144608982152394,18,0.190921739719315,0.129975782246236,0.22400984454733,2,0,2,0.888888888888889,0.000443578651459302,0.114997358767293,0.0233511399608168,4.92469999153182,8.44898788824007e-07,0.0692299654461379,0.160764752088448,0.00260990087020259,2.79765393225429e-07,18,0.226607283943663,0.000110419971686007,consensus_significant,upregulated
AT4G34200,75.0288501575943,0.00014629607952398,18,0.159561630043544,0.146918579636023,0.24164196352995,3,0,3,0.722222222222222,0.000448647649691213,0.128993741683652,0.0244353455534856,5.27898168664335,1.29903785969857e-07,0.0811013444490297,0.176886138918275,0.0107757111088281,1.34283090010508e-06,18,0.224720551433197,2.4157448140717e-05,consensus_significant,upregulated
AT3G29400,75.0193913263423,0.000146688149762093,18,-0.19753695201263,-0.113524539133812,0.35382375542329,0,4,4,0.833333333333333,0.000449796860498783,-0.15518108781998,0.0340573152261514,-4.55646861150178,5.20208087238104e-06,-0.221932199073365,-0.088429976566596,0.0119025624459668,2.61059208577934e-06,18,0.0290735646779148,0.000476991160532582,consensus_significant,downregulated
AT2G42955,74.9549707926813,0.00014938552434858,18,0.527604561195381,0.512829378829612,0.403416092401761,4,0,4,0.888888888888889,0.000457824511320677,0.498961423884978,0.135493058015353,3.68256079826939,0.000230902775672511,0.233399910019691,0.764522937750266,44.5190269351967,0.126904869315424,18,0.0323786758253175,0.00882022741067916,consensus_significant,upregulated
AT1G58330,60.3285147955906,0.000151458691220661,13,1.85588254369717,1.82248059917333,1.09667808892922,1,0,1,1,0.000463986396708978,1.71036458467797,0.311248478516841,5.4951741220654,3.90325096172148e-08,1.10032877654208,2.32040039281387,0,0,13,0.709910255398883,9.33254713815472e-06,consensus_significant,upregulated
AT1G05600,74.8976586741805,0.000151825492108077,18,0.189396026521864,0.142302405170768,0.290941634773292,4,0,4,0.666666666666667,0.000465055173861031,0.201462934732838,0.0669508171049523,3.00911838636747,0.0026200699945105,0.0702417444716032,0.332684124994072,56.2319517860217,0.0381013465889118,18,0.000826519503113618,0.0486833147860598,consensus_significant,upregulated
AT1G53163,74.894991452593,0.000151939977209342,18,-0.372683002956728,-0.312681642048916,0.70923663482431,0,2,2,0.944444444444444,0.000465378386376045,-0.310396670290082,0.0788062041135053,-3.93873393321945,8.19127044250408e-05,-0.464853992110864,-0.155939348469299,19.1220785763803,0.0197118874063682,18,0.0238199193915049,0.0039793621314502,consensus_significant,downregulated
ERCC-00084,26.8158935317842,0.000156770363951309,3,-0.405833519629966,-0.398313335422167,0.168986008746985,0,1,1,1,0.000479579079301952,-0.379679181049404,0.100521910226541,-3.77707884971288,0.000158678507490984,-0.576698504750593,-0.182659857348215,17.7536671509048,0.00548256092404213,3,0.310121173889574,0.0066501419084509,consensus_significant,downregulated
AT1G09040,74.7813025158832,0.000156898139868013,18,0.113848873355864,0.162443752605688,0.272442909626831,1,0,1,0.833333333333333,0.000479941672498952,0.155123246810851,0.0293569882278042,5.28403137294353,1.26371595210952e-07,0.0975846071897888,0.212661886431914,0.0119466643304046,2.06540724274884e-06,18,0.341455997482385,2.37560284272646e-05,consensus_significant,upregulated
AT4G20840,74.7008779394934,0.000160499590275217,18,-0.104262537659708,-0.139159227788573,0.24918857223862,0,2,2,0.722222222222222,0.000490524628128255,-0.136091089548599,0.041809178621851,-3.2550529341773,0.0011337123298614,-0.218035573870629,-0.0541466052265692,31.0611086045029,0.00901573771745138,18,0.0558497864693223,0.027746004963457,consensus_significant,downregulated
AT3G02910,44.5052902360961,0.000165216842389663,8,-0.16627341397667,-0.165524005956356,0.139530425481712,0,1,1,0.875,0.000504288363730058,-0.254558468303064,0.0493455388351755,-5.15869264602304,2.48680149766499e-07,-0.351273947217731,-0.157842989388397,2.21191937079478,0.000553069070749965,8,0.741362491846665,4.09603837793176e-05,consensus_significant,downregulated
AT1G05330,74.5524491776377,0.000167357034555381,18,0.782460176587991,0.593724768606989,1.08130843520513,2,0,2,0.888888888888889,0.000510520597770004,0.472770960160861,0.153820987373265,3.0735140128416,0.00211553752073102,0.171287364842871,0.774254555478851,42.0963591509163,0.141993107460116,18,0.0384374637007315,0.0422814132224993,consensus_significant,upregulated
AT3G50350,71.6705048380073,0.000168736720534067,17,-0.324322936846061,-0.201599936726843,0.471368865274006,0,4,4,0.705882352941177,0.000514487400566244,-0.221768578346885,0.0515624342186017,-4.30097185494939,1.70050659978553e-05,-0.32282909237056,-0.12070806432321,13.7581384293112,0.0058886882866563,17,0.0876491363842607,0.00120531536097367,consensus_significant,downregulated
AT4G28025,74.5189757365764,0.000168942161206045,18,-0.174029548607089,-0.207436451878836,0.155893323878674,0,2,2,0.888888888888889,0.000515083540430883,-0.139718827904557,0.0409599510350411,-3.41110827464194,0.000646993937239698,-0.219998856741762,-0.0594387990673525,34.6341700453084,0.00852502331770874,18,0.248414206698522,0.0187116128426669,consensus_significant,downregulated
AT1G73940,74.4938789555243,0.000170140111572591,18,0.100926628763164,0.0729899602177971,0.149441197124645,3,0,3,0.666666666666667,0.000518614079446119,0.13081499583588,0.0357390957792512,3.66027715541215,0.000251942585668207,0.0607676552685201,0.20086233640324,30.3905221758729,0.00589225054724778,18,0.257034995594564,0.00939827948819961,consensus_significant,upregulated
21446,30.5294862955682,0.000170330946938988,4,-0.262924009381624,-0.293365706521216,0.174125614831337,0,0,0,1,0.00051913479811383,-0.247001200015163,0.0801794485190999,-3.08060487540425,0.00206580588580284,-0.404150031412882,-0.0898523686174437,31.147262994028,0.00798785478992639,4,0.273891004846333,0.041666605985539,consensus_significant,downregulated
AT5G44980,65.8408413235564,0.000171045702234576,15,0.234382497482306,0.230211539952425,0.455344208450779,2,0,2,0.733333333333333,0.000521221406275055,0.316838529854839,0.0988803596087184,3.20426150459614,0.00135409425076008,0.123036586243382,0.510640473466296,45.3499676705135,0.0530839077585062,15,0.0709704574542929,0.0314343740968395,consensus_significant,upregulated
ERCC-00003,26.591901723716,0.000172646517084663,3,-0.361710173566395,-0.278842232382679,0.185777276300453,0,1,1,1,0.000525790804084677,-0.343868532086928,0.0948745556553416,-3.62445473089884,0.000289571732621713,-0.529819244220638,-0.157917819953218,21.7769677081997,0.00594223725654438,3,0.248843287516714,0.010491717720213,consensus_significant,downregulated
AT5G62930,74.4256354606748,0.000173439211067281,18,0.155994154052682,0.109733810700069,0.182360378981248,3,0,3,0.833333333333333,0.000528111967943851,0.117355790793332,0.0223989366792236,5.23934651336315,1.61146208326865e-07,0.0734546816100608,0.161256899976604,0.0404200221897409,3.93230748767912e-06,18,0.317555024719936,2.90309370584412e-05,consensus_significant,upregulated
AT1G60505,62.8347427412636,0.000174745058735416,14,0.347765345431757,0.109359461423191,0.899446674441246,2,0,2,0.666666666666667,0.000531963358169208,0.118614036307209,0.0389111491779554,3.04833033238732,0.00230116817743458,0.0423495853213513,0.194878487293067,24.9322003370007,0.00468112137781063,15,0.0393658593212594,0.0447503034925097,consensus_significant,upregulated
AT4G38230,74.3455897014935,0.000177387596909179,18,0.235657802625805,0.207705292721813,0.22877326662377,2,0,2,0.944444444444444,0.000539659652238178,0.229455523035964,0.0413963800186077,5.54288860361276,2.97522152671147e-08,0.148320109109159,0.310590936962768,4.74243976626511,0.00148932789252622,18,0.658668130258729,7.31594282899991e-06,consensus_significant,upregulated
AT4G22740,74.3368842419299,0.000177822202368497,18,0.14709082274722,0.117955392366036,0.162757527283522,2,0,2,0.888888888888889,0.0005409501274912,0.118301781675236,0.0320784180870116,3.68789325441006,0.000226118466405619,0.0554292375436746,0.181174325806796,41.00436887337,0.00676983798520358,18,0.0309135404759293,0.00868134972105684,consensus_significant,upregulated
AT2G14760,65.6580095818085,0.000180582933995445,15,-0.438249990669849,-0.736529603656934,1.00978789102442,0,2,2,0.8,0.000549091033879993,-0.831329574272195,0.230709217096909,-3.60336524363045,0.000314123636377557,-1.28351133068357,-0.379147817860821,23.9996020009436,0.162998034892874,15,0.321445173314141,0.0111249083616472,consensus_significant,downregulated
AT5G26660,74.1472181117361,0.000187550121063474,18,0.163108818523133,-0.176936472291795,1.13073270850466,0,3,3,0.666666666666667,0.00056960845182956,-0.311032232160751,0.0596376833079809,-5.21536409378142,1.83456527116336e-07,-0.427919943565799,-0.194144520755703,4.3997928608684e-05,3.08113185933919e-08,18,0.234467015900939,3.20486816596094e-05,consensus_significant,upregulated
AT3G12890,65.4834771782434,0.000190165828766939,15,0.730417613927699,1.20564686468252,1.09457755949662,3,0,3,0.666666666666667,0.000577282369938169,1.07354177910257,0.279545231606692,3.84031511799491,0.000122876482324292,0.525643193103544,1.62144036510159,24.5537992585424,0.262930013754507,15,0.269375271554451,0.00543042879805243,consensus_significant,upregulated
AT3G13437,74.067738329164,0.000191777550978462,18,-0.319202582538671,-0.374982889898449,0.461356026436336,0,4,4,0.722222222222222,0.000582004834132451,-0.333204650214554,0.0854063569917384,-3.9014033843732,9.56366313421531e-05,-0.500598033969132,-0.165811266459976,32.0256197511662,0.0379496277576642,18,0.139743297361376,0.00448644754119012,consensus_significant,downregulated
AT1G23560,74.0108591585765,0.000194859166951145,18,-0.115451055486353,-0.356788937446134,0.792338335759603,0,2,2,0.666666666666667,0.000590873196069841,-0.34581053749462,0.0912517906904489,-3.78963015276823,0.000150871746409753,-0.524660760772688,-0.166960314216553,35.2028052449584,0.0403107123401133,18,0.10912851328534,0.00638275560889495,consensus_significant,downregulated
AT2G33880,68.2643525814907,0.000196751507829419,16,0.875095507341038,0.981307396027018,0.990738691336985,2,0,2,0.75,0.000596367459432032,0.804642090183148,0.245950577431901,3.27156007757671,0.00106955861362556,0.322587816439792,1.2866963639265,50.8408557214149,0.420956621567282,16,0.0137457700952714,0.0266536883330204,consensus_significant,upregulated
AT3G28610,50.3264939875349,0.000198847729782903,10,0.833667807720718,0.837739800940255,0.499710207624049,2,0,2,1,0.000602615673447534,0.735485931928369,0.136485668323532,5.38874111078784,7.09529267433817e-08,0.467978937608367,1.00299292624837,0,0,10,0.735055944527136,1.49041362394883e-05,consensus_significant,upregulated
AT1G33350,73.9198824614112,0.000199887678570549,18,0.211413070267883,0.200769589236818,0.332964745773166,1,0,1,0.777777777777778,0.000605661183109934,0.197049152771105,0.0396721168982714,4.96694323815351,6.80164856733144e-07,0.11929323246003,0.27480507308218,0.00312955034495925,9.46847764141488e-07,18,0.199227751630616,9.31125947935156e-05,consensus_significant,upregulated
AT3G03300,73.7273052304831,0.000210948098761454,18,0.115564120542155,0.132950268305947,0.132443956549311,1,0,1,0.888888888888889,0.000638205611997564,0.147249581758622,0.0251285866467275,5.85984336599364,4.63303963898153e-09,0.0979984569486423,0.196500706568602,0,0,18,0.763169035102068,1.49304738278831e-06,consensus_significant,upregulated
ERCC-00079,26.1246293677703,0.00021104890361622,3,-0.425245612153184,-0.344040453885759,0.175115748008395,0,1,1,1,0.000638473370633331,-0.412972856839131,0.100037176101768,-4.12819386683821,3.65623797890892e-05,-0.609042119113687,-0.216903594564576,0,0,3,0.402529878532715,0.00212668443158868,consensus_significant,downregulated
AT2G40650,73.589183415589,0.00021924195339569,18,0.134518404956226,0.0952615614248458,0.156779835159921,2,0,2,0.833333333333333,0.000662371303521142,0.103947953469594,0.0345935679087843,3.00483470637322,0.00265725213500271,0.0361458062716362,0.171750100667552,58.1819591735246,0.0104064038927875,18,0.00140699449574313,0.049111854967134,consensus_significant,upregulated
ERCC-00022,25.9999022242339,0.000222651784260582,3,-0.38514802903641,-0.328891277910921,0.128347781557134,0,1,1,1,0.000672242597725913,-0.379060630947476,0.0909817696735732,-4.16633609466467,3.09534257397764e-05,-0.557381622757398,-0.200739639137554,0,0,3,0.519915090779261,0.00188717689903944,consensus_significant,downregulated
6918,29.7838986007538,0.000230797503325985,4,0.243974865789122,0.368804016174563,0.303310981542994,0,0,0,0.75,0.000695905491205597,0.332908528370102,0.0797194019201762,4.17600383785426,2.96674815278853e-05,0.176661371737483,0.48915568500272,0.00708342587485218,2.13192861607395e-06,4,0.283186056888128,0.00184122920046986,consensus_significant,upregulated
AT1G30100,70.5450442407425,0.000232515500053134,17,0.883301155857521,0.642600470927018,1.23861746800059,3,0,3,0.705882352941177,0.000700922748925928,0.815538744645911,0.232143029478551,3.51308736892858,0.000442931803627894,0.360546767605931,1.27053072168589,45.6036309501138,0.359377814973643,17,0.038028587564561,0.0141509074503877,consensus_significant,upregulated
AT3G58050,73.3702061902531,0.000233038876727066,18,0.135256689031372,0.0920528993328414,0.195304243044628,1,0,1,0.833333333333333,0.000702418882688393,0.0654083422292101,0.0162587986167656,4.02295051257741,5.74735760428801e-05,0.0335416825084599,0.0972750019499604,0.0176302503576804,9.25195306445611e-07,18,0.0367893217900065,0.00302429920832535,consensus_significant,upregulated
AT4G00860,73.3662090413913,0.000233298337978086,18,-0.110110217518709,-0.152136718318829,0.198624329654875,0,2,2,0.777777777777778,0.000703160106817691,-0.127008489494606,0.0357459494730817,-3.5530875908122,0.000380737668884321,-0.197069263055035,-0.0569477159341777,30.9149702696736,0.00645308667947233,18,0.0660244276250644,0.0127446407821898,consensus_significant,downregulated
AT3G04800,70.317915542441,0.000247949427359663,17,0.41721625078566,0.528732457161689,0.491961244175522,3,0,3,0.823529411764706,0.00074588901810664,0.41135376746769,0.104099392820417,3.95154819180664,7.76472314520677e-05,0.207322706727184,0.615384828208195,24.2781074602207,0.0402951621540674,17,0.185417997748163,0.00380061222326329,consensus_significant,upregulated
AT1G02575,64.5662665429291,0.000249177105162782,15,-0.445167188738173,-0.478868663307176,0.511669116375901,0,2,2,0.8,0.000749495272967461,-0.674840251747369,0.161896832567555,-4.16833511221275,3.06832602359112e-05,-0.992152212790888,-0.357528290703849,18.8791699414354,0.0663575485709374,15,0.602392248463087,0.00187732343641511,consensus_significant,downregulated
AT1G75340,73.1031761858804,0.000250997905403646,18,0.116020840305022,0.111135903081765,0.0998985159356603,3,0,3,0.833333333333333,0.000754753319139898,0.142252646766315,0.023940286359467,5.94197766185291,2.81603801506332e-09,0.0953305477221838,0.189174745810445,0,0,18,0.767064046027078,9.8721159711855e-07,consensus_significant,upregulated
AT5G15640,73.0947377061721,0.000251586625830086,18,-0.083244296787835,-0.136501781064156,0.172263607218984,0,1,1,0.666666666666667,0.000756392137357776,-0.111709501050531,0.0354425763340247,-3.15184483198222,0.00162242465543392,-0.181175674184531,-0.0422433279165309,36.282318002656,0.00761587125305947,18,0.0663696998217067,0.0352061400345183,consensus_significant,downregulated
AT1G75130,73.0288639832177,0.000256228325049301,18,0.078958846782594,0.0903799825472909,0.150000715899168,2,0,2,0.722222222222222,0.000769634023866183,0.0956610521516661,0.0281057068313158,3.40361666496426,0.000665000079247803,0.0405748790022458,0.150747225301086,32.2476535214362,0.00385978369075526,18,0.0964876182251068,0.0190940033822319,consensus_significant,upregulated
AT2G31830,72.9922795861333,0.000258841705494234,18,0.591275280029523,0.389987113285478,0.832217875717841,1,0,1,0.888888888888889,0.000777124044475977,0.282799743965782,0.0828312740613201,3.41416629371686,0.000639775136742054,0.120453430012028,0.445146057919536,38.495497666706,0.0356355978976071,18,0.0333109727838499,0.0186169900138669,consensus_significant,upregulated
AT1G49960,70.1172549144021,0.000262402613088592,17,-0.120779497540029,-0.333089541648715,0.736017886203815,0,2,2,0.764705882352941,0.000787496127090958,-0.334353889262526,0.088128054786958,-3.79395517205955,0.000148266453379733,-0.507081702672536,-0.161626075852516,17.3426576902812,0.0190107344955777,17,0.204488598731707,0.00630003599936161,consensus_significant,downregulated
AT1G24590,58.5241176242084,0.000263947629756831,13,0.782459558256081,0.845734410063622,0.839666733235918,2,0,2,0.769230769230769,0.000791903921152047,1.07135574662651,0.20305084480601,5.27629297799801,1.31823277665354e-07,0.673383403776302,1.46932808947672,0,0,13,0.550012157735177,2.43399250476485e-05,consensus_significant,upregulated
AT4G14740,72.8469597305469,0.000269478309823629,18,-0.137180608548474,-0.0742682979004997,0.189244457778587,0,4,4,0.722222222222222,0.000807936789218195,-0.148474985328563,0.0398432171289175,-3.72648084235152,0.000194171823055485,-0.226566255929451,-0.0703837147276755,39.6482353816802,0.00952426965288729,18,0.0647134236452038,0.00773170442625539,consensus_significant,downregulated
AT1G30890,72.8312705140349,0.000270651529881944,18,-0.0909237359079625,-0.107932986099178,0.132627277458468,0,2,2,0.833333333333333,0.000811360541350589,-0.105309567711129,0.0348759428031148,-3.01954755189367,0.00253152549838849,-0.173665159532113,-0.0369539758901449,38.9577592386241,0.00755812999234484,18,0.071475692393534,0.0475717743420457,consensus_significant,downregulated
AT5G06490,64.2819598712936,0.00027081428057743,15,-0.422818268688144,-0.40822068294984,0.67656155900815,0,3,3,0.6875,0.000811766483553865,-0.584870584850561,0.144768798518235,-4.04003204307101,5.34438992061673e-05,-0.868612216031438,-0.301128953669685,18.1112156253625,0.0560097741395977,16,0.235983224105787,0.00287047957185588,consensus_significant,downregulated
AT2G25080,72.8114665303587,0.000272139470380381,18,-0.215240113314994,-0.146294679045746,0.336556448957517,0,4,4,0.833333333333333,0.000815444296069057,-0.121378776602526,0.0331883878997839,-3.65726642008172,0.000254919381363475,-0.186426821591048,-0.0563307316140048,23.495048963152,0.00387486078515002,18,0.179705420129717,0.0094811736076434,consensus_significant,downregulated
12365,29.3580860936288,0.000274328162643389,4,-0.111458377299095,0.26768646922938,0.847091761394717,0,0,0,0.75,0.000821812754363899,0.309278879467198,0.0889661292704069,3.47636659033647,0.000508257027477501,0.134908470253266,0.48364928868113,0.00538381594405927,1.97831810941822e-06,4,0.0352103833341638,0.0156377286689127,consensus_significant,downregulated
AT5G60570,72.7602829312077,0.000276021640082445,18,-0.111146130348022,-0.0755604608718191,0.245961938924067,0,1,1,0.777777777777778,0.000826504306347371,-0.0990405404524612,0.0212509920933553,-4.66051373118853,3.15421116322978e-06,-0.140691719591183,-0.0573893613137393,0.0174622410832293,1.68395531548497e-06,18,0.08348742771983,0.000320260453998071,consensus_significant,downregulated
AT3G03580,72.7496677402341,0.000276833429183209,18,0.144881577767906,0.184286344321449,0.25261862301085,2,0,2,0.666666666666667,0.000828743831576265,0.158493490228494,0.0524656730321152,3.02089882905872,0.00252025553952993,0.0556626606608941,0.261324319796094,47.4951378077322,0.0176874314879984,18,0.0200927435136227,0.0474287045386184,consensus_significant,upregulated
AT5G18661,69.8666931827033,0.000281592526522399,17,0.0773744525938126,-0.326315254364699,1.1756455041106,0,1,1,0.705882352941177,0.000842553540818577,-0.360901837793288,0.0685657690099881,-5.26358623266831,1.41272198788722e-07,-0.495288275625158,-0.226515399961419,2.17941531626783,0.0018372180740648,17,0.457695436731011,2.58831616702479e-05,consensus_significant,upregulated
21776,29.2868997273755,0.000282353143609961,4,0.0753843767265117,0.132985561585528,0.174396545317548,0,0,0,0.75,0.000844731986770843,0.152160448593848,0.0422539079282491,3.60109765118603,0.000316876521406917,0.0693443108484087,0.234976586339288,10.4479419644539,0.000829392251310871,4,0.202038877826027,0.011191845770372,consensus_significant,upregulated
18328,29.2726434255105,0.000283987766805307,4,-0.235357092050336,0.166735197804752,0.868030944022313,0,0,0,0.75,0.000849573409704436,0.204309440955111,0.0526226371752115,3.88253899695004,0.000103371431864015,0.101170967320178,0.307447914590044,0.00304341140703951,3.88169308616624e-07,4,0.147047809511062,0.00475568319787939,consensus_significant,downregulated
AT1G51400,64.1019665712057,0.000285438212572681,15,-0.261653787767546,-0.0512397132760293,0.789554330738562,0,3,3,0.6,0.000853715707412823,-0.281008449143537,0.0522443487053613,-5.37873389384794,7.50114848027548e-08,-0.383405491001797,-0.178611407285277,0,0,15,0.329652245970649,1.5444031259945e-05,consensus_significant,downregulated
16032,29.2577684580378,0.000285703230131628,4,0.415926668660411,0.380294711144053,0.169157676469945,1,0,1,1,0.000854360644564508,0.395127730587572,0.0924650216703927,4.27326705222729,1.92629516849742e-05,0.213899618283887,0.576355842891258,0,0,4,0.551506404619746,0.00132904120375426,consensus_significant,upregulated
AT2G17040,72.5664632587738,0.000291211325522555,18,0.39245843407664,0.402031556219022,0.482388713936464,2,0,2,0.777777777777778,0.000870130052155793,0.449182221338103,0.124405128834135,3.6106406990421,0.000305441552235646,0.205352649331134,0.693011793345073,22.3644330614134,0.0524291888489505,18,0.457581848070424,0.0109350950035764,consensus_significant,upregulated
AT1G09410,72.5455200208357,0.000292900009259293,18,0.283900686273861,0.333836304319509,0.349624223735634,3,0,3,0.833333333333333,0.000874873583135736,0.28770060110954,0.0499030859561188,5.76518657308133,8.15675557119189e-09,0.18989234991814,0.385508852300939,0.104934760106822,5.29720198925618e-05,18,0.694633487938407,2.45847411984806e-06,consensus_significant,upregulated
AT3G27200,72.5334281146117,0.000293879284332606,18,-0.24656393069946,-0.260258294539975,0.419293527167938,0,2,2,0.722222222222222,0.000877748100140794,-0.283708624431012,0.0742437285224594,-3.82131433963729,0.000132742327688271,-0.429223658413002,-0.138193590449023,24.1826331319563,0.0201522912432779,18,0.214538744516114,0.00575853087774102,consensus_significant,downregulated
AT3G22690,72.4999144045622,0.000296609921383111,18,0.217814087940118,0.22127119200477,0.274852782058181,2,0,2,0.833333333333333,0.000885699990202224,0.214351061698324,0.0575537446422274,3.72436342814528,0.00019580867838566,0.101547795024143,0.327154328372505,26.5921668427118,0.013412286842916,18,0.302318529391663,0.00778493292671386,consensus_significant,upregulated
AT1G74440,72.4712911429575,0.000298961409884219,18,-0.241700808510396,-0.172790705074983,0.35357254936753,0,2,2,0.777777777777778,0.000892311008936732,-0.238943487446248,0.0674219081610372,-3.54400363269951,0.00039409981532001,-0.371087999210848,-0.106798975681648,35.5523800919999,0.0255890126188721,18,0.0512000053032221,0.0130185765117037,consensus_significant,downregulated
AT3G06660,72.4500404753955,0.000300718809292278,18,0.200644153184827,0.111699557038458,0.21695110917595,2,0,2,0.888888888888889,0.000897349906346148,0.200490376640219,0.0529945553514137,3.78322594294342,0.000154808764459001,0.096622956774734,0.304357796505705,41.2905659581976,0.0178843740515665,18,0.0591205901405053,0.00650899346449823,consensus_significant,upregulated
AT2G36440,58.0936499774981,0.000300904522398141,13,-1.16326133557717,-1.33532147116479,1.75377493715643,0,2,2,0.769230769230769,0.000897852455846035,-1.47861985666986,0.461860272546553,-3.20144412620122,0.00136740591571584,-2.38384935675095,-0.573390356588759,35.9435298868334,0.934537114164672,13,0.105409880202295,0.0315457930329038,consensus_significant,downregulated
AT4G32750,72.4428704312675,0.000301314001102728,18,-0.14601043117099,-0.184826269627915,0.147565912926287,0,2,2,0.833333333333333,0.000898970911199854,-0.120862109765199,0.0354169960488387,-3.41254547953571,0.000643591868485062,-0.19027814646152,-0.0514460730688775,36.2264900889532,0.00731672828104432,18,0.103514735557823,0.0186655379472289,consensus_significant,downregulated
AT1G02050,72.4180979098059,0.000303379126009356,18,0.224522932580688,0.215716804461028,0.238545536506419,2,0,2,0.888888888888889,0.00090466417805295,0.180047928316249,0.0428462052697796,4.20219077004797,2.64344213482892e-05,0.0960709091132702,0.264024947519227,28.5514055562656,0.0084462072352581,18,0.123064287202189,0.00169323891016622,consensus_significant,upregulated
AT1G56630,66.6694436242276,0.000311370626592834,16,-0.0948363791152686,-0.355591470568212,1.33539091484358,0,3,3,0.875,0.000927269158296686,-0.399017024292412,0.108905850919933,-3.66387132483605,0.000248431625106361,-0.612468569801169,-0.185565478783655,38.0547733034679,0.053092475042299,16,0.102579409764533,0.00932004803833579,consensus_significant,downregulated
AT2G01670,72.2555179053875,0.00031727421245001,18,-0.142059292820252,-0.22196719071067,0.306192047775899,0,1,1,0.722222222222222,0.000944091784220157,-0.147884810075653,0.0459537903752901,-3.21811996068061,0.00129033839252318,-0.237952584164326,-0.0578170359869814,49.8178292613345,0.0152855676601239,18,0.0112996554247186,0.0304308714353058,consensus_significant,downregulated
AT1G80170,72.244932098356,0.000318199858858831,18,0.115779016100126,0.113241177327868,0.204576681232847,2,0,2,0.777777777777778,0.000946737610332044,0.176857264357173,0.0448920232023183,3.93961447360296,8.16126531178208e-05,0.0888705156874929,0.264844013026854,24.7604413707225,0.00821943898943081,18,0.288411075810116,0.00396850130680882,consensus_significant,upregulated
ERCC-00034,24.9682489728314,0.000346107623394469,3,-0.535122710940299,-0.533810828785514,0.0775604303087713,0,0,0,1,0.00102688685541624,-0.51312010926337,0.123332116495895,-4.16047436662977,3.17587262232466e-05,-0.754846615732423,-0.271393602794317,0,0,3,0.880825290020976,0.00192047756569572,consensus_significant,downregulated
AT3G12775,42.3767509183727,0.000346633383657061,8,1.09901724982278,1.47513154022044,0.818902814672686,2,0,2,0.875,0.00102832919378023,1.16828847633086,0.247413604523679,4.72200580311681,2.33530017532855e-06,0.683366722179211,1.6532102304825,0,0,8,0.443248756375965,0.000252426488118222,consensus_significant,upregulated
AT4G28820,71.8990111412445,0.000349918272448547,18,0.135027989500001,0.0977871340581004,0.238488339787245,4,0,4,0.611111111111111,0.00103748119156538,0.177472342501964,0.0451868334204286,3.92752333076143,8.58250976152449e-05,0.0889077764225128,0.266036908581415,22.4802020715874,0.00776384786086841,18,0.142092672431672,0.00412310126358275,consensus_significant,upregulated
5240,28.7216631264934,0.000354802388042694,4,0.508154623723108,0.592644946154724,0.204428698525879,0,0,0,1,0.00105166183562558,0.572838768803457,0.129750306294257,4.41493191934616,1.01041784365419e-05,0.318532841483673,0.827144696123242,0,0,4,0.846565255396593,0.000799154259148693,consensus_significant,upregulated
AT2G07669,71.8402531643202,0.000355599502458257,18,0.328539300845137,-0.111222421332356,1.64585209539588,1,1,2,0.555555555555556,0.00105390416726165,-0.411773265663363,0.0814973468005059,-5.05259719278133,4.3584244265941e-07,-0.571505130227925,-0.2520414010988,0.00059742050690211,7.9602838731801e-07,18,0.210989720326985,6.46092836998309e-05,consensus_significant,upregulated
AT2G25720,71.7522041825967,0.000364279106968339,18,-0.150139740926007,-0.153351912306264,0.18564665390295,0,0,0,0.833333333333333,0.00107833513550241,-0.136134328392813,0.0399817210253371,-3.40491416831563,0.000661848527106804,-0.214497061642401,-0.0577715951432245,41.2519208614942,0.00964555720995224,18,0.0565400118805451,0.019024570072249,consensus_significant,downregulated
AT5G19870,68.9387030481725,0.000365135536941396,17,-0.205896593101143,-0.203021432646102,0.688211664102039,0,3,3,0.705882352941177,0.00108080868614095,-0.409422871714523,0.0889067663655686,-4.60508112544607,4.12305097754165e-06,-0.583676931772955,-0.235168811656092,7.70365716500896,0.0102253787883633,17,0.245733283587516,0.000397908349817119,consensus_significant,downregulated
AT5G47710,71.7327428108205,0.000366224839616277,18,-0.140099213269561,-0.0956158724031305,0.199240607223828,0,0,0,0.888888888888889,0.00108378580231066,-0.119317211570716,0.0282342517568225,-4.22597391984663,2.37909546861527e-05,-0.174655328144525,-0.0639790949969068,9.31071871095956,0.00131204355108196,18,0.0985544244177895,0.00156645925499536,consensus_significant,downregulated
AT2G23160,28.5856977493593,0.000374786356613064,4,2.36667890275944,1.94507194153036,1.29989141283655,2,0,2,1,0.00110817448268528,1.94125919176212,0.46889439025073,4.14007766380843,3.47188258088663e-05,1.02224307431782,2.86027530920642,6.36158450856319e-07,7.46766167043615e-09,4,0.432948081937834,0.00205213774380507,consensus_significant,upregulated
AT1G31790,71.636229299348,0.000376022680722059,18,0.323687264509803,0.223927417430648,0.500815138077701,2,0,2,0.777777777777778,0.00111164007474115,0.295828536296945,0.0961447489898125,3.07690788530001,0.0020915992519645,0.107388290974269,0.484268781619621,58.2649285241918,0.0808764364658718,18,0.00219073151630882,0.0420133703402734,consensus_significant,upregulated
ERCC-00019,24.7299892099176,0.000383074478937673,3,-0.461932507723463,-0.408449852354113,0.224432554804908,0,0,0,1,0.00113171382805921,-0.409569819204649,0.111403207179471,-3.67646344817371,0.000236489722110331,-0.627916093038666,-0.191223545370631,11.0866723786641,0.00428053150996353,3,0.289868148257925,0.00896674345583081,consensus_significant,downregulated
ERCC-00076,24.711324292881,0.000386129433594722,3,-0.392999892399083,-0.36048677342989,0.0907431593174041,0,0,0,1,0.00114034959218161,-0.391755340131879,0.0954450952260335,-4.10450991959432,4.05172887130661e-05,-0.5788242892759,-0.204686390987857,0,0,3,0.746616360331796,0.00231265017336493,consensus_significant,downregulated
10018,28.4733134796137,0.000392134315788562,4,0.0992569126557847,0.23553725025577,0.32379669483052,0,0,0,0.75,0.00115696453434951,0.216644801819763,0.0583674797011733,3.71173816188278,0.000205840862161948,0.102246643737091,0.331042959902435,0.00459190695652562,7.12734824408222e-07,4,0.132147451328762,0.00807855317126361,consensus_significant,upregulated
AT5G66120,71.4514774783658,0.000395485240643674,18,-0.0810547266972186,-0.0522466929171644,0.178189022094823,0,1,1,0.722222222222222,0.00116632078383132,-0.0732509806654939,0.0183540272964976,-3.99100314509568,6.57944077263593e-05,-0.109224213137894,-0.0372777481930936,0.119344947891427,7.73813272370773e-06,18,0.0201400852620653,0.00337653516367401,consensus_significant,downregulated
AT3G25240,71.4391154567774,0.000396821479696957,18,1.1540950944338,1.07253179756851,0.940706229036878,1,0,1,0.888888888888889,0.00117012849370784,0.825108373201644,0.243507781347344,3.38842713212805,0.00070294703846265,0.347841891805596,1.30237485459769,45.5758574761759,0.411957514436201,18,0.0368106274808287,0.0198755880891532,consensus_significant,upregulated
4698,28.4327829467535,0.000398581960247077,4,0.392725585679482,0.483134984484313,0.20015271523113,0,0,0,1,0.00117511942278934,0.412548598727659,0.0973332579143541,4.23851628485169,2.25001864342505e-05,0.221778918717577,0.603318278737742,0,0,4,0.460766259993895,0.00150769735978605,consensus_significant,upregulated
AT5G39120,57.1571462235349,0.00039936144685131,13,-0.0205056129826246,-0.601675878710179,1.87694761271288,0,2,2,0.692307692307692,0.00117728379262921,-0.908042899536987,0.27170277583299,-3.34204498556592,0.000831635813110648,-1.44057055466921,-0.375515244404766,23.5087516135789,0.200358489506426,13,0.221389256480173,0.0225083946413317,consensus_significant,downregulated
AT4G02465,59.8838100100912,0.000421433980974209,14,0.964863927480176,0.669190059876619,1.07027274218889,2,0,2,0.857142857142857,0.00123911426730923,0.827031980866819,0.211863270339023,3.90361188866483,9.47677082099303e-05,0.411787601355462,1.24227636037818,22.6662733257809,0.128246416004489,14,0.136452989736517,0.00444970839164165,consensus_significant,upregulated
AT1G55270,71.213083654984,0.00042203187587693,18,-0.165109985071576,-0.0968109050748251,0.184153257526721,0,2,2,0.833333333333333,0.00124080192544545,-0.12095861449068,0.0322598720657012,-3.74950694920093,0.000177182587185412,-0.184186801885324,-0.0577304270960355,28.6411974366347,0.00476858184099875,18,0.0772359628021964,0.00721377673454858,consensus_significant,downregulated
AT5G07120,71.2010096099806,0.000423420937012314,18,-0.0951157439801388,-0.0898252265588758,0.140353836838926,0,3,3,0.833333333333333,0.00124481534223836,-0.0817221962880713,0.0256538352420316,-3.1855742237783,0.00144467040116014,-0.132002789427778,-0.0314416031483649,31.8287062980803,0.00311298763018479,18,0.1182811119525,0.0327172759030086,consensus_significant,downregulated
AT5G43150,71.2001434859248,0.000423520748973538,18,-0.217040415913004,-0.13738181401901,0.424993213175732,0,2,2,0.722222222222222,0.00124503825502552,-0.195734200299237,0.0552306299948876,-3.54394292292801,0.00039419057319957,-0.303984245932675,-0.0874841546658,23.9031217324852,0.0113193468290568,18,0.0272060943129874,0.0130185765117037,consensus_significant,downregulated
19912,28.2758793337826,0.000424537060830435,4,0.229728537210448,0.231161346656019,0.103265926448338,0,0,0,1,0.00124781390837923,0.28452653551442,0.0640789486580561,4.44024974618009,8.98545393418172e-06,0.158934103977439,0.410118967051401,0,0,4,0.812356072824946,0.000725040889457363,consensus_significant,upregulated
AT3G56408,71.1650154874828,0.00042758798097854,18,0.136537653581343,0.235105419647258,0.430612914358951,2,0,2,0.722222222222222,0.00125656779348662,0.210423497415628,0.0592342070987507,3.55239831377884,0.000381736530438272,0.0943265848492902,0.326520409981967,21.6571862924052,0.0106268839164722,18,0.351068452321718,0.0127616096296774,consensus_significant,upregulated
ERCC-00112,24.4601264196499,0.000429654148046267,3,-0.397825722258664,-0.299015378629835,0.179856018244001,0,1,1,1,0.00126235380343896,-0.381045407871362,0.097306395702463,-3.91593384094193,9.00549432053915e-05,-0.571762438913592,-0.190328376829131,0.00179448916852736,5.21322412350582e-07,3,0.352004141766166,0.00428284559270858,consensus_significant,downregulated
ERCC-00130,24.4508547853843,0.000431349840255798,3,-0.362109466937804,-0.369119607996305,0.0955207863590356,0,0,0,1,0.00126697725292112,-0.347493457918244,0.0861187932534761,-4.03504792380747,5.45911539577764e-05,-0.516283191087108,-0.17870372474938,0,0,3,0.640635952772576,0.0029170004448458,consensus_significant,downregulated
AT4G17940,71.1023901069632,0.000434932127103144,18,0.180937006464892,0.195265642327862,0.227969045392674,1,0,1,0.722222222222222,0.00127713789696069,0.12108173388087,0.0400699016976072,3.02176268847947,0.00251307482301489,0.0425461696894991,0.19961729807224,30.8469936201997,0.00690184504492737,18,0.127479721751195,0.0473279034908547,consensus_significant,upregulated
AT2G41670,71.0866168352052,0.000436800875342921,18,0.24012251440449,0.187227220897448,0.235326177551549,3,0,3,0.944444444444444,0.00128233509990231,0.183672431370613,0.0351744249349806,5.2217607454885,1.77229856686267e-07,0.114731825321144,0.252613037420083,0.0322801933735577,7.45253138706279e-06,18,0.394608650603548,3.11708267264755e-05,consensus_significant,upregulated
AT5G55640,71.0110906767472,0.000445856185908937,18,-0.159040776875079,-0.0772523701910253,0.196857963097143,0,2,2,0.833333333333333,0.001308221663718,-0.156841454941413,0.0499144995532187,-3.14220229282654,0.0016768213962557,-0.254672076372063,-0.059010833510764,48.6941614498761,0.0184552757653527,18,0.025623312961116,0.0360996685988925,consensus_significant,downregulated
AT1G23260,70.9470757947315,0.000453672135703258,18,-0.142230666227061,-0.145559624928543,0.14559116716072,0,1,1,0.888888888888889,0.00132998404400897,-0.0934510344846995,0.0235692685173174,-3.9649526847232,7.34105070977432e-05,-0.139645951920595,-0.0472561170488037,26.9899045075748,0.00241359683724166,18,0.120786236086016,0.00366233725986472,consensus_significant,downregulated
AT1G43010,47.7967202568335,0.000454236428097207,10,-0.480844731072031,-0.618561895422531,0.744677343073759,0,1,1,0.9,0.00133156310955511,-0.608421001302585,0.120977742698586,-5.02919783202153,4.92536016321568e-07,-0.845533019922766,-0.371308982682403,0.00232752625570583,3.85604462026589e-06,10,0.812956894077466,7.07887497806876e-05,consensus_significant,downregulated
AT1G68760,70.8650414329082,0.000463880521597095,18,-0.101680238702122,-0.151620715203681,0.199427124741328,0,3,3,0.777777777777778,0.00135921994870495,-0.160132271939,0.0306355411106543,-5.22700974533495,1.72273423592982e-07,-0.220176829162779,-0.100087714715221,0.776562330161699,0.000135029703183837,18,0.510762371565681,3.06103914715695e-05,consensus_significant,downregulated
AT1G09163,47.6926940409325,0.000469717239355995,10,0.421113196029803,0.599380849641034,0.938217104393109,1,0,1,0.8,0.00137570083177109,0.868239314754338,0.230504482526423,3.76669167227502,0.000165425091367067,0.416458830727508,1.32001979878117,13.8684561052573,0.0723485068118535,10,0.43577488557848,0.00688285119525975,consensus_significant,upregulated
AT1G11270,70.7946750536355,0.000472812189368383,18,0.209847832506097,0.196096209722832,0.184904558648235,1,0,1,0.888888888888889,0.00138468713691505,0.182112935920804,0.0325062185555841,5.60240298665927,2.11400360031173e-08,0.118401918278271,0.245823953563336,0,0,18,0.708840312940931,5.4841481399287e-06,consensus_significant,upregulated
9610,27.9459140460888,0.000484642622863124,4,0.139856546155695,0.156846078053047,0.151601353577103,0,0,0,0.75,0.00141821362027622,0.20845840954751,0.0499334439713652,4.17472525362065,2.98345893387401e-05,0.110590657739586,0.306326161355435,0.0048680578793273,5.43617375991371e-07,4,0.339335887260274,0.00184497953903599,consensus_significant,upregulated
19967,27.9327137333093,0.00048721311185392,4,0.347032356692946,0.286748747620337,0.287003436853854,0,0,0,1,0.00142541418930836,0.267816335029878,0.0675146955011006,3.96678579444252,7.28484093969838e-05,0.135489963420532,0.400142706639224,0.0216879979265632,4.46858725339208e-06,4,0.269715196033651,0.00364480894228844,consensus_significant,upregulated
AT1G27090,70.6130286221244,0.000496637717534348,18,0.169771433492227,0.118071075074362,0.144536479513234,3,0,3,0.944444444444444,0.00145184151051877,0.103453119989859,0.0257972796102433,4.01023369722986,6.06586801820984e-05,0.0528913810546723,0.154014858925045,32.2861695402271,0.00311285629417329,18,0.120091195085532,0.0031662122359839,consensus_significant,upregulated
AT1G15370,70.6076977283197,0.000497354041777832,18,-0.0817248318208222,-0.0686281245008432,0.134577558210987,0,1,1,0.833333333333333,0.00145377180233787,-0.085575940649408,0.0223262811865905,-3.83296886455081,0.000126605982935199,-0.12933464768384,-0.0418172336149763,22.6119571329498,0.00183869107571215,18,0.129466551556924,0.00555829299213868,consensus_significant,downregulated
5244,27.8210449491952,0.000509499487975354,4,0.410055970552403,0.396214277790302,0.710377681356036,0,0,0,0.75,0.00148835103987217,0.405843692771832,0.117776336197641,3.44588485152725,0.000569192841106497,0.175006315593374,0.636681069950289,0,0,4,0.0635942301580252,0.0170384287957698,consensus_significant,upregulated
15858,27.8195767580162,0.000509799054702045,4,-0.334254068670981,-0.250661271614814,0.257881929881481,0,0,0,1,0.00148909542687034,-0.315083571826338,0.0762536971442647,-4.13204321398647,3.59552800438785e-05,-0.464538071917122,-0.165629071735555,0.000675279765375037,2.2458321845405e-07,4,0.369578290753412,0.00210791384157807,consensus_significant,downregulated
AT3G12670,70.486116980452,0.000513962632151885,18,0.129414554381012,0.135538797744536,0.175905382121178,2,0,2,0.777777777777778,0.00150071305605148,0.097654250280737,0.0315038306994472,3.09975796951101,0.00193678835943215,0.0359078767347732,0.159400623826701,43.2328757051427,0.00622524115630827,18,0.0279599069414801,0.0398788731201361,consensus_significant,upregulated
AT2G47530,62.0268107979092,0.000519667495325784,15,-0.0293585143200134,-0.268220352683519,0.748623395896826,0,2,2,0.6,0.00151634692049832,-0.376340836912948,0.0726290466837814,-5.18168493318511,2.1989042181387e-07,-0.518691152644638,-0.233990521181258,0,0,15,0.332302929231254,3.68025633722285e-05,consensus_significant,downregulated
AT1G23070,67.6489945960849,0.000521690198583796,17,1.44045937337125,0.827411458176094,1.50093651537762,1,0,1,1,0.00152190675041862,1.3940895030091,0.42145110094521,3.30783215391419,0.000940211421175297,0.568060523911735,2.22011848210647,45.7179250291841,1.24345329151391,17,0.0400708567407063,0.0243935654064286,consensus_significant,upregulated
19254,27.7512364938391,0.000523935621948637,4,-0.419622279406496,-0.269886993484396,0.362235521847306,0,1,1,1,0.00152837133064052,-0.283597292827345,0.0784753079834999,-3.6138410936466,0.000301694006940463,-0.437406070150693,-0.129788515503996,0.00128612260934906,3.45441248447674e-07,4,0.110938397123316,0.0108250981024197,consensus_significant,downregulated
AT2G47200,50.351586995041,0.000525572391491564,11,0.590732858433817,0.419352667632222,1.18813293786159,4,0,4,0.545454545454545,0.00153288747911232,0.440918522034078,0.0942438788889778,4.67848445153127,2.89003080822776e-06,0.256203913648327,0.62563313041983,0.00301407844357868,4.78630298394388e-06,11,0.142102479170315,0.000298697925207348,consensus_significant,upregulated
1164,27.719295236972,0.000530673824643017,4,-0.196667075326041,-0.219848740313646,0.17106935359896,0,0,0,0.75,0.00154689706109504,-0.272894436606745,0.0653537551877672,-4.17565044001977,2.97135805757887e-05,-0.400985443029216,-0.144803430184273,0.0978393291923711,1.94921410156102e-05,4,0.305864450540297,0.00184188699473622,consensus_significant,downregulated
AT5G36130,47.2802295856049,0.000536272454991994,10,-0.150821047421153,0.0945104751406843,1.13045946082491,1,0,1,0.5,0.00156242711836418,0.641860641075491,0.174591804968008,3.67635033725155,0.000236594553061298,0.299666991342355,0.984054290808627,15.7345770703454,0.0445635395061328,10,0.324164495597134,0.00896674345583081,consensus_significant,downregulated
12073,27.6871844329089,0.000537533322542199,4,-0.591468812334397,-0.666326064466999,0.45416873686945,0,0,0,0.75,0.00156583695197074,-0.661808357958404,0.163984180732334,-4.03580610643566,5.44151418149227e-05,-0.983211446228086,-0.340405269688721,0.00043037116491506,4.83539850466631e-07,4,0.294352953019368,0.00291059300817056,consensus_significant,downregulated
AT2G17830,70.3002395236941,0.000540386308174122,18,0.176992134630369,0.126452324046533,0.255425646299102,3,0,3,0.777777777777778,0.00157370608127848,0.166501868091543,0.0509251615575382,3.26954030186865,0.00107722390689486,0.0666903855318845,0.266313350651201,38.834326469728,0.0158819387874012,18,0.0502793460875946,0.0268060840217424,consensus_significant,upregulated
AT4G35660,56.1103385968686,0.000546170385480325,13,-0.472669704044701,-0.399107335053079,1.08224409137232,0,1,1,0.769230769230769,0.00158992591714703,-0.563751449283927,0.123064323068401,-4.58094950045422,4.62869612567505e-06,-0.804953090279795,-0.32254980828806,5.8845858472597,0.012058992697145,13,0.370755643559088,0.000435063894537182,consensus_significant,downregulated
AT2G28070,70.2552542932956,0.000546974224704246,18,0.0862734000620384,0.117843861887194,0.191081416021706,2,0,2,0.722222222222222,0.00159217662570808,0.109020040325861,0.0296469924901657,3.67727149261513,0.000235742095156855,0.0509130027952069,0.167127077856515,20.4176033594268,0.00285337489791855,18,0.152738473631301,0.00895405773434719,consensus_significant,upregulated
AT1G33780,70.2143341970359,0.000553033597578154,18,-0.0742483067114416,-0.0946003395001033,0.250177781320355,0,3,3,0.611111111111111,0.00160927319734827,-0.100422693818415,0.0263226677905226,-3.8150651984664,0.000136146982324599,-0.152014174664852,-0.0488312129719785,0.024246270628089,3.35024139556225e-06,18,0.0355630309356734,0.00588654169244127,consensus_significant,downregulated
10488,27.5565290976588,0.000566350446869098,4,0.0347217060894095,0.208886776813779,0.434298306669708,0,0,0,0.75,0.00164654685990102,0.174775925027944,0.0543574152043897,3.21530971203779,0.00130303852973337,0.0682373489346508,0.281314501121238,0,0,4,0.0421155087142767,0.030605183828287,consensus_significant,upregulated
ERCC-00078,23.7940046933173,0.0005698338885771,3,-0.393120719727428,-0.449471989947323,0.10404578591269,0,0,0,1,0.00165630312785843,-0.372603699451211,0.0941162194723557,-3.95897435681268,7.52723173312493e-05,-0.557068099978095,-0.188139298924326,0,0,3,0.637334831007643,0.00372438158459596,consensus_significant,downregulated
5150,27.48207536903,0.000583442799999856,4,0.27473076981865,0.152690013405557,0.319870518990973,1,0,1,1,0.00169415154765539,0.119705196931286,0.0357529959974834,3.34811653098139,0.00081362792105769,0.0496306124368137,0.189779781425758,0.0387463592559658,2.59546925779145e-06,4,0.0479071462394117,0.0221248800084681,consensus_significant,upregulated
16082,27.4256418365185,0.000596733721733071,4,-0.0199112931479072,-0.183428102933963,0.378530851554646,0,0,0,0.75,0.00173109814385267,-0.166611605406521,0.0518691378283149,-3.21215297539744,0.00131744204092856,-0.268273247459163,-0.0649499633538802,0.00632753522933726,7.8368324334321e-07,4,0.0452603182602416,0.0308875566432614,consensus_significant,downregulated
AT1G13980,69.9294336437382,0.000597038930160192,18,0.0922890200422361,0.0967218299412861,0.164272470507769,0,0,0,0.888888888888889,0.00173178994658493,0.110981832133347,0.0210869435299863,5.26305919942961,1.41677933743551e-07,0.0696521822705442,0.15231148199615,0.00126133866257376,1.03801308111166e-07,18,0.527957085164517,2.58831616702479e-05,consensus_significant,upregulated
18211,27.4172112901499,0.000598744516249249,4,-0.251285655957746,-0.2673007543203,0.0810013624643552,0,0,0,1,0.00173644608503868,-0.238746670964681,0.0561989602537517,-4.24824000100149,2.1545650742559e-05,-0.348894609030632,-0.12859873289873,0,0,4,0.791059876220406,0.00146917069006598,consensus_significant,downregulated
AT5G17750,27.4058099852446,0.000601474428460881,4,3.13277417015627,3.19347275598311,0.461095532406071,2,0,2,1,0.00174426576026978,2.89292222451226,0.674525051753823,4.28882843860345,1.79618043207222e-05,1.57087741640475,4.21496703261977,0,0,4,0.961367719111624,0.00125766566177645,consensus_significant,upregulated
AT1G45248,69.8746101966744,0.000605883070936476,18,0.201400163299014,0.210234690541745,0.196731117284665,1,0,1,0.833333333333333,0.00175606954066421,0.24440929118206,0.0429445135508766,5.69128093376835,1.26089851878794e-08,0.16023959128875,0.328578991075371,0,0,18,0.799076259882377,3.49842025394617e-06,consensus_significant,upregulated
17561,27.3848395073476,0.000606527418609854,4,0.198149723277188,0.191898492142885,0.295956125990774,0,0,0,0.75,0.00175774077577028,0.242476739124091,0.062305820872407,3.89171887520184,9.95365381180546e-05,0.12035957418697,0.364593904061213,0.0111176955957436,2.36926288836908e-06,4,0.20554978156517,0.00462619755323136,consensus_significant,upregulated
AT1G75510,69.7449698168681,0.000627298419562789,18,-0.0747957593305367,-0.104591687803655,0.142520302474715,0,2,2,0.777777777777778,0.00181629812847835,-0.0840392923670865,0.025858580635033,-3.24995766601477,0.00115422189198126,-0.134721179103076,-0.033357405631097,33.0502632144684,0.00333852804444997,18,0.0671408714689462,0.0281587284626287,consensus_significant,downregulated
17380,27.2951500963049,0.00062861165411962,4,-0.106543459790743,0.29452434528623,0.818165940197023,0,0,0,0.75,0.00181940516732447,0.254006142137787,0.0840560790900006,3.02186522245247,0.0025122237666784,0.0892592544397355,0.418753029835839,0,0,4,0.0244351365967197,0.0473279034908547,consensus_significant,downregulated
AT5G03085,37.410182258862,0.000639253692385401,7,-0.470570701070897,-0.490993935614958,0.206713167500905,0,1,1,1,0.00184845428093457,-0.464896775041763,0.101588056341089,-4.57629362925143,4.73286137429255e-06,-0.664005706729724,-0.265787843353802,2.06123789903789,0.0016848622179262,7,0.699105766595301,0.00044405023425641,consensus_significant,downregulated
2654,27.2359971737494,0.000643605539163424,4,0.428736465059501,0.534384646020553,0.306463110001575,0,0,0,0.75,0.00186051972196284,0.491651471419448,0.122808722008492,4.00339213191592,6.24406777659654e-05,0.250950799295411,0.732352143543484,0.000745444560628953,4.60643246246228e-07,4,0.31207608382307,0.00324942038636845,consensus_significant,upregulated
AT4G26990,69.6463144264574,0.000644078827929062,18,0.0179667450577349,-0.07587149945277,0.292153840424825,0,2,2,0.555555555555556,0.00186178419651051,-0.14817935735978,0.039914796859613,-3.71239161960291,0.000205309985823119,-0.226410921654854,-0.069947793064706,12.7141992377095,0.00339294937684524,18,0.209522055904859,0.00806381779291953,consensus_significant,upregulated
20025,27.2333258690634,0.000644290848345643,4,-0.42181203135575,-0.229357784373018,0.414438687435013,0,0,0,1,0.00186229334595607,-0.245633316723552,0.0660838744329327,-3.71699327303881,0.000201607809230615,-0.375155330570967,-0.116111302876137,0.00936852792128466,1.90360537865441e-06,4,0.199262554329114,0.00796059328319726,consensus_significant,downregulated
AT2G33990,69.5988092756088,0.000652311438533798,18,-0.135931115329422,-0.158319574287103,0.143158033292328,0,1,1,0.888888888888889,0.00188453192158879,-0.143217415223425,0.0295102818046957,-4.85313614323522,1.21524202499262e-06,-0.201056504734256,-0.0853783257125941,7.13598463527717,0.00111030509590397,18,0.58119237318007,0.000148356746411099,consensus_significant,downregulated
AT3G22942,69.5304692299338,0.000664331528157724,18,-0.028979941496628,-0.158185874214474,0.300495926081389,0,2,2,0.722222222222222,0.00191755022762438,-0.119344316846366,0.0388920226923205,-3.06860658265355,0.00215059598698239,-0.195571280609228,-0.0431173530835032,18.7410510375022,0.00462669781662079,18,0.0617748966316375,0.0427779868856231,consensus_significant,downregulated
14108,27.1458603830167,0.000667128368031716,4,-0.264387656807623,-0.262239412926129,0.113839323212908,0,0,0,1,0.0019251948528893,-0.300348665172562,0.0710661633055057,-4.22632447289149,2.37539402673808e-05,-0.439635785770795,-0.161061544574329,0,0,4,0.696534794047734,0.00156600944959694,consensus_significant,downregulated
AT1G05450,63.9591732539215,0.000667436827023154,16,-0.0885068155852645,-0.367866747273837,1.10995845794522,0,2,2,0.6875,0.00192597791389574,-0.636680859941492,0.128858772462363,-4.94091979750509,7.77548895841781e-07,-0.889239413059765,-0.384122306823219,7.01723537860239,0.0185998437083817,16,0.603807152028152,0.000104128157581125,consensus_significant,downregulated
AT2G23840,66.7144210119998,0.000673466873118425,17,-0.634648528440125,-0.675057445698102,0.876158426794197,0,2,2,0.705882352941177,0.00194273033468872,-0.6293239922267,0.123234836786225,-5.10670528430518,3.27824436468008e-07,-0.870859833968372,-0.387788150485028,0,0,17,0.465129814630296,5.07726658558392e-05,consensus_significant,downregulated
AT3G26350,69.4645590112713,0.00067612477310761,18,0.311029682301239,0.360152995616722,0.268967354379189,1,0,1,0.833333333333333,0.00195003626795266,0.343215077665331,0.0620726925608428,5.5292442377768,3.2161331912709e-08,0.221554835822652,0.46487531950801,0,0,18,0.697037914436479,7.83407767586381e-06,consensus_significant,upregulated
AT1G26970,63.8787387013176,0.000682471399315987,16,0.0611743618927461,-0.204719756185273,1.28873912852465,0,2,2,0.647058823529412,0.00196706278980621,-0.404596256702966,0.0709673796511277,-5.70115817565679,1.18996153554581e-08,-0.543689764896357,-0.265502748509575,0.00384676759215973,4.01873002715801e-06,17,0.78557891505351,3.3372953681221e-06,consensus_significant,upregulated
AT1G30680,69.429339627115,0.000682508366290251,18,0.135692327746549,0.0697801012594705,0.193071124870045,1,0,1,0.722222222222222,0.00196706278980621,0.15537521518407,0.047543914476539,3.26803581267466,0.00108296661326729,0.0621908551260016,0.248559575242139,50.9404332002419,0.0159480456216895,18,0.0295393038946095,0.0268845166328996,consensus_significant,upregulated
ERCC-00025,23.3664215139825,0.000682599345864058,3,-0.373254981171814,-0.301084699903151,0.145873622772349,0,1,1,1,0.00196721576154647,-0.370745938659231,0.0959959361594424,-3.86210035020074,0.000112416369557823,-0.558894516193944,-0.182597361124517,0,0,3,0.462939153598311,0.00505425556164481,consensus_significant,downregulated
AT5G46340,69.3010250009746,0.000706256753533865,18,-0.0888694560653447,-0.117181210792183,0.1556886554019,0,2,2,0.722222222222222,0.00203167230712566,-0.143094269143764,0.0263540185651395,-5.4296944805619,5.64506068940794e-08,-0.194747196379337,-0.0914413419081903,0,0,18,0.62887263249624,1.27898833541154e-05,consensus_significant,downregulated
AT5G54855,69.2767308323284,0.000710841185927084,18,-0.138245849198356,-0.160341954778397,0.181388152853204,0,1,1,0.833333333333333,0.00204418042945487,-0.0995446536670831,0.0321854878233923,-3.09284278098574,0.00198249132816046,-0.162627050625784,-0.0364622567083819,35.1987726630692,0.00569614142852577,18,0.0420242219997841,0.0405278093263504,consensus_significant,downregulated
14998,26.9793012285992,0.00071282814836388,4,0.317843594309826,0.250647587565073,0.607755090305156,0,0,0,0.75,0.00204955369388032,0.266522594440083,0.0795460328310052,3.35054540062743,0.000806525871150816,0.110615234978272,0.422429953901894,0.00313910108040829,1.0433781906525e-06,4,0.0637862196204375,0.0219778299888597,consensus_significant,upregulated
AT1G48460,69.1560922348738,0.000734030906549892,18,0.0876235377651425,0.0996740831252068,0.227964460034417,2,0,2,0.611111111111111,0.00210818095738177,0.145911920728846,0.0451948131901765,3.2285103185372,0.00124436769578183,0.0573317145880841,0.234492126869607,35.4575616100381,0.0105109602735607,18,0.132249114034699,0.0297387257153129,consensus_significant,upregulated
AT4G21520,69.142977088347,0.000736595105318094,18,0.133517439212095,0.163679599819968,0.153494351516566,2,0,2,0.666666666666667,0.00211531137946741,0.126663047852845,0.0398865729265505,3.17558111813942,0.00149536706547101,0.0484868014500752,0.204839294255614,41.856429018657,0.0105709823316853,18,0.0520489461893708,0.033431205179518,consensus_significant,upregulated
AT5G27750,69.0801534673717,0.000748997214786995,18,0.161151763951735,0.138844058040359,0.198614619530133,3,0,3,0.944444444444444,0.00214985645640194,0.154267394796705,0.0269601047588124,5.72206214244326,1.05238798211499e-08,0.101426560450006,0.207108229143404,0.043415454296189,6.50100911701598e-06,18,0.795508153244277,2.98372120568602e-06,consensus_significant,upregulated
9016,26.8260191040019,0.000757581949532489,4,-0.265553499867323,-0.221579049707381,0.169002078231202,0,0,0,1,0.00217353569721867,-0.223501922013221,0.0535809311957614,-4.17129596342107,3.02872178744603e-05,-0.328518617415032,-0.11848522661141,0,0,4,0.703343699286064,0.00186187442203614,consensus_significant,downregulated
AT3G18860,69.0348548689557,0.00075806324206948,18,0.0537074359271652,0.0615111984404991,0.147678459700512,2,0,2,0.777777777777778,0.00217467611798851,0.0863378588242053,0.0186695979504353,4.62451623508005,3.75473677381983e-06,0.0497461192355093,0.122929598412901,0.00281929094628402,1.86324188618242e-07,18,0.194124486647009,0.000368262311479902,consensus_significant,upregulated
AT1G53687,30.3026927325708,0.000764213470322773,5,1.12517216123653,1.89025448098599,1.55719858775983,1,0,1,0.8,0.00219159262477745,1.92195032890119,0.436163956113832,4.4064859142088,1.05061137029194e-05,1.06708468356357,2.77681597423881,0,0,5,0.725233648607512,0.000824658401455778,consensus_significant,upregulated
AT5G58490,68.9615838627768,0.000772950018505486,18,0.116592530886997,0.0690732161860081,0.157817025770637,2,0,2,0.833333333333333,0.00221542295728149,0.105861592489845,0.0328667865463987,3.22092919976822,0.00127775709479596,0.041443874571338,0.170279310408352,40.6835754047683,0.00678852734543338,18,0.0497623379259596,0.0302193466113153,consensus_significant,upregulated
AT4G16840,68.9606739324478,0.00077313663713281,18,-0.133318772481165,-0.175152024997788,0.247142554019744,0,2,2,0.833333333333333,0.00221583547428516,-0.180747452071304,0.0378456731050834,-4.77590797683622,1.78898194086654e-06,-0.254923608327944,-0.106571295814664,1.50301756601183,0.000397389018007315,18,0.312688422478489,0.000202662748951789,consensus_significant,downregulated
AT1G25422,63.4233430898376,0.000773902159419649,16,0.0980000383445462,-0.291187523563892,1.43146506495744,0,2,2,0.6875,0.00221790701137709,-0.471162114904667,0.107889348886227,-4.36708646190391,1.25914892384675e-05,-0.682621353037148,-0.259702876772187,6.33604057187651,0.0121075821650697,16,0.575976694537036,0.000946806996592244,consensus_significant,upregulated
AT5G22520,49.0807211059403,0.000779520294415238,11,0.636331699670194,0.641862780279778,1.00810882816306,1,0,1,0.727272727272727,0.00223350945335609,0.812727991665066,0.246789434100033,3.29320416260462,0.000990525200417895,0.329029589063981,1.29642639426615,33.5819376038468,0.213551278363277,11,0.117608252411717,0.0253789676535714,consensus_significant,upregulated
AT4G05095,57.7553712856519,0.000781750954219162,14,-0.629709458463565,-0.595308166955842,1.23114579655811,0,2,2,0.714285714285714,0.00223928783458959,-0.997388336477884,0.285901975079818,-3.48856749310471,0.000485616205872601,-1.5577459107432,-0.437030762212573,29.4117166423411,0.305621303915898,14,0.173373541784001,0.0151333268247684,consensus_significant,downregulated
AT4G01400,68.8957603894153,0.000786561476344723,18,0.199377965351595,0.179224142388369,0.549505643595854,1,0,1,0.722222222222222,0.00225244577266428,0.215948216065089,0.0493370004216079,4.37700334879927,1.20322126420954e-05,0.1192494721335,0.312646959996678,0.00294071805656619,1.42103165362958e-06,18,0.178286069998245,0.000915365572906859,consensus_significant,upregulated
AT1G66590,68.7614300207923,0.000815053109823388,18,0.163193995610617,0.172616818702054,0.385248444185027,2,0,2,0.777777777777778,0.00233133488305008,0.197281557443062,0.0578686368606197,3.40912743319368,0.000651710288693174,0.08386111336182,0.310702001524303,38.8183717786781,0.0192231624075319,18,0.0282953235073014,0.0188060826577067,consensus_significant,upregulated
3011,26.5903169735609,0.000831809721397732,4,0.237763664964362,0.248629015855182,0.175424396818054,0,0,0,1,0.00237703757021604,0.216037886289841,0.0575763960094048,3.75219536586751,0.000175292773812759,0.103190223751792,0.32888554882789,5.69480748325065,0.000843686753369179,4,0.320058287828938,0.00716252204038168,consensus_significant,upregulated
ERCC-00113,22.8893997656131,0.000834380374455323,3,-0.355145768024004,-0.326187050038443,0.104218690941184,0,0,0,1,0.00238385862680864,-0.349349747930223,0.0903103198874491,-3.86832588308408,0.00010958514517727,-0.526354722341914,-0.172344773518531,0,0,3,0.62691670863067,0.00495703197243023,consensus_significant,downregulated
19910,26.5744515681943,0.000837053821780097,4,0.190396360971709,0.302138015485491,0.354177523983146,0,0,0,0.75,0.00239110189907033,0.287409961216834,0.0775647663543018,3.70541902884098,0.000211041543109821,0.135385812693139,0.43943410974053,0.00327836732494913,9.5570503343161e-07,4,0.233016741339695,0.00823284167121048,consensus_significant,upregulated
AT4G38650,68.6215090908171,0.000845777282501711,18,0.219205484157945,0.231207136330553,0.226796029365821,3,0,3,0.777777777777778,0.00241522347945647,0.280178471624227,0.0615793539441366,4.54987676353992,5.36773431253538e-06,0.159485155702475,0.40087178754598,13.6556634385299,0.00901681901506426,18,0.5085933409262,0.000489454353377128,consensus_significant,upregulated
648,26.5256005533125,0.000853404606119769,4,-0.303419309891031,-0.381338377413062,0.314709397193459,0,0,0,0.75,0.00243553021347312,-0.474759588068887,0.115837211231363,-4.09850671491604,4.15824176789183e-05,-0.701796350151916,-0.247722825985857,0,0,4,0.396864661839838,0.00236823508106805,consensus_significant,downregulated
AT5G49410,68.5660830679184,0.000858251039944211,18,0.143459910616854,0.228729105769328,0.329768610242069,1,0,1,0.722222222222222,0.00244868820978201,0.185850776347652,0.0470234833456463,3.95229708912789,7.74045572343149e-05,0.0936864425625661,0.278015110132738,6.72886661098859,0.00266622113770891,18,0.137099210254066,0.00379589607518449,consensus_significant,upregulated
AT1G20920,68.5143814079121,0.000870044774245077,18,0.169148044190273,0.147362299498101,0.208307561176751,1,0,1,0.888888888888889,0.00248124588318555,0.145871751164894,0.046730870800209,3.12152863122426,0.00179914752343417,0.0542809274302901,0.237462574899498,44.7274898327155,0.0156133794491965,18,0.0304224291776952,0.0378076023109998,consensus_significant,upregulated
AT2G40380,68.4895012995351,0.00087577518679631,18,-0.122653758290837,-0.138658562342052,0.192300333700407,0,0,0,0.833333333333333,0.00249676506289016,-0.0976716789769226,0.032530076669814,-3.00250380496509,0.0026776862601954,-0.161429457664085,-0.0339139002897606,36.4887020111872,0.00558637283949715,18,0.0433444427405289,0.0493180951096833,consensus_significant,downregulated
AT5G66260,68.4119080593825,0.000893878788671736,18,-0.389475753997974,-0.406173849712529,1.22921961119983,0,3,3,0.666666666666667,0.00254641873927503,-0.902336419145202,0.2184858490778,-4.12995360090297,3.62836454818447e-05,-1.33056081446934,-0.474112023821061,24.7529810287154,0.18569114211424,18,0.29592619047434,0.00211985152278963,consensus_significant,downregulated
AT2G20540,68.3990222914168,0.000896919587081088,18,0.322606501536235,0.368889368212789,0.295779386247814,2,0,2,0.833333333333333,0.00255461845355411,0.29339627139905,0.0733311747014542,4.0009760186377,6.30817514086637e-05,0.149669810040185,0.437122732757915,27.0021507911346,0.0233990794833808,18,0.315661085066951,0.00327620979988699,consensus_significant,upregulated
AT3G01910,68.3020243718556,0.000920128131541239,18,-0.0697542064672056,-0.0995288178979387,0.106015097911604,0,2,2,0.777777777777778,0.00261832173666988,-0.120584451250206,0.0204416955573647,-5.89894565799665,3.65831688512902e-09,-0.160649438325573,-0.0805194641748388,0,0,18,0.883052149618345,1.19376171866688e-06,consensus_significant,downregulated
1000,26.3167450513113,0.000926900093073067,4,-0.147903287746844,-0.173182051004148,0.101568197670181,0,0,0,1,0.002636580167192,-0.202162281810964,0.0477105504929584,-4.23726575615181,2.26258271763712e-05,-0.295673242459742,-0.108651321162186,0,0,4,0.628111562974953,0.0015127814654882,consensus_significant,downregulated
AT1G13050,68.2729231223016,0.000927202136922868,18,0.195513601249463,0.187851335082275,0.25514559206372,3,0,3,0.777777777777778,0.00263729479412691,0.230156266293318,0.0441859299382727,5.20881345294405,1.90052070526497e-07,0.143553434990894,0.316759097595743,0,0,18,0.4720156540209,3.30894685476402e-05,consensus_significant,upregulated
AT2G29580,68.2569129359282,0.000931116024655806,18,0.105889165287527,0.154947145506998,0.168061095129989,1,0,1,0.777777777777778,0.00264784684651038,0.114370227964331,0.0350999607719135,3.25841469474943,0.00112036554265365,0.0455755689926123,0.183164886936051,27.8873820303696,0.00560105786858467,18,0.14169430972659,0.027523222450304,consensus_significant,upregulated
AT5G20000,68.2566281474584,0.00093118578716389,18,-0.05242363060951,-0.0880395341539946,0.136570031516622,0,2,2,0.722222222222222,0.00264790015009824,-0.116847810959196,0.0257582114313467,-4.53633247287491,5.72409188319494e-06,-0.167332977670804,-0.0663626442475885,6.18591539072408,0.000738813407917659,18,0.39788732841726,0.000512049626323597,consensus_significant,downregulated
AT5G60730,68.1794193574192,0.000950284070679747,18,0.199017849790815,0.310603986043777,0.614485769801966,1,0,1,0.666666666666667,0.00270013651332254,0.232426495460991,0.0686021802076672,3.38803365661861,0.00070395625562189,0.0979686929930369,0.366884297928945,7.29202708383917,0.00609460524664096,18,0.0477866993306861,0.0198932823347964,consensus_significant,upregulated
AT3G01070,68.1709272222994,0.000952407334762698,18,-0.188806698052059,-0.218921666660443,0.518885714383273,0,1,1,0.833333333333333,0.00270557707069068,-0.244544795434079,0.0629632723871576,-3.88392766389884,0.000102782497910164,-0.367950541661693,-0.121139049206465,26.714749064072,0.014786697584054,18,0.138034261297232,0.00474445473449373,consensus_significant,downregulated
AT2G29080,68.1432026592818,0.000959370768589813,18,-0.0579211496558648,-0.0913243650608942,0.112169801745457,0,3,3,0.777777777777778,0.00272431483616457,-0.103760553680019,0.0202651921406598,-5.12013668362093,3.0531428598663e-07,-0.143479600415496,-0.0640415069445413,0.0376331082781934,2.95655696395379e-06,18,0.450319486203382,4.81487125049554e-05,consensus_significant,downregulated
AT5G36220,68.1118063758296,0.000967315027677224,18,-0.163877683960338,-0.190677991507554,0.410475694142159,0,4,4,0.611111111111111,0.00274537197197329,-0.257669727481416,0.0852270091878079,-3.02333415119155,0.00250006021867421,-0.424711595999584,-0.0906278589632482,31.0132810679039,0.032714275796825,18,0.2103054631329,0.047134129500615,consensus_significant,downregulated
AT3G04700,48.3752801537426,0.000967775477990016,11,0.797544411781001,0.817270384593238,0.670512532224511,1,0,1,0.818181818181818,0.00274652860253499,0.809237330603973,0.206927721242195,3.91072460348034,9.20196456274375e-05,0.403666449566327,1.21480821164162,16.3232973432414,0.0739039440319619,11,0.431091801543262,0.00434822157899269,consensus_significant,upregulated
AT1G30990,62.6038301974953,0.0009687297248634,16,-0.345331705370407,-0.375581529822883,1.52389329577943,0,3,3,0.875,0.00274908641533902,-0.565034321984433,0.134807596752959,-4.1914130627214,2.77222415631871e-05,-0.829252356462633,-0.300816287506234,8.32228531342265,0.0235224430111739,16,0.224355086552741,0.00175621585013968,consensus_significant,downregulated
1251,26.2013353226688,0.000970128021127815,4,0.14679983596285,0.134512888050118,0.149845993826321,0,0,0,0.75,0.00275275350853178,0.192592018859662,0.0630446333723081,3.05485191296642,0.00225171673470308,0.0690268080314059,0.316157229687918,24.9775150313888,0.00409196693787586,4,0.241215657944175,0.0441193621840387,consensus_significant,upregulated
20080,26.1926326929475,0.000973466361054004,4,-0.193787131992436,-0.243310206002084,0.123605292874085,0,0,0,1,0.00276177312807827,-0.236631114638647,0.0566979128672554,-4.17354189373183,2.99900483920167e-05,-0.347756981857058,-0.125505247420237,0,0,4,0.614515242149372,0.0018501827238661,consensus_significant,downregulated
AT1G06120,59.7994668847593,0.000973558953742199,15,-0.446952670596068,-0.474987692871102,0.398556355908103,0,1,1,0.866666666666667,0.00276188484603301,-0.541154045988097,0.0945648860274459,-5.72256858461222,1.04925464680597e-08,-0.726497816804026,-0.355810275172168,0,0,15,0.924710520061859,2.98372120568602e-06,consensus_significant,downregulated
AT3G54430,39.3233704572128,0.000976598130692008,8,0.0409420799276041,0.0770182192394839,0.245921891701208,2,0,2,0.75,0.00277020383565863,0.162592205238356,0.0513190193390451,3.16826407309484,0.00153352158535698,0.0620087756119127,0.263175634864798,20.4948496592043,0.00404805956468341,8,0.275376057304963,0.0339795495569428,consensus_significant,upregulated
1920,26.1686336806657,0.000982730644034575,4,0.278026759386957,0.283327684917908,0.379380612802939,0,0,0,0.75,0.00278631782430892,0.274534214048449,0.0899190696885628,3.05312560505025,0.00226471123567335,0.0982960759355184,0.450772352161379,14.7738768430527,0.00522847402403854,4,0.148094947225839,0.0442236649422944,consensus_significant,upregulated
AT1G30910,68.0318491564461,0.000987831017810694,18,-0.0849556217793968,-0.0509913862964906,0.11925290070664,0,3,3,0.666666666666667,0.00280023035968064,-0.103799815591757,0.0339925229673369,-3.05360727979788,0.00226107861440277,-0.170423936351388,-0.0371756948321258,36.4338610356232,0.00657463771052246,18,0.131409576451557,0.0442227708859079,consensus_significant,downregulated
AT4G37060,62.463875619874,0.00100637447178652,16,-0.293236031938322,-0.5916504669175,1.56386120203259,0,2,2,0.647058823529412,0.00285092743082759,-0.740474430884588,0.175458688420197,-4.22022093947986,2.44063005657314e-05,-1.08436714096281,-0.396581720806367,0.00147842509910633,8.18323992650526e-06,17,0.173911333203241,0.00159282578434265,consensus_significant,downregulated
16120,26.0990370125117,0.00101008642055438,4,0.213252406164191,0.201413780478508,0.15180987145296,0,0,0,1,0.00286066219105058,0.29435792782491,0.0716174563379207,4.11014217589645,3.95415579639851e-05,0.153990292738216,0.434725562911605,0,0,4,0.481213635377772,0.0022644306770457,consensus_significant,upregulated
AT2G13560,67.8622271947046,0.00103273567280099,18,-0.061970529311691,-0.0561623880259848,0.114191461899365,0,1,1,0.777777777777778,0.00292257438135465,-0.0468930309890302,0.0145814556788991,-3.21593618783133,0.00130019739519421,-0.0754721589618393,-0.018313903016221,24.036056253245,0.000760537244410569,18,0.0694113768347029,0.0305878567749141,consensus_significant,downregulated
ERCC-00131,22.3536625582231,0.00104453157938671,3,-0.390787730260817,-0.347767630457133,0.143362756598048,0,0,0,1,0.00295450615846912,-0.377947118130393,0.0992632720492897,-3.80752226203788,0.00014036610662747,-0.572499556334602,-0.183394679926184,0,0,3,0.600351675600667,0.00603376559756391,consensus_significant,downregulated
AT4G15075,62.2916988976522,0.00105460411295265,16,-0.586920245372798,-0.428948933608613,1.06226942225822,0,1,1,0.8125,0.00298185923220503,-0.502130228225238,0.135395118835461,-3.70862873450742,0.000208384707998745,-0.767499784825263,-0.236760671625213,17.7200120872997,0.0481813663404774,16,0.240782463122833,0.00815673457966852,consensus_significant,downregulated
AT2G34030,59.4882755589496,0.00106140152990029,15,1.19603482380067,0.881879733916598,1.03868235028557,0,0,0,0.8,0.00299977133540376,0.647646578336949,0.195095982281868,3.31963052627733,0.00090136656351492,0.265265479536023,1.03002767713787,45.5859837703167,0.213323494378665,15,0.035823845745196,0.023775547931575,consensus_significant,upregulated
AT4G19770,48.0440902496291,0.0010705506651207,11,-0.249015023828361,-0.710278460831299,2.14292003423523,1,0,1,0.909090909090909,0.00302414684974852,-0.709154772526835,0.201213739697837,-3.52438543009922,0.000424466330566658,-1.10352645552921,-0.314783089524457,0.000112741258288898,5.89712029077771e-07,11,0.0312047901384891,0.0137450748909524,consensus_significant,downregulated
AT3G25440,67.7210543958091,0.00107158561440759,18,0.137920354533838,0.134501403402781,0.164456116252055,2,0,2,0.888888888888889,0.00302690568049246,0.145618215487846,0.0284310834813217,5.12179620532266,3.02638875379708e-07,0.0898943158230033,0.201342115152688,0,0,18,0.564150006519075,4.80187015602469e-05,consensus_significant,upregulated
AT4G03935,67.6521721170855,0.0010910432508302,18,0.18897439178526,0.177708568407769,0.245915035973682,3,0,3,0.777777777777778,0.00307935373110764,0.227822478047983,0.0537505298749866,4.2385159472447,2.25002202638773e-05,0.122473375343065,0.333171580752901,18.9559844166652,0.00935302707411697,18,0.314415701261879,0.00150769735978605,consensus_significant,upregulated
AT3G19260,67.6050263361226,0.00110455431846211,18,-0.0756359403145914,-0.101862100405415,0.20873959435982,0,1,1,0.722222222222222,0.00311579290627219,-0.132513701712139,0.0279774440002553,-4.73644775094289,2.1749678117196e-06,-0.187348484332126,-0.077678919092153,0.0156204854638336,2.30681343796213e-06,18,0.239400778624213,0.00023807179312924,consensus_significant,downregulated
AT2G44660,67.6032885686844,0.00110505536126863,18,0.137736082816535,0.100470393606619,0.203018476457212,1,0,1,0.777777777777778,0.00311703686441321,0.131733293557725,0.0324501532460515,4.05955844210858,4.91656016162006e-05,0.068132161902659,0.195334425212792,11.8115997488687,0.00218363236915882,18,0.134973129539068,0.00271662201731092,consensus_significant,upregulated
AT3G50810,67.5711445388395,0.00111436242983184,18,-0.0407126548193775,-0.133768423716106,0.385704597021032,0,1,1,0.777777777777778,0.00314209401155552,-0.201030449367865,0.0408870560344368,-4.91672594863638,8.80036124764048e-07,-0.281167606629232,-0.120893292106498,0.0172171316178161,5.38984081397585e-06,18,0.423653424662873,0.000114230394372933,consensus_significant,downregulated
7299,25.8011096843215,0.00113583358150369,4,-0.117510357105612,-0.11465941013504,0.171654820673131,0,0,0,0.75,0.00319933239518198,-0.195788840656609,0.0493226414134638,-3.96955302972002,7.20075803246975e-05,-0.292459441449382,-0.0991182398638365,0,0,4,0.316518049534887,0.00361615688955624,consensus_significant,downregulated
AT5G63120,67.4857628677489,0.00113944789346508,18,-0.0200904672959548,-0.0306263385770444,0.186504111905572,1,1,2,0.666666666666667,0.00320864223963601,-0.0772839296977321,0.0246822364904864,-3.13115587104599,0.00174119718349349,-0.125660224276986,-0.0289076351184784,18.345048021849,0.00175051054995741,18,0.0925819786884836,0.0370199590001893,consensus_significant,downregulated
AT1G21930,67.4689496389405,0.00114445063703624,18,-0.138430048037664,-0.154686192103971,0.153478777593023,0,1,1,0.777777777777778,0.00322220530068449,-0.129946291379059,0.037848643802858,-3.43331433633155,0.000596250404131113,-0.204128270096346,-0.055764312661772,33.7907056252647,0.00806760133985662,18,0.131760207750621,0.017748240713937,consensus_significant,downregulated
AT2G08610,41.8361612032618,0.00116566327598946,9,-0.568857931581138,-0.622164554162831,0.317334401546295,0,1,1,1,0.00327908345187692,-0.43095612856166,0.128373923326796,-3.35703792011242,0.000787823069370539,-0.682564394836288,-0.179347862287033,32.8263806031454,0.0418674490571193,9,0.322095731550361,0.0215844245975389,consensus_significant,downregulated
AT2G44900,67.376901002906,0.00117221224476142,18,0.161602744134963,0.161081546350022,0.296936725155018,1,0,1,0.888888888888889,0.00329661271825318,0.11835949765514,0.0373730820239631,3.16697182157067,0.00154035243380328,0.0451096028969114,0.191609392413369,35.5989923939213,0.0073619954491958,18,0.0240612970029287,0.0340954119775807,consensus_significant,upregulated
AT1G53980,32.4636881081669,0.00117307829734403,6,-0.121678098716493,-0.422749252044729,1.1648197587334,0,2,2,0.666666666666667,0.00329886956601933,-0.921831771941839,0.203787519361344,-4.52349474016268,6.08268318543171e-06,-1.32124797038883,-0.522415573494846,0,0,6,0.626768796801981,0.000533999888989744,consensus_significant,downregulated
AT3G24065,47.7419069519883,0.0011733992123166,11,0.426443835987198,-0.472931892238844,1.89023985645642,0,1,1,0.636363636363636,0.00329959324475506,-0.559120693519307,0.172734661813526,-3.23687607136372,0.00120845879615884,-0.897674409555525,-0.220566977483089,11.9467434307567,0.0385339561913875,11,0.104270111505266,0.0291094044957333,consensus_significant,upregulated
3936,25.7143527432192,0.00117523891171887,4,0.125429104258955,0.15525128004261,0.0927100486443026,0,0,0,0.75,0.00330422940179422,0.161863563617262,0.0396449468785259,4.08282962550613,4.44906410579016e-05,0.0841608955663479,0.239566231668177,0,0,4,0.629699758014942,0.00250635441981343,consensus_significant,upregulated
AT5G17720,56.2984687399576,0.00118281623415711,14,-0.371120099450452,-0.578756255020975,1.37337002326263,0,2,2,0.571428571428571,0.00332463283882958,-0.803614268834074,0.25451631615578,-3.15741749280314,0.00159173274029206,-1.30245708197721,-0.304771455690935,32.7879094380277,0.273650665138721,14,0.132307851964704,0.0347728258936055,consensus_significant,downregulated
AT4G16233,53.4437917775486,0.00119227185025237,13,0.74232872397845,0.744127913647669,0.836203371656596,2,0,2,0.769230769230769,0.00334975917825737,0.820879169533253,0.19234698141903,4.26769977608828,1.97498878718016e-05,0.443886013416959,1.19787232564955,12.6291090250469,0.0588474141136065,13,0.523388852648204,0.00135542748986846,consensus_significant,upregulated
AT5G64320,67.287577272605,0.00119976396596832,18,0.15048963551023,0.118043922719703,0.184969290959061,2,0,2,0.888888888888889,0.00337007899538463,0.152962847104798,0.0479006928050521,3.19333266696854,0.0014064082194453,0.0590792143723788,0.246846479837217,33.8255518651874,0.0122619289237093,18,0.177575650831543,0.0321171144620157,consensus_significant,upregulated
AT5G25900,67.233166309112,0.00121684776187855,18,0.0600932650700847,0.0559586961288318,0.203128281238817,3,0,3,0.722222222222222,0.00341621764965969,0.0752410181659849,0.0208372357967003,3.61089248593615,0.000305145146472631,0.0344007864670835,0.116081249864886,0.00754521637600114,6.32167270709117e-07,18,0.0397704645059318,0.0109338057870069,consensus_significant,upregulated
AT5G54780,67.2164779072953,0.00122213375025221,18,-0.18587447295326,-0.187860753531947,0.184751986682942,0,2,2,0.777777777777778,0.0034299445072103,-0.192360977967876,0.045933583897704,-4.18780686471738,2.81663045361881e-05,-0.282389148088225,-0.102332807847528,15.4980567499477,0.00551594897791932,18,0.475355536984595,0.00177567502376134,consensus_significant,downregulated
AT1G61010,67.1814938251774,0.00123328581189049,18,0.0841130674877149,0.0608415984185081,0.120146629959284,2,0,2,0.833333333333333,0.00345993334718532,0.0949940682393992,0.028554452791752,3.32676899579174,0.000878591748403631,0.0390283691693161,0.150959767309482,28.0777234263956,0.00371429365939334,18,0.227744836317779,0.023386781982879,consensus_significant,upregulated
ATMG00130,67.1694617545336,0.00123714366256367,18,0.222882758159375,-0.160197848025425,1.44236299891544,1,2,3,0.611111111111111,0.00347019365674308,-0.263755796877903,0.0865122472651238,-3.04876829831506,0.00229781629078471,-0.433316685739169,-0.0941949080166364,16.2490842692782,0.0201825837867724,18,0.0626991919556049,0.0447186423222333,consensus_significant,upregulated
AT2G08825,35.5034703082885,0.00123765303150229,7,1.30449527688374,1.02520953471149,0.737753263020167,0,0,0,1,0.00347143482425425,0.900918774333553,0.215896462953533,4.17292049164999,3.00719905201649e-05,0.477769482555042,1.32406806611207,0,0,7,0.579961289305667,0.00185303462725444,consensus_significant,upregulated
AT4G03845,56.129076086899,0.00124056192717208,14,0.633992598757664,0.92044267952776,1.1464847420702,3,0,3,0.785714285714286,0.00347921779866844,0.86171899876608,0.183143427294073,4.70515929235299,2.53667811442037e-06,0.502764477264468,1.22067352026769,0.0013142902635743,6.44389613657733e-06,14,0.530930588575091,0.000269698785427431,consensus_significant,upregulated
AT3G47840,67.1559174293528,0.00124150012262715,18,0.273697234795887,0.202474740258332,0.307740293775723,3,0,3,0.722222222222222,0.00348166087774743,0.221268106019239,0.0730567296244294,3.02871627510204,0.00245595215783529,0.0780795471270767,0.364456664911401,42.9116807967887,0.0336486888669102,18,0.0591411518770013,0.0465733266656163,consensus_significant,upregulated
AT1G32763,21.9182724142185,0.00125286206842822,3,2.71655382244902,2.64122360063325,0.461664953790138,0,0,0,1,0.00351219586331928,2.74604610108346,0.715539286073566,3.83772932462179,0.000124177249624028,1.34361487085577,4.14847733131115,0,0,3,0.875787646611545,0.00546928049192958,consensus_significant,upregulated
AT2G40316,67.0898443596828,0.00126296222012007,18,0.0871437305621082,0.0915572418755418,0.109279137560901,3,0,3,0.666666666666667,0.00353917186903795,0.093416168292094,0.0261305731909736,3.57497585718339,0.000350260215967182,0.0422011859423979,0.14463115064179,27.0045120840532,0.00306437186649365,18,0.220755553342986,0.01206699936603,consensus_significant,upregulated
AT2G42720,66.9652860024199,0.00130438489203746,18,0.0339959277347559,0.105880968622951,0.725568379798309,3,0,3,0.666666666666667,0.00365170075417425,0.305744381949045,0.0967169492742248,3.16122855656,0.00157105171296138,0.116182644676977,0.495306119221113,25.1570034614779,0.0345315387189251,18,0.308531960042292,0.0345831341006738,consensus_significant,upregulated
8378,25.4139136393309,0.00132227673988354,4,-0.179949625943046,-0.168860098821792,0.147261177839029,0,0,0,1,0.00369899666235627,-0.255604382514434,0.0633176501581418,-4.03685831479908,5.41717622519338e-05,-0.379704696410099,-0.131504068618769,0,0,4,0.458583350603328,0.0029035616866522,consensus_significant,downregulated
AT1G53635,64.0448354219011,0.0013753549705593,17,-0.369700444067768,-0.552614913415828,0.628597479863535,0,2,2,0.705882352941177,0.0038408554386332,-0.492011143232904,0.135900705968051,-3.62037223963038,0.000294179484252151,-0.758371632403852,-0.225650654061956,29.3317343499405,0.0775312039188943,17,0.274371449229397,0.0106289751817121,consensus_significant,downregulated
AT4G04110,21.6678232414704,0.00139062098268236,3,1.1167322389079,0.96282345454163,0.751783585154328,1,0,1,1,0.00388223439417983,0.463363658883292,0.118254684046328,3.91835353178706,8.91558783650374e-05,0.231588737149326,0.695138580617258,0,0,3,0.656967932675659,0.00424771679806391,consensus_significant,upregulated
15291,25.2555481031888,0.00140685044879194,4,-0.0987724137230317,-0.156396698073378,0.246824966830082,0,0,0,0.75,0.00392522014529354,-0.241315688708182,0.0644835810836171,-3.74228113037431,0.000182357340959758,-0.36770118522624,-0.114930192190124,0.0108144973436298,2.19439231137278e-06,4,0.231608627493084,0.00734582940866156,consensus_significant,downregulated
11236,25.2456956135003,0.00141228280661327,4,0.102786773211638,0.158580660210621,0.152156601519488,0,0,0,0.75,0.0039391062954662,0.162388624175724,0.0445989277189146,3.64108808174,0.000271488226709737,0.0749763320975458,0.249800916253901,0.00300959197896968,2.71096201373194e-07,4,0.247170933415371,0.00996878637976505,consensus_significant,upregulated
6363,25.2264778758341,0.00142293775603661,4,0.538598992619014,0.642697869926661,0.366394294416039,0,0,0,1,0.00396733239194501,0.567182453751269,0.165808029348276,3.4207176575262,0.000624561359138215,0.242204687881089,0.89216021962145,14.684424082122,0.0162180561894154,4,0.283475820839336,0.0183211951883992,consensus_significant,upregulated
AT1G79120,66.5169987873449,0.0014644105727203,18,0.310727630239506,0.240742120190196,0.302238986101029,2,0,2,0.777777777777778,0.00407836301431404,0.233068944531855,0.0698834806493643,3.33510784474608,0.00085266324224853,0.0960998393447997,0.370038049718911,43.1093039009699,0.0307685720296196,18,0.0581851956830439,0.0228643668691752,consensus_significant,upregulated
AT5G24655,61.0234950437864,0.00148417267892558,16,-0.0660725536593004,-0.129119782352504,0.728209611953877,0,2,2,0.5625,0.00413096188174594,-0.385272211272085,0.0999426938710412,-3.85493122457968,0.000115762167873546,-0.581156291777237,-0.189388130766932,10.2144724158181,0.0156426287193675,16,0.232293915929998,0.00515996934531877,consensus_significant,downregulated
AT5G14280,66.3972609225108,0.00151021020943402,18,0.22697886367208,0.121617586971468,0.554472135261126,1,0,1,0.666666666666667,0.00420140545024844,0.254603903476735,0.0835543736182824,3.04716428896818,0.00231011410927484,0.0908403404340977,0.418367466519372,30.5524781507954,0.035286567813147,18,0.0341782603335317,0.0448402395980605,consensus_significant,upregulated
2541,25.0500944765356,0.00152446039250718,4,-0.201318477056784,-0.186483190913303,0.237072654692391,0,0,0,0.75,0.00423877739373809,-0.319092926999508,0.0815657702608825,-3.91209358998157,9.14994367351413e-05,-0.478958899082106,-0.15922695491691,0.00365992706874947,1.18124556007088e-06,4,0.290994548963256,0.0043312239817794,consensus_significant,downregulated
13052,25.0493598044685,0.00152489766500146,4,0.288115713778631,0.348197787825115,0.16741317954683,0,0,0,1,0.00423953898174636,0.32099083704266,0.0820551703071549,3.91189044932945,9.15764533962687e-05,0.160165658495336,0.481816015589985,0,0,4,0.544527149397929,0.0043312239817794,consensus_significant,upregulated
AT2G31220,63.6403049889569,0.00152935543461502,17,0.908489249092719,0.673088593864747,1.49896242287687,2,0,2,0.764705882352941,0.00425124933918666,0.519999232894813,0.137331095622289,3.78646387796253,0.000152806297227516,0.250835231517702,0.789163234271925,5.48601125043083,0.0179002411595552,17,0.103408407957075,0.00643522883551336,consensus_significant,upregulated
AT4G12120,66.3402670855406,0.00153248492384863,18,-0.163175087592925,-0.223140439625508,0.222546019037012,0,2,2,0.722222222222222,0.00425949231685684,-0.198825860534264,0.0389804300373099,-5.10065846744018,3.38473852046938e-07,-0.275226099509275,-0.122425621559254,1.14347929153536,0.000336199164624703,18,0.567184130683568,5.21916815484645e-05,consensus_significant,downregulated
AT2G05825,46.8535849705857,0.00153350599440866,11,-0.0307859155758041,0.487426228540376,1.01815182238557,0,0,0,0.636363636363636,0.00426210210002162,0.476322191432073,0.12364161447369,3.8524423468559,0.00011694551678062,0.233989080073255,0.718655302790891,0.000334644255704386,6.74774464187342e-07,11,0.149921239602962,0.0052037746077579,consensus_significant,downregulated
AT2G47810,63.6226725102432,0.00153642732145254,17,0.250549558356007,-0.201004083466986,1.43930788739808,0,2,2,0.647058823529412,0.00426976410423583,-0.606216708309006,0.121048875272903,-5.00803255662062,5.49892348814351e-07,-0.843468144212977,-0.368965272405036,0.000138496063770484,4.02772353598487e-07,17,0.360877134195351,7.75288440920755e-05,consensus_significant,upregulated
17464,25.011736403059,0.00154745496007965,4,-0.319718476842174,-0.322234051569585,0.23574476134815,0,0,0,1,0.0042990290056254,-0.341771915893341,0.107328182106405,-3.18436322302105,0.00145072851612902,-0.55213128734805,-0.131412544438631,22.5972395157065,0.0104600850063376,4,0.252904993968713,0.0327972106016723,consensus_significant,downregulated
AT5G09750,55.3320518424129,0.0015503160631044,14,-0.968404627048853,-0.566445043287032,1.4026039807541,0,1,1,0.785714285714286,0.00430651648422081,-0.615065835034395,0.156021123351642,-3.94219591438367,8.07389819636077e-05,-0.920861617631094,-0.309270052437695,1.46444643790085,0.00522318937581348,14,0.157364456182875,0.00392970106960584,consensus_significant,downregulated
13092,24.9849149185435,0.00156373399723324,4,0.113772995737593,0.146368788857074,0.117298047553454,0,0,0,0.75,0.00434123338809321,0.169980379022842,0.0434469425221658,3.91236688142372,9.13959203364398e-05,0.0848259364410148,0.255134821604669,0.00470705964798478,4.00345695392571e-07,4,0.453471647869506,0.0043312239817794,consensus_significant,upregulated
AT5G52760,66.2562650364692,0.00156588441599498,18,1.00858433840339,0.743096385243449,0.937213882121281,2,0,2,0.888888888888889,0.00434673835773417,0.747620553020184,0.156296956168114,4.78333405428598,1.72411236959752e-06,0.441284148037445,1.05395695800292,1.16110169136709,0.00542580870088491,18,0.436092559718206,0.000196601859745489,consensus_significant,upregulated
ERCC-00154,21.360775979029,0.00157987456571312,3,-0.539090854556112,-0.647517597867959,0.233227666682385,0,0,0,1,0.00438346358575198,-0.555947016867201,0.151477997645623,-3.6701502892045,0.000242407903344559,-0.852838436702865,-0.259055597031538,0,0,3,0.492767480181924,0.00912706216047105,consensus_significant,downregulated
AT2G09295,31.6159950502762,0.0015855931650573,6,-1.03666298151026,-1.21195336590195,0.658795781998572,0,1,1,1,0.00439768454334629,-1.24004508158968,0.282907359573676,-4.38321959336213,1.16938134664593e-05,-1.79453331731541,-0.685556845863954,0,0,6,0.777776032797308,0.000894869937896422,consensus_significant,downregulated
AT4G31620,60.7649257117548,0.00159017141872428,16,0.0966398336475555,0.305828742127402,0.990979247810906,1,0,1,0.75,0.00440967550775856,0.450971813933161,0.11918314580975,3.78385560197446,0.000154417434061262,0.217377140581865,0.684566487284456,15.7764033950781,0.0317556413067745,16,0.364565002633644,0.00649780547350731,consensus_significant,upregulated
AT5G62370,66.1464067882276,0.00161060769836551,18,0.221795780321841,0.252648771547532,0.210155552690951,2,0,2,0.833333333333333,0.00446396187935855,0.184203263616697,0.0511617164499484,3.60041211277389,0.000317713209065619,0.0839281419875483,0.284478385245847,33.7415968002976,0.0130069842778268,18,0.159908777153365,0.0112061401353913,consensus_significant,upregulated
17528,24.8956007944953,0.00161915363234338,4,0.500057557038434,0.354378474306965,0.338103791304472,0,0,0,1,0.00448597088945998,0.356556641649115,0.0982445640983538,3.62927603090754,0.000284217201958253,0.164000834339505,0.549112448958725,0.00801895579726098,3.63605396100885e-06,4,0.359536938496513,0.0103265583378165,consensus_significant,upregulated
AT2G11000,66.0903923025711,0.00163387503427995,18,-0.0764787475446468,-0.053973688694258,0.13065700664439,0,2,2,0.722222222222222,0.00452434232268919,-0.0928805411019401,0.0290703581050744,-3.19502569477213,0.00139818391907745,-0.149857396005568,-0.0359036861983122,38.0322896071683,0.00471764357185137,18,0.0800398840250331,0.0319988040964767,consensus_significant,downregulated
AT1G14910,65.9350390553025,0.00170008539962392,18,0.10919367059588,0.123163160069972,0.105736902311856,0,0,0,0.833333333333333,0.00470091275044652,0.0704293683721918,0.0154168893629043,4.56832547178142,4.91636195563825e-06,0.0402128204672607,0.100645916277123,3.70226821111575,0.000167646364833646,18,0.478381981283748,0.000456315784805608,consensus_significant,upregulated
AT2G41400,21.182839856211,0.00170085926214173,3,2.97537208501466,3.45808681104307,1.5720626214698,1,0,1,1,0.00470280201184903,3.01714135562948,0.855230800455056,3.52786797905794,0.000418921037782607,1.34091978826821,4.69336292299076,1.90179291091964,0.0419071810732349,3,0.340288939806425,0.0136015639075799,consensus_significant,upregulated
15469,24.7370454117809,0.0017222846100368,4,0.310665091198637,0.159894438766085,0.555089665740336,0,0,0,0.75,0.00475925319697155,0.164915458588099,0.048230176403606,3.41934180808365,0.000627728199628671,0.0703860498690181,0.259444867307181,0.00054473348275376,7.38938607431346e-08,4,0.148527894722669,0.0183917597536279,consensus_significant,upregulated
AT5G61800,65.8090791397739,0.00175562781742082,18,0.398365955506622,0.216533482108844,0.447418592985251,3,0,3,0.888888888888889,0.00484726244025736,0.263047292281575,0.0716045298263196,3.67361245049175,0.000239145360819306,0.122704992692065,0.403389591871086,24.6121312699531,0.0211911802269693,18,0.0572152976237778,0.00902386756418098,consensus_significant,upregulated
19417,24.6864419405341,0.00175652500012192,4,-0.114312781069344,-0.176620241980009,0.168385613999351,0,0,0,0.75,0.00484922361868766,-0.203009813493937,0.0498765971130099,-4.07024186180864,4.69643544249278e-05,-0.300766147506851,-0.105253479481023,0,0,4,0.80104607537635,0.00260888497321515,consensus_significant,downregulated
AT4G08015,37.527152212753,0.0017666727602429,8,0.556209521112357,0.577836490045511,0.692950525184531,2,0,2,0.875,0.0048756823848435,0.680605367626587,0.208972685972537,3.25691065537643,0.00112631878607667,0.271026429367816,1.09018430588536,18.7317555741014,0.062622726163854,8,0.449034810847126,0.0276051801762051,consensus_significant,upregulated
AT1G29900,65.7829260849331,0.00176737370620533,18,0.114579992205214,0.0874544629991168,0.163017001144698,3,0,3,0.777777777777778,0.00487735751187125,0.116897571185175,0.0257262959080725,4.54389437184755,5.52243385454934e-06,0.0664749577497331,0.167320184620618,3.47997709707753,0.000423801940343637,18,0.26508053033209,0.000499174143047801,consensus_significant,upregulated
AT2G46920,65.7820212491576,0.0017677814168748,18,-0.0855478750926981,-0.0663054030445452,0.161107888678592,0,1,1,0.777777777777778,0.00487822327292742,-0.117157242882747,0.0304618734495795,-3.84602880964186,0.00012004765395224,-0.17686141774554,-0.0574530680199543,23.0154452606991,0.00337453916801285,18,0.18641139184961,0.0053218697525198,consensus_significant,downregulated
AT3G51075,57.6246777331024,0.00176800644199456,15,0.0893330427453705,0.126244496886577,0.98896717527674,1,0,1,0.533333333333333,0.00487845572083526,0.228579618044145,0.0675233105336131,3.38519566410119,0.000711275337934468,0.0962363612813493,0.360922874806941,0.00400607653365115,3.31706082145552e-06,15,0.0538265453515826,0.0200237708265827,consensus_significant,upregulated
AT1G63160,65.7771883190437,0.00176996060050777,18,0.157865064966534,0.13925528929395,0.204780475671271,1,0,1,0.777777777777778,0.00488319823128607,0.138754570386358,0.0356504179789198,3.89208817883717,9.93851076382353e-05,0.0688810351138758,0.20862810565884,21.3633986600041,0.00456509752453454,18,0.288318237084215,0.00462466091901543,consensus_significant,upregulated
ERCC-00144,21.0584781079952,0.00179075387322074,3,-0.436542815664213,-0.349495731573801,0.213420353082566,0,1,1,1,0.00493767820081971,-0.448357196428099,0.131919263896653,-3.39872421346549,0.000677009456648547,-0.706914202532575,-0.189800190323624,8.30017578341716,0.0043572882656289,3,0.359991292823052,0.0193318429547348,consensus_significant,downregulated
AT3G49725,65.7239858873569,0.00179411860437607,18,0.165511408080116,0.14684436947517,0.233824026410451,3,0,3,0.722222222222222,0.00494537945115101,0.133331375422833,0.0443403314917339,3.00699996903923,0.00263839789818714,0.0464259226364673,0.220236828209198,30.6991822185283,0.00960308976456185,18,0.102183549891709,0.0488895130534077,consensus_significant,upregulated
AT5G39350,65.7223684197094,0.00179485793028773,18,0.234013850461688,0.21448930322326,0.337734957664888,3,0,3,0.833333333333333,0.00494689190376844,0.195442651718359,0.0599420745390155,3.2605253191754,0.0011120603811473,0.0779583444632736,0.312926958973445,33.5060149714144,0.0186587496694215,18,0.0793480036274528,0.0273736009878488,consensus_significant,upregulated
16413,24.6265412274317,0.00179791300140198,4,0.157894159875368,0.215217142125155,0.155387754358616,0,0,0,0.75,0.00495504899563318,0.237023261917852,0.0585409354796281,4.04884650332133,5.14706871348407e-05,0.122285136756498,0.351761387079206,0,0,4,0.673913124968766,0.00279879339424977,consensus_significant,upregulated
10202,24.5990715797728,0.00181720886164424,4,-0.237423136596705,-0.126387615092837,0.350429270925368,0,0,0,0.75,0.00500580301231548,-0.129918859774473,0.0388878227155883,-3.34086227261046,0.000835186422527571,-0.206137591734205,-0.0537001278147413,0.0211164993707279,1.7239980363316e-06,4,0.123644064252141,0.0225664249949882,consensus_significant,downregulated
4866,24.5980627852361,0.00181792130432507,4,0.353745680870438,0.129082951558244,0.471726571950394,1,0,1,1,0.00500673566546965,0.129616975716008,0.0432210188766073,2.99893383092274,0.00270926139032123,0.0449053353427317,0.214328616089284,0,0,4,0.0447460088405374,0.0497055579828242,consensus_significant,upregulated
AT1G51850,65.6593258327376,0.00182389989156793,18,0.0821126066865302,-0.166178568099523,1.19425038007775,0,1,1,0.666666666666667,0.00502213530013618,-0.218600295040027,0.0523686764675859,-4.17425663173542,2.98960607979865e-05,-0.321241014834526,-0.115959575245529,0.00843308150518155,4.51811732310299e-06,18,0.13802181817862,0.00184658002195563,consensus_significant,upregulated
ERCC-00053,20.955193439501,0.00186893312033927,3,-0.363275510325666,-0.288273592774111,0.175292690897319,0,0,0,1,0.00514068036879158,-0.340298493840433,0.0963148969585558,-3.53318650163601,0.000410582718300669,-0.529072223053888,-0.151524764626977,0.00543390971212124,1.54345313820912e-06,3,0.397607088704485,0.0133858651003536,consensus_significant,downregulated
6026,24.5246788458087,0.00187048272760986,4,-0.467321983584777,-0.262074110222272,0.500396799538726,0,0,0,1,0.00514467006071434,-0.215777175224216,0.0690632381823661,-3.12434199297812,0.0017820320239921,-0.351138634717365,-0.0804157157310669,0.00317277659738056,7.58759853150069e-07,4,0.0883609101810963,0.037569666612274,consensus_significant,downregulated
AT3G13020,65.5322498937166,0.00188379860966552,18,0.529204828644151,0.231667146477173,0.677905854267255,2,0,2,1,0.00517882470683034,0.198744036827694,0.0530302185022416,3.74775066822124,0.00017842748708495,0.0948067184710112,0.302681355184377,10.0003333895454,0.00479088396355481,18,0.0869419841585742,0.00724943754104583,consensus_significant,upregulated
ERCC-00163,20.8649674122807,0.0019399530761684,3,-0.595922186951193,-0.584508136803053,0.0212172670959788,0,0,0,1,0.00532417664884016,-0.598502203326651,0.159658105529661,-3.74864903564488,0.00017778967580351,-0.911426340004682,-0.285578066648621,0,0,3,0.993758828880662,0.0072291845919979,consensus_significant,downregulated
15976,24.4269427705517,0.00194278698928194,4,-0.223816719139422,-0.221966098863605,0.0681071855347748,0,0,0,1,0.00533167235251279,-0.240568748296381,0.0603005661640748,-3.98949402302138,6.62143876100012e-05,-0.358755686225343,-0.12238181036742,0,0,4,0.838982779198448,0.00339137935514048,consensus_significant,downregulated
AT1G10240,65.409347854573,0.00194349827566059,18,0.126075042346396,0.135239009510912,0.123674418857196,2,0,2,0.777777777777778,0.00533334235737641,0.143848814002884,0.0268087547987129,5.36574022489811,8.06179022605945e-08,0.0913046201270413,0.196393007878727,0,0,18,0.808037434398789,1.62123226391034e-05,consensus_significant,upregulated
AT1G20650,65.3930020391428,0.00195157189145475,18,-0.161299824092421,-0.104472937850245,0.138009382233502,0,2,2,0.888888888888889,0.00535408250017936,-0.153192583834459,0.0433905198950602,-3.53055423638514,0.000414689985427763,-0.238236440099245,-0.068148727569672,30.2709158154907,0.00869164897206883,18,0.324873108333788,0.0134979769158934,consensus_significant,downregulated
7378,24.3911747046751,0.00196992142143618,4,-0.168509054091085,-0.327641679065183,0.447920677162838,0,0,0,0.75,0.00539957178209448,-0.387705945607712,0.108476768410783,-3.57409195800832,0.000351445409053367,-0.60031650485214,-0.175095386363284,0.000581954329323766,3.41522498498028e-07,4,0.252412259163674,0.0120837598431576,consensus_significant,downregulated
9326,24.3840256348931,0.00197538888047861,4,0.501880336761077,0.433231730684844,0.205938536326507,0,0,0,1,0.0054139862853525,0.436799035346123,0.113575342266709,3.84589671163297,0.000120112356028847,0.214195454971565,0.659402615720682,0,0,4,0.788252353606795,0.0053218697525198,consensus_significant,upregulated
913,24.3789660330211,0.00197926727213788,4,-0.181676733833755,-0.198493066338839,0.121741915528585,0,0,0,1,0.00542375663628449,-0.188954066719391,0.0476402421265636,-3.96627007514794,7.30061346754161e-05,-0.282327225502224,-0.095580907936559,0,0,4,0.688778407904754,0.00364566919297333,consensus_significant,downregulated
279,24.3664457319548,0.00198889645277545,4,-0.277414700908074,-0.239348187703551,0.103535584988131,0,0,0,1,0.00544928019825259,-0.243542177715517,0.0620570206137271,-3.92449033657999,8.69135479051605e-05,-0.365171703106282,-0.121912652324752,0,0,4,0.894671875901679,0.00416382504110004,consensus_significant,downregulated
AT1G08507,65.2523361670348,0.0020223744194818,18,0.530782270164204,0.417546143090637,0.89473060201167,2,0,2,0.722222222222222,0.00553399350163572,0.380106028469507,0.099126866123889,3.83454096081732,0.000125799008345031,0.185820940966361,0.574391115972653,9.40461696368621,0.0164067969190057,18,0.138625984752149,0.00553131843133357,consensus_significant,upregulated
10554,24.308865910576,0.00203376982561109,4,0.301517041271929,0.239160222641386,0.340148632370625,0,0,0,0.75,0.00556341578659364,0.214580577641671,0.0633626019985367,3.38654933467893,0.000707775494328453,0.090392159757793,0.338768995525548,0.00231508959191195,4.58520780871586e-07,4,0.158658067101568,0.0199794470879964,consensus_significant,upregulated
17489,24.3005930394395,0.00204029741191853,4,0.338181389651764,0.254594333708956,0.305392219919858,0,0,0,1,0.00558009569352287,0.240246486838991,0.0676053115638109,3.55366288952353,0.000379905849199935,0.107742511010312,0.372750462667669,0.0017435064763219,3.65116005443471e-07,4,0.263224073050249,0.0127321695200066,consensus_significant,upregulated
AT4G13555,37.0524339066629,0.00206172347681083,8,0.501142652580469,0.652377587823207,0.445708483569824,1,0,1,0.875,0.00563364800305143,0.524160005728747,0.125807184526101,4.16637577339631,3.09480412725987e-05,0.277582455061204,0.770737556396291,0,0,8,0.56482311945179,0.00188717689903944,consensus_significant,upregulated
12822,24.2703483167134,0.00206433535254526,4,-0.276056526401917,-0.298947066722993,0.0564508722613664,0,0,0,1,0.00564048797749152,-0.293245194729045,0.072315419914295,-4.05508527886011,5.01160155186463e-05,-0.434980813287954,-0.151509576170136,0,0,4,0.985003643680878,0.00274045389214462,consensus_significant,downregulated
AT5G46295,62.4734831420946,0.00207055727202605,17,-0.506655786309462,-0.502791434648379,1.69318740839608,0,1,1,0.705882352941177,0.00565659506134456,-0.43827982555497,0.139517702804864,-3.14139221578188,0.00168146686953138,-0.711729498258267,-0.164830152851673,24.8925881404708,0.0718174644516936,17,0.173365059904894,0.0361642926556149,consensus_significant,downregulated
AT1G09290,65.1334512270598,0.00208410202303304,18,0.120382931551935,0.105360580189008,0.133672970515185,1,0,1,0.888888888888889,0.00569239969989673,0.099591012526682,0.0232833125309022,4.27735582703286,1.8912636718219e-05,0.0539565585253235,0.145225466528041,13.0575884530445,0.00120887347725248,18,0.325490537229667,0.00130872524427081,consensus_significant,upregulated
21690,24.2251738807895,0.00210075259495489,4,0.175606408785759,0.191366351537525,0.364004734911242,0,0,0,0.75,0.00573576518653025,0.17546938605687,0.0548078815105601,3.20153564087424,0.00136697163353347,0.0680479122272336,0.282890859886507,0.00128114062219948,2.06047878674452e-07,4,0.132902754318246,0.0315457930329038,consensus_significant,upregulated
AT5G23760,65.0834359143942,0.00211059998056756,18,-0.183976482916904,-0.191598327290438,0.287696345508283,0,1,1,0.833333333333333,0.00576204563628621,-0.195221868514821,0.0617995260609732,-3.15895413699791,0.00158336405387312,-0.316346713855973,-0.0740970231736692,38.2055645343666,0.0223415028166275,18,0.0715054461696866,0.0347179313683726,consensus_significant,downregulated
AT3G54450,62.375038892138,0.00212370308289848,17,0.718094023681261,0.754828619960173,1.24872744859073,2,0,2,0.705882352941177,0.00579537902652684,0.76251688547457,0.151309333988451,5.03945702075968,4.66854451504521e-07,0.465956040332464,1.05907773061668,4.91749617653442,0.0193825312751823,17,0.773644714894592,6.82317643996072e-05,consensus_significant,upregulated
16446,24.1515764995389,0.00216142422100102,4,0.375124807718689,0.337014056957112,0.21595219143227,0,0,0,1,0.00589428743664218,0.308702460685994,0.0850868875633665,3.62808500259332,0.000285531260620066,0.141935225505186,0.475469695866801,0.00215218045480921,6.73911915649099e-07,4,0.441428173134776,0.0103563843281122,consensus_significant,upregulated
AT3G23780,64.9629524446148,0.00217574583803041,18,0.137748789280239,0.129909487442383,0.164449256753689,2,0,2,0.888888888888889,0.00593147309274168,0.100368379936118,0.0206474127329821,4.86106328352658,1.16756918256492e-06,0.0599001946055398,0.140836565266697,0,0,18,0.610292853812189,0.000142873017613675,consensus_significant,upregulated
AT1G17610,42.7795676597875,0.00218592336064207,10,0.279219070715005,0.15169411135613,0.613260337460616,2,0,2,0.5,0.00595796703816216,0.460154018892772,0.0915848605916408,5.02434590084173,5.05151212311601e-07,0.280650990604034,0.63965704718151,0,0,10,0.773438947997058,7.24012859104285e-05,consensus_significant,upregulated
AT1G23995,27.4533531112199,0.00220687455497096,5,2.20342899327673,2.27056707611401,1.8344268473714,2,0,2,0.8,0.00601317704103045,2.02119541966191,0.511231101146085,3.9535846217704,7.69890179242628e-05,1.01920087363883,3.02318996568499,7.64848581870907e-05,1.12640670776059e-06,5,0.574218156966278,0.00378984649523952,consensus_significant,upregulated
5239,24.0094615096706,0.00228343481418386,4,0.318850164507276,0.1450934431704,0.400882803756261,0,0,0,1,0.00620842109544537,0.154265513334557,0.0455002568079818,3.39043170647545,0.000697826387711422,0.0650866487035891,0.243444377965524,0.0142892153735556,1.57844976754438e-06,4,0.1841280590404,0.019763113700884,consensus_significant,upregulated
AT5G43880,64.7387778289061,0.00230204704245493,18,-0.143722481276444,-0.112693312573987,0.130346081828082,0,2,2,0.888888888888889,0.00625574865440355,-0.120532665006786,0.0329161569197807,-3.66180855500639,0.000250440987735997,-0.185047147079025,-0.0560181829345467,36.2236355811576,0.00581680600853578,18,0.134527209485403,0.00936056915092399,consensus_significant,downregulated
AT4G39952,64.736203144222,0.002303537082008,18,0.361071056619257,0.308151045596499,0.319813850958467,1,0,1,0.944444444444444,0.0062594700572407,0.215716452204539,0.0507793949367928,4.24810993658058,2.1558160369821e-05,0.11619066697169,0.315242237437388,16.8096619167483,0.00704779731668862,18,0.375395185929086,0.00146917069006598,consensus_significant,upregulated
8531,23.9759976269873,0.00231312355563257,4,-0.157876829663442,-0.259878813326784,0.346741803432144,0,0,0,0.75,0.00628453256875288,-0.342943323520682,0.0969575826692207,-3.53704490231222,0.000404630867025669,-0.53297669358042,-0.152909953460945,0.00185503558496401,8.87919847879954e-07,4,0.216294740222359,0.0132203198392694,consensus_significant,downregulated
AT3G51640,64.7183050801672,0.00231392038195825,18,0.122949506018433,0.119916479463775,0.163399486934614,2,0,2,0.833333333333333,0.00628636839112306,0.0938687875482046,0.0264003520577578,3.5555884763522,0.000377134000167096,0.0421250483358214,0.145612526760588,22.8980134519304,0.00243395399827577,18,0.143965371188176,0.0126730702491383,consensus_significant,upregulated
AT3G50030,64.7080153508046,0.00231990981577291,18,0.0792757807742149,-0.139263725223032,0.984404920360115,0,2,2,0.611111111111111,0.00630020839405647,-0.415374208814846,0.110864351516827,-3.74668866170023,0.000179184251709043,-0.632664344957216,-0.198084072672475,12.2068144644212,0.0251492807602734,18,0.322780041779176,0.00726880040318372,consensus_significant,upregulated
9651,23.9283668011127,0.00235602850636563,4,0.326480504930727,0.271739519502925,0.264476816362156,1,0,1,1,0.00639273502242172,0.32096691660461,0.101839892625881,3.15168160853934,0.00162333177867197,0.121364394868458,0.520569438340763,17.6781115675172,0.00745183332925788,4,0.219983258319785,0.0352110978280168,consensus_significant,upregulated
AT3G60640,64.6406953430514,0.00235945813395032,18,-0.176091363317429,-0.175504967364828,0.153985200484122,0,3,3,0.888888888888889,0.00640137149033745,-0.165585036136655,0.036007709178448,-4.59859957533104,4.25340407663379e-06,-0.236158849292205,-0.0950112229811042,10.0927981263665,0.00229077959501873,18,0.495646668808868,0.000407917961390143,consensus_significant,downregulated
AT2G13290,64.6274390191105,0.00236732045415857,18,-0.0854434602966817,-0.13516568650427,0.222357969930459,0,1,1,0.555555555555556,0.00642169544197376,-0.146504576101976,0.0323272438369638,-4.53192288339963,5.8449188802316e-06,-0.209864809741869,-0.0831443424620823,0.00188130247911772,3.8749358882273e-07,18,0.310378621364388,0.000518251539225518,consensus_significant,downregulated
AT5G58170,33.5785065657743,0.00237575505443361,7,0.272798310130527,0.915287045646261,1.14331704570443,2,0,2,0.714285714285714,0.00644390191168846,0.849239845229372,0.191005984590293,4.44614260150534,8.74259254670483e-06,0.474874994600786,1.22360469585796,0,0,7,0.883522688081431,0.000708751049520677,consensus_significant,upregulated
AT4G36060,64.5828639493462,0.00239393975255069,18,-0.328122085109839,-0.256422561591099,0.40966226218928,0,0,0,0.888888888888889,0.00649118996380197,-0.236236350957186,0.0582190530065711,-4.05771545151244,4.9555093893645e-05,-0.350343598064093,-0.122129103850278,4.69153663874439,0.0029045318795944,18,0.214106751889509,0.00272652862309425,consensus_significant,downregulated
1587,23.8703331128072,0.00240934941335611,4,-0.122822159632334,-0.221375357508984,0.348216738773127,0,0,0,0.75,0.00653092619745105,-0.277652373585899,0.080275708218579,-3.4587346502119,0.000542719297524466,-0.43498987052776,-0.120314876644038,0.0100651229822302,3.11807890808264e-06,4,0.231889135086402,0.0164189201357198,consensus_significant,downregulated
18769,23.8581899479225,0.00242065378611088,4,0.394401830724009,0.165415565698388,0.629985635889077,0,0,0,0.75,0.00655848570437152,0.180830593581051,0.0574529810836587,3.14745362503886,0.00164699229424452,0.0682248198526188,0.293436367309483,0.0040753153470044,7.64401285296523e-07,4,0.0843042427852825,0.0356497906527254,consensus_significant,upregulated
AT3G46890,61.819726872208,0.00244849816181402,17,-0.282699546351379,-0.387389311394472,1.02017821507568,0,1,1,0.823529411764706,0.00663046556904464,-0.359802100240289,0.0926882367241035,-3.88185289694612,0.000103663581146345,-0.541467706010055,-0.178136494470524,0.00272677269416204,4.28209088912513e-06,17,0.141242233490264,0.00476393378582546,consensus_significant,downregulated
AT1G05160,64.370607200437,0.00252461752969946,18,0.112604215478809,0.14357169607347,0.200213340034096,2,0,2,0.777777777777778,0.00682519920871611,0.14554841983425,0.0301836600054503,4.82209313939954,1.42059581130223e-06,0.0863895333019656,0.204707306366535,0.015857756525713,2.82326565395347e-06,18,0.514422742395024,0.000169439524307138,consensus_significant,upregulated
AT3G56750,64.3600854481731,0.0025312673245468,18,0.118541126920862,0.0826711539085547,0.158422047794728,2,0,2,0.833333333333333,0.00684103860712889,0.0976548284829956,0.0216130838615783,4.51831997268086,6.23322390935109e-06,0.0552939625194583,0.140015694446533,0.871592136263108,7.9482020530532e-05,18,0.374114031966913,0.000540810350021357,consensus_significant,upregulated
4353,23.7167861031264,0.00255614059007316,4,-0.227964380248442,-0.244260467611665,0.0951555413460296,0,0,0,1,0.00690466601256308,-0.227215032223723,0.0613786601839081,-3.70185715268012,0.000214027112600057,-0.347514995603505,-0.10691506884394,0,0,4,0.565888982598654,0.00833051966252163,consensus_significant,downregulated
AT3G27140,16.3269556876658,0.0026103993545877,2,2.80783647911141,2.80783647911141,1.1879775275183,0,0,0,1,0.00704316577783615,2.20109970115218,0.672239453508515,3.27427926115363,0.00105931866075545,0.883534583288604,3.51866481901576,0,0,2,0.387468430647287,0.0265643738011772,consensus_significant,upregulated
AT3G07900,61.5039248342681,0.00265359026478295,17,0.359088669254212,-0.190462284669305,1.62908600212073,1,0,1,0.647058823529412,0.00715337808822001,-0.294996639339829,0.0730012175146388,-4.04098245732235,5.3227740470032e-05,-0.438076396496096,-0.151916882183562,0.00383996433870856,3.77071586154627e-06,17,0.164118230770685,0.00286183221403849,consensus_significant,upregulated
7169,23.5976288829904,0.00267600124204162,4,-0.386136136987019,-0.428066275508869,0.184486367856183,0,0,0,1,0.00721117032519221,-0.390232184040871,0.100784851346957,-3.87193292271154,0.000107975670087763,-0.58776686286813,-0.192697505213612,0,0,4,0.749979026787165,0.00490132079338013,consensus_significant,downregulated
AT5G03370,64.1301138701203,0.0026808043704215,18,-0.135184295136835,-0.141181415433001,0.165632960447204,0,2,2,0.722222222222222,0.00722261356048829,-0.139441192622681,0.0402230094191443,-3.46670213483115,0.00052688540878532,-0.218276842434019,-0.0606055428113428,27.7943109661948,0.00747284108956249,18,0.213253258691052,0.0160710890943078,consensus_significant,downregulated
11092,23.5866061329566,0.00268736067264324,4,-0.063342204409309,-0.104537543563262,0.302900221792198,0,0,0,0.5,0.00723915016716961,-0.245343214219095,0.07128637019392,-3.44165670873252,0.000578163474297222,-0.385061932387768,-0.105624496050422,0.00864083609609544,2.25234853222289e-06,4,0.180539507256336,0.0172498181141099,consensus_significant,downregulated
AT2G03470,64.0878632365397,0.0027091677631426,18,0.0943595305199154,0.093361761582856,0.151986126242911,2,0,2,0.722222222222222,0.00729562165074789,0.0846805817865173,0.0282433818112487,2.99824512349264,0.00271539176536615,0.0293245706348562,0.140036592938179,32.1657731348095,0.00378447361834667,18,0.0871686880478126,0.0497737681777446,consensus_significant,upregulated
AT1G13040,64.0759390412036,0.00271722366818078,18,0.237983444011568,0.232053528987847,0.291691832444545,1,0,1,0.888888888888889,0.00731579735447686,0.23697616264435,0.0486578870452605,4.87025181393348,1.11456115895791e-06,0.141608456471822,0.332343868816879,0,0,18,0.639354654213072,0.000137685455169934,consensus_significant,upregulated
AT3G25012,33.1462544335611,0.00274432188484411,7,0.318327645551069,0.478334904132239,0.337481308662744,1,0,1,0.714285714285714,0.00738530800297076,0.413459249592874,0.104011012600648,3.97514877756606,7.03352729167971e-05,0.209601410900062,0.617317088285685,5.17028459848099,0.00412570607889034,7,0.50614579452127,0.00355333524831071,consensus_significant,upregulated
AT2G25240,55.9185913181269,0.00278970986054107,15,0.0481577665409407,-0.184447438202385,1.69355773444603,0,2,2,0.6875,0.00749656888640066,-0.34196849289174,0.0977630353248809,-3.49793244200457,0.00046887988809743,-0.533580521147824,-0.150356464635656,0.000642503248045269,1.04363380974001e-06,16,0.0785464466573983,0.0147527981285913,consensus_significant,upregulated
AT5G04290,63.9432742794,0.00280838728282668,18,0.177607336822066,0.133868979110916,0.191117126759805,1,0,1,0.833333333333333,0.00754441554689376,0.120076195431986,0.0344216322826365,3.48839341626913,0.000485932512721922,0.0526110358689373,0.187541354995035,22.7895520592749,0.00450398982222772,18,0.146278176995248,0.0151333268247684,consensus_significant,upregulated
AT1G62910,63.9396836629826,0.00281089425988906,18,0.0825039110268197,0.152849601929731,0.485567608702078,0,0,0,0.722222222222222,0.00755036864623239,0.227898867584503,0.0522224458206899,4.36400218341004,1.27704301236218e-05,0.125544754591357,0.330252980577649,1.63852749324312,0.000852054151518143,18,0.357170203637167,0.000956105334103887,consensus_significant,upregulated
21254,23.4687640627106,0.00281176294851341,4,0.0175245982094598,-0.183606083038049,0.484024972988686,0,0,0,0.75,0.00755192034727772,-0.178745659913258,0.0581197850825959,-3.07547007717314,0.0021017101630984,-0.292658345464354,-0.0648329743621614,0.00925652912305298,1.77596429563741e-06,4,0.131548282842947,0.0421349034397981,consensus_significant,upregulated
AT5G20045,58.5790196503873,0.00282204709810099,16,-0.287001291881832,-0.339427722679696,0.840500858633799,0,1,1,0.8125,0.00757836531476894,-0.429783335366083,0.0857546251629117,-5.01178023400611,5.39287741619511e-07,-0.597859312193122,-0.261707358539044,0.955602874896644,0.00127167397055425,16,0.702877317529022,7.62408860659039e-05,consensus_significant,downregulated
AT2G30800,63.8843643663754,0.00284978579166042,18,0.10334595824657,0.0699856827996512,0.197797162445624,2,0,2,0.722222222222222,0.00764731566997402,0.0668732494509752,0.020821207711839,3.21178532852112,0.00131912905253845,0.0260644322211432,0.107682066680807,0.0175356245920458,1.43836881456499e-06,18,0.0389607506821063,0.0308991836396862,consensus_significant,upregulated
17933,23.4137125186546,0.00287177617712095,4,-0.170480802927784,-0.208894178771917,0.2438417386379,0,0,0,0.75,0.00770353811085148,-0.298975777322531,0.0816397278011734,-3.66213589112718,0.000250121112434894,-0.458986703520484,-0.138964851124578,0.0198465058219273,6.25398875845891e-06,4,0.307088209862205,0.00935636899608656,consensus_significant,downregulated
6660,23.3520241557552,0.00294050029213602,4,0.0351180823759348,0.147321788294446,0.275164239639693,0,0,0,0.75,0.00787689835675621,0.156199560483988,0.0471518978808388,3.31268872524987,0.000924037594053002,0.0637835388348333,0.248615582133142,0.0513306007965228,5.0264927621671e-06,4,0.245906166502804,0.024154906983278,consensus_significant,upregulated
AT1G70150,63.7174709867505,0.00297021187074626,18,0.105770395660447,0.132561187622966,0.167096718872724,0,0,0,0.777777777777778,0.0079536150192757,0.132896533054418,0.0257900725621221,5.15301121136058,2.56336633528649e-07,0.0823489196739842,0.183444146434852,0.0328915374929091,4.20167921714955e-06,18,0.843948627815072,4.20878794113938e-05,consensus_significant,upregulated
AT2G46540,63.7144972972293,0.00297240043729029,18,-0.0931841925110023,-0.0990957730360227,0.165931921140549,0,1,1,0.777777777777778,0.00795824375010593,-0.0929457726029369,0.0308510589805223,-3.01272551654119,0.00258912982602643,-0.153412737089682,-0.0324788081161921,32.2802323432338,0.00498181434816857,18,0.0897564824744071,0.048356519760099,consensus_significant,downregulated
AT2G21070,63.7059384123305,0.00297870805436492,18,0.105006537058378,0.0726517222259795,0.195908496039134,2,0,2,0.833333333333333,0.00797348634429799,0.135069422950554,0.0293069828670537,4.60877953773932,4.05039535283959e-06,0.0776287920355963,0.192510053865511,0.0104801609109515,1.69132048760737e-06,18,0.320144165043081,0.000392072224788674,consensus_significant,upregulated
16806,23.2853823310382,0.00301653421547548,4,-0.144193522398379,-0.219921174537215,0.284699819191663,0,0,0,0.75,0.0080680825723985,-0.249746912078813,0.0757535868939939,-3.29683282757683,0.000977816832124963,-0.398221214090766,-0.101272610066859,0.00502586354737287,1.24787782697777e-06,4,0.189740061179985,0.0251527260872442,consensus_significant,downregulated
9618,23.2722135531407,0.00303178280104103,4,0.201343451360735,0.169261888016116,0.11980673221903,0,0,0,1,0.00810677790607061,0.200718942983812,0.0549699949278707,3.65142735136118,0.000260786872949428,0.0929797326948362,0.308458153272788,0,0,4,0.508478118666764,0.00966860813057617,consensus_significant,upregulated
AT5G65570,63.603422477808,0.00305524480931476,18,0.224553730787389,0.181714146941734,0.290772431243718,1,0,1,0.833333333333333,0.00816572742408185,0.159668419715912,0.033552370027033,4.75878215420453,1.94764497064844e-06,0.0939069828669656,0.225429856564857,0,0,18,0.500250849026753,0.000216848952053913,consensus_significant,upregulated
AT1G53720,63.5827084183762,0.00307093269396919,18,0.120084730644608,0.127081121383708,0.168427131972449,2,0,2,0.833333333333333,0.00820385411517886,0.0895052197898418,0.0218634053643646,4.09383708979423,4.24292478845892e-05,0.0466537326962874,0.132356706883396,7.90288992181601,0.000663785177885286,18,0.34800239258736,0.00240853292915101,consensus_significant,upregulated
AT4G04910,63.5730227366226,0.00307829416811775,18,-0.104850011379298,-0.117218017913038,0.0977501705755974,0,2,2,0.833333333333333,0.0082222503020678,-0.0982715440002551,0.01842505473634,-5.33358220132897,9.62939413018415e-08,-0.134383987696661,-0.0621591003038496,0,0,18,0.930899700912144,1.87120406385946e-05,consensus_significant,downregulated
AT3G27770,63.5371849089307,0.0031056768706067,18,0.131464214747086,0.110711391345632,0.199775970138276,1,0,1,0.888888888888889,0.00829069721537693,0.103127207455403,0.0291747232845336,3.53481355931398,0.000408062966602849,0.0459458005587947,0.160308614352011,18.6352219515172,0.00265906649468422,18,0.0773755781479529,0.0133240647949794,consensus_significant,upregulated
AT3G16900,63.4862582792407,0.00314498295389717,18,-0.063867317671134,-0.274017304324086,0.75616982403095,0,2,2,0.666666666666667,0.00838958471886395,-0.317875584120112,0.0819214339493518,-3.88024926805652,0.000104349466901882,-0.478438644222719,-0.157312524017506,18.4368924455121,0.0197634106949146,18,0.272540536598547,0.00477852404301609,consensus_significant,downregulated
AT2G34230,63.4341591241352,0.00318567793817268,18,0.664270908173435,0.618517945102808,0.59421429441307,1,0,1,0.833333333333333,0.00849203239183874,0.427686392286018,0.135368327503611,3.15942732080079,0.00158079522628618,0.162369345731517,0.693003438840518,41.1240977009805,0.105075897393261,18,0.0698978142673404,0.0346950025970196,consensus_significant,upregulated
10929,23.1403150379443,0.00318869244012012,4,0.031648453027253,-0.142338569038015,0.376155268381847,0,0,0,0.75,0.00849963157180804,-0.145230020807176,0.0483334370735241,-3.00475260193588,0.00265796948476818,-0.239961816720316,-0.0504982248940354,0.0244991300487314,2.6759063347944e-06,4,0.115988554353654,0.049111854967134,consensus_significant,upregulated
AT4G32208,63.4025243992377,0.00321062914628878,18,0.773872544037535,0.458905612347546,1.08172309830541,0,0,0,0.944444444444444,0.00855415109453461,0.363667641777511,0.120799899180363,3.01049623588286,0.00260821180768598,0.12690419004793,0.600431093507092,20.9042714026219,0.0475467778148503,18,0.129892286805773,0.0485730299461519,consensus_significant,upregulated
AT4G38010,63.3971958735698,0.00321484994889311,18,0.208869294425741,0.26931392344915,0.302351017549082,2,0,2,0.833333333333333,0.00856363822610866,0.218931720442698,0.0614277581866226,3.56405193524343,0.000365173653224358,0.0985355267458822,0.339327914139514,29.5071894093467,0.0168562332567649,18,0.283781468046694,0.0123834443293416,consensus_significant,upregulated
AT2G01220,63.393756738165,0.0032175769081894,18,0.122014234624815,0.112164745856387,0.116352726399141,1,0,1,0.944444444444444,0.00857002253473971,0.113790098363711,0.0214124533156014,5.314201819219,1.07125839793315e-07,0.0718224610444866,0.155757735682935,0,0,18,0.913243455743132,2.0509657091647e-05,consensus_significant,upregulated
AT2G30280,63.3292364505352,0.00326914127257411,18,0.11047360825793,0.116671990786259,0.170678722567099,1,0,1,0.833333333333333,0.00870111288142918,0.0916228963500599,0.0278205111701113,3.29335776002901,0.000989984184206932,0.0370956964251474,0.146150096274972,22.3917263318374,0.00263712869234558,18,0.114324768651412,0.0253776380500951,consensus_significant,upregulated
20153,23.0668838501229,0.00327942814231485,4,0.178987678400559,0.153822554236487,0.194577407708764,0,0,0,0.75,0.00872580744459567,0.150006545559048,0.0411600224697643,3.64447190642913,0.000267941399812053,0.0693343839154504,0.230678707202645,0.0162797178499196,1.52319609771865e-06,4,0.468390692251337,0.00985948339563726,consensus_significant,upregulated
AT1G53600,63.3069168188111,0.00328715918738894,18,0.324542681962831,0.155840001609047,0.342797255953066,3,0,3,0.944444444444444,0.00874548128894162,0.233341842132916,0.0618725429873301,3.77133104389614,0.000162379084858742,0.112073886245843,0.354609798019989,21.4773675725702,0.0128301792296525,18,0.229633086246976,0.00677640238912094,consensus_significant,upregulated
AT1G09860,35.5828246344568,0.00330496350209315,8,-0.825454579143402,-0.899655792897555,0.858643008728519,0,2,2,0.875,0.0087905965624013,-1.10296752232084,0.241143487212847,-4.57390549945599,4.78715823856454e-06,-1.57560007236441,-0.630334972277262,0,0,8,0.842460115850973,0.00044833378709329,consensus_significant,downregulated
4018,22.9127420533421,0.00347810043594414,4,0.4919395268502,0.185619224394095,0.655300260456438,0,0,0,1,0.00922180795534799,0.155170719399218,0.0480593164794748,3.2287333812891,0.00124339757793902,0.0609761899778347,0.2493652488206,0.00178010184968516,2.26611401021985e-07,4,0.215301296720257,0.0297292349925292,consensus_significant,upregulated
20988,22.9094885334452,0.00348241697304695,4,0.444797738629056,0.4220394626545,0.472731537143558,0,0,0,0.75,0.00923278112577184,0.425652718717723,0.118577192042534,3.58966772096476,0.000331099742132157,0.193245692926467,0.658059744508979,0,0,4,0.436811831357754,0.0115448783741834,consensus_significant,upregulated
9926,22.8964344089776,0.00349978845833504,4,0.218714184946915,0.140094702230821,0.178818678085907,0,0,0,1,0.00927504701675077,0.144321377070311,0.0422384357380446,3.41682580210514,0.00063355804810617,0.0615355642604339,0.227107189880188,0.000640016589908565,6.24906776612124e-08,4,0.316716109730068,0.018508741986453,consensus_significant,upregulated
AT4G09670,63.0153024136554,0.00353131162212648,18,-0.090025693547955,-0.0785035234703832,0.135725124249662,0,3,3,0.833333333333333,0.00935429002704979,-0.116383240942916,0.0368464329532954,-3.15860265471117,0.00158527467336953,-0.188600922490145,-0.0441655593956872,34.4182044900281,0.00653327604416059,18,0.199941029091964,0.034719455953189,consensus_significant,downregulated
16528,22.8605495090059,0.00354797484057344,4,-0.112021895186832,-0.185121028567721,0.299205848132905,0,0,0,0.75,0.00939459426562942,-0.269106526558159,0.0758279841824911,-3.5489078268323,0.000386832461847824,-0.417726644576114,-0.120486408540203,0.000507344216660206,1.3845056744664e-07,4,0.346653096543145,0.0128927838903694,consensus_significant,downregulated
AT5G63820,62.9280946737238,0.00360757123945632,18,0.253785060597471,0.284536105686356,0.480496003860749,2,0,2,0.666666666666667,0.00954655355626486,0.269803578133083,0.0761086744787748,3.54497801966484,0.000392645827479773,0.120633317243602,0.418973839022565,19.8786406439544,0.0195514276105316,18,0.228004975764026,0.012993150607783,consensus_significant,upregulated
AT3G20978,41.1011089017147,0.0036154353630996,10,0.377329176013751,0.480156119742365,0.666322260957964,0,0,0,0.8,0.00956590083504446,0.559333448727675,0.12872763608832,4.34509220960073,1.3921717054274e-05,0.30703191817959,0.81163497927576,0,0,10,0.630970570653552,0.00103040565997711,consensus_significant,upregulated
5196,22.7682125478285,0.00367493591342029,4,-0.0952481861736301,-0.0988817262765492,0.0874471998190237,0,0,0,0.75,0.0097134268100645,-0.151797460283294,0.0390111528986016,-3.89112981812788,9.97785278963078e-05,-0.228257914959939,-0.0753370056066499,0,0,4,0.647392960848595,0.00462637099318323,consensus_significant,downregulated
AT4G25350,62.8405708357767,0.00368565973324676,18,-0.408714298141928,-0.402704497812829,0.428747849367398,0,0,0,0.888888888888889,0.00973883523921959,-0.297553317858232,0.0587516271011885,-5.06459705951212,4.09265079759527e-07,-0.412704391009689,-0.182402244706775,0,0,18,0.806711018047272,6.10181304547221e-05,consensus_significant,downregulated
AT4G29130,62.8379086289257,0.00368805962420282,18,-0.0689933073869244,-0.0665713375201044,0.0988805357216273,0,1,1,0.777777777777778,0.00974364889568596,-0.0958957584063318,0.0191904593710552,-4.99705382514035,5.82128243485652e-07,-0.133508367620379,-0.0582831491922844,0,0,18,0.699503506365036,8.18513327507035e-05,consensus_significant,downregulated
2371,22.7469587253329,0.00370477589165948,4,0.060835591830412,0.189491726312838,0.376910197786799,0,0,0,0.75,0.00978482385390151,0.183578658429709,0.0538643584120221,3.40816569326733,0.000654011688219001,0.078006455891789,0.28915086096763,0.00220438410405018,4.33497183238631e-07,4,0.359788554663969,0.0188620024633433,consensus_significant,upregulated
16093,22.6840744069654,0.00379444368842283,4,-0.267056686128017,-0.298453817882276,0.254680761775344,0,0,0,0.75,0.0100089155251491,-0.312398876268599,0.0834273266404912,-3.74456294895799,0.000180708066919623,-0.475913431810421,-0.148884320726777,0,0,4,0.699257850295307,0.00729638703817723,consensus_significant,downregulated
8881,22.6802997149894,0.00379989236164665,4,0.481806771752519,0.420427070092554,0.413366746663179,0,0,0,1,0.0100222692073291,0.49517639841091,0.139844318131525,3.54091181556045,0.000398746826015527,0.22108657143056,0.769266225391261,0.00040439693227104,3.66507617867973e-07,4,0.376796624167804,0.013102330792267,consensus_significant,upregulated
AT5G60022,62.6613414674761,0.00385054340431227,18,0.141319884552559,0.355387501428786,0.755712088376141,1,0,1,0.666666666666667,0.0101522506084435,0.418801146309935,0.0767197340557663,5.45884512589049,4.79241559175524e-08,0.268433230657142,0.569169061962728,0,0,18,0.896136470558464,1.11502103391313e-05,consensus_significant,upregulated
691,22.6440030567283,0.00385267343936447,4,0.202327996754886,0.369855739979912,0.450835235318641,0,0,0,0.75,0.010157350613454,0.334154217634769,0.102088896512437,3.27316906196612,0.00106348846432808,0.134063657248956,0.534244778020582,0.00816201994632461,4.17220882554495e-06,4,0.264128909708683,0.0266174797314029,consensus_significant,upregulated
AT5G03010,62.6034243099034,0.00390528714473858,18,0.391644183047623,0.303625095978431,0.8951465585871,3,0,3,0.777777777777778,0.0102877021672458,0.409842529329639,0.123376459838344,3.32188595674281,0.000894112300842073,0.168029111506432,0.651655947152845,21.4943318642414,0.0528906806924569,18,0.0816204127862178,0.0237047126299898,consensus_significant,upregulated
5267,22.607863627482,0.00390593006170167,4,0.203562673896889,0.189423007938849,0.124473601916308,0,0,0,1,0.0102888735792711,0.156827880216286,0.0452254083477442,3.46769406724678,0.000524944545747827,0.0681877086685899,0.245468051763982,0,0,4,0.424349233455984,0.0160496304134238,consensus_significant,upregulated
22270,22.6074884705459,0.00390648662560154,4,-0.349082446021693,-0.236113371110572,0.264880164971188,0,0,0,1,0.0102898174155169,-0.231933980996711,0.0659002944220815,-3.51946805444006,0.000432413107368294,-0.361096184634576,-0.102771777358845,0.000539668143803365,1.03800893053696e-07,4,0.591667190262526,0.0139524114018578,consensus_significant,downregulated
AT1G32260,62.5786328250641,0.00392894258172976,18,0.0513036532969423,0.0741102111575909,0.123491521525657,2,0,2,0.666666666666667,0.0103468667005458,0.104684826379254,0.020843727997967,5.02236578741885,5.10388612999746e-07,0.0638318701996895,0.145537782558818,0,0,18,0.673992735494664,7.29504209280408e-05,consensus_significant,upregulated
AT5G66450,62.5776078436716,0.00392992348031796,18,0.130082942598544,0.104758731289338,0.194681390210655,2,0,2,0.722222222222222,0.0103489247831946,0.155561249176571,0.0442941420511802,3.51200501856037,0.000444739600744723,0.0687463260301564,0.242376172322985,24.1853370597867,0.00796294001854763,18,0.244695420993006,0.0141911866205653,consensus_significant,upregulated
AT5G60020,62.5485418488791,0.00395783515184484,18,-0.290672574617382,-0.338486024597424,0.356643770177252,0,1,1,0.777777777777778,0.0104160844894224,-0.249583490042242,0.0705221785503878,-3.53907799181098,0.000401527203906872,-0.387804420112305,-0.111362559972179,17.2210120542241,0.0144585092420157,18,0.224430447105247,0.0131591732957097,consensus_significant,downregulated
AT2G43390,57.2227564389712,0.0039926395326947,16,0.131080670889525,-0.2006671668973,1.10211581129731,0,3,3,0.625,0.0105023559062586,-0.381989631451064,0.116700688950122,-3.27324229948915,0.0010632129239685,-0.610718778764313,-0.153260484137814,21.8334016468204,0.0388211172438428,16,0.341998398803454,0.0266174797314029,consensus_significant,upregulated
AT4G02930,62.4863784141461,0.00401815475268433,18,0.132284432606188,0.118811222075301,0.231850147442526,2,0,2,0.666666666666667,0.0105662587940958,0.114315649725236,0.0237455539246415,4.81419174671712,1.4779684621569e-06,0.0677752192399845,0.160856080210487,0.000414393063148629,5.12081298102224e-08,18,0.601667528641889,0.000174279353842156,consensus_significant,upregulated
8504,22.5275203717168,0.00402689029884952,4,0.0870164139017461,-0.11097885687462,0.448288324704727,0,0,0,0.75,0.0105870844131801,-0.157232139002162,0.0473931897222921,-3.31761039768558,0.000907910284177133,-0.250121083970328,-0.0643431940339954,0.00647421636049152,7.8425032068323e-07,4,0.244084470410844,0.023859570910741,consensus_significant,upregulated
AT3G20520,62.4142105840769,0.00408926249412519,18,0.516230308848933,0.358641927963538,0.730329765030073,2,0,2,0.777777777777778,0.0107418166164385,0.302999259420324,0.100202539063706,3.02386808010609,0.00249565235739089,0.106605891695993,0.499392627144655,29.6431547267158,0.0473501400318736,18,0.0740396986641598,0.0470681304656012,consensus_significant,upregulated
AT5G60630,62.3773447350535,0.00412604018300681,18,0.393436388310946,0.355302041612034,0.561510254403544,3,0,3,0.888888888888889,0.0108329427123754,0.396015952595577,0.0784602338453403,5.04734606547564,4.47989457013483e-07,0.242236720040119,0.549795185151034,0.00177592777030642,2.08538696585447e-06,18,0.677750740570963,6.62207549506767e-05,consensus_significant,upregulated
AT3G51171,59.7313418177579,0.0041396047652256,17,-0.117874070776643,-0.393784792202879,1.54352303446895,0,3,3,0.823529411764706,0.0108658082698616,-0.573457444795675,0.140601717435197,-4.07859487961076,4.5308711118766e-05,-0.849031747133139,-0.29788314245821,11.6246411659028,0.0369195527202719,17,0.475097023171827,0.00254264269793636,consensus_significant,downregulated
AT3G11460,62.3454829279906,0.0041580752087741,18,0.312432148696665,0.234610534633979,0.276162481021008,3,0,3,0.888888888888889,0.01091077146897,0.245997378022637,0.0643692988913122,3.82165694297844,0.000132558009955362,0.119835870485572,0.372158885559703,26.1304824712029,0.0168871042097159,18,0.244609229508668,0.00575534710336737,consensus_significant,upregulated
AT1G31370,18.9890471618245,0.00418217071985228,3,3.53728492045652,3.93783223071121,1.1990987995091,1,0,1,1,0.010969215814183,3.00908887769783,0.950701657443293,3.16512425758269,0.00155016734837143,1.14574786906644,4.87242988632922,7.76181822858443,0.265408410452074,3,0.488857846837362,0.034195953530146,consensus_significant,upregulated
541,22.4027577446727,0.00422193483937533,4,-0.164597695256419,-0.221702814192842,0.132142500291457,0,0,0,0.75,0.011067358962494,-0.191395491242947,0.0538594751007599,-3.55360855048969,0.00037998434485993,-0.296958122666668,-0.0858328598192256,0.0501272445252451,6.48583815228904e-06,4,0.455481534458415,0.0127321695200066,consensus_significant,downregulated
AT3G04040,62.2644572502237,0.00424059407533045,18,-0.209363870298358,-0.213317938572539,0.338912161405039,0,2,2,0.777777777777778,0.011114026819357,-0.22523895834124,0.0703985836351387,-3.1994813916798,0.00137675074468768,-0.363217646828743,-0.0872602698537375,30.9086137160627,0.0248395955024823,18,0.166035160173598,0.0317049869673217,consensus_significant,downregulated
AT3G04130,62.2639935768829,0.00424107067633805,18,0.11823309492477,0.0837488084741564,0.271820692480551,2,0,2,0.833333333333333,0.0111147146623218,0.106278447320571,0.0335004592874161,3.17244747030954,0.0015115990238113,0.0406187536516851,0.171938140989457,18.8361875613886,0.00333709209738994,18,0.132467020839821,0.0336889191372103,consensus_significant,upregulated
7388,22.379902628626,0.00425864087812782,4,-0.225588040439942,-0.235984238204604,0.163157930679786,0,0,0,1,0.0111573811315352,-0.301655223004561,0.0802665525048405,-3.75816842247422,0.00017116166163209,-0.458974775077242,-0.14433567093188,0,0,4,0.605483886824158,0.00705365500565477,consensus_significant,downregulated
19186,22.3712495201222,0.00427261836704326,4,-0.21394275067676,-0.205664406727166,0.158960834100508,0,0,0,1,0.011190047225509,-0.254891666634443,0.079933621752136,-3.18879166297293,0.00142868803369351,-0.411558686422477,-0.0982246468464092,13.74287692519,0.00365708596375205,4,0.372944042788447,0.0324687034341455,consensus_significant,downregulated
ERCC-00160,18.933575363249,0.00427729709133799,3,-0.513299334491942,-0.431443635902039,0.218216466607023,0,0,0,1,0.0112017356109362,-0.507809821507168,0.15101440406089,-3.36265818260897,0.000771958847550045,-0.803792614613291,-0.211827028401044,0,0,3,0.513069240233412,0.0213157598969061,consensus_significant,downregulated
AT1G73910,62.2012676172929,0.00430600987154669,18,0.345578509351894,0.35926550795003,0.319468204978842,2,0,2,0.833333333333333,0.0112729492228572,0.290310402037632,0.0572162364611797,5.07391642640815,3.89710269381943e-07,0.178168639242792,0.402452164832472,0,0,18,0.797050051180055,5.84792224607203e-05,consensus_significant,upregulated
AT3G26540,62.1354100920594,0.00437519215128174,18,0.120032856941239,0.122990338471447,0.359970731444162,2,0,2,0.666666666666667,0.0114448287809926,0.154476083168391,0.0451315235493664,3.42279788094058,0.000619801452566902,0.0660199224442119,0.242932243892571,16.368786195146,0.00542513297424676,18,0.212974127855555,0.0182197045693944,consensus_significant,upregulated
AT5G26250,43.2523254190309,0.0043928084231235,11,1.30333534774001,1.05465023070804,1.06776421141057,1,0,1,0.909090909090909,0.0114868576163106,1.45460904890904,0.32501397088907,4.47552775940671,7.62227941735443e-06,0.81759337149411,2.09162472632396,0,0,11,0.611983585497533,0.000636779779678551,consensus_significant,upregulated
AT2G17590,45.9860566889682,0.00444412802849878,12,-0.402750581703416,-0.586735047905298,0.64367059892047,0,2,2,0.833333333333333,0.0116146174936862,-0.705569434034371,0.148412295435459,-4.75411711653774,1.99315479192182e-06,-0.996452187950789,-0.414686680117953,0,0,12,0.721391502582824,0.000220686136157141,consensus_significant,downregulated
18612,22.2373782763732,0.00449459323803655,4,0.206934038379355,0.245237706796255,0.266161335177307,0,0,0,0.75,0.0117379052192526,0.222731320549938,0.0696339714978449,3.19860142627125,0.00138095946473767,0.0862512443136737,0.359211396786203,0.0128350752478412,2.89292650888545e-06,4,0.242220619090358,0.0317737032676051,consensus_significant,upregulated
10128,22.1557637856219,0.00463534209005269,4,0.453125070413083,0.471376098472652,0.380305624997409,1,0,1,0.75,0.0120851403936216,0.547762192006709,0.154556134295437,3.54409868300439,0.000393957759383021,0.244837735197916,0.850686648815502,0.00371170609967518,3.7491052369987e-06,4,0.438119861868779,0.0130185765117037,consensus_significant,upregulated
19369,22.1186840589157,0.00470068535362149,4,0.247775512867793,0.315065158960953,0.156993016022145,0,0,0,1,0.0122425868395378,0.309967118055409,0.0817172207744505,3.7931676471347,0.000148737664017969,0.149804308420778,0.470129927690041,0,0,4,0.868572698430532,0.00630997952568136,consensus_significant,upregulated
AT3G10970,61.8300146223619,0.00470981647776305,18,0.0282016191507372,0.0583938901509532,0.269149759920957,1,0,1,0.555555555555556,0.0122639065328306,0.101362348251648,0.0287980061024502,3.51976966360265,0.000431921717653862,0.0449192934642811,0.157805403039015,0,0,18,0.0815050163120144,0.0139524114018578,consensus_significant,upregulated
AT5G42092,34.452186180053,0.00471959592648753,8,0.495860502375875,0.471856311890207,0.359062560966142,2,0,2,1,0.0122875218550604,0.549219700941654,0.123509544708078,4.44677941481987,8.71672645170441e-06,0.307145441566882,0.791293960316426,0,0,8,0.841483281305728,0.000707759992519925,consensus_significant,upregulated
AT1G43765,61.7927873994536,0.00475220459792846,18,0.326223531944207,0.216213184689147,0.5358409488603,2,0,2,0.777777777777778,0.0123668356817632,0.24766565024867,0.0750187823454183,3.30138190071272,0.000962098286666209,0.100631538687601,0.394699761809739,25.053823713173,0.022175931669796,18,0.106490314390738,0.0248345808484525,consensus_significant,upregulated
16588,22.0860013808724,0.00475901657029245,4,-0.213316598484197,-0.222607665830132,0.0564369250399883,0,0,0,1,0.0123820793570658,-0.225389990694971,0.0601787128246145,-3.74534416101338,0.000180146645215542,-0.343338100467194,-0.107441880922748,0,0,4,0.93600281814231,0.00729073989107894,consensus_significant,downregulated
AT5G26720,61.7282361417026,0.00482655102061135,18,-0.216854195707605,-0.193313717495057,0.20630907666202,0,2,2,0.722222222222222,0.0125420730246207,-0.175057769333977,0.0536904884317134,-3.26049872980062,0.00111216465350369,-0.280289192972499,-0.0698263456954539,34.7775021802523,0.0155491195538291,18,0.165038090705507,0.0273736009878488,consensus_significant,downregulated
AT1G66610,34.3714889037379,0.00484002116434082,8,0.813765275343193,1.1209052422985,1.08583373754679,1,0,1,0.75,0.0125751871470992,0.967718621441106,0.311563378608264,3.10600888257102,0.00189631019260613,0.357065620467291,1.57837162241492,10.5958317842369,0.0909747412334197,8,0.450815634005608,0.0393080935010692,consensus_significant,upregulated
1684,22.0379835671838,0.00484598664064869,4,0.286637180261149,0.269334147121337,0.0443709491165166,0,0,0,1,0.0125875751288351,0.291034246772918,0.0778113178652574,3.74025597763155,0.000183832943011221,0.138526866167415,0.44354162737842,0,0,4,0.975572965221534,0.00739009363219707,consensus_significant,upregulated
16204,22.0365046073365,0.00484868954233725,4,-0.112534477050222,-0.122766482916854,0.0886533539563565,0,0,0,1,0.012593913566214,-0.152334279752806,0.0413078624911126,-3.68777928864223,0.00022621973677567,-0.23329620251372,-0.0713723569918927,0,0,4,0.585240194162301,0.00868134972105684,consensus_significant,downregulated
10304,22.0274836682693,0.00486520746333088,4,0.284771924937829,0.224140952088044,0.280619051722637,0,0,0,1,0.0126330364495865,0.241291633389133,0.0753905163141976,3.2005568496643,0.0013716230827726,0.0935289366374263,0.38905433014084,0.00107493653236184,2.78655567356771e-07,4,0.176699910074146,0.0316009289638425,consensus_significant,upregulated
4857,22.0031460141392,0.00491004261664834,4,-0.118741839169007,-0.204039193769477,0.206314835607363,0,0,0,0.75,0.0127428926395613,-0.19013459636816,0.0549632666418951,-3.45930305793056,0.000541575170348808,-0.297860619458946,-0.0824085732773741,0.0123002499918402,1.91180159469104e-06,4,0.507768826037434,0.0164034361578386,consensus_significant,downregulated
AT2G43880,56.358157870534,0.00496262149332472,16,0.495121887310401,0.230762521191232,1.4911362272317,1,0,1,0.6875,0.0128666709024401,0.344837603081828,0.101494799955014,3.39758887386026,0.000679825019990486,0.145911450551903,0.543763755611753,14.5666723082502,0.0214532274501099,16,0.281807403684066,0.0193908968318782,consensus_significant,upregulated
AT1G33940,21.9647934508233,0.0049815064806937,4,2.43468282873524,2.60728149066021,1.1852278560442,2,0,2,1,0.0129111194933575,2.33907076759081,0.657715983226788,3.5563538476216,0.000376037520752771,1.04997112840995,3.62817040677166,0,0,4,0.645069790507923,0.0126444139512228,consensus_significant,upregulated
2015,21.9443428155698,0.00502002213864873,4,-0.0963870397697978,-0.151562607494896,0.141629275227518,0,0,0,0.75,0.0130070475272332,-0.14261212144095,0.0435521719341676,-3.27451227131724,0.00105844541920764,-0.227972809880415,-0.0572514330014856,0.00468251579674299,3.97072809208623e-07,4,0.307292696497486,0.0265553105078187,consensus_significant,downregulated
1163,21.9377822749804,0.00503243866923543,4,-0.153387100083809,-0.191847734461178,0.106520829041599,0,0,0,0.75,0.0130359652311833,-0.181703995467209,0.0494563301191696,-3.67402908847819,0.000238755534150925,-0.278636621308305,-0.0847713696261129,0,0,4,0.622608712143782,0.00901571479904409,consensus_significant,downregulated
19387,21.9360522298682,0.00503571789967319,4,0.201855831949869,0.233708286435862,0.267682896990472,0,0,0,0.75,0.0130438086894714,0.245489929959513,0.077667342714036,3.16078703585089,0.00157343492339822,0.0932647354650733,0.397715124453953,0.00311895446630804,8.15037225232574e-07,4,0.219387259485208,0.0346062304220404,consensus_significant,upregulated
AT2G47430,34.1818172379906,0.0051346622098315,8,1.39444177144278,1.1814725815595,0.602453160753393,0,0,0,1,0.0132861752593711,1.02449252648215,0.226023602262039,4.5326794026334,5.82401749314734e-06,0.581494406392546,1.46749064657175,0,0,8,0.995394928857037,0.000518251539225518,consensus_significant,upregulated
7039,21.8679717500813,0.00516641094136086,4,-0.295373294238803,-0.296291543134596,0.231798815775438,0,0,0,1,0.0133636628092485,-0.274109649720537,0.0806890871195974,-3.39710931806989,0.000681017551715415,-0.432257354420362,-0.115961945020711,0.000483597017463426,1.4372270907306e-07,4,0.347048622421635,0.019414238820441,consensus_significant,downregulated
12653,21.8668775719732,0.00516853789868412,4,0.0199533374373823,0.0486566711713207,0.183349832574604,0,0,0,0.5,0.0133684982298218,0.137086795957142,0.04374176716255,3.1340022328707,0.00172439543817418,0.0513545076984071,0.222819084215877,0.0150423797790306,1.46639356304831e-06,4,0.164679564675567,0.0368305917718085,consensus_significant,upregulated
AT5G45010,50.8523815731509,0.00518733888345089,14,-0.144171112682783,-0.165962453745639,0.342180712605833,0,1,1,0.785714285714286,0.0134131165499195,-0.147499712521217,0.0328675887601101,-4.487694962894,7.19979151159187e-06,-0.211919002749707,-0.0830804222927282,0.979933857469312,0.000164747866364298,14,0.532408441472845,0.00061100147190792,consensus_significant,downregulated
AT5G41570,56.1271981547702,0.00525682793170389,16,0.135598015174201,-0.441643571143319,1.63793919001867,0,2,2,0.6875,0.0135812945633612,-0.51434104462161,0.102209833709074,-5.03220703876313,4.84865212710886e-07,-0.714668637557222,-0.314013451685997,0.00049427536717262,9.30551546230038e-07,16,0.864418836447657,7.06650188098078e-05,consensus_significant,upregulated
AT1G64400,61.3468202225658,0.0052884922107828,18,-0.181207514562609,-0.111843118465678,0.41948693061229,0,2,2,0.722222222222222,0.0136569824973549,-0.250880325515945,0.076310940451131,-3.28760625976831,0.00101043049118644,-0.400447020426542,-0.101313630605347,33.431812345932,0.0304760575230422,18,0.130229312847201,0.0257238349385267,consensus_significant,downregulated
AT1G18830,56.1012873062996,0.00529083320754772,16,0.308679390269867,0.478965858974828,1.5217888500984,1,1,2,0.75,0.0136616683733798,0.496992226801613,0.15186377155693,3.27261875367888,0.00106556099446121,0.199344703993612,0.794639749609614,0.576741198619098,0.00235135898242883,16,0.0840868579451853,0.0266397330903528,consensus_significant,upregulated
AT4G22233,45.3292424776159,0.00532441831072849,12,0.580807833519351,0.432125631982742,0.664152260322466,2,0,2,0.833333333333333,0.0137429199694211,0.652551483496295,0.201970624827917,3.23092273469115,0.00123391290218199,0.256696332898526,1.04840663409406,27.4845963741801,0.125226715389007,12,0.302765794484196,0.0295569422976963,consensus_significant,upregulated
AT3G06890,61.3070003113596,0.00533902720581572,18,-0.0330724559886179,-0.162863849830779,0.493548145305755,0,1,1,0.777777777777778,0.0137772013627525,-0.185406912033429,0.0535700493216103,-3.46101813198509,0.000538136565369418,-0.290402279353819,-0.080411544713038,13.7664882011329,0.00670365081749625,18,0.238841426593421,0.0163374356685939,consensus_significant,downregulated
10058,21.7750152726023,0.00535015118742538,4,0.134310379206638,0.156416389321693,0.101570849487995,0,0,0,0.75,0.0138031613450596,0.166003861508147,0.0464796395734685,3.57153934564727,0.000354889219580041,0.0749054419297457,0.257102281086548,0,0,4,0.412335087705985,0.0121672549396228,consensus_significant,upregulated
AT5G10970,34.0466938232042,0.0053548644127107,8,-0.404468947186085,-0.41629474136459,0.211873723397719,0,2,2,1,0.0138132613262474,-0.473723299817867,0.10028476464784,-4.72378133888424,2.31499324180481e-06,-0.67027782672571,-0.277168772910024,0,0,8,0.987740492392773,0.000251805260708177,consensus_significant,downregulated
9576,21.7671325555451,0.00536601895276842,4,0.0647361348577315,0.198006915807455,0.32715750423822,0,0,0,0.75,0.0138399716576869,0.181960236206306,0.0576688579203209,3.15525992308907,0.00160355177214357,0.0689313516529197,0.294989120759692,0.0162729569974822,2.73704139984557e-06,4,0.276140563260992,0.0349280773072615,consensus_significant,upregulated
AT3G27900,50.7135677686006,0.00537819423550466,14,0.205283553708909,0.24491553986807,0.867859252308272,2,0,2,0.642857142857143,0.0138672392576346,0.379384552219672,0.116146473918022,3.26643194082196,0.00108911984220495,0.151741646409028,0.607027458030316,16.800583954524,0.0288335938979687,14,0.369428546351302,0.026959873040535,consensus_significant,upregulated
1383,21.7484454901401,0.00540381715022219,4,0.476223332568697,0.432177797491633,0.177932169759658,0,0,0,1,0.0139305376205077,0.440618328051162,0.125731244644369,3.50444576682153,0.000457558753413084,0.194189616816804,0.68704703928552,0,0,4,0.674638748599455,0.0144932712833238,consensus_significant,upregulated
AT1G36675,58.6449337274762,0.00540464911676486,17,0.707819094948238,0.578660038962448,1.57908150093148,1,0,1,0.764705882352941,0.0139319903550816,0.494867172774279,0.153961861460914,3.21421921038483,0.00130799774214807,0.193107469318141,0.796626876230416,18.0364805002595,0.0684820976619317,17,0.197388550126396,0.0306938737465447,consensus_significant,upregulated
169,21.7352345836973,0.00543069348790138,4,0.133898044604433,0.173016673279125,0.162974766951892,0,0,0,0.75,0.0139956513588346,0.146210925233883,0.0466324746691029,3.13538850921753,0.0017162665158136,0.0548129543724648,0.237608896095301,0.00108085584527662,1.08697092298065e-07,4,0.237772629120287,0.0367070234747096,consensus_significant,upregulated
AT2G45023,61.2089633573226,0.00546537076064213,18,-0.0783499333934184,-0.101144740513904,0.225046735764033,0,2,2,0.666666666666667,0.0140780290757897,-0.161727462698115,0.0522713424851188,-3.09399864264358,0.00197478389935903,-0.264177411392506,-0.0592775140037241,28.5454368488018,0.0124696227999427,18,0.260290343858723,0.0403955950314528,consensus_significant,downregulated
AT1G30140,33.8888912991218,0.00562336081697673,8,-0.476573607606012,-0.17054800364465,1.1897200202405,0,2,2,0.5,0.0144584390053457,-1.01525276188023,0.221320714068608,-4.5872469106778,4.49129390111763e-06,-1.44903339048739,-0.581472133273067,0,0,8,0.81049006804537,0.000424455906676843,consensus_significant,downregulated
4046,21.6225719333089,0.00566518935445025,4,0.194489984182338,0.193422725219134,0.121982016903383,0,0,0,1,0.0145609365961136,0.23368880227449,0.0664190258842269,3.51840152973376,0.00043415490700864,0.103509903653171,0.363867700895808,1.69801774218239,0.000342386715183532,4,0.508018753388856,0.013991113785861,consensus_significant,upregulated
AT4G07250,27.9285845688142,0.00566666363378899,6,0.0182497722891604,0.898476317960127,2.85062683632519,1,0,1,0.833333333333333,0.0145640046180689,0.812866322137836,0.220924640086327,3.67938280592064,0.000233799099143428,0.379861984271162,1.24587066000451,0.000117302954045166,1.18564283479273e-06,6,0.430436628144838,0.00889980371236801,consensus_significant,upregulated
AT1G64310,61.0458153295169,0.00568182215614169,18,0.335957844555366,0.180686026787733,0.539909092417798,2,0,2,0.611111111111111,0.0146000718747356,0.415935638144487,0.129901940852457,3.20192012078486,0.00136514847668178,0.161332512551818,0.670538763737155,37.4486011056524,0.091919675943323,18,0.124017607138497,0.0315357807498476,consensus_significant,upregulated
AT3G09060,61.0271781421039,0.00570705048776121,18,0.276480210638253,0.254298245719556,0.355699595078996,0,0,0,0.833333333333333,0.0146590927133175,0.210435681289233,0.055262449397989,3.80793257594715,0.000140133466563002,0.102123270771707,0.318748091806759,7.60585816886815,0.00413249925297477,18,0.215102381569938,0.00603376330220316,consensus_significant,upregulated
ERCC-00150,18.1962752358422,0.00575996449121069,3,-0.630774482881907,-0.630262710805526,0.0721141432062453,0,0,0,1,0.0147891519272943,-0.616581838241825,0.180669530989066,-3.41276049628501,0.000643084326382748,-0.970687612084138,-0.262476064399513,0,0,3,0.941743391895932,0.0186655379472289,consensus_significant,downregulated
AT1G04063,24.7658640333376,0.00580741918516759,5,1.84997465739367,2.48504325288252,1.16110203529851,1,0,1,1,0.0149028856924293,2.17892273209263,0.571392622098485,3.81335468436811,0.000137093146485871,1.0590137717477,3.29883169243757,0,0,5,0.743616776307991,0.00592251524752119,consensus_significant,upregulated
7061,21.5235327509392,0.00587936189519362,4,-0.177742318218841,-0.172500428510122,0.241205552872429,0,0,0,0.5,0.0150763222194884,-0.312862881971433,0.0883525577173206,-3.5410732870057,0.000398502872393839,-0.486030713039378,-0.139695050903488,0.00287005617702365,1.04165919936433e-06,4,0.343492879603038,0.013102330792267,consensus_significant,downregulated
3445,21.509930211141,0.0059093797194551,4,0.203288616557543,0.227357878048905,0.0915668704871601,0,0,0,1,0.0151488055329171,0.210531050220666,0.0585864774505574,3.59350927692041,0.000326254027410907,0.0957036644365058,0.325358436004827,0,0,4,0.771103327512138,0.0114219729812331,consensus_significant,upregulated
AT2G07771,21.4228514208066,0.00610506926503483,4,-1.96424851903712,-1.84216770350094,0.68706245270466,0,0,0,1,0.0156211398109136,-1.81541109268929,0.517094103186927,-3.51079442117139,0.000446769760667266,-2.8288969115537,-0.801925273824871,0,0,4,0.77261563779344,0.0142399459097901,consensus_significant,downregulated
AT5G15720,60.661339395701,0.00622389314445237,18,0.902778876885083,0.754443090345926,1.60951444422296,1,0,1,0.833333333333333,0.015907922687394,0.588810819059774,0.13300459670564,4.42699601099428,9.55544988333598e-06,0.328126599738444,0.849495038381104,0.00141805425134229,4.7220918912304e-06,18,0.458501852664101,0.000765084817510808,consensus_significant,upregulated
14979,21.339497901718,0.00629822150337606,4,-0.133537098042505,-0.222021730877777,0.228265989994555,0,0,0,0.75,0.0160844360698086,-0.176451366469585,0.0558801638828798,-3.15767446279172,0.00159033043197996,-0.285974475130226,-0.0669282578089453,0.000230314541317693,4.16898366669658e-08,4,0.287565037423109,0.0347568256667432,consensus_significant,downregulated
17090,21.3331426447593,0.00631318721792535,4,0.206689015485314,0.31314303477999,0.289690833350834,0,0,0,0.75,0.0161210691167303,0.325963397411728,0.0969657507717439,3.36163433807718,0.000774826561929675,0.135914018165223,0.516012776658233,0.00720525913015087,3.44397718122979e-06,4,0.377713060509644,0.0213603071529177,consensus_significant,upregulated
892,21.3211613269688,0.00634149462259196,4,-0.216881840549046,-0.143082879304282,0.260682447048704,0,0,0,0.75,0.0161869823639967,-0.170526202846213,0.0548917635850752,-3.10658998197278,0.0018925869963159,-0.278112082520848,-0.0629403231715784,0.0170897657367417,2.61454335329837e-06,4,0.177658190409091,0.0392779934867416,consensus_significant,downregulated
ATMG00200,41.8259529998345,0.00656124334917366,11,-0.458096202557869,-0.400984546905088,0.701703989676727,0,2,2,0.818181818181818,0.0167068189699977,-0.471862292583706,0.125071495772596,-3.77274046071729,0.00016146422631284,-0.716997919790549,-0.226726665376864,12.5422316981995,0.0207953833282792,11,0.713408286962519,0.00675053176310667,consensus_significant,downregulated
AT1G62935,49.934455085055,0.00657725988661872,14,-0.0294574034253383,-0.140008625887382,1.11532000547591,0,2,2,0.5,0.0167451371223093,-0.516563649385758,0.12004130858403,-4.30321574697061,1.68336781319096e-05,-0.751840290867516,-0.281287007903999,1.5770639174862,0.00366125862046857,14,0.510257626105799,0.00119643637835068,consensus_significant,downregulated
AT3G42640,60.4229084953328,0.00658382781476172,18,0.18542077275301,0.126793744777213,0.247314820771999,1,0,1,0.777777777777778,0.0167602774161748,0.142457966543455,0.0367324722549386,3.87825696987497,0.000105207556040918,0.0704636438606581,0.214452289226251,0.00150250916237621,3.83677833605282e-07,18,0.174389683843936,0.00480509580777024,consensus_significant,upregulated
AT4G24860,60.3383648316637,0.00671603353100714,18,0.34333028967487,0.291865305680373,0.517046011224406,1,0,1,0.666666666666667,0.0170800105984321,0.242129749308206,0.0781855727652447,3.09685969859439,0.00195582417898763,0.0888888425776902,0.395370656038721,23.0825129870204,0.0220309895780471,18,0.14302803428258,0.0401725976653184,consensus_significant,upregulated
9715,21.1283796853409,0.00681410703221267,4,0.333640212992722,0.341719020459561,0.174539481038957,0,0,0,1,0.0173183962136462,0.391086094118484,0.110225933411514,3.54804066533432,0.000388108295110636,0.175047234469606,0.607124953767361,0,0,4,0.666456628525852,0.0129080838355899,consensus_significant,upregulated
10941,21.1178096738116,0.00684097627208337,4,0.195815985533052,0.236479518966132,0.152426255262927,0,0,0,0.75,0.0173807278978558,0.205196402888223,0.0623376715138661,3.2916918117896,0.000995866789882711,0.0830168118409571,0.327375993935489,0.0168759308089611,2.80024815214969e-06,4,0.343968359274827,0.0254265303985008,consensus_significant,upregulated
904,21.0995110484058,0.00688773284029079,4,0.382776890160537,0.286380044083541,0.25241168428641,0,0,0,1,0.0174892476587051,0.308973939502363,0.0950927653948352,3.24918450125486,0.00115736384611215,0.122595544138169,0.495352334866556,0.00108644627413794,4.10214922811494e-07,4,0.432148450505476,0.0282051037067557,consensus_significant,upregulated
AT5G65940,60.2285450480045,0.00689144737584899,18,0.112699503670094,0.109802823537655,0.119754932519221,1,0,1,0.888888888888889,0.0174978235044244,0.104113696519629,0.0273773164332413,3.80291825802235,0.000143001550396134,0.0504551423171191,0.157772250722138,22.5981068112973,0.00270111090449994,18,0.330649402372803,0.00612515419788664,consensus_significant,upregulated
AT2G33240,60.1554614839351,0.00701052976049415,18,0.228720118487025,0.305635076629639,0.332848513117354,1,0,1,0.777777777777778,0.0177801751905496,0.330761665899846,0.0637631318015873,5.18734975140622,2.13307895713515e-07,0.205788224027254,0.455735107772438,0,0,18,0.904955150523516,3.59326846142858e-05,consensus_significant,upregulated
AT4G39530,60.1243405761781,0.00706181554921319,18,0.235156013878343,0.143661787699924,0.308378558195576,3,0,3,0.944444444444444,0.0178988762425997,0.206926849338308,0.0650954075677764,3.17882408406244,0.00147873806733859,0.0793421949465103,0.334511503730106,39.085133471695,0.023590134874509,18,0.0923291141750296,0.0332565435135654,consensus_significant,upregulated
16452,21.0132970211626,0.00711219108237926,4,0.180310529722407,0.179486372036233,0.0790395924361153,0,0,0,1,0.0180171128686158,0.193873491194186,0.0550386864182398,3.5224948815264,0.000427505296784239,0.0859996480580425,0.30174733433033,0,0,4,0.645993740171302,0.0138197413198464,consensus_significant,upregulated
AT2G43375,60.0598068911547,0.00716927521006113,18,0.247027976950032,0.276504783477311,0.31533165393166,2,0,2,0.777777777777778,0.0181535128398001,0.257045803617582,0.0764280801665334,3.36323774007526,0.000770339919683377,0.107249519083637,0.406842088151528,29.2722224478685,0.0274811894350518,18,0.248298462016542,0.0212937221059416,consensus_significant,upregulated
AT1G75530,49.5962930663766,0.00717178821077969,14,0.930459726470551,0.565234441133214,1.48831739829653,1,0,1,0.714285714285714,0.0181572185330574,1.18554030127773,0.3877845078011,3.05721419352269,0.00223404574413741,0.425496632224986,1.94558397033048,29.6423080989157,0.557600105969311,14,0.244652284637596,0.0439057687078884,consensus_significant,upregulated
17831,20.9904340049936,0.00717288426352923,4,-0.143431687928607,-0.114940468043135,0.129017441373852,0,0,0,1,0.0181591076611595,-0.200023319351587,0.0589173357409866,-3.39498242471338,0.000686330062309176,-0.315499175468975,-0.0845474632341984,2.51940009615964,0.000385676492335463,4,0.390162561927474,0.0195334881803891,consensus_significant,downregulated
AT1G58420,60.0455070603604,0.0071932912670424,18,-0.312084137122079,-0.297191025940372,0.576927728767618,0,2,2,0.611111111111111,0.018208106225652,-0.311969878001568,0.10279051370377,-3.0350065075132,0.00240530497021427,-0.513435582813329,-0.110504173189807,22.3497860392307,0.0369546282365743,18,0.316533615653941,0.0460280127805976,consensus_significant,downregulated
2158,20.9654905227231,0.00723966796435976,4,0.183862277341093,0.192522373923511,0.173460233236964,0,0,0,0.75,0.0183174575643853,0.256244121655869,0.0733568935668777,3.49311576862586,0.000477419485850422,0.112467252247051,0.400020991064688,0,0,4,0.459162677769879,0.0149670287636636,consensus_significant,upregulated
7332,20.9389842595212,0.00731129046529657,4,-0.673596136551653,-0.205345221962577,0.968878756466185,0,0,0,1,0.0184887588403507,-0.184368699196665,0.0611262380641392,-3.01619574565031,0.00255967958326063,-0.304173924312799,-0.0645634740805306,0.000636312366252767,1.60765444035163e-07,4,0.214713901739434,0.0479445543313698,consensus_significant,downregulated
3023,20.9274592266164,0.00734264411531469,4,-0.229175095111788,-0.23807044734131,0.141734921668313,0,0,0,1,0.018563523417066,-0.299684707441154,0.0828559184407193,-3.61693784923244,0.000298108846548486,-0.462079323490952,-0.137290091391356,0,0,4,0.716244631820048,0.0107335734866909,consensus_significant,downregulated
492,20.9221872828243,0.00735702936341842,4,0.330384743168032,0.38193133192167,0.113655424608969,0,0,0,1,0.0185980800248785,0.342245875173885,0.0968686588753424,3.53309191174322,0.000410729651525766,0.152386792547518,0.532104957800253,0,0,4,0.841507437950524,0.0133858651003536,consensus_significant,upregulated
AT1G15490,59.9205876895112,0.00740628408592904,18,-0.135017165253432,-0.072611918304402,0.232762715659023,0,2,2,0.722222222222222,0.018717537051126,-0.133851121302247,0.0303728805257597,-4.40692877939997,1.04846643458486e-05,-0.193380873239474,-0.0743213693650202,0.00740948974255867,1.4142538397826e-06,18,0.28327419766132,0.000824221704424258,consensus_significant,downregulated
8644,20.8939704962239,0.00743448424580342,4,0.071489379497488,0.128536663616487,0.237187242284124,0,0,0,0.75,0.0187838169039745,0.191732929930578,0.0598587457042669,3.20308966843103,0.00135961640317805,0.0744119441904727,0.309053915670682,0.00200999256213693,3.72700928384911e-07,4,0.279224046202986,0.0314469468702447,consensus_significant,upregulated
1640,20.8929242514704,0.00743737118689399,4,-0.211740570122404,-0.225128132312662,0.142659940381729,0,0,0,1,0.018787452641438,-0.266389207891742,0.0760640654043014,-3.50216894766024,0.000461486887420487,-0.415472036601872,-0.117306379181612,0,0,4,0.492167949330634,0.0145983314741129,consensus_significant,downregulated
18077,20.8699625215238,0.00750100211303277,4,-0.00613393247442601,0.160614000646525,0.630403689368255,0,0,0,0.5,0.0189380508181405,0.420301942452793,0.126140512904996,3.3320139007945,0.000862199494383947,0.173071080167592,0.667532804737995,0.000224494597120693,1.88130230351264e-07,4,0.383368668197639,0.0230352000857965,consensus_significant,downregulated
19590,20.8684244673007,0.00750528295925908,4,0.114120622504274,0.140351332009313,0.168550788364708,0,0,0,0.75,0.0189479370983805,0.212134471644803,0.0618384159871929,3.43046419055652,0.000602549497782417,0.090933403448899,0.333335539840707,0,0,4,0.400427428697402,0.017878070317959,consensus_significant,upregulated
AT4G13885,59.8610074540362,0.00750991675106936,18,0.209602344383409,0.181376456923059,0.391780821037408,1,0,1,0.722222222222222,0.018957791308232,0.194153339746532,0.0533554509447361,3.63886606351861,0.000273841167140956,0.0895785775159559,0.298728101977109,0.00242742585948114,1.27665822626377e-06,18,0.193702347106767,0.0100267996583919,consensus_significant,upregulated
2813,20.8342449773216,0.00760102190811782,4,0.298622925849099,0.295015647921495,0.148339945661245,0,0,0,1,0.0191691272134705,0.297920157209843,0.0882101519550846,3.37739081734651,0.000731769976871022,0.125031436307072,0.470808878112614,0,0,4,0.570298786380101,0.0205006228293607,consensus_significant,upregulated
656,20.8158773373673,0.00765295415814786,4,0.214781430599658,0.215916464934729,0.0674429148776554,0,0,0,1,0.0192888487646674,0.161725483505299,0.0448506396764233,3.60586793571003,0.000311111337116133,0.0738198450559261,0.249631121954672,0,0,4,0.92358018288804,0.0110711252502973,consensus_significant,upregulated
AT4G14830,59.7786692577359,0.00765534681248531,18,-0.178798831157364,-0.220909325003712,0.280951886369515,0,2,2,0.777777777777778,0.0192939423549167,-0.194557412537183,0.0554374487150352,-3.5094943408609,0.000448959612698063,-0.303212815413438,-0.0859020096609272,15.6061837036385,0.00809512762678239,18,0.462209668443323,0.0142717431535818,consensus_significant,downregulated
5307,20.7394663523022,0.00787267625071437,4,-0.270737461904197,-0.209734163075316,0.308735919681063,0,0,0,0.75,0.0198089770731724,-0.214054703827647,0.0691234110928017,-3.09670342426053,0.00195685545166611,-0.349534100058095,-0.0785753075971997,0.00196769738055126,4.5899212883281e-07,4,0.240049033377494,0.0401778742596931,consensus_significant,downregulated
AT5G02500,59.648715182121,0.00789019509855238,18,0.150447457989726,0.103008235520416,0.150117199606063,0,0,0,0.888888888888889,0.0198482462102543,0.0878828642289052,0.0202580081895007,4.33817892691213,1.43668173478743e-05,0.0481778977789664,0.127587830678844,0,0,18,0.439899332363258,0.00105283608937445,consensus_significant,upregulated
12145,20.7092458416345,0.00796123651967129,4,0.326412384050157,0.254100596021827,0.358551218714285,0,0,0,0.75,0.0200162833215841,0.265737711150387,0.0814361003657689,3.26314386318636,0.00110183571886734,0.106125887392091,0.425349534908684,0.00604611428922204,2.1057614965674e-06,4,0.370276624161284,0.0271838537506956,consensus_significant,upregulated
AT4G33170,59.5483839502114,0.00807605314738906,18,0.250839781651506,0.189633267800322,0.362184193899282,2,0,2,0.888888888888889,0.0202823591601006,0.193776659767303,0.0429256637940139,4.51423793228157,6.354484496815e-06,0.109643904718561,0.277909414816045,0.0136361941624355,4.76909506547265e-06,18,0.507076403481129,0.00055041080740025,consensus_significant,upregulated
AT2G07741,35.5067581467979,0.00815594382375295,9,-0.085326370321086,-0.0771238643712084,0.605883404416892,0,0,0,0.666666666666667,0.0204681417918187,-0.407119571223625,0.108777080821898,-3.7426962384678,0.000182056256086558,-0.620318731977948,-0.193920410469303,3.90938878808733,0.00461839741990342,9,0.43742548084814,0.00733939921584693,consensus_significant,downregulated
ERCC-00059,17.3142639332938,0.00819508965173555,3,-0.461140731024185,-0.428644193505942,0.168079268560662,0,0,0,1,0.0205594232412378,-0.454143112652401,0.141196563435147,-3.21638927749821,0.00129814614919745,-0.730883291726113,-0.177402933578689,0,0,3,0.659451569388029,0.0305733158442854,consensus_significant,downregulated
7922,20.6252723971593,0.00821236517020823,4,-0.0779077829729863,-0.0986725140516386,0.17476535154077,0,0,0,0.75,0.0205987804320016,-0.180030888447853,0.0545208367533666,-3.30205659282616,0.000959787032511087,-0.286889764891439,-0.0731720120042668,0.00515691397411682,7.36552820717756e-07,4,0.310534835957526,0.0247872525608787,consensus_significant,downregulated
4442,20.6017233698486,0.00828414357753023,4,0.276486664940523,0.243339605874389,0.163259489893262,0,0,0,1,0.0207677793468288,0.212076340865342,0.0642437723129319,3.30111905372426,0.000963000101006844,0.0861608609010044,0.33799182082968,0,0,4,0.578965656885103,0.0248454983792338,consensus_significant,upregulated
AT1G80100,59.4113774316467,0.00833639636508222,18,0.447789890386547,0.319428138073271,0.62433135126617,2,0,2,0.888888888888889,0.0208886838094015,0.315069561730881,0.0960420747679603,3.28053681151824,0.00103609743196431,0.126830554185176,0.503308569276586,21.5737683212122,0.0318701040733574,18,0.165594520931781,0.0262175374273104,consensus_significant,upregulated
3630,20.4948065880341,0.00861766637388483,4,-0.222313484460033,-0.173238734396046,0.177964346741143,0,0,0,1,0.0215539252311212,-0.153018632484877,0.0498192039350627,-3.07147887558241,0.00213001235319041,-0.250662477936056,-0.0553747870336979,0.00664671719547193,7.1298960543033e-07,4,0.320052789475303,0.0424888738688701,consensus_significant,downregulated
AT1G73580,54.08816767397,0.00865830606169111,16,0.239579198468063,-0.207329800329069,0.882709695173624,1,0,1,0.5625,0.0216493107341056,-0.232235049308782,0.0720727894685877,-3.22222923548699,0.00127197324220358,-0.373495120932552,-0.0909749776850126,0,0,16,0.100452651064708,0.0301190545604343,consensus_significant,upregulated
16765,20.481686012724,0.00865947156523229,4,-0.266032629091131,-0.200741575918995,0.167578977085302,0,0,0,1,0.0216511818916621,-0.20106733389109,0.0610581622395419,-3.29304595022476,0.000991082758078323,-0.320739132842795,-0.0813955349393843,0,0,4,0.576140288057086,0.0253807195558419,consensus_significant,downregulated
AT3G51320,59.2268888472688,0.00869923336663696,18,0.145399770675876,0.157573640183158,0.160743660348849,1,0,1,0.777777777777778,0.021745360061736,0.132806991881828,0.0412143612088363,3.22234745332786,0.00127144849224694,0.0520283282666842,0.213585655496972,28.1262343674471,0.00790247056481993,18,0.252917692938926,0.0301190545604343,consensus_significant,upregulated
AT1G74990,20.4457413472315,0.00877499772912919,4,0.457984916074655,-0.671326386906465,2.7317346843855,0,0,0,0.75,0.0219241879911199,-1.07759241333363,0.334039705302018,-3.22594109691044,0.0012555919457743,-1.73229820513196,-0.422886621535302,0.000234092587635038,1.51023510609498e-06,4,0.36120434763454,0.0299242684954313,consensus_significant,upregulated
19038,20.4348695584782,0.00881022964292657,4,-0.175523929681922,-0.167943080666391,0.0581098404152524,0,0,0,1,0.0220026815849067,-0.15157452593699,0.0431424577834856,-3.51334934828425,0.000442495264484575,-0.236132189397162,-0.0670168624768187,0,0,4,0.895732625521009,0.0141509074503877,consensus_significant,downregulated
20565,20.4229084820778,0.00884914819698765,4,-0.194681842400966,-0.215919701084682,0.120510891855503,0,0,0,1,0.0220934981995313,-0.208620199506971,0.0603343666139389,-3.45773414415483,0.00054473865168862,-0.326873385100327,-0.0903670139136154,0,0,4,0.694971575547902,0.0164608154945908,consensus_significant,downregulated
6172,20.409330613513,0.00889352707606823,4,-0.129062349215698,-0.146718433303122,0.192336367298672,0,0,0,0.75,0.0221968236968029,-0.238335011608455,0.0708250583257388,-3.36512270152047,0.000765096265901073,-0.377149575129852,-0.0995204480870581,0,0,4,0.354583811587662,0.0211713358186727,consensus_significant,downregulated
13129,20.3946842046391,0.00894163753065886,4,0.320188802165718,0.342667079098345,0.180459345620878,0,0,0,1,0.0223104624527054,0.357889881399087,0.103781961799841,3.4484786680881,0.000563753998395584,0.154480974026486,0.561298788771687,0,0,4,0.683104289793246,0.0169080261113075,consensus_significant,upregulated
AT4G15215,59.1061588413036,0.00894451382440078,18,0.114308433988196,0.220267839175224,0.333266031179327,2,0,2,0.666666666666667,0.0223165662917135,0.19551750514621,0.04397841955883,4.44576015026337,8.75816219497713e-06,0.109321386713911,0.281713623578508,0.0041370737874636,1.63533505675767e-06,18,0.522140380732085,0.000708905596449599,consensus_significant,upregulated
15978,20.3869267517583,0.00896722009267246,4,0.244762311873019,0.240343288788349,0.270564956890816,0,0,0,0.75,0.0223678420738114,0.210825561406835,0.0663956584883142,3.17529137005156,0.00149686116378716,0.0806924620399179,0.340958660773752,0.0366225211034304,8.4326682956275e-06,4,0.366849610026287,0.0334466600438987,consensus_significant,upregulated
AT1G25360,59.0807611783305,0.00899691899232278,18,0.189096679381623,0.235535119559897,0.28137642765779,3,0,3,0.777777777777778,0.0224332977478042,0.20384591278724,0.0581470978089459,3.50569367119607,0.000455419036717356,0.0898796952761784,0.317812130298302,26.3234922390103,0.0142744080900341,18,0.295115072428449,0.0144343074532946,consensus_significant,upregulated
AT1G32480,26.5297145856877,0.0090251952167309,6,0.937483567346028,1.07328384462527,0.540189787904099,1,0,1,1,0.0224994791749628,0.809316172656894,0.239707673097552,3.37626310496757,0.00073477617275077,0.339497766567791,1.279134578746,5.08141838884946,0.018084502915394,6,0.471723476323605,0.0205515509148253,consensus_significant,upregulated
AT4G02030,59.0431305024679,0.00907508677501481,18,0.0697118539863616,0.0714393480755055,0.112411572823633,2,0,2,0.777777777777778,0.022617409310472,0.0963283272534972,0.0204862681947697,4.70209246201758,2.57508834523776e-06,0.0561759794141201,0.136480675092874,0,0,18,0.653403886410631,0.000272665068784318,consensus_significant,upregulated
AT4G00090,59.0326056831615,0.00909706119657254,18,0.0848776894186718,0.067739435742696,0.114947881698826,2,0,2,0.777777777777778,0.022668838734555,0.104169916864422,0.0219690838167186,4.74165958551027,2.11974585863997e-06,0.0611113038103121,0.147228529918533,1.24951856220365,0.000121511342585225,18,0.649620246466446,0.000233010368918805,consensus_significant,upregulated
3559,20.3288020494429,0.00916114751910506,4,-0.139517066723349,-0.22565479418453,0.209151157541319,0,0,0,0.75,0.0228194220328496,-0.203261175229023,0.0661051981864923,-3.07481379385013,0.00210634014254027,-0.33282498286543,-0.0736973675926156,0.00203458755549251,3.81639413200986e-07,4,0.345490020269262,0.0421788313220994,consensus_significant,downregulated
11202,20.3130558756115,0.00921437076390882,4,0.16931112072238,0.278682044925287,0.265880899420417,0,0,0,0.75,0.0229402339433795,0.260352615708251,0.0854531518567479,3.04672923176317,0.00231346003686175,0.092867515703593,0.427837715712909,0.00811129477731138,2.58061450474373e-06,4,0.303121285971886,0.0448704516483048,consensus_significant,upregulated
AT5G16300,58.9682325672917,0.00923253568220402,18,0.0490286654984097,0.0331257924037958,0.180171551935124,2,0,2,0.611111111111111,0.022982150332953,0.0739850441024624,0.0236769767087282,3.12476736420443,0.00177945728026676,0.0275790224905614,0.120391065714363,11.0407623361747,0.00107669802145089,18,0.139899235159049,0.0375532222232634,consensus_significant,upregulated
17266,20.2717181063613,0.00935550844379217,4,-0.264160731906678,-0.243375363383398,0.207581407376054,0,0,0,1,0.0232718450881488,-0.297029871583687,0.0987545625592065,-3.00775846589983,0.00263182218776531,-0.49058525750874,-0.103474485658635,13.1348549986413,0.00535604407006999,4,0.389351226953535,0.0488199722524187,consensus_significant,downregulated
AT2G43950,58.8930084448159,0.00939320330233698,18,-0.0588860717184272,-0.109124820086114,0.16735936426719,0,1,1,0.777777777777778,0.0233563284910934,-0.0922911200502578,0.0231879069576887,-3.98014017473258,6.8874643592403e-05,-0.137738582564193,-0.0468436575363222,0,0,18,0.39883357172218,0.00349311032670574,consensus_significant,downregulated
1926,20.2551525709961,0.00941264643533589,4,0.43612173095396,0.34734295563443,0.249932819048147,0,0,0,1,0.0234013107223782,0.373801298125088,0.116770772658055,3.20115461785722,0.00136878061356882,0.144934789268386,0.602667806981789,0.000692287052471464,3.92432026266623e-07,4,0.499247583973273,0.0315494506239026,consensus_significant,upregulated
AT1G07650,58.8761904818366,0.00942947485783454,18,0.0882702393947686,0.0852208379509276,0.127377566195437,2,0,2,0.722222222222222,0.0234397803820332,0.110452899040381,0.0295840269707167,3.73353158275955,0.000188813504976952,0.052469271660115,0.168436526420648,13.780793560847,0.00198334880756271,18,0.654083445473904,0.00757063361068329,consensus_significant,upregulated
4121,20.2466974869516,0.00944193843006891,4,-0.115283172232577,-0.119606311442165,0.092279597274278,0,0,0,1,0.0234640194617671,-0.143336157467673,0.0421672086295031,-3.39923277177482,0.000675751786095292,-0.225982367710086,-0.0606899472252603,0,0,4,0.522158519634323,0.0193065559855551,consensus_significant,downregulated
16659,20.2463584244278,0.00944311490464272,4,-0.156470925107044,-0.122770158281017,0.123733131006283,0,0,0,1,0.0234658195281941,-0.115830485404062,0.0359373567768319,-3.22312200430766,0.00126801532649122,-0.186266410386219,-0.0453945604219049,0.0148906572874881,8.60367149326166e-07,4,0.48434659488355,0.0300684219376922,consensus_significant,downregulated
4641,20.245650145321,0.00944557293476949,4,0.246624596041086,0.178124847525134,0.182465363864263,0,0,0,1,0.0234708038917734,0.19647007287391,0.0610672226218257,3.21727539650199,0.00129414310521078,0.0767805158992417,0.316159629848578,0.00301756242009268,5.20159352057308e-07,4,0.477936978108845,0.0305067336986624,consensus_significant,upregulated
20800,20.2323273539313,0.00949192298711078,4,0.337535959656474,0.315402281655549,0.18998821426876,0,0,0,1,0.0235803319430422,0.307665436491138,0.0959008286008815,3.20816244217842,0.0013358602298298,0.119703266345861,0.495627606636414,0,0,4,0.474272416925019,0.0311085153341513,consensus_significant,upregulated
AT1G23540,56.2794372487634,0.00950305505436858,17,-0.349840988430181,-0.21176428234259,0.88406957961492,0,1,1,0.764705882352941,0.0236042243639416,-0.487453262606604,0.116867455489229,-4.17099234826355,3.0327604681577e-05,-0.71650926633033,-0.258397258882878,0.000587351401276748,1.43674968188457e-06,17,0.366234797599735,0.00186215081810526,consensus_significant,downregulated
2061,20.2007618009567,0.00960261038353822,4,-0.186641527345444,-0.219082144556227,0.202236168078514,0,0,0,0.75,0.0238267955020327,-0.301765228924774,0.0835839479653136,-3.61032514341155,0.00030581340779796,-0.465586756622459,-0.13794370122709,0,0,4,0.749212505548175,0.0109350950035764,consensus_significant,downregulated
ERCC-00157,16.8867199203158,0.00970870658341973,3,-0.487759659219314,-0.47702003834947,0.23332381015278,0,0,0,1,0.0240716371464228,-0.491203686273313,0.158894198108661,-3.09138843406604,0.00199222831940793,-0.802630591918661,-0.179776780627965,0,0,3,0.470484926084937,0.0406467849485493,consensus_significant,downregulated
AT3G22470,58.7336227418594,0.00974217980604579,18,0.21254954285904,0.148809038298793,0.28013910166898,3,0,3,0.722222222222222,0.0241419439511833,0.161076257933734,0.0529574800865465,3.04161485158458,0.00235312774427658,0.0572815042521062,0.264871011615363,42.0897324678919,0.0165267887786374,18,0.0647176661190207,0.0454033766768486,consensus_significant,upregulated
AT1G78440,48.3658980314085,0.00978372462091683,14,-0.0352328282671694,-0.411397253635715,1.17639004698194,0,2,2,0.571428571428571,0.0242344815324872,-0.670073113838179,0.170326546271832,-3.93404979144459,8.35264685956022e-05,-1.00390701014207,-0.336239217534293,0,0,14,0.318594949000088,0.00404639336752028,consensus_significant,downregulated
AT2G29590,58.7130537132334,0.00978807606426254,18,-0.152384496899344,-0.199297543939558,0.218064642711448,0,2,2,0.777777777777778,0.0242429461136383,-0.132258713067371,0.0426722423358212,-3.09940855759404,0.00193907424153695,-0.215894771185146,-0.0486226549495963,25.1173163304781,0.00733360221896612,18,0.271564572478263,0.0398917240078918,consensus_significant,downregulated
AT1G53550,26.2795381512468,0.00979733282557345,6,0.848788314387971,1.01452290106051,1.16270539191198,0,0,0,0.833333333333333,0.0242647151641576,1.02307321476914,0.299716150260886,3.41347376135259,0.000641403345098457,0.435640354672812,1.61050607486548,0.000408683761282197,2.39030118763087e-06,6,0.50460619931916,0.0186434572308618,consensus_significant,upregulated
9813,20.1166207722492,0.0099037266703052,4,0.226756919848678,0.273711182380245,0.215833042648309,0,0,0,0.75,0.0245071668692433,0.313343254324982,0.0944724758327947,3.31676767823427,0.000910653062769118,0.128180604162374,0.49850590448759,0,0,4,0.389878874018692,0.0238869178507143,consensus_significant,upregulated
10785,20.1088192690877,0.00993209919265546,4,0.185616521101973,0.212742642824927,0.132590549413169,0,0,0,1,0.0245738609047057,0.20506561794693,0.0585561369289434,3.50203460647981,0.000461719642838239,0.0902976984924055,0.319833537401455,0,0,4,0.725506301274184,0.0145983314741129,consensus_significant,upregulated
4645,20.0797527228908,0.010038494613927,4,-0.29481792015349,-0.268770026807155,0.152517643433362,0,0,0,1,0.0248184878208391,-0.189665599814689,0.0568655160397137,-3.33533594739966,0.0008519640629875,-0.301119963214812,-0.0782112364145653,0,0,4,0.701382566713835,0.0228643668691752,consensus_significant,downregulated
2628,20.0525946792222,0.0101388887243454,4,-0.0911428895594767,-0.125078562362974,0.249070806830869,0,0,0,0.5,0.0250532500324821,-0.223733709572925,0.0728365933619146,-3.07172122206793,0.00212828392281617,-0.366490809318867,-0.0809766098269832,0.00974386187015494,2.66967228092493e-06,4,0.227699015553733,0.0424707242505361,consensus_significant,downregulated
14624,20.0412830514691,0.0101809866670221,4,-0.242202330965401,-0.306713588388477,0.217707249249374,0,0,0,0.75,0.0251500899098104,-0.286063936966439,0.0900207811575722,-3.1777544394523,0.00148420397119399,-0.462501425895442,-0.109626448037435,0.0084278589400935,2.9460711195777e-06,4,0.385790412152106,0.0332956653195425,consensus_significant,downregulated
10070,20.0377498773741,0.0101941701400455,4,0.00186045335551467,-0.109407691858227,0.30746103172942,0,0,0,0.75,0.0251766654503212,-0.169773852134497,0.0551078472863356,-3.08075638034573,0.00206475510833949,-0.277783248081248,-0.0617644561877455,0.0300744542410067,4.93532651003933e-06,4,0.289782231344805,0.041666605985539,consensus_significant,upregulated
630,20.0233554029504,0.0102480497651732,4,0.195039436046163,0.172894596255744,0.100475582668765,0,0,0,1,0.025301304864535,0.142933593462756,0.0433734165948517,3.29541928407183,0.000982749307347213,0.0579232590503943,0.227943927875117,0,0,4,0.671969714939693,0.0252170944917917,consensus_significant,upregulated
AT5G65830,58.5094449951064,0.010253258001127,18,-0.135327218396076,-0.143226906599304,0.184408216504171,0,2,2,0.777777777777778,0.0253093476418003,-0.141027755678623,0.0328993380535178,-4.28664417044535,1.81392495841061e-05,-0.205509273378726,-0.0765462379785201,0,0,18,0.596179964249825,0.00126667136665109,consensus_significant,downregulated
5719,20.0108683257474,0.0102950103529424,4,0.197554961133923,0.223380785132013,0.0842819673373646,0,0,0,1,0.025405160342719,0.239579301225179,0.06650600195965,3.60237112690272,0.000315327738536102,0.109229932628515,0.369928669821843,0,0,4,0.965550436807754,0.0111523274616272,consensus_significant,upregulated
AT1G28815,48.1584686221697,0.010302641429154,14,1.11100478226269,0.400671170224668,2.00384533542686,2,0,2,0.785714285714286,0.0254227829037475,0.64894775993637,0.167076577895557,3.8841336596087,0.000102695405285537,0.321483684600876,0.976411835271863,0.000244471391655208,1.30851193666845e-06,14,0.220092769971928,0.00474445473449373,consensus_significant,upregulated
AT2G31190,58.4859611208813,0.010308200284831,18,0.0678845820088949,0.12978190062604,0.161651376884201,2,0,2,0.666666666666667,0.0254352906238953,0.146225828049127,0.0331147800439057,4.41572699124835,1.00671076265357e-05,0.0813220518071058,0.211129604291147,0,0,18,0.548563657172163,0.000799154259148693,consensus_significant,upregulated
AT1G29775,31.8562087218746,0.0104395261795779,8,0.607803605514706,0.502849682019014,0.844123856926315,0,0,0,0.875,0.0257287548433578,0.359130759636513,0.115447024740957,3.11078401927064,0.00186591360021598,0.132858749021931,0.585402770251094,0.000989867696139832,1.22847959973746e-06,8,0.291691904266411,0.0389268440826723,consensus_significant,upregulated
AT3G58110,58.3999784439546,0.0105116826462011,18,0.0247530203854356,0.0559621660250394,0.14584792404402,1,0,1,0.611111111111111,0.0258930631713566,0.0724323063342584,0.0165378506438333,4.3797896047191,1.18793949036407e-05,0.0400187146906425,0.104845897977874,0,0,18,0.469022921614,0.000905292608622564,consensus_significant,upregulated
18294,19.9079052431952,0.0106901477447339,4,-0.481381716573266,-0.407852905708461,0.397973618218442,0,0,0,1,0.0263044915684848,-0.491890420839855,0.15645638085694,-3.14394605158116,0.00166686166177764,-0.79853929247094,-0.18524154920877,0.000101244935905694,1.06025835949317e-07,4,0.334726188561039,0.0359180134210352,consensus_significant,downregulated
14351,19.8725117520127,0.010829293150503,4,0.237970700700665,0.15879509955821,0.211872984888144,0,0,0,1,0.0266173112239183,0.132738370082123,0.043155506438103,3.07581537184616,0.00209927791059987,0.0481551317288547,0.217321608435391,0.0108241908030588,9.12341041450952e-07,4,0.40838677680779,0.0421186910725303,consensus_significant,upregulated
AT4G08065,19.8561337035625,0.0108942656966504,4,-1.43124019572366,-1.51881124811767,0.358428679858552,0,1,1,1,0.0267643322882633,-1.62755485772645,0.455856962976421,-3.57031917884872,0.000356546510555594,-2.52101808726204,-0.734091628190851,0,0,4,0.977461040884256,0.012202545615875,consensus_significant,downregulated
6800,19.8513219938176,0.0109134246687308,4,0.127049488112071,0.152117503477267,0.187634735558659,0,0,0,0.75,0.026806325306758,0.154623351243705,0.0463752243031525,3.33418012671895,0.000855512366283829,0.0637295818345595,0.245517120652851,0,0,4,0.655284223279559,0.0229037170341951,consensus_significant,upregulated
AT2G08035,31.6842016530924,0.0109893729654939,8,0.385043112380888,0.210996032492343,1.16789377064983,0,0,0,0.5,0.0269750021888999,0.750694236095235,0.223353553291101,3.36101317858526,0.000776571201507224,0.31292931582563,1.18845915636484,0.000382588944976191,2.00779403426214e-06,8,0.270667381549337,0.0213748648376662,consensus_significant,upregulated
AT2G17210,58.1704187843208,0.0110731757858878,18,0.353651849399014,0.32379174384085,0.742618239113294,1,0,1,0.833333333333333,0.0271652910031842,0.28501254660833,0.060486627230094,4.7119927107876,2.45306156453787e-06,0.166460935691046,0.403564157525614,0,0,18,0.816529321788004,0.000262421950957697,consensus_significant,upregulated
AT3G23460,45.2397148351317,0.0110780223561801,13,0.890726096405609,1.01451491784619,1.00770363571238,2,0,2,0.769230769230769,0.0271746118871398,0.935353268387894,0.280278093623191,3.33723287573589,0.00084617016947277,0.386018299230895,1.48468823754489,22.8198137541659,0.225243334088649,13,0.27630315381154,0.0227593017485356,consensus_significant,upregulated
AT1G50190,58.159027842597,0.0111017422458695,18,0.236750703724939,0.181711164950131,1.03599442884069,1,0,1,0.611111111111111,0.0272276497638632,0.282738189985035,0.0860738054245022,3.28483431853181,0.00102042357316377,0.114036631340702,0.451439748629367,7.42854001888471,0.00967686799947142,18,0.212886086809165,0.0259400571631695,consensus_significant,upregulated
2539,19.7735672203682,0.0112275223984794,4,-0.139250320251044,-0.144779352785158,0.124170101248179,0,0,0,1,0.0275114319438875,-0.221826819167257,0.0616429217146117,-3.59857730615445,0.000319962744256847,-0.342644725629718,-0.101008912704796,0,0,4,0.74701434977634,0.0112548793376422,consensus_significant,downregulated
AT4G09100,52.9802862985357,0.0112712681366564,16,-0.308823235694969,-0.380162523445074,1.10963623433523,0,2,2,0.75,0.0276055914095892,-0.425267437119152,0.108802968182949,-3.90860143083667,9.28319709753521e-05,-0.638517336168791,-0.212017538069515,9.02367923127871,0.0160899545860639,16,0.62673923778954,0.00437465393468226,consensus_significant,downregulated
2029,19.7556248581158,0.0113012186465309,4,0.205725543306903,0.19501495593172,0.143956250887258,0,0,0,1,0.0276698060653647,0.20161236795082,0.0594101247406776,3.39356917412392,0.000689881324667981,0.0851706631420602,0.31805407275958,0,0,4,0.727300813842373,0.0196128109979031,consensus_significant,upregulated
AT2G41970,55.530416174934,0.0113076393798581,17,-0.0663660153671057,-0.385329201862104,0.929563487731555,0,1,1,0.705882352941177,0.027684220550687,-0.381515136263285,0.0786843984549543,-4.84867576997105,1.24288373977361e-06,-0.535733723380194,-0.227296549146375,0,0,17,0.79270882083667,0.000151375070315526,consensus_significant,downregulated
10955,19.6982402015923,0.0115400333233324,4,0.308190010560656,0.314742776408745,0.0544329689661784,0,0,0,1,0.0282066153110236,0.318215925821464,0.0903234302266874,3.52307175472442,0.000426575853848482,0.14118525561704,0.495246596025888,0,0,4,0.993963180705204,0.0137982927687498,consensus_significant,upregulated
AT1G07680,31.5066432090263,0.0115853388729669,8,0.868323896774842,0.8899380993327,1.33842846433957,0,0,0,0.875,0.02830935371214,0.88003602203925,0.267595658729654,3.28867824768537,0.00100659023358921,0.355558168509857,1.40451387556864,0.000364086246336154,2.2335298663337e-06,8,0.299927693088219,0.0256638465255737,consensus_significant,upregulated
6804,19.6608288481386,0.0116983121750751,4,0.527606761399098,0.560084883838998,0.266319010345629,0,0,0,1,0.0285531461718667,0.579539778376718,0.175161093656056,3.30861018437515,0.000937602828365767,0.2362303433182,0.922849213435235,0,0,4,0.598422617787058,0.0243814487793256,consensus_significant,upregulated
AT1G71180,57.9222234207682,0.0117111437191936,18,0.0980572144811806,0.112739449294157,0.245351685428625,2,0,2,0.722222222222222,0.0285781280128076,0.121097987083896,0.0331904741696509,3.64857659052749,0.00026369729126775,0.0560458530815729,0.186150121086218,0.00127391070562044,2.69848798111199e-07,18,0.233920079504171,0.00973659675573564,consensus_significant,upregulated
AT1G03770,57.922163985402,0.0117113004509432,18,0.126166889212441,0.176643191971329,0.27294073043687,0,0,0,0.777777777777778,0.0285781280128076,0.133692909535713,0.043352362608727,3.08386674890931,0.00204329091135363,0.0487238401778866,0.218661978893538,19.3973250735846,0.00549084026713012,18,0.192022218790801,0.0413471550876255,consensus_significant,upregulated
AT1G09263,36.9669413394932,0.0118092912499993,10,-1.46559791070424,-1.22299153035121,0.851156604653438,0,0,0,1,0.0288037043642188,-1.37977944325557,0.321353427173453,-4.29365093564359,1.75758732013437e-05,-2.00962058682406,-0.749938299687089,0,0,10,0.948943822952991,0.00123900353964473,consensus_significant,downregulated
AT2G19150,44.9606069697302,0.0118887511071739,13,0.0376842335252857,-0.295604448664625,1.34597472401211,0,1,1,0.615384615384615,0.0289838917381481,-0.349063752635729,0.0935685981482285,-3.73056516335484,0.000191050719946016,-0.532454835090158,-0.165672670181301,0,0,13,0.268380700011756,0.00763998432585742,consensus_significant,upregulated
14378,19.6092922395079,0.0119197478217068,4,-0.146891134294299,-0.170322316259672,0.11161547142889,0,0,0,0.75,0.0290540004552859,-0.165616103475782,0.0476835893332139,-3.47323063954882,0.000514233246912479,-0.259074221222479,-0.0721579857290841,0,0,4,0.813917772713716,0.0157592898894312,consensus_significant,downregulated
16760,19.589599682789,0.0120054116406763,4,0.217163379240675,0.262787255032099,0.151938176743877,0,0,0,1,0.0292463210308726,0.280229992977056,0.0807707083551478,3.46945072890642,0.000521523715350259,0.121922313595178,0.438537672358934,0,0,4,0.758366868575017,0.015954443659925,consensus_significant,upregulated
7484,19.526295875168,0.0122847831992871,4,0.277467992974122,0.347687373084503,0.169739472262241,0,0,0,1,0.0298765450831802,0.342750684509626,0.0983057438921183,3.4865784128114,0.000489241935640171,0.150074967007656,0.535426402011596,0,0,4,0.893117021513925,0.0152181226551287,consensus_significant,upregulated
AT1G35515,57.6709045229902,0.0123913321953099,18,-0.31487654533219,-0.270761108126262,0.639494248303627,0,2,2,0.833333333333333,0.030115782358641,-0.251450185733206,0.0747971470075501,-3.36176172211254,0.000774469230568201,-0.398049900014353,-0.10485047145206,7.3310717227574,0.00721945227984625,18,0.279258331802326,0.0213603071529177,consensus_significant,downregulated
2197,19.4968170720076,0.0124169844203003,4,-0.14886785310692,-0.144690135429468,0.0617520916939598,0,0,0,1,0.0301710631272475,-0.120486449637628,0.0367483856689296,-3.27868687139359,0.00104291287911473,-0.192511962038717,-0.0484609372365378,0,0,4,0.767929608053626,0.0263036692792133,consensus_significant,downregulated
ERCC-00126,16.2507285611393,0.0124696379189778,3,-0.498875114539311,-0.507145538548759,0.14900190144793,0,0,0,1,0.0302835813959428,-0.496136700942327,0.159831310015216,-3.10412710059809,0.00190841328235334,-0.809400312174007,-0.182873089710648,0,0,3,0.730919726375551,0.0395014031968305,consensus_significant,downregulated
AT1G24230,28.4298128873417,0.0124697099865647,7,-1.05206592362823,-1.22355276999863,1.23168368400619,0,0,0,0.857142857142857,0.0302835813959428,-1.27704139338712,0.385697094710182,-3.31099562558724,0.000929646618384264,-2.03299380796081,-0.521088978813427,0.000265497539902366,2.9558806833926e-06,7,0.384378132974668,0.024259561877888,consensus_significant,downregulated
AT2G02890,28.4221604276476,0.0124991492797318,7,1.09482698054411,1.16708426059061,0.7314183183109,1,0,1,0.857142857142857,0.030350816261222,1.1237136103814,0.311851115488152,3.60336569142108,0.000314123094972156,0.512496655485981,1.73493056527682,0,0,7,0.57050076219636,0.0111249083616472,consensus_significant,upregulated
AT2G37700,55.0937707144889,0.0124999451152771,17,0.421357550091102,0.383418024755579,0.817841767562643,2,0,2,0.647058823529412,0.0303513287217777,0.48439430733427,0.120442357009761,4.02179365598943,5.77566442684892e-05,0.248331625382024,0.720456989286517,12.4153819028628,0.0290797093427919,17,0.605698000537113,0.00303304223808329,consensus_significant,upregulated
22423,19.4741347929083,0.0125196281004142,4,0.0977485649968062,0.115335251563616,0.111920130827119,0,0,0,0.75,0.0303905906196902,0.130605561169975,0.0412812773977163,3.16379650541531,0.00155725636936356,0.0496957442346437,0.211515378105306,0.039003113563318,2.84027079737503e-06,4,0.461426329415423,0.034298785363392,consensus_significant,upregulated
AT1G10180,57.6209336350542,0.0125308159632805,18,0.0660275126302509,0.0559353943625498,0.214880849239299,1,0,1,0.722222222222222,0.030416325849323,0.0646465846890248,0.0209042324380681,3.09251176193863,0.00198470368469267,0.0236750419859573,0.105618127392092,0.0125582881582508,1.02949102588754e-06,18,0.0834737034025815,0.0405570563121679,consensus_significant,upregulated
4388,19.4602739060677,0.0125827501690413,4,0.244833011853225,0.246454024971221,0.0376488480024024,0,0,0,1,0.0305266823972053,0.226247313983464,0.066071743444206,3.42426735226864,0.000616459417918289,0.0967490764370503,0.355745551529879,0,0,4,0.985133522611637,0.0181317349428982,consensus_significant,upregulated
AT2G24680,57.60165422807,0.0125850137632813,18,0.345438784195147,0.339976293400439,0.305465277955463,1,0,1,0.888888888888889,0.0305307469069862,0.25557736083585,0.0584418183142102,4.37319317242574,1.22442289645204e-05,0.141033501748964,0.370121219922735,6.90941585754807,0.00419744955048199,18,0.792260590485187,0.000923371476155778,consensus_significant,upregulated
2437,19.4469657707361,0.012643640415641,4,-0.166448162830613,-0.16263212450709,0.0607696811312071,0,0,0,1,0.0306615073924018,-0.143804120929788,0.0435158752410059,-3.30463583998601,0.000950998777967805,-0.229093669157898,-0.0585145727016784,0,0,4,0.767202414981206,0.0246215671637134,consensus_significant,downregulated
AT1G05650,49.9105156503312,0.0126702154367715,15,-0.317158956967298,-0.610149199430451,1.41908140673327,0,1,1,0.6,0.0307159069262402,-0.808107919284943,0.222008822946888,-3.63998109876142,0.000272658054766543,-1.24323721651097,-0.372978622058913,0.000217222596323768,1.72549409326655e-06,15,0.32276124474221,0.00999759046890975,consensus_significant,downregulated
18186,19.4277329410987,0.012732135069663,4,-0.15484344072545,-0.235131080613464,0.206134086645995,0,0,0,0.75,0.0308559274491304,-0.210787660250375,0.0695128563954187,-3.03235503733763,0.00242653615506151,-0.347030355247901,-0.0745449652528496,0.00125866932699739,2.64676517766197e-07,4,0.410932069008866,0.0462780888774728,consensus_significant,downregulated
AT5G43650,49.8898814925544,0.0127328004255613,15,1.19888449946639,0.95597418156699,1.38780671864423,0,0,0,0.8,0.0308560991215882,0.881588921501846,0.237879731066354,3.70602790557189,0.000210535112785974,0.415353215959718,1.34782462704397,4.6385600224596e-06,4.11096971087203e-08,15,0.341545875121185,0.00821926545657449,consensus_significant,upregulated
AT2G22460,54.9922280217433,0.012793253418627,17,0.0928573193761076,-0.218010834824839,1.61657234999972,0,1,1,0.588235294117647,0.0309881292612201,-0.504865624158516,0.122730229931241,-4.11362077983041,3.89501100472295e-05,-0.745412454638068,-0.264318793678965,6.56252233562752e-06,1.86682892731728e-08,17,0.454727898028697,0.00223797066410903,consensus_significant,upregulated
AT4G11780,54.9711901333483,0.0128548048665687,17,0.147865340934753,0.233193315398497,0.766627442501483,2,0,2,0.647058823529412,0.0311299564846855,0.307598512003441,0.0972195625241541,3.16395696521488,0.00155639807306252,0.117051670863359,0.498145353143523,9.74802588780371,0.0149301449249163,17,0.225075626539009,0.034298785363392,consensus_significant,upregulated
AT1G52040,44.6163580198613,0.0129640994070791,13,0.982567041217454,0.443043973987328,1.25168981237126,2,0,2,0.769230769230769,0.0313741361245367,1.09912881102896,0.365457969379352,3.00753822086731,0.00263373003422054,0.382844353182285,1.81541326887563,22.6712408311449,0.380095291994254,13,0.291416554587548,0.0488299600591054,consensus_significant,upregulated
1821,19.3332007008787,0.0131757483081462,4,-0.190186861855639,-0.203380864121686,0.134311784264221,0,0,0,1,0.0318477325326516,-0.248488969376862,0.0728709545939021,-3.40998647213627,0.000649661018097042,-0.391313415899964,-0.105664522853761,0,0,4,0.658036462511621,0.0187573802242331,consensus_significant,downregulated
AT1G67220,49.7077673975406,0.0132976080819824,15,0.685954164422775,0.501918335570724,1.36638633081612,2,0,2,0.8,0.0321138689248043,0.798716746781271,0.178629255784649,4.47136580888062,7.77216222440695e-06,0.448609838858165,1.14882365470438,0,0,15,0.673645724338646,0.000645201383761808,consensus_significant,upregulated
17961,19.2477213104938,0.0135895213985769,4,-0.240729425202872,-0.254786034240415,0.0885506108417657,0,0,0,1,0.0327593938740148,-0.244538795101784,0.0730491728967152,-3.34759156612957,0.00081517053248268,-0.387712543079786,-0.101365047123783,0,0,4,0.863895214517061,0.0221436167054091,consensus_significant,downregulated
12604,19.2424171376796,0.0136156004167644,4,-0.202679392972461,-0.216294008667286,0.113253086230363,0,0,0,1,0.0328115929437938,-0.250778398556907,0.0728068458840534,-3.44443431811725,0.00057225565465717,-0.39347719431761,-0.108079602796204,0,0,4,0.773978606670235,0.0170932138089998,consensus_significant,downregulated
AT2G21630,57.1975671714899,0.0137714899038941,18,0.131278722283584,0.0932775761439768,0.23141285106453,2,0,2,0.777777777777778,0.0331580115745969,0.11634280749023,0.0358445293595117,3.24576189363071,0.00117136766717457,0.0460888209027987,0.186596794077662,14.7948571137909,0.00321504004693327,18,0.0975136830752184,0.0284928457776303,consensus_significant,upregulated
17723,19.20866027195,0.013782692557432,4,0.14167621627878,0.111786267855072,0.179457662522568,0,0,0,0.75,0.0331711350068758,0.228698134366726,0.076111807074351,3.00476553057424,0.00265785651499578,0.0795217337027376,0.377874535030715,7.94381128354466,0.0020615989977087,4,0.367720510992679,0.049111854967134,consensus_significant,upregulated
1289,19.2050135988981,0.0138008594865215,4,-0.167161922936731,-0.198976061924953,0.104408524526905,0,0,0,1,0.0332117776329556,-0.228032442197522,0.0640981257444257,-3.55755241747225,0.00037432642169971,-0.353662460133116,-0.102402424261928,0,0,4,0.936398943060132,0.0125999478414319,consensus_significant,downregulated
10242,19.1220253619111,0.0142205019457339,4,0.155872499049504,0.201839485030929,0.189693132569695,0,0,0,0.75,0.0341503919806374,0.195400704838067,0.0592870334023642,3.29584217027588,0.000981271261417577,0.0792002546192096,0.311601155056924,0,0,4,0.70595371169799,0.0251916269804006,consensus_significant,upregulated
AT3G09595,36.260279383815,0.0143322503278124,10,-1.34016275595959,-1.1087662700286,0.971749450868398,0,0,0,1,0.0343948825201736,-1.14072688853966,0.319939226240066,-3.56544866956613,0.000363234251756193,-1.76779624921181,-0.51365752786752,12.1624490401206,0.124406029484069,10,0.604610245154147,0.0123259994614272,consensus_significant,downregulated
6294,19.0664284196352,0.0145083964263122,4,-0.21628617277398,-0.232133775533922,0.135109941141898,0,0,0,1,0.0347886478596457,-0.226618564035591,0.0670631251409486,-3.37918287522837,0.000727016297484087,-0.358059874002553,-0.0951772540686291,0,0,4,0.818298519615468,0.0204225845038789,consensus_significant,downregulated
9246,19.0590985468686,0.0145467632982422,4,0.322444177626497,0.326545122350095,0.087896213922402,0,0,0,1,0.0348758112500956,0.318756507532549,0.0967008642899639,3.2963149799441,0.000979621163438649,0.129226296250324,0.508286718814774,0,0,4,0.889325891028096,0.0251617150712133,consensus_significant,upregulated
AT1G01580,56.9363728377265,0.0145918528716511,18,-0.507845015132393,-0.377273578699387,0.490145211335891,0,2,2,0.888888888888889,0.0349774503921838,-0.4126967633261,0.112179270936898,-3.67890395328249,0.000234238454672957,-0.632564094174381,-0.19282943247782,17.705782631683,0.0370947827677376,18,0.41029554820616,0.0089099911893341,consensus_significant,downregulated
AT4G15130,56.8330089231821,0.0149286244884836,18,-0.138509638188179,-0.196175301857488,0.247117479763837,0,1,1,0.777777777777778,0.0357516860269835,-0.12680101880558,0.0400562625036502,-3.16557289372729,0.00154777875388697,-0.205309850668016,-0.0482921869431431,0.00654347329439175,1.97782149484198e-06,18,0.233972384297421,0.0341868679721888,consensus_significant,downregulated
21552,18.9584400382462,0.0150834976562455,4,0.0358722776928595,0.0742429189984761,0.213552847681284,0,0,0,0.5,0.0360876140624533,0.193078063953438,0.0582548300146438,3.31437005146017,0.000918498618912715,0.0789006951992336,0.307255432707643,0,0,4,0.583817830266307,0.0240319628561106,consensus_significant,upregulated
15018,18.9580290803981,0.0150857270736887,4,-0.065390791126366,-0.111719916551782,0.131168264313017,0,0,0,0.75,0.0360912842653046,-0.130349766741721,0.0416521216017088,-3.12948684794903,0.00175111911414144,-0.211986424960753,-0.0487131085226895,0,0,4,0.455256278364201,0.0371595354266316,consensus_significant,downregulated
10080,18.9340616446151,0.0152162917531453,4,0.239085067828405,0.244910885204493,0.140840827198215,0,0,0,1,0.0363751443176269,0.225539784938016,0.0722003349244132,3.12380524514373,0.00178528580974648,0.0840297288144363,0.367049841061595,0,0,4,0.549436040792734,0.0376077015643063,consensus_significant,upregulated
AT1G62730,56.7402710812247,0.0152367848181302,18,0.182725878291354,0.128232167276817,0.275864929516787,1,0,1,0.888888888888889,0.0364174243078875,0.104278241366055,0.0310337003163482,3.36016138272505,0.000778969554911928,0.0434533064390037,0.165103176293107,0.000899844987161236,1.62633252701734e-07,18,0.0989014215892619,0.0214179526101081,consensus_significant,upregulated
680,18.9173124937775,0.0153081707710931,4,-0.211864074902086,-0.268081026993508,0.146578488692707,0,0,0,1,0.0365728858032822,-0.225272152944058,0.070590050496891,-3.19127343525529,0.00141647155950693,-0.363626109584828,-0.0869181963032876,0,0,4,0.498674051511082,0.0322475692819033,consensus_significant,downregulated
AT5G59160,56.7122650273654,0.0153309787656885,18,-0.0940160006184733,-0.0872094180852688,0.0864129092996807,0,1,1,0.888888888888889,0.0366240048291447,-0.0783624516059256,0.0236187511819815,-3.31780672915965,0.000907272389420472,-0.124654353282422,-0.0320705499294291,30.3788430948626,0.00281476526976828,18,0.196320572961225,0.023859570910741,consensus_significant,downregulated
9122,18.9088777201974,0.0153546398147093,4,-0.184050157977865,-0.118438538720034,0.146764622074455,0,0,0,1,0.0366737763931535,-0.131672024218929,0.0422065248201141,-3.1197077887867,0.00181030528543125,-0.214395292778949,-0.0489487556589095,0,0,4,0.490275757759408,0.0379651897450748,consensus_significant,downregulated
15277,18.8824544027486,0.0155010806976095,4,0.272471712552033,0.193854333216303,0.328687180542541,0,0,0,0.75,0.036989498358006,0.191662048311909,0.0625470305417326,3.06428693179972,0.00218189533227561,0.0690721211101864,0.314251975513632,0.0319645144432823,6.6671253068554e-06,4,0.436259111693061,0.0432081898548809,consensus_significant,upregulated
4930,18.8420441906883,0.015727606736567,4,-0.138622803013937,-0.149600785067872,0.0939820281853093,0,0,0,1,0.0374955680861076,-0.145653785607198,0.0438621061502269,-3.32072028434604,0.000897854731729255,-0.231621933947715,-0.0596856372666803,0,0,4,0.753860662221254,0.0237190910901429,consensus_significant,downregulated
4191,18.8161879427368,0.0158741935036031,4,0.0152002172725057,0.058330358063198,0.192323580987046,0,0,0,0.5,0.0377998952574099,0.141750714718007,0.0414928123960059,3.41627155482119,0.000634849048343746,0.0604262968045584,0.223075132631456,0,0,4,0.69739029748247,0.0185360202725194,consensus_significant,upregulated
AT4G28930,54.014292792071,0.0159580921731701,17,-0.367308224873293,-0.402563653056444,0.816648498108756,0,2,2,0.764705882352941,0.037985733896519,-0.542382150190623,0.119529210033104,-4.53765359982224,5.68835966172268e-06,-0.776655096956031,-0.308109203425216,0,0,17,0.653575130817644,0.000509732042640448,consensus_significant,downregulated
7429,18.753989198739,0.0162321477185882,4,0.128985860085601,0.150111358041149,0.0892649305918695,0,0,0,1,0.0385832241237666,0.156047689857393,0.0460223153283767,3.39069620343887,0.00069715332954034,0.0658456093286294,0.246249770386157,0,0,4,0.786562424797701,0.0197548352538891,consensus_significant,upregulated
AT5G06540,56.4317877657503,0.0163039687443976,18,0.259900857998574,0.313676461254149,0.328683184833274,1,0,1,0.833333333333333,0.0387379729812753,0.203151653370034,0.0642045692852304,3.16413077186965,0.00155546887618682,0.0773130099280761,0.328990296811993,32.2709401351206,0.0189641506901872,18,0.167956233793807,0.0342983200901305,consensus_significant,upregulated
2253,18.741429379426,0.0163053532250296,4,0.391409567908816,0.431195056351373,0.265119169396505,0,0,0,1,0.0387394890241365,0.376693509160454,0.124367776846911,3.02886743424015,0.00245472370959174,0.132937145703195,0.620449872617713,0.00023785657944073,1.50247305088146e-07,4,0.416359153308072,0.0465733266656163,consensus_significant,upregulated
AT3G28635,56.4090292638851,0.0163853295722278,18,0.150443782781163,0.177004187848539,0.538091781501781,2,0,2,0.777777777777778,0.0389152514587559,0.23019430938713,0.0547366802005977,4.20548539925182,2.6052240831737e-05,0.122912387560672,0.337476231213588,2.17623742092761,0.00126291674015869,18,0.586896470745914,0.00167082133907768,consensus_significant,upregulated
19099,18.6880877929286,0.0166197620238965,4,-0.185618198633366,-0.237567616687853,0.148625757767875,0,0,0,0.75,0.0394197179783499,-0.206779962963852,0.0654762031892612,-3.15809336662584,0.00158804687413662,-0.33511096305923,-0.0784489628684732,0,0,4,0.55798973294265,0.0347361821322531,consensus_significant,downregulated
AT1G26360,56.319612766256,0.0167085732924323,18,0.255659857976253,-0.162457130791708,1.58127399650784,0,1,1,0.555555555555556,0.0396122630390337,-0.257149002944765,0.0842441999753611,-3.052423822886,0.00227001340020552,-0.422264600802863,-0.0920334050866669,0.00442799396008604,6.16001980398203e-06,18,0.0894318221575703,0.0443105249271118,consensus_significant,upregulated
3045,18.6669556064959,0.0167459039638341,4,-0.0726052813872917,-0.108015786492595,0.138148511808935,0,0,0,0.75,0.0396898877352704,-0.158945089875226,0.0480495917871897,-3.30793840204073,0.000939854794823536,-0.253120559249969,-0.0647696205004823,0,0,4,0.63844724390644,0.0243935654064286,consensus_significant,downregulated
19746,18.6610148662532,0.0167815285350543,4,0.159214221247449,0.16989800647997,0.0843209339186316,0,0,0,1,0.0397634273419399,0.175345658665629,0.0540618960236249,3.2434241408959,0.00118102255473595,0.0693862895233752,0.281305027807883,0,0,4,0.63737098005319,0.0286739233644922,consensus_significant,upregulated
AT3G03260,43.5230398691145,0.017001241779033,13,1.07727548193575,1.23248159160623,0.899212687343888,1,0,1,1,0.0402399420637355,0.888606934216175,0.284128055044063,3.12748747770919,0.00176307330213735,0.331726179332397,1.44548768909995,31.4720392775158,0.303501208080502,13,0.23633928159485,0.037352100942464,consensus_significant,upregulated
19503,18.6090900745364,0.017095977628334,4,0.375436929499992,0.447594311827905,0.218550176278568,0,0,0,1,0.0404475696261186,0.406957195352792,0.126248817109494,3.22345353144847,0.00126654846313162,0.159514060727398,0.654400329978185,0,0,4,0.690540081690497,0.0300611164049044,consensus_significant,upregulated
AT1G48390,56.198944353867,0.017153970652755,18,0.279140015720576,0.248289011695448,0.278851162420814,1,0,1,0.833333333333333,0.0405681322723338,0.195133721996457,0.0629072582276362,3.10192698734932,0.00192265372634361,0.0718377615041293,0.318429682488785,29.5761679873092,0.0176172765624599,18,0.196020867574967,0.03972718675333,consensus_significant,upregulated
3203,18.5978642030129,0.0171646904397683,4,-0.110801867936242,-0.119483157634821,0.0655218677184728,0,0,0,1,0.0405897848785501,-0.159164933804144,0.0448989088174627,-3.54496218273883,0.000392669419339369,-0.247165178031519,-0.0711646895767693,0,0,4,0.941063748633972,0.012993150607783,consensus_significant,downregulated
21151,18.5907919569441,0.0172081135227138,4,-0.053474825683642,-0.123988320155377,0.210368136897455,0,0,0,0.75,0.0406813473600423,-0.17956165643857,0.0565759874202266,-3.17381392046857,0.00150450110455119,-0.290448554172005,-0.0686747587051345,0.0302707619088053,5.22300935115694e-06,4,0.515300726179072,0.0335595594619664,consensus_significant,downregulated
AT1G08317,24.5289814029806,0.0172195374376352,6,1.43006242027757,0.926552576677235,1.52197262776604,0,0,0,1,0.040706500230048,0.868775780812639,0.254605238116487,3.41224629642206,0.000644298703248912,0.36975868382908,1.3677928777962,1.52405658661764e-05,6.46523204191037e-08,6,0.716764559939956,0.0186655379472289,consensus_significant,upregulated
9469,18.5566298705381,0.0174193365953024,4,-0.0798203352924015,-0.114976827861516,0.151999886120347,0,0,0,0.75,0.041148832034627,-0.17469408013149,0.0525673621945146,-3.32324227122279,0.000889776008733378,-0.277724216795011,-0.0716639434679688,0,0,4,0.677362649716156,0.0236279215158574,consensus_significant,downregulated
15904,18.5524771026736,0.017445179890067,4,-0.100530006202587,-0.112680013832173,0.106498451345478,0,0,0,0.75,0.0412040565965391,-0.178797707471015,0.0509307637029815,-3.5106033067505,0.000447091047086732,-0.278620170033979,-0.0789752449080518,0,0,4,0.858051798530536,0.0142399459097901,consensus_significant,downregulated
AT1G04330,56.1128436826049,0.0174783297072253,18,-0.16946275190781,-0.290696958048799,0.665762471433696,1,1,2,0.777777777777778,0.0412712825357007,-0.364877098283131,0.0883835808460814,-4.12833576994983,3.65398278005281e-05,-0.538105733566135,-0.191648463000127,0.000143470988571229,2.2232086031678e-07,18,0.414935055742106,0.00212668443158868,consensus_significant,downregulated
18345,18.5096141575783,0.017714053780289,4,0.273273063551655,0.22543223874644,0.155010435972268,0,0,0,1,0.0417770504882731,0.224844644791707,0.0718397134220098,3.12980987926408,0.00174919472514132,0.0840413938248889,0.365647895758525,0,0,4,0.696830986358891,0.0371338867099968,consensus_significant,upregulated
AT1G55660,21.5172822884882,0.0177617498717237,5,1.10693547377228,1.07180284781472,0.123994079015904,0,0,0,1,0.0418833521168711,1.12266796263289,0.312884858263071,3.58811854579734,0.000333072851765163,0.509424909129357,1.73591101613643,0,0,5,0.997299207614539,0.0115980884838817,consensus_significant,upregulated
AT4G01940,56.0372277619205,0.0177677649856389,18,-0.141367657023093,-0.148883684081792,0.196898187965495,0,2,2,0.722222222222222,0.0418956326618347,-0.123773530084369,0.0343285038070969,-3.60556145353415,0.000311478767674415,-0.191056161189425,-0.0564908989793129,6.0588212315549,0.00128867331507968,18,0.363972791862906,0.0110766034146808,consensus_significant,downregulated
AT4G37950,48.4634193019838,0.0178137501703366,15,-0.32632681337987,-0.534869864921331,1.2657721535626,0,1,1,0.8,0.041992616959197,-0.641866984918484,0.155016886455325,-4.14062622205656,3.46358955091578e-05,-0.945694499366456,-0.338039470470512,0,0,15,0.561901661987437,0.00205213774380507,consensus_significant,downregulated
AT1G09220,55.9809859263628,0.0179858505560605,18,0.277843353277221,0.282221986733735,0.374559347247916,3,0,3,0.888888888888889,0.0423655999686892,0.168575967136485,0.048151171496957,3.50097332828421,0.000463562235185738,0.0742014051890377,0.262950529083932,8.86022389690691,0.00361281781263505,18,0.272791843046276,0.0146261902526461,consensus_significant,upregulated
6383,18.4630523043235,0.0180105773571457,4,0.187085569822117,0.186939320942708,0.0598144129388771,0,0,0,1,0.0424199934386105,0.167994120491253,0.050649512815786,3.31679637476976,0.000910559538700495,0.0687228995378129,0.267265341444694,0,0,4,0.818267643061456,0.0238869178507143,consensus_significant,upregulated
AT5G57460,55.9659380789407,0.0180446103296133,18,-0.0809738235766323,-0.0650385280456387,0.154394825270288,0,1,1,0.888888888888889,0.0424962937071086,-0.0498271445578125,0.0131952570368363,-3.77614050402455,0.000159277166701774,-0.0756893731167604,-0.0239649159988646,0.0727343195227873,2.63061932542821e-06,18,0.371618572048035,0.0066698438395116,consensus_significant,downregulated
AT1G09213,18.4222212368543,0.0182744680150926,4,-1.71491638738011,-1.94538097460535,0.763495374397807,0,0,0,1,0.0430025011086017,-1.83911313765313,0.561409221558877,-3.27588694134098,0.00105330717112636,-2.9394549924972,-0.738771282809063,0,0,4,0.8601807808128,0.0264391820351814,consensus_significant,downregulated
AT5G51030,53.3813162192608,0.0183707078118947,17,-0.00255209408576403,-0.233216127152861,1.04964372847373,0,0,0,0.647058823529412,0.0432093766946952,-0.382486715667734,0.112372308291799,-3.40374529527796,0.000664687022545608,-0.602732392779291,-0.162241038556177,0,0,17,0.288749388061866,0.0190940033822319,consensus_significant,downregulated
AT2G18600,55.8778042663186,0.0183922645710565,18,-0.0877519562912111,-0.168106804311696,0.313303011004294,0,0,0,0.666666666666667,0.0432483202021747,-0.15818108912031,0.0469785234285926,-3.3670936754908,0.000759648796058021,-0.250257303087223,-0.0661048751533977,0.00760301878540569,3.11884026750851e-06,18,0.277498092183499,0.0210880781886968,consensus_significant,downregulated
11920,18.3982672024511,0.0184309821030879,4,0.298702415408951,0.33180755098594,0.139111543572231,0,0,0,1,0.0433334723502771,0.300040026763292,0.0928575408105428,3.23118644047944,0.00123277500060517,0.11804259108167,0.482037462444914,0,0,4,0.786055440898129,0.0295569422976963,consensus_significant,upregulated
15575,18.3912301799747,0.0184772021571642,4,-0.174888591732579,-0.165491903271959,0.0634505945352599,0,0,0,1,0.0434342709886762,-0.166269595355231,0.0525544941210965,-3.16375598577947,0.00155747317701318,-0.269274511058302,-0.0632646796521597,0,0,4,0.756629257179622,0.034298785363392,consensus_significant,downregulated
AT4G16220,53.3350060375893,0.0185595871692226,17,0.398317066433144,0.257297186389438,0.879931634749708,2,0,2,0.647058823529412,0.0436041272513847,0.544700621247253,0.126937724290315,4.29108544597416,1.77801878101086e-05,0.29590725335876,0.793493989135746,0,0,17,0.567983338974857,0.00125000984327869,consensus_significant,upregulated
AT4G31270,55.8277478098315,0.0185924064253182,18,0.082223273429001,0.141430071949258,0.228303660726821,1,0,1,0.722222222222222,0.0436694793809314,0.144583987730597,0.0473154453534444,3.05574610257942,0.0022450127588631,0.051847418925373,0.237320556535821,9.54234172057935,0.00381173362797327,18,0.270600606899788,0.0440712228455744,consensus_significant,upregulated
10776,18.3540361039567,0.0187233254807704,4,-0.198187053235458,-0.189782668515836,0.100966110389492,0,0,0,1,0.0439491346288031,-0.25287717511347,0.0755039933687315,-3.34918941145958,0.000810483678180872,-0.400862282805134,-0.104892067421805,0,0,4,0.821159004020313,0.0220625053298722,consensus_significant,downregulated
22237,18.3384082776595,0.0188276619700667,4,-0.141487040046248,-0.147330552761244,0.0475582738128982,0,0,0,1,0.044174064640316,-0.131514143705786,0.0415402520119261,-3.16594477250712,0.00154580139482933,-0.212931541557878,-0.0500967458536931,0,0,4,0.773374844571839,0.0341722878437686,consensus_significant,downregulated
AT5G40310,40.4719659373994,0.0190197976540023,12,1.08302117904619,0.983870124907835,1.31938143241248,2,0,2,0.75,0.044577123997939,0.894336853684245,0.222345925286691,4.02227678573869,5.76382683080984e-05,0.458546848013098,1.33012685935539,0,0,12,0.574894679934436,0.00302989251560018,consensus_significant,upregulated
AT1G16705,55.6853379616289,0.0191726272914431,18,0.600432139571911,0.517317290837184,1.88583505424131,0,0,0,0.722222222222222,0.0448981874770197,0.501972319236865,0.136876519662544,3.66733695797079,0.000245089728044858,0.233699270369089,0.77024536810464,0.000478344783137699,1.67329767892866e-06,18,0.325019046927362,0.00920799091229501,consensus_significant,upregulated
AT2G08665,29.7561708679817,0.0193083885337949,8,-0.713200021856731,-0.433593696012681,1.05942156338407,0,1,1,0.75,0.0451875669970009,-0.782840702160335,0.234072859855041,-3.34443174080558,0.000824513163670007,-1.24161507723451,-0.324066327086164,0.00018934320595675,9.64970429138196e-07,8,0.361510448411288,0.0223505961253159,consensus_significant,downregulated
11154,18.2665875650381,0.0193142734570872,4,-0.119042030085456,-0.113393946959248,0.0449006612081615,0,0,0,1,0.0451993014111409,-0.134604607252215,0.0411418418728347,-3.27172049487391,0.00106895197857047,-0.215241135580613,-0.0539680789238171,0,0,4,0.851302101241026,0.0266513716752285,consensus_significant,downregulated
AT1G31740,26.9855657682491,0.0193369745893573,7,1.31070745150894,1.23111191783866,1.20660186222232,0,0,0,0.857142857142857,0.0452442664395562,0.921492856155555,0.295131957362024,3.12230794791634,0.0017943913689262,0.343044849039177,1.49994086327193,0.000248681421695592,1.71833656534483e-06,7,0.348536499358819,0.0377382252879478,consensus_significant,upregulated
1422,18.2389309045751,0.0195048104064824,4,-0.200719742712471,-0.175785550366929,0.0983354939897465,0,0,0,1,0.0455917476538842,-0.192626815170789,0.0618754518410836,-3.11313791559079,0.00185109493775338,-0.313900472306456,-0.0713531580351231,0,0,4,0.706630078243055,0.0386686315627393,consensus_significant,downregulated
10997,18.1935402403755,0.019821380413795,4,0.0997259268893281,0.105437047583515,0.190351404479327,0,0,0,0.5,0.0462608806932446,0.223047955660713,0.070355585120004,3.17029494218924,0.00152284275822292,0.0851535427142632,0.360942368607163,0,0,4,0.483299054341441,0.0338100513045044,consensus_significant,upregulated
21019,18.1814605360522,0.0199064430545637,4,-0.202764384667924,-0.258184391654455,0.166854129575604,0,0,0,0.75,0.0464431497602929,-0.245803574643115,0.0785920313767313,-3.12758902317787,0.0017624643602491,-0.399841125613351,-0.0917660236728802,0,0,4,0.573988632851199,0.037352100942464,consensus_significant,downregulated
AT1G79930,55.5038190218308,0.0199358915019528,18,0.103744434959359,0.112324597896281,0.137654121012568,2,0,2,0.777777777777778,0.0465072233388553,0.0900864432699331,0.0202297902880497,4.45315754573836,8.46166195728848e-06,0.0504367828905575,0.129736103649309,0,0,18,0.765455669697928,0.000691377746444025,consensus_significant,upregulated
11039,18.1760411204551,0.0199447174027258,4,0.128233448341115,0.128742647227176,0.0258675328529764,0,0,0,1,0.0465236304682638,0.131893004253638,0.0401929348316564,3.28149722845712,0.0010325753926185,0.0531162995506262,0.21066970895665,0,0,4,0.941301923177848,0.0261720281732381,consensus_significant,upregulated
9600,18.1659755444744,0.0200159896323806,4,-0.0905651268722215,-0.135496158040116,0.15366142958784,0,0,0,0.75,0.0466689073634404,-0.160587210588824,0.0528633126108983,-3.03778183124524,0.00238326430449264,-0.264197399409667,-0.0569770217679817,0,0,4,0.471969445217386,0.0457975130275171,consensus_significant,downregulated
13265,18.1511798035615,0.0201211921990121,4,-0.10985193254358,-0.108097789439181,0.124397440496756,0,0,0,0.75,0.0468910240366813,-0.153132345796723,0.0501469941315434,-3.05366948605199,0.00226060986618089,-0.251418648227489,-0.054846043365956,0,0,4,0.420608384520282,0.0442227708859079,consensus_significant,downregulated
AT1G68910,55.4544694939744,0.0201480882279732,18,-0.203136749095834,-0.171722877944945,0.178770388051141,0,0,0,0.944444444444444,0.0469452717001139,-0.128847676499464,0.0373966536606014,-3.44543331788023,0.000570144617995979,-0.202143770816561,-0.055551582182367,28.0592943939543,0.00572093385818287,18,0.219871482698133,0.0170497886801749,consensus_significant,downregulated
AT2G04420,29.5107491165488,0.0207110799999566,8,1.13512032231885,1.0107597787628,1.18820616203038,2,0,2,0.875,0.0481338779812712,1.61304558173575,0.412319581954559,3.91212460511644,9.1487683360083e-05,0.804914050984207,2.4211771124873,0,0,8,0.664269846880382,0.0043312239817794,consensus_significant,upregulated
1293,18.0599421890576,0.0207815533047478,4,0.186648276364154,0.22753767386682,0.164441774841376,0,0,0,0.75,0.0482867808752669,0.224418391158518,0.0698862584173802,3.21119482199531,0.00132184286706032,0.0874438416461934,0.361392940670842,0,0,4,0.767885902894904,0.0309252154682196,consensus_significant,upregulated
AT2G07643,42.6864576599027,0.0208343028418517,13,-0.159555234787904,-0.326026052377946,0.916248674019223,0,1,1,0.769230769230769,0.0483964173027323,-0.425212086446699,0.0983248333254264,-4.32456452826491,1.52833464333207e-05,-0.617925218550438,-0.232498954342959,0,0,13,0.882011080029327,0.00111190808725444,consensus_significant,downregulated
AT1G66783,55.2944566592995,0.020850207954079,18,0.785103526413265,0.713812313470409,0.971482586958813,2,0,2,0.777777777777778,0.0484311959821273,0.753055245367738,0.243122398990404,3.0974326038855,0.00195204777571745,0.276544099511569,1.22956639122391,29.0577892846208,0.273861742136927,18,0.211288477990714,0.0401268014244548,consensus_significant,upregulated
16237,18.0498311938672,0.0208559816444022,4,-0.18832270082762,-0.225501524942458,0.150487936738587,0,0,0,0.75,0.0484424391732431,-0.242554869248052,0.0771660293777112,-3.14328560383479,0.00167062748534862,-0.393797507658325,-0.0913122308377781,0,0,4,0.53673322761828,0.0359812521585006,consensus_significant,downregulated
5152,18.048762369206,0.0208638640920629,4,-0.10961422876631,-0.142209808479336,0.099485026548193,0,0,0,0.75,0.0484542424486378,-0.154304731559678,0.0480951391022663,-3.20832280433943,0.00133511552470443,-0.248569472031564,-0.0600399910877921,0,0,4,0.677023210080111,0.0311051342091445,consensus_significant,downregulated
AT5G01390,55.2555712607686,0.0210241292806314,18,0.140253241054115,0.089227295882268,0.172902956743913,1,0,1,0.833333333333333,0.0488002385417734,0.0880238715199519,0.0278829949216919,3.1569016085669,0.00159455140404025,0.0333742056923225,0.142673537347581,17.6859612574941,0.00228937396951346,18,0.153583997054623,0.0347802546842904,consensus_significant,upregulated
13572,17.9852457201067,0.021337373704029,4,-0.0767868822905083,-0.0951602294937753,0.103751447843766,0,0,0,0.75,0.0494742241160119,-0.134718124868952,0.0423901803342498,-3.17805028916342,0.00148269031422803,-0.21780135162224,-0.0516348981156642,0,0,4,0.547366364692261,0.0332956653195425,consensus_significant,downregulated
10635,17.9608632155275,0.0215218220042023,4,0.100699056408847,0.0907887632417184,0.0778170776830705,0,0,0,1,0.0498595761210598,0.144445964726088,0.0443506351688438,3.25690859163975,0.00112632697475115,0.0575203171036782,0.231371612348497,0,0,4,0.624159969665712,0.0276051801762051,consensus_significant,upregulated
16654,17.9530681104285,0.0215811069136219,4,0.171699143827504,0.161043804315186,0.158629662428347,0,0,0,0.75,0.0499924583764289,0.165746189693215,0.0547617283656955,3.02667930030207,0.00247256131463104,0.0584151743652867,0.273077205021144,0.00590107268873141,8.58019790272371e-07,4,0.513770882906717,0.0467345614747967,consensus_significant,upregulated
